q,t,time_s,decoded,expected,ok,best_overlap,second_overlap,contrast,near_plus,near_minus,energy
12,23,1.5348304286288048e-8,11,11,1,1,0.32138983289480405,3.111486107052166,0.00003739554543270091,0.5922495478615766,25.13274122871834
12,24,1.6015621863952746e-8,0,0,1,0.999653256490887,0.32141966792833937,3.1101185031208485,0.7224276047834086,0.00003959068187974989,25.13274122871832
12,25,1.6682939441617444e-8,1,1,1,0.9996563545403084,0.32145348520966616,3.109800952658169,0.000027317460802850355,0.49833982214394595,25.132741228718277
12,26,1.735025701928214e-8,2,2,1,0.999659614918344,0.32152732781524596,3.109096889869225,0.03384955873486053,0.00006895018214567367,25.132741228718253
12,27,1.8017574596946836e-8,3,3,1,0.9996624461107214,0.3215632584514411,3.108758291991494,0.040196141010766163,0.00023113490608612198,25.132741228718263
12,28,1.8684892174611534e-8,4,4,1,0.999664774631591,0.3215764677668759,3.1086378352668813,0.00003179680294799084,0.3667414297493412,25.132741228718192
12,29,1.9352209752276232e-8,5,5,1,0.9996671079143007,0.32160357520768373,3.108383068405692,0.5913797074241627,0.00005769489221122431,25.132741228718253
12,30,2.001952732994093e-8,6,6,1,0.9996692372317696,0.32163207796752274,3.1081142265067,0.0000615770299381686,0.7216914462636493,25.132741228718302
12,31,2.068684490760563e-8,7,7,1,0.9996711960573081,0.3296720655915078,3.0323199943060604,0.5017136124690129,0.000040997176960890413,25.13274122871835
12,32,2.1354162485270326e-8,8,8,1,0.9996733604786024,0.3297523939978084,3.0315878782831414,0.00008559677470558752,0.034672339780763964,25.13274122871835
12,33,2.2021480062935024e-8,9,9,1,0.9996753044306127,0.3297953216772729,3.0311991672485363,0.0002498990134120763,0.039399263185322095,25.13274122871837
12,34,2.2688797640599722e-8,10,10,1,0.9996768768689782,0.3298115556184138,3.0310547336479225,0.3647314441886284,0.000046196773081016564,25.13274122871841
12,35,2.335611521826442e-8,11,11,1,0.9996784639112609,0.329839841830923,3.030799609780614,0.00008211039783879877,0.5905030096991003,25.132741228718427
12,36,2.402343279592912e-8,0,0,1,0.9986724230124607,0.3298734987942305,3.027440599693083,0.7208808574214022,0.00008822221618494562,25.132741228718437
12,37,2.4690750373593816e-8,1,1,1,0.9986808007971384,0.3299058795954558,3.027168845919818,0.000057665732496709926,0.5050954465697595,25.132741228718334
12,38,2.535806795125851e-8,2,2,1,0.9986899619526627,0.32997995379273065,3.026517067094224,0.035528083984256165,0.00010558527217499404,25.132741228718224
12,39,2.602538552892321e-8,3,3,1,0.9986980670526419,0.33001957794375775,3.026178244561118,0.03862862945027911,0.00027144764104768067,25.132741228718338
12,40,2.6692703106587907e-8,4,4,1,0.998704641157072,0.3300352964339112,3.0260540370931515,0.0000634734933019513,0.3626658106762174,25.132741228718345
12,41,2.7360020684252605e-8,5,5,1,0.9987112945829556,0.33006116013160575,3.0258370726950665,0.5896150813599349,0.00011053572613037588,25.132741228718253
12,42,2.8027338261917303e-8,6,6,1,0.998717399737565,0.33009272987176325,3.025566179920272,0.00011948589822623157,0.7200041899027538,25.132741228718274
12,43,2.8694655839582e-8,7,7,1,0.9987230713619897,0.33821838813243604,2.952894066099446,0.5084754912644491,0.00007739830411026925,25.132741228718146
12,44,2.93619734172467e-8,8,8,1,0.9987295086386132,0.3382997597636152,2.9522028314074746,0.00012882208372298062,0.03641486983252286,25.132741228718285
12,45,3.00292909949114e-8,9,9,1,0.9987353560250499,0.33834644357250865,2.9518127794685034,0.00029576225757961647,0.0378822047238753,25.13274122871823
12,46,3.0696608572576095e-8,10,10,1,0.9987400150618061,0.338365538169169,2.9516599724244874,0.36055361020365706,0.00008368777228781196,25.13274122871824
12,47,3.136392615024079e-8,11,11,1,0.9987447543653055,0.33839357296836103,2.9514294423632146,0.00014288734028832965,0.5887131592219461,25.132741228718267
12,48,3.203124372790549e-8,0,0,1,0.9971043690861683,0.33843040611781466,2.946261184165159,0.7190677291908323,0.00015535044849618315,25.13274122871821
12,49,3.269856130557019e-8,1,1,1,0.9971182031352208,0.3384625565915834,2.946022192754471,0.00010026447576368039,0.5118465440338463,25.132741228718345
12,50,3.336587888323489e-8,2,2,1,0.997133749552164,0.3385374200636704,2.9454166377372055,0.0373314712422382,0.00015525470668074337,25.13274122871807
12,51,3.4033196460899585e-8,3,3,1,0.9971476217241174,0.3385802393728679,2.9450851106109286,0.037158513845819696,0.0003228707774407025,25.13274122871837
12,52,3.470051403856428e-8,4,4,1,0.9971587142126163,0.3385984275450747,2.944959672265085,0.00010689261919022574,0.3584014850759065,25.13274122871844
12,53,3.536783161622898e-8,5,5,1,0.9971700440998994,0.3386240698163319,2.9447701241106685,0.5877953958902106,0.00017909832814036504,25.132741228718302
12,54,3.603514919389367e-8,6,6,1,0.9971804666067713,0.338658296257924,2.9445032873115067,0.0001958131946975295,0.7180762608559469,25.132741228718327
12,55,3.670246677155837e-8,7,7,1,0.997190230138463,0.3468676610550822,2.8748434694236606,0.5152029916314568,0.0001263278640142499,25.1327412287184
12,56,3.736978434922307e-8,8,8,1,0.9972015510206367,0.34695034115599194,2.874191008713509,0.00018485618497182007,0.03827705617769497,25.132741228718448
12,57,3.8037101926887767e-8,9,9,1,0.9972118812156651,0.3470001650957371,2.873808088651874,0.00035282619896740097,0.036456420397068104,25.132741228718103
12,58,3.8704419504552465e-8,10,10,1,0.9972199888103708,0.34702183969382033,2.87365195715124,0.35621450220090145,0.0001331322524382134,25.132741228718242
12,59,3.937173708221716e-8,11,11,1,0.9972283034767098,0.3470502306309748,2.8734408320767892,0.00021911416529840917,0.5868605009919772,25.132741228718185
12,60,4.003905465988186e-8,0,0,1,0.9949726326868711,0.3470897535168108,2.866614823991573,0.717033470896871,0.0002408812424749457,25.132741228718164
12,61,4.070637223754656e-8,1,1,1,0.9949915970813468,0.3471222077311099,2.86640144283737,0.00015564622617429466,0.5185402567387375,25.132741228718324
12,62,4.137368981521126e-8,2,2,1,0.995013387936722,0.34719814012587163,2.8658373215248054,0.039251033437190636,0.0002176152070566327,25.13274122871826
12,63,4.2041007392875955e-8,3,3,1,0.9950328934709153,0.3472437101932714,2.8655173996300545,0.03577500847651269,0.0003856948011135712,25.132741228718427
12,64,4.270832497054065e-8,4,4,1,0.995048268044076,0.34726416793659004,2.865392862029377,0.00016244197439956924,0.353996657327368,25.132741228718363
12,65,4.337564254820535e-8,5,5,1,0.995064115277223,0.3472901014466763,2.8652245230490894,0.5859075424551288,0.00026288963175744804,25.13274122871838
12,66,4.404296012587005e-8,6,6,1,0.9950787052522658,0.3473266343006552,2.8649651566625876,0.00029056779368885903,0.7159422329695704,25.132741228718352
12,67,4.471027770353475e-8,7,7,1,0.995092481738303,0.3556154864407937,2.798225948194119,0.5218544795538248,0.00018827174185659273,25.132741228718313
12,68,4.5377595281199445e-8,8,8,1,0.9951087538612705,0.35569958521616996,2.7976101047644217,0.00025352974505544736,0.04025296826112702,25.132741228718274
12,69,4.604491285886414e-8,9,9,1,0.9951236106272191,0.3557520542799758,2.797239253168331,0.00042154914824294934,0.03511351425988027,25.132741228718235
12,70,4.671223043652884e-8,10,10,1,0.9951350970756014,0.3557760021539536,2.7970832519641964,0.351751189782632,0.0001948484771379678,25.132741228718373
12,71,4.737954801419354e-8,11,11,1,0.995146977272673,0.35580504918387335,2.796888294742551,0.0003103864404069303,0.5849358295998207,25.13274122871822
12,72,4.804686559185824e-8,0,0,1,0.9922919604979995,0.3558468674855246,2.7885364497085665,0.7148048161016098,0.0003448894373616046,25.132741228718306
12,73,4.8714183169522935e-8,1,1,1,0.9923155980276898,0.3558798756531644,2.788344230497559,0.00022425138966860545,0.5251423218634983,25.132741228718363
12,74,4.938150074718763e-8,2,2,1,0.9923432880941094,0.35595699642187395,2.7878179051662793,0.04128253231694019,0.000292602926353599,25.132741228718324
12,75,5.0048818324852324e-8,3,3,1,0.9923680689337082,0.35600493363376257,2.787512124634204,0.03447128354030513,0.00046046373401788585,25.13274122871821
12,76,5.071613590251702e-8,4,4,1,0.9923873233905361,0.3560274238301587,2.787390119318309,0.00023037037332408048,0.349480789330344,25.132741228718288
12,77,5.138345348018172e-8,5,5,1,0.9924073546532691,0.3560539126062364,2.7872390093653663,0.583944840800582,0.00036157137860994877,25.132741228718267
12,78,5.205077105784642e-8,6,6,1,0.9924257920092177,0.3560924476003297,2.786989161654713,0.00040386414887357615,0.7136230360675081,25.132741228718277
12,79,5.2718088635511116e-8,7,7,1,0.9924433398651107,0.3644550460634107,2.723088486727764,0.5284008396891288,0.00026362738916803976,25.132741228718302
12,80,5.3385406213175814e-8,8,8,1,0.9924644151571307,0.36454058157628527,2.7225073566999933,0.00033484033838531357,0.04233947203677598,25.132741228718324
12,81,5.405272379084051e-8,9,9,1,0.9924836174977518,0.3645952890343587,2.72215151250685,0.0005025121896842935,0.03384774379861208,25.13274122871831
12,82,5.472004136850521e-8,10,10,1,0.9924982440022941,0.36462122278553993,2.721998013226054,0.3471877375451645,0.0002690188509767127,25.132741228718302
12,83,5.538735894616991e-8,11,11,1,0.992513506820698,0.364651070497094,2.721817066017931,0.00041641485907869586,0.582934176767003,25.132741228718334
12,84,5.6054676523834606e-8,0,0,1,0.9890733856704711,0.364694855671597,2.712057409883289,0.7123983666052975,0.00046750983474340684,25.132741228718203
12,85,5.6721994101499304e-8,1,1,1,0.9891012302614871,0.3647285293670152,2.7118833615184093,0.0003064376855248222,0.5316273967360818,25.132741228718146
12,86,5.7389311679164e-8,2,2,1,0.9891344203779008,0.36480686607622326,2.71139200590383,0.04342358740836289,0.00038024826948242213,25.132741228718245
12,87,5.80566292568287e-8,3,3,1,0.9891640473473586,0.3648568393529559,2.7111018368233446,0.03324238493813081,0.0005477654837712873,25.13274122871832
12,88,5.87239468344934e-8,4,4,1,0.9891867413433749,0.36488112850577775,2.7109835616716786,0.00031079839351277346,0.3448740073641902,25.132741228718277
12,89,5.9391264412158096e-8,5,5,1,0.9892105777595361,0.36490830411700353,2.7108469897751557,0.5819035292275823,0.00047488980672250915,25.13274122871839
12,90,6.00585819898228e-8,6,6,1,0.9892324958679818,0.36494857620656906,2.7106079057780845,0.000535843303126573,0.711132021803564,25.13274122871833
12,91,6.072589956748749e-8,7,7,1,0.9892535256130075,0.3733780427684078,2.6494689357686836,0.5348196033670103,0.0003527164547387251,25.132741228718196
12,92,6.139321714515219e-8,8,8,1,0.9892791740412564,0.37346497949788887,2.64892085831263,0.00042883256959898465,0.044534717098025124,25.13274122871818
12,93,6.206053472281688e-8,9,9,1,0.9893024491945597,0.3735215841616812,2.6485817450547486,0.00059629078227476,0.03265474548896256,25.13274122871828
12,94,6.272785230048159e-8,10,10,1,0.9893199180309558,0.37354924698605,2.648432371402696,0.3425413348550854,0.0003557075248052303,25.132741228718224
12,95,6.339516987814628e-8,11,11,1,0.9893383171582838,0.3735799561661859,2.6482639146683224,0.0005369708188332846,0.58085265923603,25.132741228718256
12,96,6.406248745581098e-8,0,0,1,0.985326450008875,0.373625430237593,2.6372039220732213,0.7098250176286207,0.0006088795635793379,25.132741228718306
12,97,6.472980503347567e-8,1,1,1,0.9853580695139814,0.3736598082801627,2.6370459109564695,0.0004024946087327118,0.5379752722091518,25.132741228718274
12,98,6.539712261114038e-8,2,2,1,0.9853963652409294,0.3737393350832381,2.6365872487611317,0.045672727627946406,0.0004805979257751106,25.13274122871828
12,99,6.606444018880507e-8,3,3,1,0.9854304016530988,0.3737910565050153,2.6363134818338727,0.03208440243570379,0.0006481507622870716,25.132741228718228
12,100,6.673175776646977e-8,4,4,1,0.9854561075232809,0.37381692827433494,2.6361997892189604,0.000403739549105215,0.3401912719508396,25.13274122871834
12,101,6.739907534413447e-8,5,5,1,0.9854833763605492,0.37384484796499384,2.636075852656469,0.57978138169283,0.0006026335429882357,25.132741228718263
12,102,6.806639292179917e-8,6,6,1,0.9855084125374536,0.373886625565824,2.635848262948768,0.0006866313769626781,0.7084782182345805,25.13274122871826
12,103,6.873371049946386e-8,7,7,1,0.9855326340350242,0.3823751718775331,2.577397034425316,0.5410923849833101,0.0004558002829896424,25.132741228718366
12,104,6.940102807712857e-8,8,8,1,0.9855626021278835,0.38246344314291797,2.5768805353760333,0.0005355474169675722,0.0468375052740521,25.132741228718352
12,105,7.006834565479326e-8,9,9,1,0.985589646418356,0.3825216536538939,2.5765590967305574,0.000703403240709965,0.031530963544388224,25.13274122871819
12,106,7.073566323245796e-8,10,10,1,0.9856096497263614,0.38255081987127715,2.5764149454914382,0.33782522581678776,0.00045488326347141683,25.13274122871834
12,107,7.140298081012265e-8,11,11,1,0.9856309241928131,0.3825824043378252,2.576257854562721,0.0006718542244425909,0.5786895540040264,25.13274122871825
12,108,7.207029838778735e-8,0,0,1,0.9810602855458188,0.38262932925646637,2.5639965641218265,0.7070923710819602,0.0007691089912793036,25.13274122871828
12,109,7.273761596545205e-8,1,1,1,0.9810952941695261,0.3826644109757488,2.563852989798162,0.0005126592937161497,0.5441690671354683,25.132741228718235
12,110,7.340493354311674e-8,2,2,1,0.9811383275716238,0.3827450705547841,2.563425117793095,0.048028949860393626,0.0005936822576150614,25.132741228718256
12,111,7.407225112078145e-8,3,3,1,0.9811763553772741,0.3827982873044022,2.5631680911807218,0.030994061471964193,0.000762101021380545,25.132741228718324
12,112,7.473956869844614e-8,4,4,1,0.9812046773125249,0.3828255459355927,2.563059565198412,0.0005091236271338309,0.3354444886316835,25.13274122871825
12,113,7.540688627611084e-8,5,5,1,0.9812350317498681,0.3828542238423664,2.5629468623908265,0.5775770675724244,0.000744609382705871,25.132741228718416
12,114,7.607420385377553e-8,6,6,1,0.9812628469895239,0.38289730356972573,2.562731149687597,0.000856320012391573,0.7056681337588375,25.13274122871823
12,115,7.674152143144024e-8,7,7,1,0.9812899880536544,0.3914363770494365,2.506895234036264,0.5472035680428367,0.0005730955558661872,25.132741228718224
12,116,7.740883900910493e-8,8,8,1,0.9813240243973218,0.3915258980574515,2.506408973879232,0.0006550016685519384,0.04924696991597055,25.13274122871837
12,117,7.807615658676963e-8,9,9,1,0.9813545313893974,0.3915854617204689,2.506105632925494,0.0008242918914288238,0.03047334918301942,25.132741228718345
12,118,7.874347416443433e-8,10,10,1,0.9813767725500468,0.3916159338127956,2.505967423223323,0.33305026037085506,0.0005664423780580489,25.132741228718228
12,119,7.941079174209903e-8,11,11,1,0.9814006681586933,0.3916483804690695,2.505820825770527,0.0008208755847560608,0.576443841280503,25.13274122871817
12,120,8.007810931976372e-8,0,0,1,0.9762841675750169,0.3916965500761672,2.4924502587147472,0.7042060946016125,0.0009482693699039875,25.132741228718196
12,121,8.074542689742843e-8,1,1,1,0.9763222260064459,0.3917323131534129,2.49231986543855,0.0006371314571672388,0.5501942453019977,25.132741228718327
12,122,8.141274447509312e-8,2,2,1,0.9763696615220983,0.3918140295154799,2.4919211359774027,0.050491478833895785,0.0007195028333411614,25.132741228718317
12,123,8.208006205275782e-8,3,3,1,0.976411290627732,0.3918685173219705,2.4916808762809706,0.029968496347424683,0.0008900187169254545,25.132741228718412
12,124,8.274737963042251e-8,4,4,1,0.9764418700456403,0.39189698713121646,2.491577894470274,0.000626818591732193,0.3306436664006395,25.132741228718242
12,125,8.341469720808722e-8,5,5,1,0.9764749949443741,0.39192641187311444,2.4914753519099557,0.5752898164099837,0.0009006292893622542,25.132741228718377
12,126,8.408201478575191e-8,6,6,1,0.9765052800395526,0.39197061387947496,2.4912716552262086,0.0010449593479508322,0.7027067886467796,25.132741228718384
12,127,8.474933236341661e-8,7,7,1,0.9765350922536233,0.40055099829092145,2.437979424393702,0.5531395520743139,0.0007047881863302615,25.132741228718263
12,128,8.54166499410813e-8,8,8,1,0.9765729576331046,0.40064167382093596,2.4375221586898053,0.0007871809112407841,0.05176239178225463,25.132741228718164
12,129,8.6083967518746e-8,9,9,1,0.9766066306078097,0.4007023684270073,2.437236980758476,0.0009593196018289049,0.029479186487866613,25.13274122871827
12,130,8.67512850964107e-8,10,10,1,0.9766308327897688,0.4007339731815681,2.437105157408923,0.32822577117229185,0.000690229180837028,25.132741228718263
12,131,8.741860267407539e-8,11,11,1,0.9766571107396799,0.4007672533687394,2.436968346415952,0.0009838467429602673,0.5741149526230354,25.132741228718373
12,132,8.80859202517401e-8,0,0,1,0.9710078011264803,0.4008164871496159,2.4225745004447004,0.7011707100405209,0.001146389658286138,25.132741228718277
12,133,8.875323782940479e-8,1,1,1,0.9710486119400115,0.4008528975358545,2.4224562624077213,0.0007760860158716931,0.5560380267681501,25.1327412287183
12,134,8.94205554070695e-8,2,2,1,0.9711001454043451,0.4009355836371865,2.4220852052959967,0.053059623187761605,0.0008580290870083561,25.13274122871834
12,135,9.008787298473418e-8,3,3,1,0.9711450153389158,0.40099114152433857,2.421861519551726,0.029005114709212552,0.0010322280845237134,25.13274122871836
12,136,9.075519056239889e-8,4,4,1,0.9711775302814513,0.4010206649534801,2.421764300834999,0.0007566493370694297,0.32579758894804406,25.13274122871833
12,137,9.142250814006358e-8,5,5,1,0.9712131418659209,0.40105080990166814,2.421671064831033,0.5729192247455406,0.0010705039123919333,25.13274122871826
12,138,9.208982571772829e-8,6,6,1,0.9712456175251759,0.4010959738829403,2.4214793485028436,0.0012525575391167754,0.6995983217417621,25.132741228718274
12,139,9.275714329539298e-8,7,7,1,0.9712778763984462,0.40970786333563314,2.370659592644367,0.558888284540101,0.0008510445415236451,25.13274122871826
12,140,9.342446087305768e-8,8,8,1,0.9713193467201934,0.40979959232691193,2.3702301439708044,0.0009320386439527873,0.05438308466198922,25.132741228718245
12,141,9.409177845072237e-8,9,9,1,0.9713559035044766,0.40986122004157255,2.3699629435689262,0.0011087733538550815,0.028545985884564227,25.13274122871825
12,142,9.475909602838708e-8,10,10,1,0.9713818121659286,0.4098938047886203,2.36983775021158,0.32336009224444145,0.0008260529181291727,25.132741228718192
12,143,9.542641360605177e-8,11,11,1,0.9714102516279041,0.40992788089622995,2.3697101292649303,0.0011605764436546948,0.5717026201688075,25.13274122871828
12,144,9.609373118371647e-8,0,0,1,0.9652414659781637,0.4099780190803331,2.354373700676449,0.6979900631429931,0.00136345786779013,25.132741228718377
12,145,9.676104876138116e-8,1,1,1,0.9652847676429318,0.41001503663226785,2.354266749755013,0.000929682881188409,0.5616890102351116,25.132741228718345
12,146,9.742836633904587e-8,2,2,1,0.965340122636768,0.41009859900779655,2.3539220201491484,0.05573268327384148,0.001009199050951415,25.132741228718235
12,147,9.809568391671056e-8,3,3,1,0.9653879009122261,0.41015504512705986,2.3537145583889223,0.02810151320293473,0.001188980472186419,25.132741228718285
12,148,9.876300149437527e-8,4,4,1,0.965422063083053,0.41018548044494674,2.3536232000114095,0.0008984127839314835,0.32091421850323615,25.13274122871829
12,149,9.943031907203996e-8,5,5,1,0.9654599061829039,0.41021630988439156,2.3535385671403284,0.5704651367366622,0.0012540396387558971,25.132741228718288
12,150,1.0009763664970465e-7,6,6,1,0.9654943206868657,0.41026229175066437,2.35335866858961,0.001479083278993182,0.6963463560786862,25.132741228718253
12,151,1.0076495422736935e-7,7,7,1,0.9655288234992389,0.41889534863851285,2.3049404263794897,0.5644389524809497,0.001012019836939714,25.132741228718427
12,152,1.0143227180503404e-7,8,8,1,0.9655736894344924,0.4189880269638771,2.3045376652677927,0.001089498057150166,0.05710832009610836,25.132741228718434
12,153,1.0209958938269875e-7,9,9,1,0.9656128635577697,0.41905040970830637,2.3042880789209006,0.0012728705971297913,0.027671417005159096,25.132741228718135
12,154,1.0276690696036344e-7,10,10,1,0.9656402461906033,0.41908383900828317,2.3041696107291734,0.31846087537440526,0.0009737010866442139,25.13274122871828
12,155,1.0343422453802815e-7,11,11,1,0.965670644112717,0.4191186684038491,2.3040506589466165,0.0013508684449875857,0.5692067810195662,25.13274122871837
12,156,1.0410154211569284e-7,0,0,1,0.958996083998456,0.41916956811844036,2.2878475846974715,0.6946676095774988,0.0015994242827695225,25.132741228718377
12,157,1.0476885969335754e-7,1,1,1,0.9590416449579049,0.4192071498405023,2.2877511638882972,0.0010980740238034036,0.5671369187199328,25.13274122871836
12,158,1.0543617727102223e-7,2,2,1,0.9591005684300213,0.419291491465011,2.287431507562696,0.058509888971407714,0.0011729217901534467,25.13274122871832
12,159,1.0610349484868694e-7,3,3,1,0.9591509476918287,0.41934865981636404,2.287239806875377,0.027255423850620165,0.001360461196592972,25.132741228718338
12,160,1.0677081242635163e-7,4,4,1,0.959186498809738,0.41937987892141104,2.2871543128789047,0.0010518895193169667,0.31600094490442837,25.132741228718178
12,161,1.0743813000401633e-7,5,5,1,0.9592263433648192,0.4194113518268993,2.287077684441679,0.5679275669014512,0.0014510374525843015,25.132741228718334
12,162,1.0810544758168102e-7,6,6,1,0.9592624694264116,0.4194580209825891,2.2869093483522365,0.0017244693786119354,0.6929542236302131,25.132741228718167
12,163,1.0877276515934573e-7,7,7,1,0.9592990323458818,0.4281014240853722,2.2408218669101596,0.5697817710095755,0.0011878639690617154,25.132741228718285
12,164,1.0944008273701042e-7,8,8,1,0.959347097636573,0.428194946251756,2.2404446993928966,0.0012594548549615286,0.05993727545567003,25.13274122871836
12,165,1.1010740031467513e-7,9,9,1,0.9593886378227725,0.42825792219442355,2.2402122368380204,0.0014517662539356956,0.026853265769442764,25.13274122871829
12,166,1.1077471789233982e-7,10,10,1,0.9594172825503509,0.42829207506354194,2.2401004791134893,0.31353528685553417,0.0011329495277880239,25.132741228718217
12,167,1.1144203547000452e-7,11,11,1,0.9594494523053064,0.42832761246298684,2.239989728395611,0.0015545208979308662,0.566627514422173,25.13274122871839
12,168,1.1210935304766921e-7,0,0,1,0.9522832427135192,0.42837914471982547,2.222991605570212,0.6912065921822882,0.001854205163304864,25.132741228718103
12,169,1.1277667062533392e-7,1,1,1,0.9523308561181435,0.42841724663539177,2.222905038481406,0.0012814081856915977,0.5723724224595047,25.132741228718235
12,170,1.1344398820299861e-7,2,2,1,0.9523931141595983,0.42850226872408886,2.22260926878042,0.06139035590686262,0.00134908043191599,25.132741228718324
12,171,1.141113057806633e-7,3,3,1,0.9524458091223895,0.4285600065954338,2.222432785291397,0.026464679664031213,0.0015467964615442015,25.132741228718157
12,172,1.14778623358328e-7,4,4,1,0.9524825173403169,0.4285918930909607,2.2223530885549674,0.001216852490313904,0.3110647413312624,25.132741228718398
12,173,1.154459409359927e-7,5,5,1,0.9525241549371001,0.42862396547979226,2.222283940355191,0.5653066488309585,0.001661292670357576,25.1327412287182
12,174,1.161132585136574e-7,6,6,1,0.9525617865281164,0.42867120263322994,2.2221268437831734,0.001988616431203425,0.6894251055126851,25.132741228718167
12,175,1.1678057609132209e-7,7,7,1,0.9526002417257018,0.437313689216444,2.1782996169923736,0.5749078341986691,0.0013787252233250177,25.13274122871836
12,176,1.174478936689868e-7,8,8,1,0.9526513211019864,0.43740794942597366,2.177946976848924,0.0014417803726010903,0.06286899669381094,25.13274122871814
12,177,1.1811521124665149e-7,9,9,1,0.9526949901113855,0.4374713703134199,2.177731057986357,0.0016455594021847397,0.02608940683104822,25.132741228718352
12,178,1.1878252882431619e-7,10,10,1,0.9527247039208269,0.437506137965242,2.1776259148083468,0.308590130845737,0.001303569869032121,25.132741228718274
12,179,1.194498464019809e-7,11,11,1,0.9527584735814001,0.4375423368764024,2.177522934998943,0.0017713263211821262,0.5639649998154435,25.132741228718423
12,180,1.201171639796456e-7,0,0,1,0.9451151936069851,0.4375943842163894,2.1597973550310186,0.6876101521247097,0.0021276862663467703,25.13274122871816
12,181,1.2078448155731028e-7,1,1,1,0.9451646728707446,0.4376329624403504,2.15972002565865,0.001479833699847533,0.5773870127871585,25.13274122871828
12,182,1.2145179913497497e-7,2,2,1,0.9452300469982715,0.4377185656055165,2.1594470083549937,0.06437305350538994,0.0015375352931146008,25.132741228718345
12,183,1.221191167126397e-7,3,3,1,0.9452847916112608,0.43777673158716074,2.1592851410446787,0.02572719258058625,0.0017480597182049989,25.13274122871829
12,184,1.2278643429030438e-7,4,4,1,0.9453224483015482,0.4378091791719102,2.1592111204465128,0.0013930733369874593,0.30611226194508584,25.132741228718434
12,185,1.2345375186796907e-7,5,5,1,0.9453656890568641,0.4378418055885489,2.159148982555696,0.5626026008778702,0.0018845950740973495,25.13274122871826
12,186,1.2412106944563376e-7,6,6,1,0.9454046385225591,0.43788950100533375,2.1590027537815835,0.0022713961262913226,0.6857621202471842,25.132741228718313
12,187,1.2478838702329848e-7,7,7,1,0.9454448315866534,0.4465194053555594,2.117365606616367,0.5798090080025493,0.0015847523164585458,25.13274122871836
12,188,1.2545570460096317e-7,8,8,1,0.9454987487418521,0.44661429818395626,2.1170364508849873,0.001636324664432134,0.06590237074450876,25.13274122871819
12,189,1.2612302217862786e-7,9,9,1,0.9455443220632233,0.4466780273105714,2.116836433070827,0.0018542992691126825,0.02537778593380031,25.13274122871814
12,190,1.2679033975629256e-7,10,10,1,0.9455749290348643,0.44671331134982184,2.116737748820704,0.303631926467225,0.0014853348840580644,25.132741228718263
12,191,1.2745765733395727e-7,11,11,1,0.9456101396471415,0.4467501249557907,2.1166421380200324,0.00200107183631068,0.561219488835314,25.132741228718405
12,192,1.2812497491162196e-7,0,0,1,0.9375048354639879,0.44680257961086156,2.0982529605816036,0.6838813990234441,0.0024197259178753666,25.132741228718235
12,193,1.2879229248928666e-7,1,1,1,0.937556010629357,0.4468415909514306,2.098184299794207,0.0016934998587216162,0.5821729109430123,25.132741228718288
12,194,1.2945961006695135e-7,2,2,1,0.9376242946814793,0.44692767596482535,2.097932943305291,0.06745678099449029,0.0017381268997908243,25.132741228718384
12,195,1.3012692764461604e-7,3,3,1,0.937680839692538,0.4469861384199552,2.097785052143076,0.025040939383867228,0.001964277278341681,25.13274122871821
12,196,1.3079424522228076e-7,4,4,1,0.9377192566842407,0.44701904957911204,2.097716546011058,0.0015803269047308408,0.3011499025088998,25.132741228718263
12,197,1.3146156279994545e-7,5,5,1,0.937763926574802,0.44705218404141484,2.0976609891428866,0.5598157034250604,0.0021207292100537014,25.132741228718395
12,198,1.3212888037761014e-7,6,6,1,0.9378040221442948,0.44710023616063094,2.097525222078763,0.0025726540653328973,0.6819683794492092,25.132741228718274
12,199,1.3279619795527483e-7,7,7,1,0.9378458098907939,0.45570552613862314,2.0580084201250313,0.5844778523989783,0.0018060951858475942,25.132741228718135
12,200,1.3346351553293955e-7,8,8,1,0.9379023957031902,0.4558009469847408,2.057701726834256,0.0018429194391450506,0.06903610454792072,25.132741228718235
12,201,1.3413083311060424e-7,9,9,1,0.9379496603291793,0.45586485765093104,2.057516925438009,0.002077990470171295,0.024716408708037523,25.13274122871839
12,202,1.3479815068826893e-7,10,10,1,0.9379810000156312,0.4559005686454377,2.057424501141863,0.29866695515535807,0.0016780222703090405,25.132741228718366
12,203,1.3546546826593362e-7,11,11,1,0.9380175040288652,0.45593795034513923,2.0573358794081473,0.002243539504223489,0.5583912869993566,25.13274122871823
12,204,1.3613278584359834e-7,0,0,1,0.9294656886017612,0.45599071280496684,2.0383434629277324,0.6800234551080103,0.0027301575712992826,25.132741228718245
12,205,1.3680010342126303e-7,1,1,1,0.929518403423072,0.4560301150867571,2.038282939376134,0.0019225572101854765,0.5867230014531404,25.13274122871821
12,206,1.3746742099892772e-7,2,2,1,0.9295894010552337,0.4561165833991475,2.038052188604049,0.07064014898996979,0.0019506788308217172,25.13274122871819
12,207,1.3813473857659242e-7,3,3,1,0.9296475120079176,0.456175219293372,2.0379176086065507,0.024403952820874087,0.002195433197829713,25.13274122871832
12,208,1.3880205615425713e-7,4,4,1,0.9296865192644657,0.4562085042534944,2.037854425326278,0.0017783943877966988,0.2961838370174537,25.132741228718363
12,209,1.3946937373192182e-7,5,5,1,0.9297324578994943,0.4562421008601971,2.037805051630659,0.5569462842965499,0.002369474746014308,25.132741228718384
12,210,1.4013669130958652e-7,6,6,1,0.9297735415993437,0.45629041520266134,2.037679316990222,0.002892212071313647,0.6780470227427776,25.132741228718228
12,211,1.408040088872512e-7,7,7,1,0.9298167902784134,0.4648587278541164,2.0002136876522445,0.5889075642747339,0.002042904868648582,25.132741228718185
12,212,1.4147132646491592e-7,8,8,1,0.9298758813406195,0.46495457325334305,1.9999284550190917,0.002061380810542887,0.07226870882970325,25.13274122871827
12,213,1.4213864404258062e-7,9,9,1,0.9299246347206811,0.4650185475975537,1.9997581591637426,0.002316597563819283,0.024103333660662016,25.13274122871829
12,214,1.428059616202453e-7,10,10,1,0.9299565607238367,0.4650546039579255,1.9996717650127207,0.2937012886124402,0.0018814172473969795,25.13274122871822
12,215,1.4347327919791e-7,11,11,1,0.929994220630802,0.4650925076953175,1.9995897703001526,0.002498506692460529,0.5554807422775841,25.132741228718448
12,216,1.441405967755747e-7,0,0,1,0.9210118633504661,0.46514548558959745,1.9800511708353634,0.6760394826946043,0.0030587918824469063,25.132741228718324
12,217,1.448079143532394e-7,1,1,1,0.9210659729834295,0.4651852378120233,1.9799982848028876,0.002167157087579176,0.5910307830792693,25.132741228718228
12,218,1.454752319309041e-7,2,2,1,0.9211394956988304,0.4652719919228621,1.9797871174062567,0.07392156517410339,0.0021750003779994064,25.132741228718295
12,219,1.461425495085688e-7,3,3,1,0.9211989513345041,0.4653306859351317,1.9796651696916494,0.023814316102495185,0.0024414735334668193,25.132741228718313
12,220,1.4680986708623348e-7,4,4,1,0.9212383950200148,0.46536426184047963,1.9796070961199046,0.001987065460286695,0.2912200386180548,25.13274122871828
12,221,1.474771846638982e-7,5,5,1,0.9212854538121935,0.4653982751632999,1.9795635329523535,0.5539947100186038,0.0026306068418512855,25.132741228718192
12,222,1.481445022415629e-7,6,6,1,0.92132737974762,0.46544676347241754,1.9794473870097458,0.0032298700466785934,0.6740012392335072,25.132741228718388
12,223,1.4881181981922758e-7,7,7,1,0.9213719636070536,0.4739654403809988,1.9439644436235806,0.5930919352292331,0.0022953327423542317,25.132741228718235
12,224,1.4947913739689227e-7,8,8,1,0.9214334010618267,0.47406160823864013,1.9436996901845338,0.002291511871160861,0.07559848544047543,25.13274122871832
12,225,1.50146454974557e-7,9,9,1,0.9214834502563377,0.47412553635591503,1.943543174954832,0.002570049042643213,0.023536667892783487,25.132741228718167
12,226,1.5081377255222168e-7,10,10,1,0.9215158290018478,0.4741618634608132,1.9434625599703168,0.28874080402407365,0.0020953142880860494,25.132741228718242
12,227,1.5148109012988638e-7,11,11,1,0.9215545161929042,0.4742002439232862,1.9433868455411187,0.002765746445001479,0.5524882386517531,25.132741228718245
12,228,1.5214840770755107e-7,0,0,1,0.9121580247565418,0.47425335114955625,1.9233559922044534,0.6719327008011773,0.0034054183696229662,25.132741228718363
12,229,1.5281572528521578e-7,1,1,1,0.9122133939439743,0.4742934135493069,1.923310271415232,0.002427450612855219,0.595090332454704,25.13274122871837
12,230,1.5348304286288048e-7,2,2,1,0.912289259581562,0.47438035728429356,1.9231176956908274,0.07729922310367532,0.002410889038497793,25.132741228718366
12,231,1.5415036044054517e-7,3,3,1,0.9123498505934802,0.47443900113738635,1.9230076962607996,0.023270159600916707,0.002702310100521689,25.132741228718345
12,232,1.5481767801820986e-7,4,4,1,0.9123895914646878,0.4744727914067725,1.9229545044290701,0.002206139665228407,0.28626429020112576,25.13274122871832
12,233,1.5548499559587458e-7,5,5,1,0.9124376321411257,0.4745071767446088,1.9229164001290158,0.5509613813474908,0.002903896516377134,25.132741228718217
12,234,1.5615231317353927e-7,6,6,1,0.912480265093948,0.47455575631120983,1.922809391644068,0.0035854074551700975,0.6698342801818391,25.13274122871825
12,235,1.5681963075120396e-7,7,7,1,0.9125260652460089,0.483011879138612,1.8892414548341518,0.5970253201759543,0.00256352933576759,25.132741228718317
12,236,1.5748694832886865e-7,8,8,1,0.912589693899288,0.4831082689174805,1.8889962201312829,0.0025331051092783857,0.07902351747522494,25.13274122871836
12,237,1.5815426590653334e-7,9,9,1,0.9126408549247428,0.4831720481976416,1.8888527561334154,0.0028382408881633577,0.023014564584641406,25.132741228718274
12,238,1.5882158348419806e-7,10,10,1,0.9126735646124823,0.4832085777126593,1.8887776556715121,0.28379119090310373,0.0023195182152495487,25.132741228718274
12,239,1.5948890106186275e-7,11,11,1,0.9127131584244134,0.48324739044845627,1.8887078884738735,0.0030450278450792553,0.5494141933325503,25.13274122871817
12,240,1.6015621863952744e-7,0,0,1,0.9029193546933066,0.48330054649073695,1.8682357411954886,0.6677063946142601,0.003769806736567535,25.132741228718427
12,241,1.6082353621719213e-7,1,1,1,0.9029758563496321,0.4833408805501794,1.868196737924979,0.00270358735453657,0.598896276912486,25.13274122871834
12,242,1.6149085379485685e-7,2,2,1,0.9030538879504781,0.48342791928248463,1.868021791730218,0.08077109351186453,0.0026581328620835956,25.132741228718306
12,243,1.6215817137252154e-7,3,3,1,0.9031154160306023,0.4834864112444479,1.867923058491074,0.02276965896634768,0.0029778238536334136,25.13274122871833
12,244,1.6282548895018623e-7,4,4,1,0.9031553280929516,0.4835203450722783,1.8678745109638455,0.0024354272618538494,0.2813221882165745,25.132741228718356
12,245,1.6349280652785093e-7,5,5,1,0.9032042214875613,0.48355505861653536,1.8678415319894575,0.5478467319386632,0.003189111005693229,25.13274122871817
12,246,1.6416012410551564e-7,6,6,1,0.9032474357782948,0.48360365174867903,1.867743207711959,0.003958584504423628,0.6655494658554192,25.13274122871826
12,247,1.6482744168318034e-7,7,7,1,0.9032943393163892,0.4919840782410797,1.8360235204070185,0.6007026137652263,0.0028476428676851152,25.132741228718317
12,248,1.6549475926084503e-7,8,8,1,0.9033600069889215,0.4920805911239044,1.835796865967953,0.0027859446916660728,0.08254166165151329,25.132741228718288
12,249,1.6616207683850972e-7,9,9,1,0.9034121043291847,0.49214412575793554,1.8356657268597252,0.003121039804269395,0.02253522161800758,25.132741228718302
12,250,1.6682939441617444e-7,10,10,1,0.9034450340312438,0.4921807951050894,1.835595868461999,0.2788579524683196,0.0025538448354766375,25.13274122871829
12,251,1.6749671199383913e-7,11,11,1,0.9034854209640119,0.49221999659096627,1.8355317281325452,0.003336116369009437,0.5462590566775923,25.13274122871833
12,252,1.6816402957150382e-7,0,0,1,0.8933115121155237,0.4922731259867742,1.814666421866637,0.6633639202044134,0.004151707932070416,25.13274122871825
12,253,1.688313471491685e-7,1,1,1,0.8933690262274964,0.4923136944137278,1.8146337109134567,0.002995713776093935,0.60244377396025,25.132741228718377
12,254,1.6949866472683323e-7,2,2,1,0.893449051208777,0.49240073525148986,1.8144754612367808,0.08433491767493512,0.0029165126742589464,25.132741228718263
12,255,1.7016598230449792e-7,3,3,1,0.8935113283298538,0.49245897976961683,1.8143873196258054,0.02231103415292216,0.003267867996641498,25.13274122871837
12,256,1.708332998821626e-7,4,4,1,0.8935512977035006,0.49249299174012784,1.8143431737907814,0.002674749675942355,0.2763991421001855,25.132741228718395
12,257,1.715006174598273e-7,5,5,1,0.8936009227782004,0.49252799068267744,1.8143150027668649,0.5446512293387915,0.0034860141126198383,25.132741228718224
12,258,1.72167935037492e-7,6,6,1,0.8936446013440505,0.4925765242895114,1.8142249118206286,0.004349143098680137,0.661150188493496,25.132741228718313
12,259,1.728352526151567e-7,7,7,1,0.8936925006604348,0.5008679249123618,1.784287745750153,0.6041192324441449,0.0031478176297531643,25.132741228718157
12,260,1.735025701928214e-7,8,8,1,0.8937600577376785,0.5009644639513616,1.784078756181902,0.003049808631422021,0.08615054259168227,25.1327412287182
12,261,1.741698877704861e-7,9,9,1,0.8938129239915807,0.5010276645664704,1.783959224616828,0.003418286224670409,0.022096880922789938,25.13274122871829
12,262,1.7483720534815079e-7,10,10,1,0.8938459728697109,0.5010644165097099,1.7838943325810674,0.2739464035188785,0.0027981212317168265,25.132741228718178
12,263,1.755045229258155e-7,11,11,1,0.8938870459432647,0.5011039641883427,1.7838355108428006,0.003638774231391804,0.5430233141063431,25.13274122871829
12,264,1.761718405034802e-7,0,0,1,0.8833505919397933,0.5011569961110872,1.7626224891490658,0.65890870605192,0.004550855010488527,25.132741228718277
12,265,1.7683915808114489e-7,1,1,1,0.8834090047155303,0.5011977628055665,1.7625956663701987,0.003303971574414529,0.605728495522245,25.132741228718313
12,266,1.7750647565880958e-7,2,2,1,0.8834908542906349,0.5012847147594731,1.7624532092795853,0.08798820254910879,0.0031858041924950433,25.132741228718388
12,267,1.781737932364743e-7,3,3,1,0.8835537021727303,0.5013426221967304,1.7623749967662186,0.021892549018881727,0.0035722709062970493,25.132741228718384
12,268,1.78841110814139e-7,4,4,1,0.883593626122706,0.5013766519855836,1.762335008268619,0.0029239396561652692,0.27150037092703794,25.13274122871837
12,269,1.7950842839180368e-7,5,5,1,0.8836438691721971,0.5014118945895842,1.7623113426447081,0.5413753776922785,0.0037943665478184373,25.13274122871829
12,270,1.8017574596946837e-7,6,6,1,0.8836879028190392,0.5014602998548673,1.7622290400153238,0.00475680762043922,0.6566399126470754,25.13274122871823
12,271,1.808430635471331e-7,7,7,1,0.8837366950818174,0.509649195133675,1.7340097924613098,0.6072711005323234,0.003464192298506908,25.132741228718253
12,272,1.8151038112479778e-7,8,8,1,0.8838059942250868,0.5097456653944654,1.733817576538205,0.0033244708557118264,0.08984754876344363,25.13274122871832
12,273,1.8217769870246247e-7,9,9,1,0.8838594698610538,0.5098084487871145,1.7337089488490123,0.00372979716903454,0.021697828276339932,25.13274122871831
12,274,1.8284501628012716e-7,10,10,1,0.8838925464780606,0.5098452311059518,1.7336487477988733,0.2690616661408983,0.0030521858011549018,25.13274122871811
12,275,1.8351233385779188e-7,11,11,1,0.8839342047035805,0.5098850834053916,1.7335949481008757,0.0039527607222412855,0.5397074894837166,25.132741228718217
12,276,1.8417965143545657e-7,0,0,1,0.8730530828875518,0.5099379513366696,1.712077088200771,0.6543442524067022,0.004966963846528421,25.132741228718377
12,277,1.8484696901312126e-7,1,1,1,0.8731122860994601,0.509978881353884,1.7120557694105591,0.003628495980617124,0.6087466155471157,25.13274122871835
12,278,1.8551428659078595e-7,2,2,1,0.8731957948924962,0.510065655493478,1.711928230195576,0.09172821747204765,0.0034657800480138033,25.132741228718334
12,279,1.8618160416845065e-7,3,3,1,0.8732590446101282,0.5101231419434579,1.7118592998608173,0.021512511280795076,0.003890838934672827,25.132741228718142
12,280,1.8684892174611536e-7,4,4,1,0.8732988307036892,0.5101571340855389,1.7118232253462162,0.0031828412082787016,0.26663089839890264,25.13274122871832
12,281,1.8751623932378005e-7,5,5,1,0.8733495847065523,0.5101925797322051,1.7118037764582241,0.5380197217015201,0.004113926262939542,25.132741228718313
12,282,1.8818355690144475e-7,6,6,1,0.8733938714994022,0.5102407918581839,1.7117288257543957,0.005181285589096016,0.6520221737251612,25.13274122871836
12,283,1.8885087447910944e-7,7,7,1,0.8734434582542089,0.5183135904410241,1.685164105982656,0.610154639100088,0.0037968982377897015,25.132741228718324
12,284,1.8951819205677416e-7,8,8,1,0.8735143542402019,0.5184098991448353,1.6849877976503613,0.003609703183588038,0.09362982990612508,25.13274122871826
12,285,1.9018550963443885e-7,9,9,1,0.8735682874311517,0.518472188087811,1.684889387515613,0.004055369003353453,0.021336393376644815,25.132741228718224
12,286,1.9085282721210354e-7,10,10,1,0.8736013091351111,0.5185089533169103,1.6848336051801405,0.26420866416499045,0.003315888097926035,25.132741228718277
12,287,1.9152014478976823e-7,11,11,1,0.8736434570783536,0.5185490696596475,1.6847845424769041,0.0042778325360773506,0.5363121495684695,25.132741228718245
12,288,1.9218746236743295e-7,0,0,1,0.8624358245460675,0.5186017111316271,1.6630022732940255,0.6496741291561707,0.005399733747279454,25.132741228718267
12,289,1.9285477994509764e-7,1,1,1,0.8624957150238398,0.5186427706468252,1.662986093391755,0.0039694140748542175,0.6114947999294643,25.13274122871835
12,290,1.9352209752276233e-7,2,2,1,0.8625807208361416,0.5187292802504079,1.6628726267770062,0.09555199228324555,0.0037562117211431658,25.132741228718228
12,291,1.9418941510042702e-7,3,3,1,0.8626442125295819,0.5187862674118594,1.6628123501286456,0.02116927267645784,0.004223359137183625,25.132741228718256
12,292,1.9485673267809174e-7,4,4,1,0.8626837778913171,0.5188201711180545,1.6627799494230122,0.003451309356381511,0.261795546929602,25.13274122871832
12,293,1.9552405025575643e-7,5,5,1,0.8627349419770431,0.5188557803379357,1.6627644418168297,0.5345848514851137,0.004444448775499466,25.132741228718235
12,294,1.9619136783342112e-7,6,6,1,0.862779386740063,0.5189037383445586,1.6626964174368053,0.005622268234820535,0.6473005752940425,25.132741228718334
12,295,1.9685868541108581e-7,7,7,1,0.8628296736079646,0.5268467757556621,1.637724122673805,0.6127667567362319,0.00414605783495299,25.132741228718313
12,296,1.9752600298875053e-7,8,8,1,0.8629020232687414,0.5269428324216366,1.6375628819224264,0.0039052772199251605,0.09749429581913505,25.132741228718206
12,297,1.9819332056641522e-7,9,9,1,0.8629562697841962,0.527004555526446,1.6374740232029958,0.0043947801435145015,0.021010950071057775,25.132741228718423
12,298,1.9886063814407991e-7,10,10,1,0.8629891621481012,0.5270412607434193,1.6374223925671585,0.2593921170110081,0.003589088521098792,25.132741228718338
12,299,1.995279557217446e-7,11,11,1,0.8630317095664841,0.5270816015499074,1.637377793170356,0.004613744092364231,0.5328379092116705,25.13274122871822
12,300,2.001952732994093e-7,0,0,1,0.8515159638573675,0.5271339579423142,1.61536920744262,0.6449019726450108,0.005848847995391397,25.132741228718345
12,301,2.0086259087707401e-7,1,1,1,0.8515764430966617,0.5271751142204238,1.6153578196800054,0.004326843151410252,0.6139701979524581,25.132741228718245
12,302,2.015299084547387e-7,2,2,1,0.8516627867904148,0.5272612749214278,1.615257610028973,0.09945631675824738,0.00405687139446647,25.1327412287181
12,303,2.021972260324034e-7,3,3,1,0.8517263694514386,0.5273176900172862,1.6152053791776222,0.02086122923992519,0.004569601957971365,25.132741228718274
12,304,2.028645436100681e-7,4,4,1,0.8517656400931757,0.5273514590262472,1.615176417006522,0.003729209764265629,0.2569989313591066,25.132741228718245
12,305,2.035318611877328e-7,5,5,1,0.8518171191007929,0.5273871935203899,1.6151645879278635,0.5310714080545078,0.0047856874846021295,25.132741228718228
12,306,2.041991787653975e-7,6,6,1,0.8518616330028922,0.5274348400878082,1.6151030767346977,0.00607943101758371,0.6424787854899399,25.132741228718324
12,307,2.048664963430622e-7,7,7,1,0.8519125294518657,0.5352344181070726,1.591662457853079,0.6151048415166152,0.004511782901056101,25.13274122871826
12,308,2.0553381392072688e-7,8,8,1,0.8519861916920481,0.5353301346952742,1.5915154714333875,0.004210966168052983,0.10143761642270159,25.13274122871831
12,309,2.062011314983916e-7,9,9,1,0.8520406148279788,0.535391226314885,1.5914355203252053,0.004747793727287095,0.02071991666161253,25.13274122871826
12,310,2.068684490760563e-7,10,10,1,0.852073311131591,0.5354278329623703,1.5913877812763508,0.25461653336349904,0.0038716578747522517,25.132741228718263
12,311,2.0753576665372098e-7,11,11,1,0.8521161726695176,0.5354683596518164,1.591347382735366,0.004960247846187277,0.5292854370558565,25.132741228718217
12,312,2.0820308423138567e-7,0,0,1,0.8403109112201671,0.5355203760315019,1.5691483439852079,0.6400314817394875,0.006313974349687143,25.13274122871842
12,313,2.088704018090504e-7,1,1,1,0.8403718850795918,0.5355615974030177,1.5691414193150226,0.00470088915909667,0.6161704346531932,25.132741228718217
12,314,2.0953771938671508e-7,2,2,1,0.8404594105505593,0.5356473273340239,1.56905368077466,0.10343774127920426,0.004367533724886735,25.132741228718263
12,315,2.1020503696437977e-7,3,3,1,0.8405229418584034,0.5357031030626014,1.5690089100719307,0.020586821623923002,0.004929323891961362,25.132741228718295
12,316,2.1087235454204446e-7,4,4,1,0.8405618520665583,0.5357366955163918,1.5689831574003872,0.004016418238516634,0.2522454526673991,25.13274122871828
12,317,2.1153967211970918e-7,5,5,1,0.8406135561755846,0.5357725181709287,1.5689747563860708,0.5274800891855598,0.005137393976209719,25.13274122871821
12,318,2.1220698969737387e-7,6,6,1,0.8406580563827056,0.5358197995159175,1.568919358975148,0.006552434114365801,0.6375605327825894,25.132741228718242
12,319,2.1287430727503857e-7,7,7,1,0.8407094755545194,0.5434622260923588,1.5469510762494922,0.6171667536541317,0.004894173155601405,25.13274122871825
12,320,2.1354162485270326e-7,8,8,1,0.8407843114261955,0.543557517147101,1.5468175582210872,0.004526546560915873,0.10545622302361629,25.132741228718398
12,321,2.1420894243036795e-7,9,9,1,0.8408387819568519,0.5436179173072113,1.546745894840832,0.0051141602687393,0.020461756233640695,25.132741228718398
12,322,2.1487626000803267e-7,10,10,1,0.8408712227003511,0.5436543910380633,1.5467017954086173,0.2498862049886082,0.004163476817522571,25.132741228718274
12,323,2.1554357758569736e-7,11,11,1,0.8409143176308126,0.5436950660282754,1.546665346393046,0.005317094587735476,0.5256554615337242,25.13274122871847
12,324,2.1621089516336205e-7,0,0,1,0.8288382963761616,0.5437466910217689,1.524309591325824,0.6350664133289661,0.006794765523326306,25.13274122871827
12,325,2.1687821274102674e-7,1,1,1,0.8288996748414439,0.5437879468654573,1.5243068177944155,0.005091645233662464,0.6180936036600393,25.132741228718245
12,326,2.1754553031869146e-7,2,2,1,0.828988229057965,0.5438731668000963,1.5242307943511106,0.10749257868285914,0.004687977533298591,25.132741228718373
12,327,2.1821284789635615e-7,3,3,1,0.8290515752466798,0.5439282413085572,1.5241929215739676,0.02034453542563668,0.005302270132880708,25.132741228718235
12,328,2.1888016547402084e-7,4,4,1,0.8290900670137678,0.543961619643096,1.524170156633018,0.00431282012721615,0.2475392919486768,25.132741228718178
12,329,2.1954748305168553e-7,5,5,1,0.8291419114322439,0.5439974945395873,1.5241649451602506,0.5238116555032943,0.005499318316442816,25.132741228718288
12,330,2.2021480062935025e-7,6,6,1,0.8291863208107235,0.5440443603181936,1.5241152767869146,0.00704092289205858,0.6325496012462242,25.13274122871831
12,331,2.2088211820701494e-7,7,7,1,0.8292381793889465,0.5515159899052304,1.5035614462083653,0.6189508184393548,0.005293314809266546,25.13274122871826
12,332,2.2154943578467963e-7,8,8,1,0.8293140522087614,0.5516107726980061,1.5034406383190624,0.004851799908463228,0.10954631073386362,25.132741228718277
12,333,2.2221675336234432e-7,9,9,1,0.8293684483477756,0.5516704270471557,1.5033766678177998,0.005493620300169194,0.02023497697120225,25.13274122871817
12,334,2.2288407094000904e-7,10,10,1,0.8294005807898338,0.5517067375840873,1.5033359650849332,0.24520520091112277,0.0044644352125951725,25.132741228718245
12,335,2.2355138851767373e-7,11,11,1,0.8294438327923795,0.5517475242912468,1.5033032252529823,0.005684033729022412,0.5219487770015739,25.132741228718317
12,336,2.2421870609533843e-7,0,0,1,0.8171159242450141,0.5517987099828248,1.4808224619996802,0.6300105773920354,0.007290859654718141,25.132741228718295
12,337,2.2488602367300312e-7,1,1,1,0.8171776212434066,0.5518399707149645,1.4808235441602218,0.005499190332907896,0.6197382601640017,25.1327412287183
12,338,2.2555334125066783e-7,2,2,1,0.8172670543335957,0.5519246042074404,1.48075850959242,0.11161690723929511,0.005017987408723241,25.132741228718167
12,339,2.2622065882833253e-7,3,3,1,0.8173300900758117,0.5519789210792487,1.4807269967442578,0.020132901485481792,0.005688177208592213,25.132741228718203
12,340,2.2688797640599722e-7,4,4,1,0.8173681125665829,0.5520120519225468,1.4807070057978888,0.004618309622899478,0.24288440482948295,25.13274122871836
12,341,2.275552939836619e-7,5,5,1,0.8174200172641616,0.5520479443454039,1.4807047569635008,0.5200669366298764,0.0058712093313306,25.132741228718235
12,342,2.282226115613266e-7,6,6,1,0.8174642641230108,0.5520943475757498,1.480660448186985,0.007544528379208873,0.6274498254417646,25.132741228718345
12,343,2.2888992913899132e-7,7,7,1,0.8175164822308105,0.5593816217606157,1.461464678903345,0.620455819180153,0.005709279252960898,25.132741228718203
12,344,2.29557246716656e-7,8,8,1,0.8175932577263857,0.5594758164313866,1.4613558508058486,0.0051865142574035,0.1137038419997947,25.1327412287182
12,345,2.302245642943207e-7,9,9,1,0.8176474650872397,0.5595346762021169,1.4612990040886875,0.005885906999607596,0.02003813243390169,25.132741228718377
12,346,2.308918818719854e-7,10,10,1,0.8176792428022106,0.5595707972048676,1.4612614648345301,0.24057736210582095,0.004774431384944933,25.132741228718185
12,347,2.315591994496501e-7,11,11,1,0.8177225797695494,0.5596116600439669,1.4612322046779789,0.0060608135762851385,0.5181662498704803,25.132741228718153
12,348,2.322265170273148e-7,0,0,1,0.8051617308673958,0.5596623618930123,1.4386562071889235,0.624867831711935,0.007801880782516791,25.132741228718338
12,349,2.328938346049795e-7,1,1,1,0.8052236641195326,0.5597035989627793,1.4386608655219324,0.005923587980821993,0.6211034137730838,25.132741228718224
12,350,2.3356115218264418e-7,2,2,1,0.8053138294920854,0.5597875724840219,1.4386061232452094,0.11580657472247713,0.005357355222431376,25.132741228718302
12,351,2.342284697603089e-7,3,3,1,0.8053764377876599,0.5598410807337867,1.4385804570326435,0.019950496137500197,0.006086775598897295,25.13274122871838
12,352,2.348957873379736e-7,4,4,1,0.805413946832801,0.5598739348061579,1.4385630349297385,0.004932788975120174,0.2382845164602242,25.132741228718128
12,353,2.3556310491563828e-7,5,5,1,0.8054658363096455,0.5599098112481049,1.4385635331414668,0.5162468372701855,0.006252814871494144,25.13274122871824
12,354,2.3623042249330298e-7,6,6,1,0.8055098541719973,0.5599557082484651,1.4385242302317494,0.008062867746335939,0.6222650849797342,25.13274122871832
12,355,2.368977400709677e-7,7,7,1,0.8055623552910989,0.567045196536106,1.4206316537235768,0.6216809899251444,0.006142121857823813,25.13274122871831
12,356,2.3756505764863239e-7,8,8,1,0.8056399017664335,0.5671387262316602,1.4205341030394605,0.005530485658345602,0.11792455120544472,25.132741228718416
12,357,2.3823237522629708e-7,9,9,1,0.805693813314915,0.5671967482063563,1.420483837156607,0.006290748796498207,0.019869821777085107,25.13274122871828
12,358,2.388996928039618e-7,10,10,1,0.8057251957653822,0.5672326571411364,1.4204492382830227,0.23600629681172597,0.005093371290063443,25.13274122871822
12,359,2.395670103816265e-7,11,11,1,0.805768549632744,0.5672735615271075,1.4204232389459595,0.006447181586609106,0.5143088246197582,25.132741228718096
12,360,2.402343279592912e-7,0,0,1,0.7929937396126676,0.5673237383000295,1.397779937763317,0.6196420762988873,0.008327439333022877,25.132741228718253
12,361,2.4090164553695587e-7,1,1,1,0.7930558305115424,0.5673649241900739,1.3977879080975042,0.006364885123917593,0.6221885210661278,25.13274122871825
12,362,2.4156896311462056e-7,2,2,1,0.7931465849985586,0.5674481672596764,1.3977427909033986,0.12005720353805809,0.0057058815466739495,25.132741228718377
12,363,2.4223628069228525e-7,3,3,1,0.7932086570597638,0.5675008213295061,1.3977224829410526,0.01979594139615126,0.006497792326189249,25.13274122871831
12,364,2.4290359826994994e-7,4,4,1,0.7932456146723629,0.5675333733415405,1.3977074334886543,0.005256167616035649,0.23374311717101312,25.132741228718256
12,365,2.4357091584761463e-7,5,5,1,0.793297417756403,0.5675692015076355,1.3977104741574509,0.5123523431286469,0.006643882060394376,25.132741228718274
12,366,2.442382334252794e-7,6,6,1,0.7933411451525065,0.5676145518456224,1.397675839304903,0.00859554480190797,0.6169992988120626,25.132741228718242
12,367,2.4490555100294407e-7,7,7,1,0.7933938560563331,0.5744929924488186,1.3810331309254678,0.6226260078153861,0.006591880888115572,25.132741228718423
12,368,2.4557286858060876e-7,8,8,1,0.793472044568047,0.5745857834568159,1.3809461831693264,0.0058835195346311755,0.12220395031672496,25.132741228718352
12,369,2.4624018615827345e-7,9,9,1,0.7935255605610396,0.5746429299327728,1.380901981433712,0.006707871944005241,0.019728689902504933,25.132741228718157
12,370,2.4690750373593814e-7,10,10,1,0.7935565126837132,0.5746786079398715,1.3808701102142693,0.23149537654521435,0.005421167597006095,25.132741228718327
12,371,2.4757482131360284e-7,11,11,1,0.79359981927604,0.5747195202897228,1.3808471632840607,0.006842884607506612,0.5103775295944024,25.132741228718274
12,372,2.4824213889126753e-7,0,0,1,0.780630017804275,0.5747691340022829,1.3581627328672357,0.6143372475600448,0.008867132625988289,25.13274122871829
12,373,2.489094564689322e-7,1,1,1,0.7806921913137115,0.5748102422336914,1.3581737657978579,0.006823111100680258,0.6229934777152502,25.13274122871821
12,374,2.4957677404659696e-7,2,2,1,0.7807833953263537,0.5748926875463435,1.3581376354929073,0.12436419687594094,0.006063376972088057,25.132741228718267
12,375,2.5024409162426165e-7,3,3,1,0.7808448304531472,0.5749444472991512,1.3581222222794394,0.0196679050685469,0.006920953505741334,25.132741228718398
12,376,2.5091140920192635e-7,4,4,1,0.7808812043647863,0.5749766758439213,1.3581093584685828,0.00558836120146838,0.22926345885499852,25.132741228718395
12,377,2.5157872677959104e-7,5,5,1,0.7809328540316686,0.5750124246545821,1.3581147476957314,0.5083845265661968,0.007044157524977422,25.132741228718277
12,378,2.5224604435725573e-7,6,6,1,0.7809762343072533,0.5750571911040484,1.3580844590567807,0.009142150509020541,0.611656419287832,25.13274122871815
12,379,2.529133619349204e-7,7,7,1,0.7810290850032033,0.5817115315849907,1.3426398525659817,0.6232909849553007,0.007058576527043536,25.132741228718288
12,380,2.535806795125851e-7,8,8,1,0.781107789540913,0.5818035134621035,1.3425628609439317,0.006245431946763179,0.1265373355343338,25.13274122871828
12,381,2.542479970902498e-7,9,9,1,0.7811608174478765,0.5818597522117125,1.342524232821739,0.0071370030433063935,0.019613427530179937,25.13274122871816
12,382,2.5491531466791455e-7,10,10,1,0.7811913092514693,0.5818951839682469,1.3424948870071722,0.22704773286417618,0.005757738688005385,25.13274122871826
12,383,2.5558263224557924e-7,11,11,1,0.7812345081448637,0.5819360717040627,1.3424747942797264,0.00724766909839557,0.5063734825020048,25.13274122871832
12,384,2.5624994982324393e-7,0,0,1,0.7680886339129076,0.5819850875708583,1.3197737370193194,0.6089573122478633,0.009420545403030079,25.132741228718267
12,385,2.569172674009086e-7,1,1,1,0.768150818479321,0.5820260927114831,1.3197875973235826,0.007298276723436333,0.6235186100872915,25.132741228718338
12,386,2.575845849785733e-7,2,2,1,0.7682423361690164,0.5821076762566285,1.3197598442772096,0.1287227458554336,0.00642966331758964,25.132741228718267
12,387,2.58251902556238e-7,3,3,1,0.768303041610153,0.5821585069623795,1.3197488869810547,0.01956510078430638,0.0073559868397780415,25.132741228718317
12,388,2.589192201339027e-7,4,4,1,0.7683388048246282,0.5821903943994385,1.3197380310906917,0.00592929056962476,0.22484855212193608,25.13274122871826
12,389,2.595865377115674e-7,5,5,1,0.7683902380357747,0.5822260339925773,1.3197455853469628,0.5043445519188993,0.00745338760778358,25.13274122871824
12,390,2.602538552892321e-7,6,6,1,0.7684332191712798,0.5822701824955232,1.3197193369543492,0.009702263526247227,0.6062404260005374,25.132741228718356
12,391,2.609211728668968e-7,7,7,1,0.7684861428480854,0.588687620099886,1.305422632664998,0.6236764597304709,0.0075422100142062964,25.132741228718135
12,392,2.615884904445615e-7,8,8,1,0.7685652405139336,0.5887787257928265,1.3053549777618298,0.006616050746209826,0.130919794922898,25.132741228718192
12,393,2.622558080222262e-7,9,9,1,0.7686176949184126,0.5888340300149346,1.3053214585762276,0.007577871503010562,0.01952277118489694,25.132741228718245
12,394,2.629231255998909e-7,10,10,1,0.7686477010931667,0.5888692035904817,1.3052944463839014,0.22266625491782252,0.0061030075768887596,25.13274122871842
12,395,2.635904431775556e-7,11,11,1,0.76869073548755,0.5889100351434536,1.3052770196050458,0.007661281333166862,0.5022978955360774,25.132741228718388
12,396,2.642577607552203e-7,0,0,1,0.7553876154629491,0.5889584215317967,1.2825822466351595,0.6035062612122019,0.009987250381479879,25.13274122871826
12,397,2.6492507833288497e-7,1,1,1,0.7554497429360358,0.5889992992069026,1.2825987126865201,0.0077903734707985076,0.6237646662671978,25.13274122871826
12,398,2.6559239591054966e-7,2,2,1,0.7555414423554648,0.589079960380452,1.282578755297507,0.13312783762990124,0.006804574726553334,25.132741228718313
12,399,2.662597134882144e-7,3,3,1,0.7556013331526913,0.589129832691974,1.282571839385626,0.01948628793760854,0.007802624037641942,25.13274122871846
12,400,2.669270310658791e-7,4,4,1,0.7556364635161769,0.5891613650213489,1.2825628229861874,0.00627888061986519,0.22050116424950936,25.132741228718263
12,401,2.675943486435438e-7,5,5,1,0.7556876210715803,0.5891968667538546,1.2825723687822657,0.5002336804101662,0.007871318559832675,25.132741228718146
12,402,2.682616662212085e-7,6,6,1,0.755730155508547,0.5892403663848649,1.2825498703443183,0.010275450774927442,0.6007553194507657,25.132741228718256
12,403,2.6892898379887317e-7,7,7,1,0.7557830884857426,0.5954083879070466,1.2693524374798246,0.6237833875288262,0.00804276289237381,25.132741228718363
12,404,2.6959630137653786e-7,8,8,1,0.7558624596687833,0.5954985538649077,1.2692935268491938,0.006995216612454745,0.13534621698240534,25.13274122871841
12,405,2.7026361895420255e-7,9,9,1,0.7559142621488723,0.5955529021246656,1.269264677331114,0.008030211915348444,0.01945550309294579,25.132741228718352
12,406,2.7093093653186725e-7,10,10,1,0.7559437616877281,0.5955878088283488,1.269239817340846,0.2183535878034106,0.006456900748930068,25.132741228718352
12,407,2.7159825410953194e-7,11,11,1,0.7559865782885785,0.5956285536435986,1.2692248779277497,0.008083467583278067,0.4981520800624223,25.13274122871839
12,408,2.722655716871967e-7,0,0,1,0.7425449077933943,0.5956762820294218,1.246557786829455,0.597988102979143,0.010566808835440509,25.132741228718288
12,409,2.7293288926486137e-7,1,1,1,0.7426069133520268,0.5957170089337182,1.2465766500124427,0.008299372788035875,0.6237328064718636,25.132741228718267
12,410,2.7360020684252606e-7,2,2,1,0.7426986666115712,0.595796690640537,1.2465639341049393,0.1375742644159824,0.007187958643269027,25.132741228718267
12,411,2.7426752442019076e-7,3,3,1,0.7427576654252123,0.5958455805562682,1.2465606688427397,0.019430271537954933,0.008260603143190631,25.132741228718274
12,412,2.7493484199785545e-7,4,4,1,0.7427921452126056,0.5958767472811968,1.2465533327181146,0.006637059114455643,0.21622381794813475,25.132741228718203
12,413,2.7560215957552014e-7,5,5,1,0.7428429716153641,0.59591208372985,1.2465647062665093,0.49605327459752846,0.0082976967138473,25.13274122871824
12,414,2.7626947715318483e-7,6,6,1,0.742885016087376,0.5959549066610142,1.2465456828765356,0.01086126803422714,0.5952051145467061,25.132741228718178
12,415,2.769367947308495e-7,7,7,1,0.7429378977648551,0.6018613276783109,1.2344004567144216,0.6236131308444436,0.008560196360638348,25.132741228718313
12,416,2.7760411230851427e-7,8,8,1,0.7430174263073087,0.601950493955073,1.234349724385747,0.007382783967445986,0.13981130012588974,25.132741228718245
12,417,2.7827142988617896e-7,9,9,1,0.743068505294491,0.6020038701097136,1.234325130101022,0.008493766329898579,0.019410450986454785,25.132741228718256
12,418,2.7893874746384365e-7,10,10,1,0.7430974811263898,0.6020385043277492,1.2343022510763668,0.21411213174073698,0.006819346925420797,25.132741228718253
12,419,2.7960606504150834e-7,11,11,1,0.7431400300336706,0.6020791328700068,1.2342896298219985,0.008513974281057924,0.49393745081353607,25.132741228718277
12,420,2.8027338261917303e-7,0,0,1,0.7295783338082822,0.6021261777939608,1.2116701792990865,0.5924068571788838,0.011158771205004489,25.132741228718345
12,421,2.809407001968377e-7,1,1,1,0.729640155889286,0.6021667317040206,1.2116912434277782,0.008825225492141826,0.6234245928432885,25.132741228718196
12,422,2.816080177745024e-7,2,2,1,0.72973183930531,0.6022453804500268,1.211685241587107,0.1420566334100595,0.007579676664026819,25.132741228718377
12,423,2.822753353521671e-7,3,3,1,0.7297898762208964,0.6022932692613372,1.2116852594350311,0.019395901967806477,0.0087296707499429,25.132741228718288
12,424,2.8294265292983185e-7,4,4,1,0.7298236917383029,0.6023240632391795,1.2116794534381634,0.007003755406985944,0.21201879094575823,25.132741228718306
12,425,2.8360997050749654e-7,5,5,1,0.729874135068756,0.6023592082010302,1.2116925003081702,0.4918048023028151,0.008732268637619502,25.1327412287183
12,426,2.8427728808516123e-7,6,6,1,0.7299156504348862,0.6024013296657563,1.2116766920814757,0.011459260564594908,0.5895938339651842,25.132741228718356
12,427,2.849446056628259e-7,7,7,1,0.7299684232407846,0.6080343329797703,1.2005381664279657,0.6231674487612618,0.009094450730489218,25.132741228718384
12,428,2.856119232404906e-7,8,8,1,0.7300479965936851,0.6081224433257483,1.2004950723428998,0.007778621762027863,0.1443095630246554,25.132741228718068
12,429,2.862792408181553e-7,9,9,1,0.7300982872104336,0.6081748364344046,1.2004743430208973,0.008968286405241072,0.019386487814232863,25.132741228718164
12,430,2.8694655839582e-7,10,10,1,0.7301267258465877,0.6082091954577733,1.2004532836716686,0.20994404206694145,0.007190275757076512,25.132741228718153
12,431,2.876138759734847e-7,11,11,1,0.7301689604493875,0.6082496792178189,1.2004428204357644,0.008952548163144612,0.4896555295435423,25.13274122871836
12,432,2.882811935511494e-7,0,0,1,0.7165055548458491,0.6082960182397854,1.177889602038145,0.5867665478457509,0.011762677733961276,25.132741228718345
12,433,2.889485111288141e-7,1,1,1,0.7165671350736955,0.6083363780259442,1.177912682780801,0.009367861277968044,0.6228419786257803,25.13274122871832
12,434,2.896158287064788e-7,2,2,1,0.7166586293061677,0.6084139439988289,1.1779128936393135,0.1465693775518421,0.007979605257680593,25.13274122871821
12,435,2.902831462841435e-7,3,3,1,0.7167156416221258,0.6084608182201866,1.177915849567103,0.01938207464670111,0.009209584084350004,25.132741228718178
12,436,2.909504638618082e-7,4,4,1,0.7167487828257656,0.6084912355012206,1.177911432422477,0.007378899102024818,0.2078881163915652,25.132741228718377
12,437,2.916177814394729e-7,5,5,1,0.7167987946234834,0.608526163993509,1.1779260071899378,0.48748983998164525,0.009174781267558026,25.13274122871821
12,438,2.922850990171376e-7,6,6,1,0.7168397457027816,0.6085675622476456,1.1779131688439821,0.012068963759677568,0.5839255013967226,25.132741228718306
12,439,2.929524165948023e-7,7,7,1,0.7168923550389422,0.6139157353732482,1.167737384354689,0.6224484858282158,0.009645444981026345,25.132741228718313
12,440,2.9361973417246697e-7,8,8,1,0.7169718644053609,0.6140027373143916,1.1677014137450747,0.008182614129499577,0.14883535577941168,25.13274122871827
12,441,2.942870517501317e-7,9,9,1,0.7170213082824588,0.6140541415305192,1.1676841825303803,0.009453535419000639,0.019382531359388853,25.132741228718178
12,442,2.949543693277964e-7,10,10,1,0.7170491994762352,0.6140882253726851,1.16766479122941,0.20585123004727338,0.007569616451322902,25.132741228718245
12,443,2.956216869054611e-7,11,11,1,0.7170910763520376,0.614128536874472,1.167656334619427,0.009398936394206069,0.48530794810283456,25.132741228718274
12,444,2.962890044831258e-7,0,0,1,0.7033440327882338,0.6141741505251863,1.1451866415849599,0.581071196614584,0.012378059135828038,25.132741228718217
12,445,2.969563220607905e-7,1,1,1,0.7034053159043238,0.6142142961621715,1.1452115658971949,0.00992718832151024,0.6219872967446824,25.13274122871826
12,446,2.9762363963845517e-7,2,2,1,0.7034965060817883,0.6142907332996618,1.1452175133799558,0.15110676709186568,0.008387636351152028,25.132741228718274
12,447,2.9829095721611986e-7,3,3,1,0.7035524380791377,0.6143365845802475,1.1452230841173945,0.01938772960275378,0.009700112937831558,25.132741228718288
12,448,2.9895827479378455e-7,4,4,1,0.7035848982112566,0.6143666242345159,1.1452199231817064,0.007762418651542684,0.20383358407126273,25.13274122871838
12,449,2.9962559237144924e-7,5,5,1,0.703634433363311,0.6144013124941504,1.1452358890753673,0.48311007549460194,0.00962498202267216,25.132741228718285
12,450,3.00292909949114e-7,6,6,1,0.7036747887695028,0.6144419687732001,1.145225789466279,0.012689903826327462,0.5782041346997123,25.1327412287183
12,451,3.009602275267787e-7,7,7,1,0.7037271829536312,0.6194943403183247,1.1359703182954404,0.6214587603483586,0.01021307640928848,25.132741228718317
12,452,3.0162754510444337e-7,8,8,1,0.7038065234182661,0.6195801852224434,1.1359409810137546,0.00859466090210733,0.15338287187257943,25.132741228718242
12,453,3.0229486268210806e-7,9,9,1,0.7038550684931099,0.6196305996677828,1.1359269036591872,0.009949290117185464,0.019397543765236842,25.13274122871823
12,454,3.0296218025977275e-7,10,10,1,0.7038824049145463,0.6196644108728903,1.1359090381243977,0.20183536449169848,0.00795729633948448,25.132741228718267
12,455,3.0362949783743744e-7,11,11,1,0.7039238837320948,0.6197045236812679,1.1359024451694069,0.009852886671302973,0.4808964508979297,25.132741228718373
12,456,3.0429681541510213e-7,0,0,1,0.6901109935260651,0.6197493954098595,1.1135323384537927,0.5753248158393811,0.013004437287654531,25.132741228718334
12,457,3.049641329927668e-7,1,1,1,0.6901719273167906,0.6197893079852347,1.113558944023011,0.010503092976230997,0.6208632478137817,25.132741228718302
12,458,3.0563145057043157e-7,2,2,1,0.6902627031473026,0.6198645740301884,1.1135701765619628,0.15566292191663064,0.008803677776047184,25.1327412287183
12,459,3.0629876814809626e-7,3,3,1,0.6903175058426663,0.6199093990459779,1.1135780598020362,0.019411850953626544,0.01020104142883424,25.132741228718245
12,460,3.0696608572576095e-7,4,4,1,0.6903492810849028,0.619939062978681,1.113576030792309,0.008154239894617572,0.1998567424211827,25.132741228718324
12,461,3.0763340330342564e-7,5,5,1,0.6903982977192773,0.6199734884612742,1.1135932593388662,0.4786673102485912,0.010082618899452115,25.132741228718235
12,462,3.0830072088109033e-7,6,6,1,0.6904380296949905,0.6200133869326984,1.1135856809652025,0.013321598491988709,0.5724337389904012,25.132741228718384
12,463,3.08968038458755e-7,7,7,1,0.6904901598994082,0.6247594617162998,1.1052096081947078,0.6202011521133429,0.010797220371506943,25.132741228718267
12,464,3.096353560364197e-7,8,8,1,0.6905692305435379,0.6248441048455178,1.1051864380064362,0.009014677987021089,0.15794616085388843,25.132741228718285
12,465,3.103026736140844e-7,9,9,1,0.6906168308411592,0.6248935334648416,1.1051751920233552,0.010455342384506482,0.019430530972121402,25.13274122871819
12,466,3.1096999119174915e-7,10,10,1,0.6906436077668138,0.6249270769069609,1.1051587189742407,0.1978978741621121,0.00835323939088129,25.13274122871817
12,467,3.1163730876941384e-7,11,11,1,0.6906846511918715,0.6249669656359232,1.1051538547946747,0.010314147309447219,0.47642289670785193,25.132741228718185
12,468,3.1230462634707854e-7,0,0,1,0.6768233918841587,0.6250110817523883,1.082898226358644,0.5695314016616876,0.01364132595074137,25.132741228718306
12,469,3.1297194392474323e-7,1,1,1,0.6768839271072842,0.6250507434723186,1.0829263610615336,0.011095439558167587,0.6194728876063809,25.132741228718302
12,470,3.136392615024079e-7,2,2,1,0.6769741829742274,0.6251248000137992,1.0829424507862808,0.16023182458192534,0.009227653573334698,25.132741228718384
12,471,3.143065790800726e-7,3,3,1,0.67702781385776,0.6251686003393835,1.08295236435455,0.019453466300125673,0.010712169577094156,25.13274122871827
12,472,3.149738966577373e-7,4,4,1,0.677058903002617,0.6251978930956359,1.0829513510517348,0.008554284547916853,0.19595890132371005,25.132741228718128
12,473,3.15641214235402e-7,5,5,1,0.6771073623857736,0.6252320344740522,1.0829697217215672,0.4741634606824904,0.010547440548288727,25.13274122871827
12,474,3.163085318130667e-7,6,6,1,0.6771464466360719,0.625271162183742,1.0829644602050044,0.013963557738469357,0.5666182996969492,25.132741228718395
12,475,3.1697584939073143e-7,7,7,1,0.6771982668228168,0.6297009549445726,1.0754283624715562,0.6186788896212517,0.011397730110980317,25.132741228718185
12,476,3.176431669683961e-7,8,8,1,0.6772769708240735,0.6297843554931406,1.0754109163187209,0.009442597599162328,0.16251914170832069,25.13274122871828
12,477,3.183104845460608e-7,9,9,1,0.6773235862228473,0.6298328068895714,1.0754022000978465,0.010971500718423444,0.019480542068821882,25.132741228718306
12,478,3.189778021237255e-7,10,10,1,0.6773498012418766,0.6298660895639959,1.0753869948940253,0.19403995095055074,0.008757364681805454,25.132741228718317
12,479,3.196451197013902e-7,11,11,1,0.6773903748450837,0.6299057298852693,1.0753837323697044,0.010782467309087,0.4718892598339886,25.132741228718164
12,480,3.203124372790549e-7,0,0,1,0.6634978781058941,0.6299490794970831,1.0532563657932392,0.5636949270577882,0.014288231517161014,25.132741228718288
12,481,3.209797548567196e-7,1,1,1,0.6635579684148893,0.6299884736887201,1.053285887168082,0.011704070215477666,0.6178196140306752,25.132741228718327
12,482,3.2164707243438427e-7,2,2,1,0.6636476034572795,0.6300612861886252,1.0533064290806138,0.16480733400190326,0.009659504153878933,25.13274122871823
12,483,3.22314390012049e-7,3,3,1,0.6637000262173842,0.6301040681485561,1.0533181100822655,0.019511646036560956,0.011233314673478843,25.132741228718412
12,484,3.229817075897137e-7,4,4,1,0.6637304303583054,0.6301329967083686,1.0533180040173105,0.008962468655390243,0.1921411356623439,25.132741228718338
12,485,3.236490251673784e-7,5,5,1,0.6637782967959691,0.6301668338708051,1.0533374038724084,0.46960055907681536,0.011019196332246654,25.13274122871833
12,486,3.243163427450431e-7,6,6,1,0.6638167123211556,0.6302051806830417,1.0533342674233246,0.01461528456088073,0.5607617756074037,25.132741228718174
12,487,3.249836603227078e-7,7,7,1,0.6638681791735997,0.634309248237787,1.046600189131614,0.6168955368208358,0.012014436668188298,25.132741228718338
12,488,3.2565097790037247e-7,8,8,1,0.6639464238904063,0.6343913693549033,1.046588046375153,0.009878368349110035,0.16709561685248359,25.132741228718377
12,489,3.2631829547803716e-7,9,9,1,0.6639920198744206,0.6344388566056033,1.0465815782894095,0.01149759149097924,0.01954666856311952,25.132741228718523
12,490,3.2698561305570185e-7,10,10,1,0.664017672611457,0.6344718874132517,1.0465675245575716,0.19026255380473928,0.009169584828262491,25.132741228718164
12,491,3.2765293063336654e-7,11,11,1,0.6640577447778742,0.6345112560651516,1.0465657439963347,0.011257596406407586,0.46729763056577966,25.132741228718224
12,492,3.283202482110313e-7,0,0,1,0.6501507659849752,0.6345538310074779,1.0245793724903278,0.5578193348952173,0.014944653780761227,25.13274122871826
12,493,3.28987565788696e-7,1,1,1,0.6502103678512823,0.6345929421174775,1.024610147225548,0.012328804878013508,0.6159071536545602,25.132741228718196
12,494,3.2965488336636067e-7,2,2,1,0.6502992860280676,0.6346644799221314,1.0246347583653248,0.16938319973859348,0.010099186313501604,25.13274122871833
12,495,3.3032220094402536e-7,3,3,1,0.6503504702650857,0.6347062544217464,1.0246479623201319,0.0195855025828716,0.011764312430208446,25.13274122871836
12,496,3.3098951852169005e-7,4,4,1,0.6503801925054973,0.6347348279865864,1.0246486624478113,0.009378701006496397,0.18840428961092476,25.132741228718213
12,497,3.3165683609935475e-7,5,5,1,0.6504274332460787,0.6347683420340335,1.0246689857938844,0.4649807536723154,0.011497636369150013,25.132741228718267
12,498,3.3232415367701944e-7,6,6,1,0.6504651621738486,0.6348059005643801,1.0246677946684908,0.015276275750329246,0.55486809194263,25.13274122871827
12,499,3.3299147125468413e-7,7,7,1,0.6505162350251983,0.6385753722805892,1.0186992221481448,0.6148549794289708,0.012647148868715055,25.132741228718235
12,500,3.3365878883234887e-7,8,8,1,0.6505939320655558,0.6386561810777921,1.0186919837957533,0.010321955185215979,0.17166928670277112,25.132741228718363
12,501,3.3432610641001356e-7,9,9,1,0.6506384794659583,0.638702721530498,1.0186875012945915,0.012033459984013214,0.019628043576927393,25.132741228718253
12,502,3.3499342398767825e-7,10,10,1,0.6506635713212603,0.6387355110566714,1.018674490549079,0.18656641337374755,0.009589804392218314,25.13274122871826
12,503,3.3566074156534295e-7,11,11,1,0.6507031131610468,0.6387745858530207,1.0186740793578954,0.011739285107475492,0.46265021494976805,25.132741228718327
12,504,3.3632805914300764e-7,5,0,0,0.6388163806118999,0.6367980027239651,1.0031695732073609,0.5519085310301787,0.015610086731150816,25.132741228718356
12,505,3.3699537672067233e-7,6,1,0,0.6388551942007985,0.6368570753574649,1.0031374682336882,0.01296944128247959,0.6137395478280745,25.13274122871842
12,506,3.37662694298337e-7,7,2,0,0.6389254305372343,0.6369451854957956,1.0031089724618882,0.17395307683390146,0.010546673102163957,25.1327412287182
12,507,3.383300118760017e-7,8,3,0,0.6389662128732608,0.6369951064266478,1.0030943824006284,0.019674189544292783,0.012305017897887141,25.132741228718228
12,508,3.3899732945366646e-7,9,4,0,0.6389944426454452,0.6370241516083324,1.0030929612827684,0.009802881533099661,0.18474898162809678,25.132741228718267
12,509,3.3966464703133115e-7,10,5,0,0.6390276158884952,0.637070736748265,1.0030716826677968,0.4603063080876201,0.011982511558072296,25.13274122871821
12,510,3.4033196460899584e-7,11,6,0,0.6390643814292208,0.6371077641656339,1.0030710931080071,0.015946022698782113,0.548941133486362,25.13274122871843
12,511,3.4099928218666053e-7,0,7,0,0.6424909878861278,0.6371584049244338,1.008369320596699,0.6125614108706293,0.01329565338452453,25.132741228718263
12,512,3.416665997643252e-7,1,8,0,0.642570455429027,0.6372354701994593,1.0083720782647234,0.010773339189985045,0.1762337647561141,25.132741228718285
12,513,3.423339173419899e-7,2,9,0,0.6426160704798503,0.6372789449268325,1.0083748656620541,0.012578971185067804,0.01972384097210507,25.13274122871832
12,514,3.430012349196546e-7,3,10,0,0.6426486307688524,0.637303478834256,1.0083871375445395,0.18295203734326607,0.010017918271864238,25.132741228718267
12,515,3.436685524973193e-7,4,11,0,0.6426873906077981,0.6373424640940651,1.0083862708274591,0.01222728470737539,0.45794933385464703,25.13274122871832
12,516,3.44335870074984e-7,5,0,0,0.642728402236087,0.6234551405897291,1.0309136301741408,0.5459663774783912,0.0162840193690113,25.132741228718277
12,517,3.4500318765264873e-7,6,1,0,0.6427669049680741,0.6235136458574492,1.0308786491499284,0.013625755068710181,0.6113211384537125,25.132741228718288
12,518,3.456705052303134e-7,7,2,0,0.6428358169249347,0.6236008616850947,1.0308449786099771,0.17851054112375447,0.011001953547794771,25.132741228718242
12,519,3.463378228079781e-7,8,3,0,0.6428756265764323,0.6236494998412095,1.0308284168272692,0.01977690080500189,0.012855306137581821,25.132741228718388
12,520,3.470051403856428e-7,9,4,0,0.6429035255328391,0.6236778742921409,1.0308262518732427,0.010234899695903566,0.18117561012501593,25.132741228718203
12,521,3.476724579633075e-7,10,5,0,0.6429363414876854,0.6237237766826641,1.0308030021032792,0.4555796000310978,0.012473573591432958,25.13274122871844
12,522,3.483397755409722e-7,11,6,0,0.6429723119254793,0.6237600904679536,1.030800658379911,0.016624012224375505,0.5429847378051268,25.13274122871817
12,523,3.490070931186369e-7,0,7,0,0.6460484116442828,0.6238102635412767,1.035648897433594,0.6100193178924306,0.01395971486412474,25.13274122871836
12,524,3.4967441069630157e-7,1,8,0,0.6461265129284789,0.6238866173034657,1.0356473356026412,0.011232517231718465,0.18078259312191322,25.132741228718444
12,525,3.503417282739663e-7,2,9,0,0.6461712277818281,0.6239290000736787,1.0356486518586616,0.013134010333182872,0.019833274413684293,25.132741228718366
12,526,3.51009045851631e-7,3,10,0,0.6462035721089131,0.623952980276408,1.0356606868399734,0.17941971642703017,0.010453810087095146,25.132741228718313
12,527,3.516763634292957e-7,4,11,0,0.6462419969813421,0.6239913852512001,1.0356585239092437,0.012721347295588882,0.4531974213298922,25.13274122871839
12,528,3.523436810069604e-7,5,0,0,0.6462822250072916,0.6101373104262343,1.0592406233210143,0.5399966856924456,0.01696593654093697,25.132741228718224
12,529,3.530109985846251e-7,6,1,0,0.6463204046352635,0.6101952127697019,1.0592026799122003,0.014297499942606009,0.6086565534561302,25.13274122871839
12,530,3.5367831616228977e-7,7,2,0,0.6463879731282082,0.6102814529318917,1.0591637186790699,0.1830491049719954,0.011465032236235703,25.132741228718363
12,531,3.5434563373995446e-7,8,3,0,0.6464268335286675,0.6103287938524655,1.0591452345683168,0.0198928695627316,0.013415072638132897,25.13274122871828
12,532,3.5501295131761916e-7,9,4,0,0.6464544161904163,0.6103565051541494,1.0591423385045273,0.010674632871920308,0.17768435977147076,25.132741228718256
12,533,3.556802688952839e-7,10,5,0,0.6464868595739419,0.6104017003091667,1.0591170687212996,0.4508031193068976,0.012970574953992398,25.132741228718288
12,534,3.563475864729486e-7,11,6,0,0.6465220352997015,0.6104372909646012,1.059112942261571,0.017309727415303726,0.5370026885913499,25.132741228718274
12,535,3.570149040506133e-7,0,7,0,0.6492406394335406,0.6104869631792063,1.0634799407550302,0.6072334659015571,0.014639076127167078,25.13274122871822
12,536,3.57682221628278e-7,1,8,0,0.6493173533449723,0.6105625300460444,1.0634739627667706,0.011699501473364833,0.1853092584418346,25.132741228718313
12,537,3.5834953920594267e-7,2,9,0,0.6493611967566723,0.610603806101491,1.0634738766249014,0.013698483205788502,0.019955596377731373,25.132741228718327
12,538,3.5901685678360736e-7,3,10,0,0.6493933393988884,0.6106272379458313,1.0634857062443979,0.17596953097830215,0.010897350571979611,25.132741228718388
12,539,3.5968417436127205e-7,4,11,0,0.6494314103963159,0.6106650413908108,1.063482214271204,0.013221225748947515,0.4483970222604298,25.132741228718295
12,540,3.6035149193893674e-7,5,0,0,0.6494708567245435,0.5968591970755891,1.088147522743612,0.5340032099789996,0.01765531979187552,25.13274122871833
12,541,3.6101880951660143e-7,6,1,0,0.6495087020703737,0.5969164634272591,1.088106530587464,0.01498440790128941,0.60575069200331,25.13274122871831
12,542,3.616861270942662e-7,7,2,0,0.6495749117920658,0.5970016514882641,1.0880621689617473,0.18756223335981653,0.011935928749717719,25.132741228718203
12,543,3.6235344467193087e-7,8,3,0,0.6496128500838118,0.5970476854111045,1.0880418197024126,0.020021367311786015,0.013984233470961928,25.132741228718178
12,544,3.6302076224959556e-7,9,4,0,0.6496401322834918,0.5970747421852902,1.0880382075882369,0.011121944755005629,0.17427520840308466,25.132741228718324
12,545,3.6368807982726025e-7,10,5,0,0.6496721890071856,0.5971192081897659,1.0880108696833584,0.4459794651199862,0.013473268910110824,25.132741228718352
12,546,3.6435539740492494e-7,11,6,0,0.6497065728180343,0.5971540686752582,1.0880049335665751,0.018002648490300144,0.5309987091629976,25.13274122871841
12,547,3.6502271498258963e-7,0,7,0,0.6520613677018012,0.597203209197315,1.0918584456004845,0.6042088840820866,0.015333458419053458,25.132741228718345
12,548,3.656900325602543e-7,1,8,0,0.6521366769614574,0.5972779181605989,1.091847960778131,0.012174318741460593,0.18980720813249377,25.13274122871831
12,549,3.66357350137919e-7,2,9,0,0.6521796809663459,0.5973180769891059,1.0918465489170868,0.014272316140034174,0.02009009711145892,25.132741228718263
12,550,3.6702466771558376e-7,3,10,0,0.6522116369739077,0.5973409667360398,1.0918582071102363,0.17260135818288647,0.011348395986472552,25.132741228718295
12,551,3.6769198529324845e-7,4,11,0,0.6522493362955053,0.5973781497785222,1.091853353754781,0.01372667371355239,0.44355078932442465,25.132741228718196
12,552,3.6835930287091314e-7,5,0,0,0.6522880051006731,0.5836350167486469,1.1176300022820476,0.52798964108913,0.018351648233121368,25.132741228718306
12,553,3.6902662044857783e-7,6,1,0,0.6523255060305613,0.5836916164476748,1.1175858752273842,0.015686189516067903,0.6026087095309919,25.13274122871838
12,554,3.696939380262425e-7,7,2,0,0.6523903453856191,0.5837756808777987,1.117536010415246,0.19204336026516516,0.012414676967219613,25.132741228718317
12,555,3.703612556039072e-7,8,3,0,0.6524273921576434,0.5838204024296725,1.1175138611847937,0.020161702782223654,0.014562725176808936,25.132741228718274
12,556,3.710285731815719e-7,9,4,0,0.6524543908058076,0.5838468141441743,1.1175095504498058,0.01157668378190439,0.1709479344899978,25.132741228718267
12,557,3.716958907592366e-7,10,5,0,0.6524860479684347,0.5838905315629854,1.1174800972056005,0.4411113426896332,0.013981409480687887,25.132741228718228
12,558,3.723632083369013e-7,11,6,0,0.6525196449619808,0.5839246571316192,1.11747232625407,0.01870225367360095,0.524976456152851,25.132741228718256
12,559,3.7303052591456603e-7,0,7,0,0.6545050124317421,0.5839732373854946,1.1207791222796872,0.6009508503403983,0.016042561721168833,25.132741228718242
12,560,3.736978434922307e-7,1,8,0,0.6545789035252869,0.5840470218068928,1.120764046532052,0.012657009758972817,0.19426986688489561,25.132741228718206
12,561,3.743651610698954e-7,2,9,0,0.6546211031507227,0.5840860568601938,1.1207613937399847,0.01485545578410299,0.020236103553479545,25.13274122871826
12,562,3.750324786475601e-7,3,10,0,0.6546528881206052,0.5841084115145782,1.1207729168342346,0.1693148797930863,0.011806786559982357,25.132741228718373
12,563,3.756997962252248e-7,4,11,0,0.6546901990791002,0.5841449575655658,1.1207666703270587,0.014237445577096115,0.4386614792659189,25.13274122871827
12,564,3.763671138028895e-7,5,0,0,0.6547280966923331,0.5704784963767887,1.1476823418422057,0.5219596000147261,0.01905439942369596,25.132741228718377
12,565,3.770344313805542e-7,6,1,0,0.6547652440874329,0.5705344010846609,1.147634994213562,0.01640253426885294,0.5992360026217064,25.132741228718405
12,566,3.777017489582189e-7,7,2,0,0.6548287051126002,0.5706172752331692,1.1475795310350883,0.19648590526543694,0.012901324230974173,25.132741228718274
12,567,3.783690665358836e-7,8,3,0,0.654864894123476,0.5706606831216727,1.1475556552121005,0.0203132208431973,0.015150504381078608,25.132741228718263
12,568,3.790363841135483e-7,9,4,0,0.654891626976054,0.5706864599149016,1.1475506656907695,0.012038681596553883,0.16770212512547028,25.132741228718334
12,569,3.79703701691213e-7,10,5,0,0.6549228728548818,0.5707294117017793,1.1475190509317852,0.43620155918523024,0.01449475141123168,25.13274122871827
12,570,3.803710192688777e-7,11,6,0,0.6549556903159924,0.5707627997375762,1.1475094218073187,0.019408020082173433,0.5189395134201114,25.13274122871828
12,571,3.810383368465424e-7,0,7,0,0.6565667257185982,0.5708107933241986,1.150235302831237,0.5974648761303708,0.01676606511241351,25.132741228718263
12,572,3.817056544242071e-7,1,8,0,0.6566391888112071,0.5708835909177861,1.1502155592798793,0.013147628246758733,0.1986906533535401,25.132741228718398
12,573,3.8237297200187177e-7,2,9,0,0.6566806217781904,0.5709214993314567,1.1502117586168268,0.015447868576333281,0.020392978222258502,25.132741228718256
12,574,3.8304028957953646e-7,3,10,0,0.6567122516314966,0.5709433264883726,1.1502231853214782,0.16610959036013326,0.012272344979644237,25.13274122871833
12,575,3.837076071572012e-7,4,11,0,0.6567491586577126,0.5709792211537492,1.150215514551742,0.014753296433044733,0.43373194849841773,25.132741228718313
12,576,3.843749247348659e-7,5,0,0,0.6567862934461723,0.5574028549672013,1.178297325880792,0.5159166320232609,0.01976305026284172,25.132741228718256
12,577,3.850422423125306e-7,6,1,0,0.6568230791686233,0.5574580385836073,1.1782466727674843,0.017133110937745888,0.5956381937885785,25.13274122871814
12,578,3.857095598901953e-7,7,2,0,0.6568851574386888,0.5575396606382731,1.1781855243924435,0.20088329029610352,0.013395930384280153,25.13274122871819
12,579,3.8637687746785997e-7,8,3,0,0.656920525326103,0.5575817573469778,1.1781600037486657,0.02047530137855139,0.01574754713676955,25.132741228718377
12,580,3.8704419504552466e-7,9,4,0,0.6569470107545405,0.5576069098706219,1.17815435771226,0.012507751565572187,0.16453718449113966,25.132741228718235
12,581,3.8771151262318935e-7,10,5,0,0.6569778347947633,0.5576490812770718,1.1781205364675198,0.4312530190027401,0.015013050132519416,25.132741228718253
12,582,3.8837883020085404e-7,11,6,0,0.6570098820752773,0.5576817311357611,1.1781090277732909,0.02011942462288017,0.5128913862161419,25.132741228718256
12,583,3.8904614777851873e-7,0,7,0,0.658242409899143,0.5577291137509693,1.1802188440050732,0.5937566912079377,0.01750362717779157,25.132741228718352
12,584,3.897134653561835e-7,1,8,0,0.6583134387362323,0.557800866553325,1.180194363633708,0.013646239899235642,0.20306299696764699,25.132741228718153
12,585,3.9038078293384817e-7,2,9,0,0.6583541451498783,0.5578376488698676,1.1801895165800456,0.016049539952279066,0.020560118080886147,25.132741228718373
12,586,3.9104810051151286e-7,3,10,0,0.6583856359146792,0.5578589565776403,1.180200887969517,0.16298480592108444,0.012744874936271182,25.132741228718345
12,587,3.9171541808917755e-7,4,11,0,0.6584221245603542,0.5578941875689751,1.1801917625803375,0.015273982038141422,0.4287651480598051,25.132741228718242
12,588,3.9238273566684224e-7,5,0,0,0.6584585068003873,0.5444207869744861,1.2094661382414214,0.5098642009621683,0.020477077891247246,25.132741228718334
12,589,3.9305005324450694e-7,6,1,0,0.6584949236549341,0.5444752255538724,1.2094120958122092,0.0178775680275895,0.5918211162125567,25.13274122871828
12,590,3.9371737082217163e-7,7,2,0,0.6585556181750899,0.5445555384878359,1.209345184522075,0.20522895649758638,0.013898566686637701,25.13274122871826
12,591,3.943846883998363e-7,8,3,0,0.6585902041538243,0.5445963299764037,1.2093181094010672,0.0206473581427906,0.016353847996281295,25.13274122871846
12,592,3.9505200597750106e-7,9,4,0,0.6586164609194902,0.5446208692557304,1.209311831585786,0.012983687357915146,0.1614523427542164,25.132741228718295
12,593,3.9571932355516575e-7,10,5,0,0.6586468537218814,0.5446622477397555,1.2092757602626953,0.42626871840420044,0.015536061715306112,25.132741228718224
12,594,3.9638664113283045e-7,11,6,0,0.658678142113656,0.5446941605929806,1.2092623526504982,0.02083594489714508,0.506835495635048,25.132741228718267
12,595,3.9705395871049514e-7,0,7,0,0.6595287291831057,0.5447409099464436,1.210720026971992,0.5898322283627941,0.018254886459902597,25.132741228718306
12,596,3.9772127628815983e-7,1,8,0,0.6595983209775937,0.5448115642749658,1.2106907492967518,0.014152921240691603,0.20738035479676467,25.132741228718313
12,597,3.983885938658245e-7,2,9,0,0.6596383430089607,0.5448472241717123,1.210684965885173,0.016660473282169456,0.02073695338624881,25.132741228718317
12,598,3.990559114434892e-7,3,10,0,0.659669710610083,0.5448680208109847,1.21069632537477,0.1599396730948598,0.013224159740948949,25.132741228718196
12,599,3.997232290211539e-7,4,11,0,0.6597057675487266,0.5449025778558152,1.2106857158662387,0.015799258764678126,0.42376411794303903,25.13274122871817
12,600,4.003905465988186e-7,5,0,0,0.6597414092931353,0.5315444476925925,1.2411782535910953,0.5038056838629996,0.021195960598522127,25.132741228718146
12,601,4.0105786417648334e-7,6,1,0,0.6597774509847315,0.5315981193616817,1.2411207394355752,0.018635534241391066,0.5877907984801095,25.132741228718494
12,602,4.0172518175414803e-7,7,2,0,0.6598367640699982,0.5316770708684413,1.2410479974098205,0.2095163810827406,0.014409314613044032,25.132741228718192
12,603,4.023924993318127e-7,8,3,0,0.6598706096203587,0.5317165662792124,1.2410194668899044,0.020828837605439205,0.016969418815721067,25.13274122871827
12,604,4.030598169094774e-7,9,4,0,0.6598966566548993,0.531740503590074,1.241012584521157,0.013466261601620455,0.15844666535077168,25.132741228718388
12,605,4.037271344871421e-7,10,5,0,0.6599266099612638,0.531781078724744,1.2409742210907986,0.4212517395466846,0.01606354282051238,25.132741228718338
12,606,4.043944520648068e-7,11,6,0,0.6599571525632555,0.5318122574083294,1.2409588973736938,0.02155706011059034,0.5007751733785055,25.132741228718405
12,607,4.050617696424715e-7,0,7,0,0.6604231187497127,0.5318583531433447,1.2417274540233039,0.5856976081732628,0.019019461949301555,25.13274122871831
12,608,4.057290872201362e-7,1,8,0,0.6604912740566576,0.5319278595436514,1.2416933277818962,0.014667758369468794,0.21163622840330032,25.13274122871819
12,609,4.063964047978009e-7,2,9,0,0.6605306556178827,0.53196240356677,1.2416867267105187,0.01728068854354476,0.020922946530535332,25.132741228718267
12,610,4.070637223754656e-7,3,10,0,0.6605619156751292,0.5319826977448515,1.2416981200240964,0.15697317854106785,0.013709961025112054,25.132741228718324
12,611,4.077310399531303e-7,4,11,0,0.6605975287006962,0.5320165724965931,1.2416859978641483,0.016328883548947855,0.41873198083093505,25.132741228718338
12,612,4.08398357530795e-7,5,0,0,0.6606324436407549,0.5187854406618253,1.273421325775782,0.4977443658738553,0.021919178734338608,25.132741228718253
12,613,4.090656751084597e-7,6,1,0,0.6606681047284821,0.5188383255385497,1.2733602592728945,0.019406618988642755,0.583553449366214,25.132741228718338
12,614,4.097329926861244e-7,7,2,0,0.6607260418711578,0.5189158679558272,1.2732816293977778,0.21373909415768477,0.014928264545058648,25.132741228718206
12,615,4.1040031026378907e-7,8,3,0,0.6607591904197596,0.5189540793282138,1.2732517514364905,0.021019217791621768,0.01759428729763763,25.132741228718313
12,616,4.1106762784145376e-7,9,4,0,0.6607850466129646,0.518977426090067,1.2732442942485271,0.01395522463036423,0.15551906260832615,25.13274122871832
12,617,4.117349454191185e-7,10,5,0,0.6608145532894091,0.5190171894718227,1.273203598443216,0.4162052439309157,0.01659525064628241,25.132741228718245
12,618,4.124022629967832e-7,11,6,0,0.6608443648692806,0.5190476383386644,1.273186343713017,0.02228225198501542,0.4947136568625561,25.13274122871823
12,619,4.130695805744479e-7,0,7,0,0.6609237912843722,0.51909306195325,1.273227942591719,0.5813591238280597,0.019796953609821415,25.13274122871824
12,620,4.137368981521126e-7,1,8,0,0.6609905138638194,0.5191613751362358,1.2731889264496332,0.015190845597995824,0.21582418061503456,25.132741228718135
12,621,4.1440421572977727e-7,2,9,0,0.661029300278717,0.5191948124422724,1.273181635173242,0.017910220736140507,0.021117590882783557,25.132741228718118
12,622,4.1507153330744196e-7,3,10,0,0.6610604679150076,0.5192146129019792,1.273193110302169,0.1540841587345145,0.014202017536686196,25.132741228718146
12,623,4.1573885088510665e-7,4,11,0,0.6610956259380129,0.5192477988494429,1.2731794480455738,0.016862613837240352,0.41367193526702045,25.132741228718253
12,624,4.1640616846277135e-7,5,0,0,0.6611298292609487,0.5061548070775274,1.306181073490593,0.49168343554697813,0.02264621562056689,25.132741228718295
12,625,4.1707348604043604e-7,6,1,0,0.6611651051087495,0.5062068871915765,1.3061163762051469,0.020190412926707778,0.579115442705249,25.13274122871833
12,626,4.177408036181008e-7,7,2,0,0.6612216748346582,0.5062829774148486,1.3060318129022392,0.21789069542951786,0.015455514361973366,25.132741228718327
12,627,4.1840812119576547e-7,8,3,0,0.6612541714298648,0.5063199194087592,1.3060007044597923,0.021218007126421697,0.018228495280384487,25.132741228718267
12,628,4.1907543877343016e-7,9,4,0,0.6612798554264222,0.5063426870927343,1.3059927047101045,0.014450303332242667,0.152668299660356,25.132741228718267
12,629,4.1974275635109486e-7,10,5,0,0.6613089094440947,0.5063816322495531,1.3059496382329105,0.41113246530318415,0.017130942873240743,25.13274122871836
12,630,4.2041007392875955e-7,11,6,0,0.6613380062953066,0.5064113570274579,1.3059304399830995,0.0230110056699979,0.488654084692195,25.132741228718267
12,631,4.2107739150642424e-7,0,7,0,0.6610297409420649,0.5064560917971119,1.3052064169994735,0.5768232260564076,0.020586942935106285,25.13274122871843
12,632,4.2174470908408893e-7,1,8,0,0.6610950376111195,0.5065231705665811,1.305162480270427,0.0157222839973459,0.21993785215168965,25.132741228718366
12,633,4.224120266617536e-7,2,9,0,0.6611332752834744,0.5065555126724365,1.305154635067599,0.018549118048332175,0.021320409637847926,25.13274122871829
12,634,4.2307934423941837e-7,3,10,0,0.6611643649440535,0.5065748282145632,1.3051662422200196,0.15127131000775906,0.014700044044505674,25.13274122871829
12,635,4.2374666181708306e-7,4,11,0,0.6611990579850404,0.506607320591221,1.3051510136359807,0.01740020753067598,0.4085872482978119,25.132741228718363
12,636,4.2441397939474775e-7,5,0,0,0.6612325662278288,0.49366301717847816,1.339441163745851,0.4856259805063565,0.023376558461642907,25.132741228718146
12,637,4.2508129697241244e-7,6,1,0,0.6612674529524133,0.4937142763938421,1.3393727598529315,0.020986488531604012,0.5744833023900442,25.132741228718324
12,638,4.2574861455007713e-7,7,2,0,0.661322666667168,0.4937888757803788,1.3392822299247236,0.2219648707355495,0.015991167941086373,25.132741228718448
12,639,4.264159321277418e-7,8,3,0,0.661354557651194,0.49382456540965886,1.339250017063364,0.02142474329020596,0.018872096784521154,25.13274122871836
12,640,4.270832497054065e-7,9,4,0,0.6613800876577707,0.49384676546071105,1.3392415095414614,0.014951200112757173,0.14989300660494417,25.13274122871828
12,641,4.277505672830712e-7,10,5,0,0.6614086840710259,0.4938848877600959,1.3391960362883275,0.40603670204767084,0.017670377609208414,25.132741228718213
12,642,4.284178848607359e-7,11,6,0,0.6614370838660815,0.4939138954151962,1.339174884541487,0.02374281065131657,0.48259949252764084,25.132741228718388
12,643,4.2908520243840064e-7,0,7,0,0.6607407447361507,0.49395792631758867,1.3376457984223733,0.5720965082053753,0.021388993532771232,25.13274122871821
12,644,4.2975252001606533e-7,1,8,0,0.6608046252113845,0.49402373348901396,1.3375969218006798,0.01626217985562972,0.22397097804084226,25.132741228718317
12,645,4.3041983759373e-7,2,9,0,0.6608423612930101,0.4940549940314904,1.3375886678131401,0.019197439786631548,0.021530954679770564,25.13274122871828
12,646,4.310871551713947e-7,3,10,0,0.6608733865770382,0.4940738334498725,1.3376004593533868,0.14853319881388097,0.015203730362724415,25.13274122871817
12,647,4.317544727490594e-7,4,11,0,0.660907605757017,0.4941056291430666,1.3375836395615186,0.01794142293009458,0.40348124762513543,25.13274122871842
12,648,4.324217903267241e-7,5,0,0,0.6609404366573278,0.4813199635853781,1.3731830937032972,0.4795749835179865,0.024109699250325564,25.1327412287184
12,649,4.330891079043888e-7,6,1,0,0.6609749310739821,0.48137038752498623,1.373110910441439,0.02179440069469071,0.5696636875365704,25.132741228718412
12,650,4.337564254820535e-7,7,2,0,0.6610288029001149,0.48144346178915975,1.3730143939302297,0.22595540833012,0.016535333576686215,25.132741228718334
12,651,4.344237430597182e-7,8,3,0,0.6610601355801458,0.4814779181659189,1.3729812118867355,0.021638992091667125,0.01952515582879932,25.13274122871831
12,652,4.350910606373829e-7,9,4,0,0.6610855291839951,0.4814995619380738,1.3729722339166281,0.015457591983429466,0.14719168885968395,25.13274122871827
12,653,4.357583782150476e-7,10,5,0,0.6611136641058585,0.48153685849513206,1.372924320210769,0.4009213091090813,0.018213313334543357,25.13274122871839
12,654,4.364256957927123e-7,11,6,0,0.6611413857466721,0.481565157101107,1.3729012076508313,0.024477161653315413,0.4765528093637068,25.132741228718313
12,655,4.37093013370377e-7,0,7,0,0.6600573613626138,0.48160847074283203,1.37052689364982,0.5671856915006459,0.022202651732791703,25.132741228718373
12,656,4.377603309480417e-7,1,8,0,0.6601198380938836,0.481672973054192,1.3704730699507506,0.016810643060107478,0.22791740376009748,25.132741228718174
12,657,4.384276485257064e-7,2,9,0,0.6601571201547838,0.481703167559734,1.3704645611924908,0.019855254081811425,0.02174880546605675,25.13274122871833
12,658,4.3909496610337106e-7,3,10,0,0.660188093660231,0.48172153958806846,1.3704765915694233,0.1458682721615779,0.015712740506327687,25.13274122871836
12,659,4.397622836810358e-7,4,11,0,0.6602218311881322,0.48175263704825144,1.3704581571849406,0.018486018682116488,0.3983573133098323,25.132741228718228
12,660,4.404296012587005e-7,5,0,0,0.660254003533298,0.46913495655216975,1.4073860715597197,0.47353331898312184,0.024845135665929927,25.132741228718356
12,661,4.410969188363652e-7,6,1,0,0.6602881030999613,0.46918453252486,1.407310039712308,0.02261368734196429,0.5646633778492038,25.13274122871825
12,662,4.417642364140299e-7,7,2,0,0.6603406497062408,0.46925605162553957,1.4072075307686909,0.22985621486684166,0.017088122327891107,25.132741228718267
12,663,4.424315539916946e-7,8,3,0,0.6603714720266981,0.4692892957161184,1.407173523996526,0.02186034636482625,0.02018774403032021,25.13274122871828
12,664,4.4309887156935927e-7,9,4,0,0.6603967460269088,0.46931039441975564,1.4071641154324055,0.015969129786810025,0.14456273766508124,25.132741228718306
12,665,4.4376618914702396e-7,10,5,0,0.6604244166016844,0.4693468640053822,1.4071137302711603,0.3957896894884803,0.018759508849176848,25.13274122871823
12,666,4.4443350672468865e-7,11,6,0,0.660451480068014,0.4693744626188207,1.4070886523802362,0.025213559532260052,0.47051685424133494,25.132741228718352
12,667,4.4510082430235334e-7,0,7,0,0.6589809274814141,0.4694170471646019,1.4038282833182691,0.5620976105242999,0.023027447216934747,25.13274122871825
12,668,4.457681418800181e-7,1,8,0,0.6590420154782421,0.46948021517983113,1.4037695182230432,0.017367785413411087,0.23177110104436438,25.132741228718267
12,669,4.464354594576828e-7,2,9,0,0.6590788911810083,0.46950936084516,1.4037609175557346,0.020522635387224823,0.02197356793882186,25.13274122871827
12,670,4.4710277703534747e-7,3,10,0,0.6591098243638687,0.46952727411450257,1.403773243219803,0.1432748681750293,0.01622671198813727,25.132741228718356
12,671,4.4777009461301216e-7,4,11,0,0.6591430735206926,0.4695576732647708,1.4037531725075647,0.019033753727392237,0.39321886907099635,25.13274122871842
12,672,4.4843741219067685e-7,5,0,0,0.6591746069957153,0.45711672108592877,1.442026897265488,0.46750374987221516,0.025582371962055903,25.13274122871852
12,673,4.4910472976834154e-7,6,1,0,0.65920830975603,0.45716543801589477,1.4419469516702847,0.023443870072879108,0.5594892592186169,25.132741228718203
12,674,4.4977204734600623e-7,7,2,0,0.6592595501800859,0.45723537603671993,1.4418384594265112,0.23366133101615433,0.017649646305961386,25.1327412287183
12,675,4.504393649236709e-7,8,3,0,0.6592899103983281,0.45726743042976453,1.4418037816047644,0.022088424895663306,0.020859938005373658,25.13274122871822
12,676,4.5110668250133567e-7,9,4,0,0.6593150806506966,0.45728799508992507,1.4417939848192234,0.016485437567873195,0.1420044406890886,25.13274122871832
12,677,4.5177400007900036e-7,10,5,0,0.6593422850237075,0.45732363803931375,1.441741100133178,0.3906452853574965,0.019308723222299932,25.13274122871832
12,678,4.5244131765666505e-7,11,6,0,0.6593687112205834,0.45735054658154445,1.4417140553324332,0.025951512157681104,0.46449433340773055,25.132741228718185
12,679,4.5310863523432974e-7,0,7,0,0.6575135514873691,0.4573923916858248,1.4375262104031765,0.5568391989401427,0.023862893666255828,25.13274122871822
12,680,4.5377595281199443e-7,1,8,0,0.6575732681391885,0.4574541996916988,1.4374625232042024,0.017933718894702733,0.2355261832992548,25.13274122871835
12,681,4.544432703896591e-7,2,9,0,0.6576097849197731,0.4574823151758258,1.4374540022755449,0.02119966178674493,0.022204873468168487,25.132741228718256
12,682,4.551105879673238e-7,3,10,0,0.6576406879683043,0.45749977818173326,1.4374666815839827,0.14075122673139917,0.016745255266878332,25.13274122871832
12,683,4.557779055449885e-7,4,11,0,0.6576734430879686,0.4575294803278463,1.4374449546217385,0.019584387251936404,0.3880693732270342,25.1327412287183
12,684,4.564452231226532e-7,5,0,0,0.6577043581235932,0.4452733958846148,1.4770798439842707,0.4614889251146379,0.02632091984078118,25.13274122871845
12,685,4.5711254070031794e-7,6,1,0,0.6577376626494361,0.44532124424329506,1.4769959240706925,0.024284454815838397,0.5541483095815691,25.132741228718437
12,686,4.5777985827798264e-7,7,2,0,0.657787618114956,0.44538957926657546,1.4768814735139002,0.2373649466604363,0.018220016912102312,25.13274122871823
12,687,4.5844717585564733e-7,8,3,0,0.6578175644824363,0.44542046795369206,1.4768462875191135,0.022322871383421757,0.021541816589272678,25.132741228718206
12,688,4.59114493433312e-7,9,4,0,0.6578426457588203,0.44544050937829444,1.4768361473835812,0.01700611210092154,0.13951499268599218,25.13274122871837
12,689,4.597818110109767e-7,10,5,0,0.6578693830432963,0.4454753274999963,1.4767807383076716,0.3854915688383523,0.01986071574553884,25.13274122871833
12,690,4.604491285886414e-7,11,6,0,0.657895193648469,0.44550155664544366,1.4767517281024019,0.02669053527864735,0.45848783793870707,25.13274122871844
12,691,4.611164461663061e-7,0,7,0,0.6556581048140674,0.4455426533865796,1.4715944698681385,0.5514174754945504,0.024708489423929995,25.1327412287183
12,692,4.617837637439708e-7,1,8,0,0.6557164697055248,0.44560307928373294,1.4715258942095515,0.01850855387695793,0.23917692056409698,25.132741228718313
12,693,4.6245108132163553e-7,2,9,0,0.6557526744625213,0.4456301845116158,1.4715176333514914,0.021886412131488144,0.022442377832511278,25.132741228718324
12,694,4.631183988993002e-7,3,10,0,0.655783556187166,0.445647205590047,1.471530726460842,0.13829550012963016,0.017267953354963297,25.132741228718256
12,695,4.637857164769649e-7,4,11,0,0.6558158126339649,0.44567621333118423,1.471507325311582,0.020137678642320935,0.38291230932696085,25.13274122871829
12,696,4.644530340546296e-7,5,0,0,0.6558461302557129,0.4336125340353847,1.5125165413280997,0.4554913774563819,0.02706029931024346,25.13274122871832
12,697,4.651203516322943e-7,6,1,0,0.6558790355898962,0.4336595057759872,1.5124285916810956,0.025134932497742502,0.5486475850690214,25.13274122871827
12,698,4.65787669209959e-7,7,2,0,0.6559277293195322,0.43372621975100467,1.5123082245202744,0.24096141561147016,0.018799343037098116,25.132741228718288
12,699,4.664549867876237e-7,8,3,0,0.6559573097707027,0.4337559679202018,1.5122727023582514,0.02256335344096009,0.022233457895152332,25.132741228718196
12,700,4.6712230436528837e-7,9,4,0,0.6559823156335282,0.43377549667717963,1.5122622662149061,0.017530722580160658,0.13709250616373891,25.13274122871834
12,701,4.677896219429531e-7,10,5,0,0.6560085858745636,0.4338094931628714,1.5122043113710026,0.3803320324989559,0.020415245890327626,25.132741228718157
12,702,4.684569395206178e-7,11,6,0,0.6560338031869983,0.4338350542342318,1.5121733404991273,0.027430153371880206,0.45249984183407865,25.132741228718444
12,703,4.691242570982825e-7,0,7,0,0.6534182108243459,0.43387539505124584,1.5060043004908574,0.5458395303177217,0.025563718170925905,25.132741228718295
12,704,4.697915746759472e-7,1,8,0,0.6534752455468822,0.43393442023991796,1.5059308850991409,0.01909239731185028,0.24271775397077533,25.13274122871837
12,705,4.704588922536119e-7,2,9,0,0.6535111843413755,0.43396053621806163,1.5059230731823767,0.02258296302606103,0.022685760239872853,25.132741228718302
12,706,4.7112620983127657e-7,3,10,0,0.6535420520807542,0.4339771235288786,1.5059366419282347,0.13590576374507732,0.01779436159363706,25.132741228718366
12,707,4.7179352740894126e-7,4,11,0,0.6535738062234332,0.4340054406693627,1.5059115508216492,0.020693387445371726,0.37775117652199797,25.132741228718324
12,708,4.7246084498660595e-7,5,0,0,0.6536035479026673,0.4221411054111351,1.54830586153439,0.44951352179504706,0.02780003952250596,25.132741228718263
12,709,4.7312816256427064e-7,6,1,0,0.6536360535022947,0.422187193905666,1.5482138324838528,0.02599477972523109,0.5429942064660755,25.13274122871817
12,710,4.737954801419354e-7,7,2,0,0.6536835105277105,0.4222522725120732,1.548087608004573,0.24444526979794187,0.01938772923436999,25.13274122871841
12,711,4.744627977196001e-7,8,3,0,0.6537127723785908,0.4222809063541824,1.5480519306982305,0.022809561637816302,0.022934936233207578,25.132741228718338
12,712,4.7513011529726477e-7,9,4,0,0.6537377150709693,0.42229993275646344,1.5480412483228454,0.018058810481057792,0.13473502201481977,25.13274122871838
12,713,4.7579743287492946e-7,10,5,0,0.6537635192067535,0.4223331120916733,1.547980730113449,0.37517017961385773,0.02097207327005574,25.132741228718462
12,714,4.7646475045259415e-7,11,6,0,0.65378816599717,0.4223580169618374,1.5479478066974723,0.02816990046859209,0.4465327005938466,25.132741228718327
12,715,4.771320680302589e-7,0,7,0,0.6507982313508066,0.4223975955937746,1.5407242800138663,0.540112511547533,0.026428049612293194,25.13274122871834
12,716,4.777993856079236e-7,1,8,0,0.6508539593119248,0.42245520485503374,1.5406460894126432,0.019685350893923537,0.24614330964754544,25.13274122871848
12,717,4.784667031855883e-7,2,9,0,0.6508896770796585,0.4224803534990115,1.5406389236539528,0.023289385686493653,0.02293472239344953,25.132741228718377
12,718,4.79134020763253e-7,3,10,0,0.6509205366230503,0.42249651501626706,1.5406530314172848,0.1335800266257282,0.018324007602046936,25.13274122871829
12,719,4.798013383409177e-7,4,11,0,0.6509517858055817,0.42252414647853304,1.540626236940175,0.021251273332879263,0.3725894797289218,25.13274122871834
12,720,4.804686559185824e-7,5,0,0,0.6509809733135532,0.410865500697258,1.5844138098935248,0.4435576539984597,0.028539679588589183,25.13274122871819
12,721,4.81135973496247e-7,6,1,0,0.6510130789946288,0.41091070067604935,1.584317658127549,0.026863459475523686,0.537195346004562,25.13274122871826
12,722,4.818032910739117e-7,7,2,0,0.6510593259647667,0.4109741331830725,1.5841856540269064,0.24781123287363335,0.019985273878217906,25.132741228718277
12,723,4.824706086515764e-7,8,3,0,0.6510883156231266,0.411001679711141,1.5841500114566993,0.023061208588915773,0.023646318913180427,25.13274122871836
12,724,4.831379262292411e-7,9,4,0,0.6511132059751328,0.4110202138085262,1.5841391350121137,0.018589889598474525,0.1324405200670843,25.132741228718327
12,725,4.838052438069058e-7,10,5,0,0.651138545795385,0.4110525816845338,1.5840760399240297,0.370009514243118,0.02153095760743574,25.132741228718256
12,726,4.844725613845705e-7,11,6,0,0.6511626451597986,0.41107684268532924,1.58404117562577,0.028909320956927935,0.44058865028000943,25.1327412287185
12,727,4.851398789622352e-7,0,7,0,0.6478032509593183,0.411115654113168,1.5757202249005025,0.5342436122953247,0.027300940172097873,25.13274122871822
12,728,4.858071965398999e-7,1,8,0,0.6478576971906189,0.41117183548612535,1.5756373401029806,0.020287509215868815,0.2494484120200882,25.132741228718267
12,729,4.864745141175646e-7,2,9,0,0.6478932374684465,0.4111960394601182,1.5756310258218953,0.02400574269327767,0.023188987604005486,25.132741228718334
12,730,4.871418316952293e-7,3,10,0,0.6479240929948038,0.41121178296808053,1.575645737381746,0.13131624198707423,0.018856391405641007,25.13274122871835
12,731,4.878091492728941e-7,4,11,0,0.647954835503851,0.4112387347070674,1.5756172286771593,0.02181109607169846,0.3674307196376448,25.132741228718242
12,732,4.884764668505588e-7,5,0,0,0.6479834907698008,0.3997915369762485,1.6208034208795603,0.43762595021010847,0.029278769367544068,25.132741228718313
12,733,4.891437844282234e-7,6,1,0,0.6480151966536252,0.39983584446991427,1.6207031100794296,0.02774042179502844,0.5312582145062106,25.13274122871826
12,734,4.898111020058881e-7,7,2,0,0.6480602616425922,0.39989762359207653,1.6205654232735798,0.25105423320023507,0.020592067319102052,25.1327412287182
12,735,4.904784195835528e-7,8,3,0,0.6480890243315188,0.3999241104736321,1.6205300139668595,0.02331802809109786,0.024367662954071136,25.13274122871829
12,736,4.911457371612175e-7,9,4,0,0.6481138716826459,0.3999421620505216,1.620518997946445,0.019123446266378175,0.13020692951232013,25.13274122871835
12,737,4.918130547388822e-7,10,5,0,0.6481387497846094,0.399973725277665,1.620453316863917,0.3648535311819431,0.02209165870739655,25.132741228718313
12,738,4.924803723165469e-7,11,6,0,0.6481623250018826,0.3999973551153893,1.6204165270415447,0.029647970356896917,0.43466980706572617,25.13274122871835
12,739,4.931476898942116e-7,0,7,0,0.6444390590171095,0.4000353955064135,1.610955096114183,0.5282400579702807,0.028181833695315718,25.13274122871829
12,740,4.938150074718763e-7,1,8,0,0.6444922499824147,0.40009014016214806,1.6108676152859345,0.020898957926778018,0.25262809646539325,25.132741228718082
12,741,4.94482325049541e-7,2,9,0,0.6445276546506172,0.40011342273022577,1.61086236560773,0.024732084663991176,0.023448299950883895,25.132741228718054
12,742,4.951496426272057e-7,3,10,0,0.6445585086842031,0.4001287558243358,1.610877746979966,0.12911231756425343,0.019390985748082616,25.13274122871845
12,743,4.958169602048704e-7,4,11,0,0.6445887437134812,0.4001550347436453,1.610847515954484,0.022372615499481437,0.3622783826163231,25.13274122871827
12,744,4.964842777825351e-7,5,0,0,0.6446168886875208,0.38892446479366466,1.6574346615852724,0.43172046664165037,0.030016870226466562,25.13274122871828
12,745,4.971515953601997e-7,6,1,0,0.6446481951494084,0.3889678770773981,1.6573301630795958,0.028625104504165222,0.5251900488917194,25.13274122871837
12,746,4.978189129378644e-7,7,2,0,0.6446921074650702,0.38902799882730993,1.6571869104754333,0.25416941616206334,0.021208190047831827,25.132741228718185
12,747,4.984862305155291e-7,8,3,0,0.6447206869616692,0.389053454229323,1.6571519413413203,0.02357977430886986,0.025099011726025362,25.132741228718242
12,748,4.991535480931939e-7,9,4,0,0.6447454990997061,0.38907103280751765,1.657140842501828,0.01965893976269091,0.128032139172042,25.132741228718267
12,749,4.998208656708586e-7,10,5,0,0.6447699188416472,0.38910179923009314,1.6570725710275276,0.3597057058346574,0.02265393643568234,25.13274122871826
12,750,5.004881832485233e-7,11,6,0,0.6447929932359325,0.3891248109076821,1.6570338748944653,0.03038541606469867,0.42877816727039225,25.13274122871839
12,751,5.01155500826188e-7,0,7,0,0.640712129655468,0.38916207756221755,1.6463889124783329,0.5221090939763733,0.02907016215526659,25.132741228718313
12,752,5.018228184038527e-7,1,8,0,0.6407640930602507,0.38921537967486114,1.6462969515632344,0.02151977190522011,0.25567762127751575,25.132741228718245
12,753,5.024901359815174e-7,2,9,0,0.6407994021021443,0.38923776456394854,1.6462929870641219,0.025468446870886032,0.02371242349266261,25.132741228718338
12,754,5.031574535591821e-7,3,10,0,0.6408302554845922,0.389252694655783,1.646309105326245,0.1269661257817857,0.019927236589601816,25.132741228718324
12,755,5.038247711368468e-7,4,11,0,0.6408599830963089,0.38927830852575035,1.6462771468652655,0.022935591506152108,0.35713593056759546,25.132741228718224
12,756,5.044920887145115e-7,5,0,0,0.6408876396181489,0.37826897662529957,1.6942643442129024,0.4258431398495129,0.030753555768377253,25.13274122871824
12,757,5.051594062921761e-7,6,1,0,0.6409185472388382,0.3783114921652945,1.69415563764794,0.02951693390712602,0.5189981000684327,25.1327412287183
12,758,5.058267238698408e-7,7,2,0,0.6409613372333488,0.3783699557042522,1.694006956869344,0.25715215577349465,0.02183371088046441,25.132741228718327
12,759,5.064940414475055e-7,8,3,0,0.6409897756240103,0.37839440815052017,1.6939726428754023,0.02384622101002686,0.02584039155013769,25.132741228718377
12,760,5.071613590251702e-7,9,4,0,0.6410145587401347,0.37841152299607456,1.6939615201590577,0.020195802901545643,0.1259140075617098,25.132741228718377
12,761,5.078286766028349e-7,10,5,0,0.6410385241928063,0.3784415014091121,1.6938906589418032,0.35456948406666716,0.023217550703199412,25.13274122871841
12,762,5.084959941804996e-7,11,6,0,0.6410611210017678,0.37846390815486286,1.6938500797266336,0.031121238063401366,0.42291560787628435,25.132741228718423
12,763,5.091633117581643e-7,0,7,0,0.6366295997246182,0.37850039945524944,1.681978673314155,0.5158579737933227,0.02996534636544935,25.132741228718288
12,764,5.098306293358291e-7,1,8,0,0.6366803643278434,0.3785522560708805,1.6818823666147447,0.022150013458879392,0.25859247890780657,25.132741228718185
12,765,5.104979469134938e-7,2,9,0,0.6367156156081786,0.37857376734497566,1.6818799149069696,0.02621484582949607,0.023981141527709422,25.132741228718302
12,766,5.111652644911585e-7,3,10,0,0.6367464674866361,0.37858830167046614,1.6818968380086874,0.12487551370307849,0.020464563793394022,25.132741228718256
12,767,5.118325820688232e-7,4,11,0,0.6367756885701399,0.3786132590484115,1.6818631501986527,0.023499784021107716,0.3520067907897285,25.132741228718256
12,768,5.124998996464879e-7,5,0,0,0.636802878244369,0.36782921666241425,1.7312460495187172,0.4199957874896318,0.031488412524945726,25.132741228718352
12,1000,6.673175776646977e-7,9,4,0,0.5051269944001674,0.21250153392405222,2.3770510502794733,0.030169791079227865,0.09225484830173102,25.132741228718217
12,1001,6.679848952423624e-7,10,5,0,0.5051433581658916,0.21251843131680032,2.376939049643542,0.25892546511144016,0.03440133355082792,25.132741228718345
12,1002,6.686522128200271e-7,11,6,0,0.505160328668562,0.2125314641239087,2.3768731408825508,0.04498379587733117,0.31370309831387033,25.132741228718185
12,1003,6.693195303976918e-7,0,7,0,0.49594629804601525,0.21255338890243153,2.333278714618235,0.37640889959503754,0.04834881680132535,25.13274122871833
12,1004,6.699868479753565e-7,1,8,0,0.4959793433375814,0.2125789628555732,2.3331534629536756,0.0366544489292935,0.28407436088593585,25.132741228718153
12,1005,6.706541655530212e-7,2,9,0,0.4960170758122379,0.2125878600422417,2.3332333074601634,0.042977071061854596,0.030133030738195538,25.132741228718338
12,1006,6.713214831306859e-7,3,10,0,0.49604556352821866,0.21259583838728174,2.3332797447548432,0.0915588647361356,0.030373226628955197,25.132741228718288
12,1007,6.719888007083506e-7,4,11,0,0.49606568618862645,0.21261008665958214,2.3332180235780418,0.03466999160381097,0.25679461411436627,25.132741228718434
12,1008,6.726561182860153e-7,5,0,0,0.4960869768577236,0.2064553816194903,2.4028774303013414,0.31119629074405897,0.045300721394998474,25.13274122871825
12,1009,6.7332343586368e-7,6,1,0,0.4961096931097229,0.2064803295135031,2.4026971202468905,0.048796356071500485,0.3728114403011421,25.13274122871815
12,1010,6.739907534413447e-7,7,2,0,0.49613607575171204,0.20650776353024422,2.4025056843882293,0.28386273008718205,0.037056306640233884,25.132741228718437
12,1011,6.746580710190093e-7,8,3,0,0.4961667520601407,0.20651741200503987,2.4025419805669084,0.03030431431942547,0.04342498922856392,25.13274122871823
12,1778,0.0000011864906530878325,0,2,0,0.07736175728376905,0.07596133378163156,1.0184360046410368,0.09208040210926387,0.07252159848346251,25.132741228718405
12,1779,0.000001187157970665497,1,3,0,0.07736800264611983,0.07596769898946824,1.0184328823339208,0.0588933726193562,0.05685052117392191,25.132741228718384
12,1780,0.000001187825288243162,2,4,0,0.07737356542694593,0.07597014636592928,1.0184732967902514,0.024221789898899154,0.03790879672727137,25.132741228718366
12,1781,0.0000011884926058208267,3,5,0,0.07737791196088806,0.07597298128915103,1.0184925041494672,0.0791558359286788,0.05229965236674519,25.132741228718302
12,1782,0.0000011891599233984913,4,6,0,0.0773824397178261,0.07597906597287991,1.018470531678385,0.07372671285732334,0.0900097739556454,25.132741228718476
12,1783,0.000001189827240976156,5,7,0,0.0773867043885129,0.07359886486648647,1.051466004657787,0.06515955203032,0.0765060104383733,25.13274122871841
12,1784,0.0000011904945585538207,6,8,0,0.07738894208707038,0.07360654817566455,1.0513866497635376,0.07252538684437958,0.0907151021459161,25.132741228718277
12,1785,0.0000011911618761314855,7,9,0,0.0773936929564109,0.0736140255754269,1.0513443919339969,0.05650486371808102,0.0590596026877231,25.132741228718448
12,1786,0.00000119182919370915,8,10,0,0.07739775637259058,0.07361694376940266,1.0513579131324837,0.037868633002774356,0.02407672650739143,25.132741228718295
12,1787,0.0000011924965112868148,9,11,0,0.0774008270885166,0.07362030884190827,1.0513515673335,0.052267674305543375,0.07822634106489638,25.13274122871826
12,1788,0.0000011931638288644794,10,0,0,0.07740473891297406,0.07362705343977946,1.0513083886520656,0.08907909917039836,0.0738663624208278,25.13274122871821
12,1789,0.0000011938311464421442,11,1,0,0.07740809418836034,0.0736318290680954,1.051285770950666,0.07650110810516661,0.06412378570410933,25.13274122871819
12,3162,0.0000021100581805757743,10,6,0,0.10639655959974129,0.06858204740476795,1.5513762511608016,0.09779948745816196,0.05834568374735998,25.13274122871817
12,3163,0.0000021107254981534387,11,7,0,0.10639741511390961,0.06858369423504238,1.5513514735627434,0.03872966702326775,0.0830026061871339,25.132741228718377
12,3164,0.0000021113928157311035,0,8,0,0.10636315979382356,0.0685871783383676,1.550773225705425,0.059622154697041796,0.032753872526192974,25.13274122871822
12,3165,0.0000021120601333087683,1,9,0,0.10636780882948937,0.06859235800823127,1.5507238986699503,0.039568699436035554,0.07843855064109864,25.13274122871833
12,3166,0.000002112727450886433,2,10,0,0.10637616038376235,0.06859282009296794,1.5508352075273244,0.06497998942913716,0.05701486118972924,25.1327412287182
12,3167,0.0000021133947684640974,3,11,0,0.10638074956582173,0.06859012652471236,1.5509630169218858,0.06013489797334821,0.06813501192594444,25.13274122871838
12,3168,0.0000021140620860417622,4,0,0,0.10638202671053557,0.06859073580182003,1.550967859827402,0.058689392544707356,0.09768345645861853,25.13274122871844
12,3169,0.000002114729403619427,5,1,0,0.10638436356481422,0.06787266682441112,1.5674109850440112,0.0831541293872383,0.03919156704230098,25.13274122871826
12,3170,0.000002115396721197092,6,2,0,0.1063866921197964,0.06787787991037576,1.567324911447834,0.03294005797764826,0.05944342803503404,25.132741228718217
12,3171,0.000002116064038774756,7,3,0,0.10638958774773484,0.06788422648445269,1.5672210358337206,0.07893863416494447,0.039614544621975833,25.132741228718285
12,3172,0.000002116731356352421,8,4,0,0.10639612880912845,0.06788590493452881,1.5672786407095853,0.05720082227980022,0.06548344546923801,25.13274122871838
12,3173,0.000002117398673930086,9,5,0,0.10639913242045289,0.06788449163440113,1.5673555160945492,0.06839903181065685,0.06027669755612728,25.132741228718153
12,5623,0.000003752326739208595,2,7,0,0.10009755681329201,0.08049429856842596,1.2435359844548723,0.07649636807783805,0.05206346936540448,25.132741228718455
12,5624,0.00000375299405678626,3,8,0,0.1001012909109267,0.08049409526782866,1.243585514910862,0.034362275044664645,0.047260885442610784,25.132741228718285
12,5625,0.0000037536613743639248,4,9,0,0.10010641038850897,0.08049562121030404,1.243625539915637,0.041301498067238436,0.05308103659442078,25.132741228718256
12,5626,0.000003754328691941589,5,10,0,0.10011446019822896,0.08024926256299476,1.2475436782941183,0.07194051675306173,0.049759315232119246,25.132741228718263
12,5627,0.000003754996009519254,6,11,0,0.10011997494231062,0.0802534263547305,1.2475476685539557,0.03123436665652103,0.10973989780844565,25.132741228718313
12,5628,0.0000037556633270969187,7,0,0,0.10013034346071893,0.08025671624681141,1.2476257208529522,0.1070930161530763,0.04234591525947293,25.13274122871829
12,5629,0.0000037563306446745835,8,1,0,0.10013680077596945,0.08025833496229635,1.2476810143521115,0.051931863531041504,0.07615092431608861,25.13274122871842
12,5630,0.000003756997962252248,9,2,0,0.10013939172978645,0.08025879191350381,1.2477061932069484,0.04716366512210502,0.034259498913090575,25.132741228718217
12,5631,0.0000037576652798299127,10,3,0,0.1001435473814382,0.08026122536706183,1.2477201403722378,0.05302708054915607,0.04125198982201429,25.132741228718373
12,5632,0.0000037583325974075775,11,4,0,0.10015046791301051,0.08026487602478172,1.2477496119484335,0.049814053176162915,0.07192113824021773,25.13274122871837
12,5633,0.0000037589999149852423,0,5,0,0.10087473262775519,0.08026793151523708,1.2567252042443173,0.10964935237468337,0.03128500898731426,25.132741228718153
12,5634,0.0000037596672325629067,1,6,0,0.10088667055232509,0.08027036742101631,1.2568357887684345,0.04187268823688209,0.1066824923832643,25.132741228718455
12,10000,0.000006673175776646977,8,4,0,0.24491755167258097,0.12493141167625785,1.9604161066173678,0.064992044891924,0.057351891352458564,25.132741228718306
12,10001,0.000006673843094224642,9,5,0,0.24492350278226943,0.12493962780981549,1.960334819910739,0.06440902010918947,0.0897582418595314,25.132741228718377
12,10002,0.000006674510411802306,10,6,0,0.2449260960233522,0.12494691664689325,1.9602412176006438,0.1941921947809562,0.054807970002927024,25.13274122871835
12,10003,0.000006675177729379971,11,7,0,0.2449292218227326,0.12495430923298505,1.9601502607328805,0.034006344923303844,0.2014555605991845,25.132741228718263
12,10004,0.000006675845046957636,0,8,0,0.24381573400358914,0.12496068509687613,1.951139542925603,0.17180896981861016,0.036889012263126596,25.1327412287184
12,10005,0.0000066765123645353,1,9,0,0.24383029752406202,0.12496586273269376,1.9511752425190176,0.07146078760076859,0.13205432176958085,25.132741228718313
12,10006,0.000006677179682112965,2,10,0,0.24384738840363027,0.12497617409422711,1.9511510107500887,0.05746204936029813,0.06465601768435962,25.132741228718285
12,10007,0.00000667784699969063,3,11,0,0.24385476825752753,0.12498334128045817,1.9510981684377129,0.08871088293575112,0.06453248943365872,25.132741228718206
12,10008,0.000006678514317268295,4,0,0,0.24385933080178143,0.12498955616726923,1.9510376569017724,0.05509688396536176,0.1929629353309937,25.13274122871826
12,10009,0.000006679181634845959,5,1,0,0.24386444727318063,0.12499644554693343,1.9509710552658466,0.20134416059849725,0.034249004411586584,25.132741228718384
12,10010,0.000006679848952423624,6,2,0,0.2438689706018661,0.1250021021444464,1.9509189559073405,0.03682527984287092,0.17168022009081788,25.13274122871837
12,10011,0.000006680516270001289,7,3,0,0.24388016017656636,0.12716119013197572,1.9178820198478208,0.13245650770802572,0.07115805407633723,25.13274122871837
12,17783,0.00001186690848361132,8,11,0,0.19850594418217526,0.18757711059469845,1.0582631513665384,0.042525317570151815,0.08128505852761778,25.132741228718263
12,17784,0.000011867575801188984,9,0,0,0.19851209244459322,0.1875825932724333,1.0582649966688893,0.04626368395238968,0.09375703902957516,25.132741228718242
12,17785,0.000011868243118766649,10,1,0,0.19851840332430226,0.1875933390280751,1.0582380182197841,0.17032786488292734,0.04226413780954955,25.132741228718466
12,17786,0.000011868910436344313,11,2,0,0.198521824631991,0.18760035192348334,1.0582166962723087,0.04911689990715194,0.23281806728399113,25.13274122871819
12,17787,0.000011869577753921977,0,3,0,0.19892760697646664,0.18761421407340728,1.0603013634064677,0.21878004561809233,0.04333191425175374,25.132741228718363
12,17788,0.000011870245071499642,1,4,0,0.1989379509836659,0.18762974978875963,1.0602687004999871,0.0435919807151225,0.15198853003283783,25.132741228718192
12,17789,0.000011870912389077308,2,5,0,0.19894955976015288,0.18763539744504482,1.0602986561659924,0.08135763109211251,0.04231078791921849,25.132741228718295
12,17790,0.000011871579706654972,3,6,0,0.19895648388122278,0.18763995821857252,1.0603097856665913,0.09346344320416211,0.04619543425703346,25.132741228718253
12,17791,0.000011872247024232637,4,7,0,0.19896316707771905,0.18764903574281527,1.0602941085741069,0.042113600225113706,0.17015524817441063,25.132741228718245
12,17792,0.000011872914341810301,5,8,0,0.19896776280821085,0.18789405610826768,1.0589359074433005,0.23287938644518294,0.04907759895455912,25.13274122871821
12,17793,0.000011873581659387965,6,9,0,0.1989731216294849,0.1879101071051835,1.0588739727454302,0.04325608239700566,0.2188588139152167,25.13274122871817
12,17794,0.000011874248976965631,7,10,0,0.19898174827242934,0.1879270891405076,1.0588241917782086,0.15218022081094296,0.043544302763812326,25.132741228718196
