q,t,time_s,decoded,expected,ok,best_overlap,second_overlap,contrast,near_plus,near_minus,energy
12,23,1.5348304286288048e-8,11,11,1,1,0.3210606960352511,3.1146758614458503,0.00005482667103938186,0.5917472157473206,25.132741228718285
12,24,1.6015621863952746e-8,0,0,1,0.9992666960618375,0.32093504670956907,3.1136103903483194,0.7220210273784128,0.00006333423960004959,25.132741228718285
12,25,1.6682939441617444e-8,1,1,1,0.9992746870924405,0.32094292941712765,3.113558815292326,0.00004365423653346595,0.49790771838732895,25.13274122871823
12,26,1.735025701928214e-8,2,2,1,0.9992683712306493,0.32139107989605253,3.109197590530025,0.03407174589937275,0.00007941293257600285,25.1327412287184
12,27,1.8017574596946836e-8,3,3,1,0.9992775246470331,0.3214025756233323,3.1091148622845397,0.03970305835799553,0.00025218730263439055,25.1327412287182
12,28,1.8684892174611534e-8,4,4,1,0.9992939170779805,0.3214725327946237,3.1084892646688127,0.00004005525520962376,0.36628584674392756,25.132741228718395
12,29,1.9352209752276232e-8,5,5,1,0.999300776259656,0.32169836265638047,3.106328450067528,0.5911549183703402,0.00008282173961177752,25.132741228718245
12,30,2.001952732994093e-8,6,6,1,0.999294974724118,0.32170915942386535,3.1062061661959235,0.00009229130311673955,0.7215382686197053,25.1327412287184
12,31,2.068684490760563e-8,7,7,1,0.9992976651465078,0.329957164916804,3.02856786091756,0.5012128751991841,0.00006889932806357575,25.13274122871837
12,32,2.1354162485270326e-8,8,8,1,0.9992998333968429,0.32994966152714966,3.0286433050776633,0.00010778959063677775,0.03492589391770816,25.132741228718277
12,33,2.2021480062935024e-8,9,9,1,0.9993010269442261,0.3298615417393481,3.029456000462944,0.0002705880626642884,0.03909119182909464,25.132741228718263
12,34,2.2688797640599722e-8,10,10,1,0.9993010486860536,0.3297605426059686,3.0303839288623444,0.3641557840599854,0.0000512188358781614,25.13274122871824
12,35,2.335611521826442e-8,11,11,1,0.9993029306392222,0.32968710078808944,3.0310646920988784,0.0001094182646105799,0.5901999246535082,25.13274122871828
12,36,2.402343279592912e-8,0,0,1,0.9981738475557435,0.32978111372101787,3.026776871158729,0.72088775198934,0.0001254665792939432,25.13274122871834
12,37,2.4690750373593816e-8,1,1,1,0.9981878630978409,0.3296423044402594,3.0280939359187773,0.00008283357801088374,0.5044497719001411,25.132741228718416
12,38,2.535806795125851e-8,2,2,1,0.9982345581905421,0.32970432185471765,3.027665978338035,0.035851605495865524,0.00013650131362760322,25.13274122871839
12,39,2.602538552892321e-8,3,3,1,0.9982503949891804,0.3298582948343489,3.0263007194968083,0.03835458245422945,0.0002969895059395,25.132741228718356
12,40,2.6692703106587907e-8,4,4,1,0.9982619885970858,0.3300892993833588,3.0242179630237733,0.00007189975976808879,0.3622644305606779,25.1327412287183
12,41,2.7360020684252605e-8,5,5,1,0.9982919894191777,0.3302385167363954,3.0229423244897844,0.5896600771325778,0.0001417149171557714,25.13274122871829
12,42,2.8027338261917303e-8,6,6,1,0.9983072558988009,0.3299116678935278,3.0259834769499085,0.00017180262311323368,0.7198805481376962,25.132741228718295
12,43,2.8694655839582e-8,7,7,1,0.9982950014381397,0.3383962131262547,2.9500773434059635,0.5075652941919117,0.00010848711862290224,25.132741228718228
12,44,2.93619734172467e-8,8,8,1,0.9982878499763347,0.33851280274554346,2.949040160016451,0.000170465091800478,0.03677421488226638,25.13274122871833
12,45,3.00292909949114e-8,9,9,1,0.998284965534054,0.3383479184287787,2.9504687664989735,0.0003226831554092641,0.03769850347370977,25.132741228718217
12,46,3.0696608572576095e-8,10,10,1,0.9982973529017088,0.3382628101464489,2.951247736839595,0.36021188093608814,0.00009806578097093941,25.132741228718324
12,47,3.136392615024079e-8,11,11,1,0.9982804530508756,0.3384666257800793,2.949420643025272,0.00019484876632735627,0.5885183729308798,25.13274122871831
12,48,3.203124372790549e-8,0,0,1,0.9964870447867508,0.3382656214093803,2.945871474124085,0.7189349561343481,0.0002365765576532329,25.132741228718242
12,49,3.269856130557019e-8,1,1,1,0.9965436783586236,0.3380160428959396,2.9482141433902767,0.00014120863129148155,0.5105417950718166,25.132741228718285
12,50,3.336587888323489e-8,2,2,1,0.9965887990963815,0.3382915965154944,2.945946069490189,0.03769886061482369,0.00019574058845901954,25.13274122871819
12,51,3.4033196460899585e-8,3,3,1,0.996610945414648,0.3386004724311025,2.943324143227342,0.036760093080293016,0.00035690882022468723,25.13274122871837
12,52,3.470051403856428e-8,4,4,1,0.9966653255218303,0.3389950848344322,2.9400583374493743,0.0001212515400248045,0.3576176467251166,25.132741228718213
12,53,3.536783161622898e-8,5,5,1,0.9967172308514751,0.3390559268696835,2.9396838452393856,0.5879294653470732,0.00023694724244884637,25.13274122871829
12,54,3.603514919389367e-8,6,6,1,0.9967382858000181,0.3389329605942982,2.94081249593518,0.0002778282024222429,0.7181990399272975,25.13274122871829
12,55,3.670246677155837e-8,7,7,1,0.9967451859021508,0.34726099790802,2.8703055969624365,0.5140081740240362,0.00016475250264895647,25.132741228718455
12,56,3.736978434922307e-8,8,8,1,0.9967803837098783,0.3471763414632369,2.8711068833457047,0.00023358585008520247,0.03874481607139905,25.132741228718064
12,57,3.8037101926887767e-8,9,9,1,0.996792622746247,0.34686977313606776,2.8736796917592238,0.0003870562439446183,0.03629272714296543,25.13274122871829
12,58,3.8704419504552465e-8,10,10,1,0.9967698390627661,0.34698121681996724,2.872691058605471,0.35576671399026166,0.0001514659161615131,25.13274122871831
12,59,3.937173708221716e-8,11,11,1,0.996796542964993,0.346785270416056,2.8743912386160035,0.00029210394866865204,0.5867398502540764,25.132741228718267
12,60,4.003905465988186e-8,0,0,1,0.9944228193919427,0.3466593672615231,2.8685877645468056,0.7170808191620559,0.0003333851246958104,25.132741228718263
12,61,4.070637223754656e-8,1,1,1,0.9944937320888437,0.3468795979150848,2.8669709549545,0.00020166025677831402,0.5168377007191356,25.13274122871828
12,62,4.137368981521126e-8,2,2,1,0.9945498649753978,0.34679160464048714,2.867860270165509,0.03951395659830088,0.0002804483572721368,25.132741228718178
12,63,4.2041007392875955e-8,3,3,1,0.9945773392538512,0.3470684303088194,2.8656519936684597,0.03565511549916561,0.00042018525165237104,25.132741228718288
12,64,4.270832497054065e-8,4,4,1,0.9946386055194315,0.3474272750857201,2.8628685104646037,0.00018386773017864966,0.3532942833474898,25.13274122871828
12,65,4.337564254820535e-8,5,5,1,0.9946895959042522,0.3476191101082707,2.8614353094524714,0.585744181877044,0.0003313838298984264,25.132741228718288
12,66,4.404296012587005e-8,6,6,1,0.9946875485454315,0.3475516376133103,2.8619849279839435,0.0004091123584466046,0.7161914254582579,25.13274122871833
12,67,4.471027770353475e-8,7,7,1,0.9946900867613722,0.35602205944288334,2.793900154158707,0.5201932528701713,0.00026042540736135873,25.132741228718263
12,68,4.5377595281199445e-8,8,8,1,0.9947413322767543,0.3559647393789922,2.79449401087354,0.0003385707732489875,0.040719390074836916,25.13274122871823
12,69,4.604491285886414e-8,9,9,1,0.994711227417646,0.3561911917331732,2.792632862641913,0.0004529494549635004,0.03494703334879832,25.132741228718256
12,70,4.671223043652884e-8,10,10,1,0.994716423655534,0.356097532463195,2.7933819613264084,0.35152388038574,0.00020928362802225542,25.132741228718206
12,71,4.737954801419354e-8,11,11,1,0.9947006623280212,0.3561053493436051,2.7932763834115764,0.0003905757591167193,0.584303090466678,25.132741228718352
12,72,4.804686559185824e-8,0,0,1,0.9916887600043951,0.35612278017665694,2.784682180433562,0.7150664117337505,0.0004601570983396916,25.132741228718213
12,73,4.8714183169522935e-8,1,1,1,0.9917107398738854,0.3561241735903381,2.7847330044342464,0.0002893600993535624,0.5237271288704298,25.132741228718416
12,74,4.938150074718763e-8,2,2,1,0.9917628055033574,0.35655953333847845,2.7814788633400154,0.04182771856706836,0.0003880747142580119,25.132741228718288
12,75,5.0048818324852324e-8,3,3,1,0.9918364659054435,0.35665917167438355,2.7809083424075043,0.034410043922412537,0.0004956465658374696,25.132741228718398
12,76,5.071613590251702e-8,4,4,1,0.9918540939214734,0.35708556056991686,2.7776370804197494,0.000237217724682389,0.3488342878727713,25.132741228718345
12,77,5.138345348018172e-8,5,5,1,0.9919007395017129,0.3573594684696166,2.775638613269446,0.5828847454841799,0.000456046901050712,25.132741228718263
12,78,5.205077105784642e-8,6,6,1,0.9919601055822539,0.357198683725389,2.777054201982624,0.0005309812468403842,0.7145376033486467,25.132741228718366
12,79,5.2718088635511116e-8,7,7,1,0.9919917668969112,0.36533591168349516,2.7152867680752735,0.527186434295095,0.00032444898736231395,25.132741228718295
12,80,5.3385406213175814e-8,8,8,1,0.9919905981943674,0.365446385870033,2.7144627407730284,0.00042229655246632796,0.04287452419631804,25.132741228718114
12,81,5.405272379084051e-8,9,9,1,0.9919559341381228,0.3654720696937484,2.7141771325216286,0.0005388438114717829,0.033816033196970505,25.13274122871824
12,82,5.472004136850521e-8,10,10,1,0.9919246833462394,0.3656480671143446,2.7127852505126113,0.34593156504850303,0.00027295878874111014,25.13274122871839
12,83,5.538735894616991e-8,11,11,1,0.9919513017440408,0.365601207373461,2.713205760096859,0.0005246351162027486,0.5820978851561097,25.13274122871848
12,84,5.6054676523834606e-8,0,0,1,0.9883382165505025,0.3653523731221925,2.7051643543586663,0.7132995008869369,0.0006162296922695799,25.13274122871825
12,85,5.6721994101499304e-8,1,1,1,0.9883803669913683,0.3654168408707404,2.7048024514584155,0.0003704610526277914,0.5308405818032657,25.13274122871816
12,86,5.7389311679164e-8,2,2,1,0.9884858522104868,0.3654588301018981,2.7047803221360796,0.04396892771267332,0.00046891357768329476,25.132741228718267
12,87,5.80566292568287e-8,3,3,1,0.9885546513950726,0.365654293984746,2.703522610447758,0.03306314319539031,0.0005847367485437164,25.13274122871808
12,88,5.87239468344934e-8,4,4,1,0.9885879527089635,0.3662326041600852,2.6993444643635236,0.00030839277493368677,0.3436088182060745,25.132741228718224
12,89,5.9391264412158096e-8,5,5,1,0.9886384751048736,0.3664001266709856,2.698248180445189,0.5810167144843252,0.0005867149541798879,25.132741228718345
12,90,6.00585819898228e-8,6,6,1,0.9887128944158364,0.366397267797064,2.6984723449506007,0.0006648024876202248,0.7124895563089669,25.132741228718224
12,91,6.072589956748749e-8,7,7,1,0.9887552301890197,0.3746722446596362,2.6389871261673927,0.534392477335759,0.0004138071393940718,25.132741228718118
12,92,6.139321714515219e-8,8,8,1,0.9887768545956641,0.37467638800754915,2.6390156578955324,0.0005000818064270857,0.045169657939394425,25.132741228718228
12,93,6.206053472281688e-8,9,9,1,0.9887662389171311,0.3746007529345039,2.639520158919727,0.0006456347494926853,0.0325009625996302,25.13274122871837
12,94,6.272785230048159e-8,10,10,1,0.9887645762948181,0.3746338078087841,2.6392828294863633,0.3413683168427251,0.0003516019098177697,25.132741228718196
12,95,6.339516987814628e-8,11,11,1,0.9888179741243821,0.37454553967123555,2.640047389143483,0.0006687868153256095,0.5796214108705783,25.132741228718412
12,96,6.406248745581098e-8,0,0,1,0.984538428247816,0.3745601085225104,2.6285191771527026,0.7111296876729409,0.000767580755628913,25.132741228718302
12,97,6.472980503347567e-8,1,1,1,0.9846188683647427,0.3745480583102868,2.6288185094502743,0.00047640514359902753,0.5377810519633218,25.132741228718217
12,98,6.539712261114038e-8,2,2,1,0.9846687596773076,0.37472843602715833,2.62768625225427,0.046433742938421146,0.0005723695168987722,25.13274122871837
12,99,6.606444018880507e-8,3,3,1,0.9847098794030233,0.3748104655241984,2.627220875558633,0.031999393736170556,0.0006988186723948412,25.132741228718317
12,100,6.673175776646977e-8,4,4,1,0.9848256154812013,0.37490701990597664,2.6268529613774287,0.00039123211944204467,0.3388886816198679,25.132741228718388
12,101,6.739907534413447e-8,5,5,1,0.9848889286899745,0.37533223181006187,2.6240456993002956,0.5786447565120887,0.0007298854599340074,25.13274122871819
12,102,6.806639292179917e-8,6,6,1,0.9849748068793297,0.37517374147445626,2.625383117188098,0.0008251852466536603,0.7100322466851292,25.132741228718224
12,103,6.873371049946386e-8,7,7,1,0.9849382372605691,0.3836794330247954,2.5670863551263565,0.5406200462016899,0.0005207515754689506,25.132741228718256
12,104,6.940102807712857e-8,8,8,1,0.9850070298758974,0.3836290199503371,2.5676030191965458,0.0006463845302988011,0.04756990897898325,25.132741228718356
12,105,7.006834565479326e-8,9,9,1,0.9850178500162287,0.38336458994771344,2.5694022761741606,0.0007252861587626953,0.03132198636909821,25.132741228718302
12,106,7.073566323245796e-8,10,10,1,0.985019459569907,0.3831145318734787,2.571083521037526,0.3367556394164963,0.00043308839419722807,25.13274122871831
12,107,7.140298081012265e-8,11,11,1,0.985018393269974,0.3831447870517811,2.570877711398566,0.0007925625504105052,0.5783578217975862,25.13274122871827
12,108,7.207029838778735e-8,0,0,1,0.9801775075253757,0.3831019847471348,2.5585289206275936,0.7081523911165712,0.0008888014428105507,25.13274122871828
12,109,7.273761596545205e-8,1,1,1,0.9802754723911735,0.3830710175648584,2.5589914857633453,0.0005722883400462699,0.5437534651410987,25.13274122871819
12,110,7.340493354311674e-8,2,2,1,0.9803617885389959,0.38339795543825966,2.5570344719714293,0.048719346462976626,0.0007194891390155491,25.132741228718313
12,111,7.407225112078145e-8,3,3,1,0.9804382327129164,0.38357192060762885,2.556074050362634,0.030856928741034923,0.0007703667939197248,25.132741228718242
12,112,7.473956869844614e-8,4,4,1,0.9805096658874753,0.3838582944682718,2.5543532079870697,0.0004824813878861516,0.3343727150594789,25.132741228718263
12,113,7.540688627611084e-8,5,5,1,0.9805384509427975,0.3841142051918366,2.5527263446377653,0.5772766723921746,0.0008782636749033848,25.13274122871823
12,114,7.607420385377553e-8,6,6,1,0.9805988015500164,0.38410063628886076,2.552973645200011,0.000981575228362658,0.706828800989277,25.132741228718267
12,115,7.674152143144024e-8,7,7,1,0.9806200390913232,0.39264468569869654,2.4974743701072804,0.546514569636465,0.0006325223861299437,25.132741228718256
12,116,7.740883900910493e-8,8,8,1,0.9806852770115455,0.3925728780322886,2.4980973772999304,0.0007666656283511212,0.04987783824098086,25.132741228718352
12,117,7.807615658676963e-8,9,9,1,0.9807350043081481,0.39209477952007166,2.501270242640258,0.000827552765508509,0.030447737271573922,25.13274122871844
12,118,7.874347416443433e-8,10,10,1,0.980726044877174,0.391912665127683,2.502409674761745,0.3321253034041586,0.0005441222151615218,25.13274122871832
12,119,7.941079174209903e-8,11,11,1,0.9807530004750618,0.39186984519816925,2.502751902175819,0.0009428593652773141,0.5762725420391653,25.132741228718306
12,120,8.007810931976372e-8,0,0,1,0.975457758086536,0.3918798729323185,2.489175447535697,0.7054503932565007,0.0010539019759254697,25.132741228718306
12,121,8.074542689742843e-8,1,1,1,0.9755686361098116,0.39180205017789727,2.489952861826159,0.0006938646209920792,0.5488482122324373,25.13274122871825
12,122,8.141274447509312e-8,2,2,1,0.9756885084137199,0.39169770569187295,2.4909221939156323,0.051028742930690665,0.0008233364286344304,25.132741228718473
12,123,8.208006205275782e-8,3,3,1,0.9757007894994214,0.3920739527654023,2.488563146359362,0.029936800892879308,0.0008802282825660703,25.132741228718203
12,124,8.274737963042251e-8,4,4,1,0.975830613753715,0.39223173380883264,2.487893073509751,0.0005901710519973795,0.3299917264168161,25.132741228718285
12,125,8.341469720808722e-8,5,5,1,0.975941020903016,0.3921967435715923,2.4883965430601953,0.5753085143701162,0.0010261403207939771,25.132741228718164
12,126,8.408201478575191e-8,6,6,1,0.9760676291401359,0.3919030602660254,2.490584351338255,0.0011804332425856187,0.7039208052364873,25.13274122871816
12,127,8.474933236341661e-8,7,7,1,0.9761198996770908,0.40048042964130603,2.4373722844618437,0.5514344150701841,0.0007695449279882033,25.13274122871834
12,128,8.54166499410813e-8,8,8,1,0.976127275817356,0.4006199723384624,2.436541718376133,0.000899507103708217,0.05219440100487313,25.132741228718245
12,129,8.6083967518746e-8,9,9,1,0.9760788820435178,0.40055101082176836,2.4368403915421397,0.0009390366019317994,0.029522874164948854,25.132741228718306
12,130,8.67512850964107e-8,10,10,1,0.9759239055746081,0.4007893188891971,2.43500477577451,0.3275826345239414,0.0006640136730019306,25.132741228718196
12,131,8.741860267407539e-8,11,11,1,0.9759916108747467,0.4008029418933098,2.435090935870793,0.0011550463468729876,0.5743136776945865,25.13274122871836
12,132,8.80859202517401e-8,0,0,1,0.9701547544596008,0.40065344635848577,2.4214311976529266,0.7025356660466727,0.0013355342564651197,25.13274122871821
12,133,8.875323782940479e-8,1,1,1,0.9702002513434134,0.4008328060169323,2.4204611917479366,0.0008840216087749752,0.5546410026562149,25.132741228718395
12,134,8.94205554070695e-8,2,2,1,0.9702896517691456,0.40104965174343354,2.419375375470657,0.053650052897305685,0.0010142682820508471,25.132741228718338
12,135,9.008787298473418e-8,3,3,1,0.9703742283850417,0.4011319966889775,2.419089567510699,0.029198165966453297,0.0010215937861470959,25.132741228718253
12,136,9.075519056239889e-8,4,4,1,0.9704852008397457,0.4012591691837084,2.418599437401089,0.0007383987103835174,0.3251494180156638,25.13274122871844
12,137,9.142250814006358e-8,5,5,1,0.9706241551031051,0.4014314747610186,2.41790745402049,0.5726160785277838,0.0012564950593619824,25.132741228718345
12,138,9.208982571772829e-8,6,6,1,0.9706452302979004,0.401523412616409,2.4174063075748853,0.0014286355850053473,0.7013278450630521,25.132741228718512
12,139,9.275714329539298e-8,7,7,1,0.9707431483444853,0.40995730533843733,2.367912794097169,0.5572587385750476,0.0009683804205723782,25.132741228718334
12,140,9.342446087305768e-8,8,8,1,0.9708371538669636,0.4100449165050408,2.367636116896059,0.0011145953638206569,0.05496458640869822,25.132741228718277
12,141,9.409177845072237e-8,9,9,1,0.9708542494309851,0.40981395400033904,2.3690121821234564,0.0010998618329947645,0.028813874875517793,25.132741228718285
12,142,9.475909602838708e-8,10,10,1,0.9708787414002005,0.409799610131676,2.3691548683714942,0.3226406447222403,0.0008059936131512032,25.132741228718263
12,143,9.542641360605177e-8,11,11,1,0.9708533736633214,0.4098490529908051,2.368807165903351,0.0013643438936510462,0.571291542297293,25.13274122871828
12,144,9.609373118371647e-8,0,0,1,0.9644069975716806,0.4097018315311227,2.353924057326114,0.6996867036342029,0.0015527358783394818,25.13274122871825
12,145,9.676104876138116e-8,1,1,1,0.9644422626511975,0.40979115188978243,2.353497039171295,0.0010547182478067838,0.5598870412827613,25.132741228718533
12,146,9.742836633904587e-8,2,2,1,0.9646810997284593,0.4097841098025983,2.3541203200708947,0.05621715582841331,0.0012056310250872007,25.132741228718377
12,147,9.809568391671056e-8,3,3,1,0.964813704717473,0.4099633210775791,2.3534146961769227,0.02841270253817589,0.0011473969417095983,25.13274122871824
12,148,9.876300149437527e-8,4,4,1,0.964918969245325,0.4100986971209402,2.35289450081029,0.0008755721328259968,0.3204297229697383,25.13274122871826
12,149,9.943031907203996e-8,5,5,1,0.9650266090984007,0.41033521300633946,2.35180062180891,0.5702189486493601,0.0014318235111544222,25.132741228718228
12,150,1.0009763664970465e-7,6,6,1,0.9651087359889381,0.4103428244121893,2.3519571406456143,0.001651090061222683,0.698318043805271,25.132741228718267
12,151,1.0076495422736935e-7,7,7,1,0.9651128625126445,0.4188443013927758,2.3042282282542015,0.5627287258585086,0.001115368386034806,25.132741228718267
12,152,1.0143227180503404e-7,8,8,1,0.965126494137297,0.4190647784729156,2.3030484634243096,0.001251358206059828,0.057508175128858925,25.132741228718302
12,153,1.0209958938269875e-7,9,9,1,0.9650850346616657,0.4191870009393411,2.30227805847758,0.0012462868796876624,0.027865796439593974,25.13274122871823
12,154,1.0276690696036344e-7,10,10,1,0.9650616005243253,0.4190362135154847,2.3030505941908603,0.317824035143652,0.0009284702881701349,25.132741228718324
12,155,1.0343422453802815e-7,11,11,1,0.9651403586081647,0.4191099457679323,2.302833345650494,0.00152962904161516,0.5697899954662768,25.13274122871829
12,156,1.0410154211569284e-7,0,0,1,0.958320298851564,0.4186845255066055,2.288883969838634,0.6965244162383645,0.0017923583673850221,25.132741228718096
12,157,1.0476885969335754e-7,1,1,1,0.9584004274534442,0.4187882684840259,2.288508297815418,0.0012163308629335576,0.5654497725316775,25.132741228718153
12,158,1.0543617727102223e-7,2,2,1,0.9584515821292634,0.41921315618732924,2.2863108372986525,0.05892843690332734,0.0013122990713274976,25.13274122871839
12,159,1.0610349484868694e-7,3,3,1,0.9584868082886824,0.4195993585055662,2.2842904519740053,0.02758287792406927,0.0012822132204284543,25.13274122871826
12,160,1.0677081242635163e-7,4,4,1,0.9585988138406456,0.4199302883731263,2.282757020348313,0.0009816469794235463,0.31596742398599253,25.1327412287184
12,161,1.0743813000401633e-7,5,5,1,0.9586639318729834,0.42024644201543554,2.281194642066171,0.5686057843493068,0.0016278479532193997,25.132741228718295
12,162,1.0810544758168102e-7,6,6,1,0.9587521309227678,0.4201205091729616,2.282088376999596,0.0018784203378561133,0.6949093541512074,25.13274122871835
12,163,1.0877276515934573e-7,7,7,1,0.9588143097872408,0.4287735593683344,2.2361787214672426,0.5679987730636241,0.0012776870719042853,25.13274122871818
12,164,1.0944008273701042e-7,8,8,1,0.9589367599407486,0.4287143777717722,2.236773035056087,0.0013812799842016575,0.06042227633717707,25.13274122871834
12,165,1.1010740031467513e-7,9,9,1,0.9589709947342957,0.42848266507581556,2.2380625236370197,0.0013613748623308164,0.027175431058623665,25.132741228718263
12,166,1.1077471789233982e-7,10,10,1,0.9589275090042769,0.42843977482325507,2.238185073736127,0.31338709489811584,0.0010351055139797667,25.132741228718295
12,167,1.1144203547000452e-7,11,11,1,0.958919185826484,0.42857642052936346,2.2374520386400603,0.001709676026470376,0.5677275268483581,25.132741228718334
12,168,1.1210935304766921e-7,0,0,1,0.9514090637904128,0.428563964349185,2.2199931467294913,0.6932139154071587,0.0019783675787822786,25.13274122871832
12,169,1.1277667062533392e-7,1,1,1,0.9515458468172224,0.42862302946638914,2.2200063491731696,0.0013661134557083749,0.5702259518692886,25.132741228718405
12,170,1.1344398820299861e-7,2,2,1,0.9515785115473172,0.4290184724055182,2.218036221638175,0.061989250722295046,0.0015051744991447442,25.132741228718345
12,171,1.141113057806633e-7,3,3,1,0.9516569547508786,0.4291006303474933,2.217794352761053,0.02674153672047567,0.0014522888406721883,25.132741228718366
12,172,1.14778623358328e-7,4,4,1,0.9518394863404125,0.4293580680908206,2.216889717649543,0.0011375291881777032,0.3108525191582931,25.132741228718256
12,173,1.154459409359927e-7,5,5,1,0.9520103267617794,0.4296604709014615,2.21572704783474,0.5664527045416282,0.0018310868669961632,25.132741228718192
12,174,1.161132585136574e-7,6,6,1,0.9520733250977633,0.4296594250249786,2.215879065244324,0.002096143495009771,0.6914012616235399,25.13274122871815
12,175,1.1678057609132209e-7,7,7,1,0.9521345782979642,0.43808863598317754,2.1733834208256564,0.572828859499322,0.0014525403593748942,25.132741228718356
12,176,1.174478936689868e-7,8,8,1,0.9521224986509828,0.43802703916119334,2.173661471844899,0.0015937877388040645,0.063316063508679,25.132741228718377
12,177,1.1811521124665149e-7,9,9,1,0.9520677385018184,0.4379363066323384,2.1739867740655487,0.0015613644208070131,0.02639522903902935,25.13274122871832
12,178,1.1878252882431619e-7,10,10,1,0.952068432354302,0.43773505754791164,2.1749878515272787,0.30818088909686336,0.0011921600517920713,25.132741228718228
12,179,1.194498464019809e-7,11,11,1,0.9520476349893994,0.4377883614676375,2.174675525401735,0.0019323245071719188,0.5648943970172347,25.132741228718334
12,180,1.201171639796456e-7,0,0,1,0.9441412522965946,0.4377251453794132,2.156927154546326,0.6892880835709055,0.0022369693113609528,25.132741228718295
12,181,1.2078448155731028e-7,1,1,1,0.9442167365085964,0.437745733671527,2.1569981472786024,0.0015481675573932312,0.5753745587050944,25.13274122871818
12,182,1.2145179913497497e-7,2,2,1,0.9443261038236596,0.43792852984128655,2.156347530419863,0.06477693936900691,0.0016837246752951494,25.132741228718352
12,183,1.221191167126397e-7,3,3,1,0.9443366437974505,0.4382834903746297,2.154625178763325,0.026158854435656527,0.0016881240634120725,25.132741228718306
12,184,1.2278643429030438e-7,4,4,1,0.9445599909442287,0.43841140959040015,2.1545059509895377,0.0012934529962574442,0.30601377503201055,25.13274122871819
12,185,1.2345375186796907e-7,5,5,1,0.9447138014397127,0.4385666587119261,2.1540939847418974,0.5634153773064678,0.0020669484567250986,25.13274122871827
12,186,1.2412106944563376e-7,6,6,1,0.9448347658995099,0.4384337359281514,2.155022956660309,0.0023943014012910786,0.6874723319392538,25.132741228718245
12,187,1.2478838702329848e-7,7,7,1,0.9448484467286592,0.4468323305395774,2.1145480802333547,0.5775670064914199,0.0016691690687138934,25.132741228718377
12,188,1.2545570460096317e-7,8,8,1,0.9448404384083267,0.4468409256449664,2.1144894842489013,0.0017662500146530154,0.06619513297909559,25.132741228718306
12,189,1.2612302217862786e-7,9,9,1,0.9448156808987954,0.4466403836278795,2.1153834618008323,0.0017864987425188338,0.02551874011031047,25.132741228718075
12,190,1.2679033975629256e-7,10,10,1,0.9447024110264495,0.44666326494877046,2.1150215053722876,0.3031222364555002,0.0013990865232336074,25.132741228718448
12,191,1.2745765733395727e-7,11,11,1,0.944671699137122,0.44672583512959024,2.114656518271622,0.0022038597583031888,0.5614846750264767,25.132741228718274
12,192,1.2812497491162196e-7,0,0,1,0.9363523046989356,0.4466845494202723,2.096227205338032,0.6851762040229945,0.0025905742616267793,25.132741228718245
12,193,1.2879229248928666e-7,1,1,1,0.936369727170453,0.44675440938238387,2.095938411587114,0.001844274860433862,0.5799954718935981,25.132741228718373
12,194,1.2945961006695135e-7,2,2,1,0.9364265392528693,0.4469368554097548,2.095209933838074,0.06782551089787853,0.0019013124476704344,25.132741228718352
12,195,1.3012692764461604e-7,3,3,1,0.9365422374680198,0.44695275924069167,2.0953942404541146,0.02519493201156624,0.0018653913138729997,25.132741228718302
12,196,1.3079424522228076e-7,4,4,1,0.9367725865790113,0.4472137717082597,2.0946863577137687,0.0014663283912822113,0.3007007195852831,25.13274122871829
12,197,1.3146156279994545e-7,5,5,1,0.9369777788488872,0.4474479142677204,2.09404882439181,0.559599672415169,0.002388859612617648,25.132741228718334
12,198,1.3212888037761014e-7,6,6,1,0.9370112482737946,0.4475381027840848,2.0937016143312754,0.0027973701120749465,0.683275662930628,25.132741228718146
12,199,1.3279619795527483e-7,7,7,1,0.9370949651572876,0.4561096147102798,2.05453894181233,0.5817809019109353,0.0020298490086434963,25.1327412287182
12,200,1.3346351553293955e-7,8,8,1,0.9370761801894892,0.45633861399715964,2.053466771048487,0.0019888857121674068,0.06947356791616453,25.132741228718448
12,201,1.3413083311060424e-7,9,9,1,0.9371481185587675,0.4560909967106864,2.054739350957264,0.0019181568537961506,0.024686423976617636,25.132741228718125
12,202,1.3479815068826893e-7,10,10,1,0.9370640065237954,0.45622322522480807,2.053959453866139,0.2979060771826753,0.0015202228802801638,25.13274122871834
12,203,1.3546546826593362e-7,11,11,1,0.9368744411225725,0.4562684145357842,2.0533405584863145,0.0024969377102166436,0.5576599488934172,25.13274122871821
12,204,1.3613278584359834e-7,0,0,1,0.9280558625565494,0.45613574062624423,2.034604570302669,0.680968855626869,0.0029355066972756847,25.132741228718235
12,205,1.3680010342126303e-7,1,1,1,0.9281672725408949,0.45623793903580984,2.0343930066456917,0.0021160670785802613,0.5839451143846625,25.13274122871827
12,206,1.3746742099892772e-7,2,2,1,0.928342813533996,0.4565427858009379,2.033419084490304,0.07126847446714457,0.0020990025939481155,25.132741228718263
12,207,1.3813473857659242e-7,3,3,1,0.9285261723838941,0.45676028706098704,2.0328522393189505,0.024271324781830854,0.002064299426573394,25.132741228718398
12,208,1.3880205615425713e-7,4,4,1,0.9287308074724154,0.4570648733188597,2.0319452701072263,0.0016339087165324873,0.2951571655601139,25.132741228718103
12,209,1.3946937373192182e-7,5,5,1,0.9289582770102256,0.45747413278424287,2.0306247073609893,0.5560960238749202,0.0025800467509788103,25.132741228718306
12,210,1.4013669130958652e-7,6,6,1,0.9291704708734799,0.45741816346429,2.031337067676411,0.0029888984694703535,0.6790872047590768,25.13274122871836
12,211,1.408040088872512e-7,7,7,1,0.9292290862564908,0.465809962235334,1.994867352766128,0.5860748379059068,0.0021999647856464793,25.132741228718327
12,212,1.4147132646491592e-7,8,8,1,0.9292288229757721,0.46572481627479395,1.9952314983092818,0.0021744546882980454,0.07309339107418215,25.132741228718288
12,213,1.4213864404258062e-7,9,9,1,0.9292572906301355,0.4655386291217105,1.9960906195545596,0.002193153196079632,0.024083655256533897,25.132741228718245
12,214,1.428059616202453e-7,10,10,1,0.9291597816347604,0.46536072015129926,1.9966441975005318,0.292427743438172,0.0017641853152219715,25.13274122871815
12,215,1.4347327919791e-7,11,11,1,0.9292353164520469,0.4652175433003601,1.9974210556632026,0.0027735128108977427,0.5539663998059544,25.13274122871829
12,216,1.441405967755747e-7,0,0,1,0.919959987915095,0.4653485776513159,1.9769266139337336,0.6768711965241277,0.00322193344282979,25.132741228718192
12,217,1.448079143532394e-7,1,1,1,0.9199857933783493,0.46535074438666135,1.976972862890556,0.0023271386099742376,0.5879199921816348,25.132741228718345
12,218,1.454752319309041e-7,2,2,1,0.9200584525436247,0.4656098887439725,1.976028591286089,0.07489187336889885,0.0022898920384891402,25.13274122871838
12,219,1.461425495085688e-7,3,3,1,0.9201556120256374,0.46594543874311567,1.9748140780340082,0.023818364111991085,0.0023053989225350026,25.132741228718206
12,220,1.4680986708623348e-7,4,4,1,0.9202463859797133,0.46628222131206104,1.973582401212409,0.0018818342762997316,0.2894609362937586,25.132741228718338
12,221,1.474771846638982e-7,5,5,1,0.9203881048137725,0.46646682111215265,1.973105188101864,0.5524302571909959,0.0028950979433838035,25.13274122871817
12,222,1.481445022415629e-7,6,6,1,0.9205009690061673,0.4663591574292121,1.9738027105126346,0.00339856734445913,0.675001580804006,25.132741228718437
12,223,1.4881181981922758e-7,7,7,1,0.9205171782121937,0.4749530751495984,1.9381223669775245,0.5898290304209018,0.002405468800246822,25.13274122871823
12,224,1.4947913739689227e-7,8,8,1,0.9205703946156364,0.4748645593668924,1.938595703673856,0.0023589193176230495,0.07673580368722625,25.132741228718256
12,225,1.50146454974557e-7,9,9,1,0.9204726477567311,0.4747198250072017,1.9389808456867523,0.002417239757495771,0.02349441408060598,25.13274122871826
12,226,1.5081377255222168e-7,10,10,1,0.9203852081321042,0.47453872695475285,1.9395365559276319,0.28692898802189354,0.0019909715790960153,25.13274122871826
12,227,1.5148109012988638e-7,11,11,1,0.9202902627380157,0.47458429791062534,1.9391502558968494,0.00305744967711077,0.5506354527003501,25.132741228718434
12,228,1.5214840770755107e-7,0,0,1,0.9105749765246591,0.4746923803853143,1.9182422430828423,0.6729390159623468,0.0035991488145862656,25.13274122871828
12,229,1.5281572528521578e-7,1,1,1,0.9106532927281179,0.47462127596633985,1.9186946284150597,0.002535123994041178,0.5921507298405887,25.13274122871821
12,230,1.5348304286288048e-7,2,2,1,0.9107629524015852,0.47488743989864135,1.9178501595998747,0.07828024028320878,0.00246316098927323,25.132741228718384
12,231,1.5415036044054517e-7,3,3,1,0.9107855056376988,0.47527465530658564,1.9163351032261082,0.02323425586851377,0.002561444129422204,25.132741228718373
12,232,1.5481767801820986e-7,4,4,1,0.9109344215711592,0.4754540993329139,1.9159250553297285,0.0020496852602188364,0.2844868690095455,25.13274122871828
12,233,1.5548499559587458e-7,5,5,1,0.9111123215284995,0.4757402949477478,1.9151464174977446,0.5487147475736188,0.003195425919919548,25.13274122871815
12,234,1.5615231317353927e-7,6,6,1,0.9112114366570098,0.4756759474967773,1.9156138574006483,0.0038065766700380627,0.6706423126763214,25.132741228718235
12,235,1.5681963075120396e-7,7,7,1,0.9113737056863767,0.4838008761255124,1.883778535055689,0.5943092136869518,0.0026735284695929545,25.13274122871819
12,236,1.5748694832886865e-7,8,8,1,0.9114640324180643,0.4837869275542406,1.884019555935343,0.002596114278526571,0.08001272162990236,25.13274122871828
12,237,1.5815426590653334e-7,9,9,1,0.9114496056272569,0.48361941358471716,1.884642303482706,0.0026956147650412233,0.023111303361940522,25.132741228718256
12,238,1.5882158348419806e-7,10,10,1,0.9113418814313795,0.4835824586981883,1.8845635631299085,0.2820207881309255,0.002165793692286497,25.132741228718317
12,239,1.5948890106186275e-7,11,11,1,0.9112739444449957,0.48365985735033645,1.8841215176245631,0.0033129575787034077,0.5470328628390125,25.132741228718338
12,240,1.6015621863952744e-7,0,0,1,0.9012606340081346,0.4835732165890319,1.8637521746248351,0.6685084269841853,0.003899740630042051,25.132741228718267
12,241,1.6082353621719213e-7,1,1,1,0.9013848958483264,0.48344365854956484,1.8645086762595569,0.002795202907944599,0.5961474985601128,25.132741228718043
12,242,1.6149085379485685e-7,2,2,1,0.9015067917547646,0.48364956080308913,1.8639669397359382,0.08172263616777938,0.002738778423990822,25.13274122871842
12,243,1.6215817137252154e-7,3,3,1,0.901613616036019,0.48369621217779124,1.8640080144035005,0.022959619089423,0.002834941735581306,25.1327412287183
12,244,1.6282548895018623e-7,4,4,1,0.9018417592300556,0.48395852531396166,1.8634691033596273,0.002311594766857475,0.2798172512337646,25.13274122871819
12,245,1.6349280652785093e-7,5,5,1,0.902097018963385,0.4839950813805783,1.8638557573564307,0.5455796518922698,0.003442106047958825,25.13274122871818
12,246,1.6416012410551564e-7,6,6,1,0.9020813401754493,0.48401490185341134,1.8637470390294997,0.0041351883912472956,0.6663569608698319,25.132741228718327
12,247,1.6482744168318034e-7,7,7,1,0.9021457075126982,0.49212187962790727,1.833175367441109,0.5972519280434769,0.002988012003760967,25.132741228718338
12,248,1.6549475926084503e-7,8,8,1,0.9022254495630018,0.4920167874818991,1.833728995672112,0.002852514163265831,0.08337856129617775,25.13274122871834
12,249,1.6616207683850972e-7,9,9,1,0.9020218643070244,0.4919586410155533,1.8335319051312422,0.00301420911043411,0.022810181898991387,25.132741228718295
12,250,1.6682939441617444e-7,10,10,1,0.901835887525005,0.4919028665328714,1.8333617241987343,0.27731604033251445,0.0024796219209222503,25.13274122871834
12,251,1.6749671199383913e-7,11,11,1,0.901789323378838,0.492060959700385,1.8326780566536631,0.003607666066007142,0.5441423290710079,25.13274122871826
12,252,1.6816402957150382e-7,0,0,1,0.8912888564244341,0.49205727832507024,1.8113518398880741,0.6642260666629615,0.004349236138214395,25.132741228718306
12,253,1.688313471491685e-7,1,1,1,0.8913647549562965,0.4918452227640554,1.8122871051731164,0.003148695215535524,0.5985543258922325,25.13274122871823
12,254,1.6949866472683323e-7,2,2,1,0.8915715812164983,0.49202363817188716,1.812050300122024,0.08509058847472407,0.0030068135534952736,25.13274122871842
12,255,1.7016598230449792e-7,3,3,1,0.8916471202877785,0.4924188266098253,1.8107494516944762,0.02259749537197641,0.003212692022758472,25.132741228718324
12,256,1.708332998821626e-7,4,4,1,0.8918361390055568,0.492788076543529,1.8097762130549013,0.0025980979819014392,0.2750986633741031,25.132741228718295
12,257,1.715006174598273e-7,5,5,1,0.8919290736036305,0.4930838933114965,1.8088789467721897,0.542413189623023,0.0038201278614658314,25.132741228718363
12,258,1.72167935037492e-7,6,6,1,0.8919918079775869,0.49320506080800053,1.8085617501902111,0.004562746524173078,0.6618761967441088,25.132741228718235
12,259,1.728352526151567e-7,7,7,1,0.8919984162922575,0.5012489670297554,1.7795516299573866,0.6003364177519008,0.003287236029246381,25.13274122871816
12,260,1.735025701928214e-7,8,8,1,0.8919704319687966,0.5012523670361233,1.7794837304070341,0.003125478137120922,0.08714337198377856,25.132741228718217
12,261,1.741698877704861e-7,9,9,1,0.891888861581075,0.5010528104517107,1.7800296555107966,0.003402200713458812,0.022292196002196972,25.13274122871834
12,262,1.7483720534815079e-7,10,10,1,0.891857110782124,0.5008308148192215,1.780755265835722,0.2727268858392176,0.0027112682533480675,25.13274122871839
12,263,1.755045229258155e-7,11,11,1,0.8917863730822634,0.5008138760095611,1.780674250058595,0.003986484304499568,0.5409145476259946,25.13274122871826
12,264,1.761718405034802e-7,0,0,1,0.8809551896308855,0.5005353370420071,1.7600259650737742,0.6592129377645557,0.004836829374911327,25.132741228718196
12,265,1.7683915808114489e-7,1,1,1,0.8810491945202961,0.5006283388143932,1.7598867786966073,0.003543074976917663,0.6017121148785316,25.13274122871827
12,266,1.7750647565880958e-7,2,2,1,0.8812544729651864,0.5007657940424949,1.7598136363331625,0.08869526042007755,0.0032634360651680305,25.132741228718224
12,267,1.781737932364743e-7,3,3,1,0.8813737642298505,0.5009666386318601,1.7593462244050468,0.022126045943521445,0.003550110082767232,25.132741228718373
12,268,1.78841110814139e-7,4,4,1,0.881674993550322,0.5010874122068436,1.7595233328000182,0.0028523937205060367,0.27042005399781927,25.1327412287183
12,269,1.7950842839180368e-7,5,5,1,0.8817474485668949,0.5014919989898964,1.7582482877950354,0.5389560045620215,0.004205080854850253,25.132741228718203
12,270,1.8017574596946837e-7,6,6,1,0.8819237732407551,0.5013831136228897,1.7589818030929643,0.005062271135913149,0.6570614408618566,25.13274122871822
12,271,1.808430635471331e-7,7,7,1,0.8820591592126265,0.5091072405758079,1.732560625566834,0.6034922536171873,0.0037053164265562796,25.132741228718363
12,272,1.8151038112479778e-7,8,8,1,0.882076711397122,0.508976740281166,1.7330393347834523,0.003445378353163717,0.090349764343887,25.13274122871836
12,273,1.8217769870246247e-7,9,9,1,0.8819955745630177,0.5088528676677475,1.733301766786763,0.0036760380306977256,0.022003286606341727,25.132741228718228
12,274,1.8284501628012716e-7,10,10,1,0.881814200140105,0.508891754688223,1.732812905723647,0.26794907664057743,0.002984297358159745,25.132741228718295
12,275,1.8351233385779188e-7,11,11,1,0.8818305133999296,0.5088828989713362,1.7328751176006807,0.00440538225405237,0.5375818532211236,25.13274122871837
12,276,1.8417965143545657e-7,0,0,1,0.87085516501232,0.5087506058574807,1.7117525856200706,0.6551263829668174,0.005339210147777329,25.132741228718253
12,277,1.8484696901312126e-7,1,1,1,0.8709345492342064,0.5087839357979953,1.7117964777488521,0.0038896254414191055,0.6045156807542057,25.13274122871806
12,278,1.8551428659078595e-7,2,2,1,0.8712564066840424,0.5089290060293542,1.7119409512174468,0.09205252871932655,0.0034917854466835893,25.132741228718448
12,279,1.8618160416845065e-7,3,3,1,0.8713143643987473,0.5091123740253489,1.711438198819666,0.02177437904617611,0.0038568233253696957,25.132741228718345
12,280,1.8684892174611536e-7,4,4,1,0.8714378334981433,0.5094634144073581,1.710501301672188,0.003149320539162636,0.2656512535152354,25.132741228718324
12,281,1.8751623932378005e-7,5,5,1,0.8715728252322097,0.5098647090131281,1.7094197927901071,0.5358315374208544,0.004535280984021271,25.132741228718245
12,282,1.8818355690144475e-7,6,6,1,0.8716794255973882,0.5099964940049716,1.709187094115378,0.005550679429930176,0.6528980358786559,25.132741228718288
12,283,1.8885087447910944e-7,7,7,1,0.8716759630222684,0.5179261218928665,1.6830121636586914,0.6066512147045919,0.004056072687062557,25.13274122871826
12,284,1.8951819205677416e-7,8,8,1,0.871626506251945,0.5181001169644301,1.6823514948401104,0.0036726613005537726,0.09428320319875867,25.132741228718448
12,285,1.9018550963443885e-7,9,9,1,0.8716669072608524,0.5180944769996665,1.6824477888835196,0.004002866290989554,0.0214184641141926,25.132741228718363
12,286,1.9085282721210354e-7,10,10,1,0.871690280676744,0.518058216650651,1.6826106654815638,0.2624762227305357,0.003292334611333771,25.132741228718125
12,287,1.9152014478976823e-7,11,11,1,0.8716322880797137,0.5182101746978024,1.682005353499691,0.004695921774349828,0.533714869076905,25.13274122871836
12,288,1.9218746236743295e-7,0,0,1,0.8599944985004189,0.5180922719879536,1.6599253549962525,0.6504223295438805,0.005740264296179208,25.132741228718295
12,289,1.9285477994509764e-7,1,1,1,0.860222663428273,0.5180344488366089,1.6605510798753702,0.004245652808697983,0.6080059043847994,25.132741228718388
12,290,1.9352209752276233e-7,2,2,1,0.8602912966343077,0.5181815869848628,1.6602120149426278,0.09612578940284465,0.003796673206972948,25.132741228718352
12,291,1.9418941510042702e-7,3,3,1,0.8603707006307074,0.518345629898745,1.6598397883643285,0.02107548873487415,0.004148371849654059,25.132741228718253
12,292,1.9485673267809174e-7,4,4,1,0.8604800971513503,0.5188375216662475,1.658477001408682,0.0034086211801803846,0.25984300916664155,25.132741228718196
12,293,1.9552405025575643e-7,5,5,1,0.8606565379009,0.51907005722114,1.6580739457568703,0.5319273766679363,0.004840951670972884,25.132741228718256
12,294,1.9619136783342112e-7,6,6,1,0.8606031794445689,0.5190564302254044,1.6580146768836774,0.005984181819388559,0.6475772615404887,25.13274122871838
12,295,1.9685868541108581e-7,7,7,1,0.8606542010883556,0.5266611118730852,1.6341707820944182,0.6091912596705604,0.004460912270035582,25.13274122871833
12,296,1.9752600298875053e-7,8,8,1,0.860534314438297,0.5267012222654757,1.6338187155460175,0.003975406309038736,0.09822212940203873,25.132741228718228
12,297,1.9819332056641522e-7,9,9,1,0.8606440260635149,0.5266347805216566,1.6342331685936247,0.004307550673253709,0.021007542652887564,25.13274122871824
12,298,1.9886063814407991e-7,10,10,1,0.8604868050315487,0.5266290117271797,1.6339525280033835,0.2574610422682249,0.0035311103970517904,25.132741228718317
12,299,1.995279557217446e-7,11,11,1,0.8602737527149231,0.5269352742595559,1.632598527255119,0.005052077796744694,0.5299259529770357,25.132741228718324
12,300,2.001952732994093e-7,0,0,1,0.8485148670792855,0.5269148877208111,1.6103452129613693,0.645037555661642,0.006198069243755076,25.13274122871835
12,301,2.0086259087707401e-7,1,1,1,0.8487992446780832,0.5267923871191713,1.6112595121578082,0.004655762716339227,0.6110087181985971,25.132741228718228
12,302,2.015299084547387e-7,2,2,1,0.84898153706955,0.5268424681249207,1.6114523570796238,0.1000369811318941,0.00411794547692524,25.13274122871838
12,303,2.021972260324034e-7,3,3,1,0.8489798461111253,0.527195445290853,1.6103702216978453,0.020764917840260737,0.00447441056723998,25.132741228718185
12,304,2.028645436100681e-7,4,4,1,0.8489370263803032,0.5276753672527594,1.608824438404489,0.003593898604573024,0.25480185899108676,25.13274122871824
12,305,2.035318611877328e-7,5,5,1,0.8490782000941519,0.5278718868978524,1.608492933927462,0.528455809754661,0.005199972017852001,25.132741228718217
12,306,2.041991787653975e-7,6,6,1,0.8492588570545718,0.5277467617533829,1.6092166141067337,0.006451936485881741,0.6424972522710751,25.132741228718242
12,307,2.048664963430622e-7,7,7,1,0.8493998749176567,0.5352383407717286,1.5869563336829664,0.6124706739080531,0.004765078793550173,25.13274122871833
12,308,2.0553381392072688e-7,8,8,1,0.8493953734720342,0.5353301755337526,1.5866756859449254,0.004288266240914539,0.10225839572680914,25.132741228718203
12,309,2.062011314983916e-7,9,9,1,0.8493870491723658,0.5349402565332732,1.5878166557830073,0.004656280416682171,0.02079137172691038,25.13274122871823
12,310,2.068684490760563e-7,10,10,1,0.8491371520576921,0.53496010634007,1.5872906072698854,0.25241237031209685,0.0037866433203566294,25.132741228718338
12,311,2.0753576665372098e-7,11,11,1,0.8492934687694673,0.5347120122746271,1.5883194117084316,0.005384678045824116,0.5263070402584353,25.13274122871828
12,312,2.0820308423138567e-7,0,0,1,0.8371733384126281,0.5344034756330251,1.5665566871939938,0.640089326917991,0.006721219033563367,25.1327412287183
12,313,2.088704018090504e-7,1,1,1,0.8374015185183534,0.5341423755929202,1.5677496427592044,0.004961202274069706,0.6131696459244601,25.132741228718203
12,314,2.0953771938671508e-7,2,2,1,0.837480564504706,0.5344758760257563,1.5669192980832458,0.10376872521192458,0.0043912293765365285,25.132741228718302
12,315,2.1020503696437977e-7,3,3,1,0.8375752795058844,0.5345073060844525,1.5670043607851956,0.020684343044211146,0.004898266523333848,25.13274122871836
12,316,2.1087235454204446e-7,4,4,1,0.8378365052641255,0.5346800983257312,1.5669865175226871,0.0039221695142551295,0.25045524207369335,25.13274122871842
12,317,2.1153967211970918e-7,5,5,1,0.8379777887455461,0.5347516938935052,1.567040924441518,0.5234454445586257,0.0055766525122527425,25.132741228718217
12,318,2.1220698969737387e-7,6,6,1,0.8380123217533093,0.5346581336328737,1.5673797311549655,0.006933121164488659,0.6369842963804655,25.13274122871837
12,319,2.1287430727503857e-7,7,7,1,0.8381624953924706,0.5416828618210698,1.5473306513236793,0.6141868679770226,0.005168200131786423,25.13274122871833
12,320,2.1354162485270326e-7,8,8,1,0.8380537641985659,0.542022352920162,1.54616089112105,0.0045689187771624515,0.10584575053388329,25.132741228718334
12,321,2.1420894243036795e-7,9,9,1,0.838076962100843,0.5420278225187968,1.5461880871839926,0.005037249317388101,0.020661445610820475,25.132741228718256
12,322,2.1487626000803267e-7,10,10,1,0.8380398160914587,0.5419460698959592,1.5463527879302503,0.2480123531116861,0.00403412936852395,25.13274122871826
12,323,2.1554357758569736e-7,11,11,1,0.8380165515613697,0.5420557909835745,1.545996861394593,0.005763845855492549,0.5220047424439586,25.132741228718096
12,324,2.1621089516336205e-7,0,0,1,0.8256307832981278,0.54204305978614,1.523183017275188,0.635240417105408,0.007143235816585398,25.13274122871833
12,325,2.1687821274102674e-7,1,1,1,0.8256925676366501,0.542325127703645,1.5225047217208272,0.005293665097367374,0.6154473174066918,25.13274122871832
12,326,2.1754553031869146e-7,2,2,1,0.8259546919173675,0.5424547414787749,1.522624154165837,0.10789933968782885,0.004736521397110915,25.132741228718245
12,327,2.1821284789635615e-7,3,3,1,0.82620280216095,0.5424853111895452,1.5229957108871348,0.020552830652796145,0.005221951897150009,25.132741228718345
12,328,2.1888016547402084e-7,4,4,1,0.8263929294182345,0.5426984222699589,1.5227479858180888,0.0041915233975886,0.24592197960312087,25.132741228718125
12,329,2.1954748305168553e-7,5,5,1,0.8266167343902141,0.5428896910719603,1.52262374472063,0.5196543733607052,0.00595875870916448,25.132741228718338
12,330,2.2021480062935025e-7,6,6,1,0.8266662836294146,0.5430416035453134,1.522289044213966,0.007330469801856539,0.6326152514306205,25.132741228718302
12,331,2.2088211820701494e-7,7,7,1,0.826751549522085,0.5499947150343485,1.5031990797774344,0.6158223688467964,0.0055441138435429645,25.132741228718203
12,332,2.2154943578467963e-7,8,8,1,0.8269541744470084,0.5500234020395881,1.5034890722476715,0.004885796435245281,0.10984157229782293,25.132741228718356
12,333,2.2221675336234432e-7,9,9,1,0.8269283189745957,0.5498148486610381,1.5040123434068957,0.005416859932555479,0.02051095104729009,25.13274122871824
12,334,2.2288407094000904e-7,10,10,1,0.8268134349739297,0.5497574824909323,1.5039603121501255,0.243881208202952,0.004363773664166923,25.132741228718245
12,335,2.2355138851767373e-7,11,11,1,0.826719637697081,0.549878771228955,1.5034580001140956,0.006103318417920801,0.5177557806200604,25.132741228718253
12,336,2.2421870609533843e-7,0,0,1,0.814049913777539,0.5498981667231038,1.4803648439647308,0.6304141437087392,0.007631850994938242,25.132741228718324
12,337,2.2488602367300312e-7,1,1,1,0.8143364417217203,0.5496976102937188,1.4814261995546927,0.005696012531960867,0.6165142142288873,25.1327412287183
12,338,2.2555334125066783e-7,2,2,1,0.8147610614574845,0.5499492679517121,1.4815204036766243,0.11186461337889218,0.005047630544651716,25.132741228718313
12,339,2.2622065882833253e-7,3,3,1,0.8149239208799388,0.550335161081934,1.4807774943505976,0.020354498538512053,0.00558701124099182,25.13274122871833
12,340,2.2688797640599722e-7,4,4,1,0.8151082912465378,0.5506478132917577,1.4802715484764073,0.0044752753630489285,0.24152762646117112,25.132741228718327
12,341,2.275552939836619e-7,5,5,1,0.8153327928910329,0.5509872719050546,1.4797670190674204,0.5159726446983567,0.006218804399411115,25.13274122871835
12,342,2.282226115613266e-7,6,6,1,0.8153570095253485,0.5508443209479065,1.4801949997819022,0.007910055394079296,0.6278744803641738,25.132741228718118
12,343,2.2888992913899132e-7,7,7,1,0.8155630936771764,0.5576590053703315,1.462476326613923,0.6174156058332334,0.0058760131293717965,25.13274122871816
12,344,2.29557246716656e-7,8,8,1,0.8155127950763419,0.5575891200162497,1.4625694185937048,0.005140213379603409,0.11384042952878101,25.132741228718373
12,345,2.302245642943207e-7,9,9,1,0.8152729498298651,0.5577967831212592,1.4615949293716761,0.005741057086252961,0.020224371060880913,25.132741228718185
12,346,2.308918818719854e-7,10,10,1,0.8150824476937673,0.5578422371537135,1.4611343376445896,0.23924689019981088,0.004577338377254942,25.132741228718253
12,347,2.315591994496501e-7,11,11,1,0.8147995222962607,0.5579349155525996,1.4603845351554183,0.006386114189807332,0.5136768130048931,25.132741228718235
12,348,2.322265170273148e-7,0,0,1,0.8020044010832814,0.5575489247276136,1.4384466824594715,0.6245850361925247,0.008183346300184304,25.13274122871833
12,349,2.328938346049795e-7,1,1,1,0.8022679532813035,0.5573992130272214,1.4393058593036148,0.006133882606457329,0.6179049069251306,25.13274122871822
12,350,2.3356115218264418e-7,2,2,1,0.8022835223816368,0.5575628673963616,1.438911321566376,0.11591532431627079,0.005311641133558769,25.132741228718217
12,351,2.342284697603089e-7,3,3,1,0.8023579516026862,0.5578642456619994,1.4382673882434498,0.02002099832634755,0.005915758433521847,25.132741228718317
12,352,2.348957873379736e-7,4,4,1,0.8026264266542482,0.5582625422664261,1.4377221573845116,0.004700920790495365,0.2373149708556553,25.13274122871814
12,353,2.3556310491563828e-7,5,5,1,0.8028157878249055,0.5584536495740121,1.4375692386239978,0.5117242807045256,0.006669508177380085,25.13274122871826
12,354,2.3623042249330298e-7,6,6,1,0.8028331868333907,0.5584815953934328,1.4375284583332057,0.008528806834146361,0.6218340221808061,25.132741228718213
12,355,2.368977400709677e-7,7,7,1,0.8029882299328165,0.5650659186630134,1.421052311618341,0.6185301926325009,0.006373757428033507,25.1327412287183
12,356,2.3756505764863239e-7,8,8,1,0.8030622960736505,0.5653465922760696,1.4204778220039216,0.005506715717140354,0.11823252594719055,25.132741228718334
12,357,2.3823237522629708e-7,9,9,1,0.8030342979901349,0.5652990370327572,1.4205477904318484,0.006016818073484924,0.019955148773237986,25.132741228718313
12,358,2.388996928039618e-7,10,10,1,0.8029429544394132,0.5652714466154233,1.4204555337918692,0.23493472826366926,0.004847946368254438,25.13274122871822
12,359,2.395670103816265e-7,11,11,1,0.802818926968755,0.5654204872248748,1.4198617579441615,0.006860091301124864,0.5100030778213359,25.132741228718228
12,360,2.402343279592912e-7,0,0,1,0.7896437933348477,0.5653296704602724,1.3967846277941618,0.6192305094846211,0.008739162905411914,25.132741228718178
12,361,2.4090164553695587e-7,1,1,1,0.7898587852488319,0.5654364990422122,1.3969009545488602,0.006605881134338671,0.6193508247922986,25.13274122871824
12,362,2.4156896311462056e-7,2,2,1,0.7899521676264928,0.5656845707130007,1.3964534451254706,0.12026157076576473,0.005752873710868268,25.132741228718345
12,363,2.4223628069228525e-7,3,3,1,0.79016465980311,0.565925126529169,1.396235337082852,0.019806549963893062,0.006175674671499595,25.132741228718253
12,364,2.4290359826994994e-7,4,4,1,0.790567847574281,0.5659793666944721,1.3968139018768269,0.004980038896829712,0.23238009481983848,25.13274122871833
12,365,2.4357091584761463e-7,5,5,1,0.7904892802285483,0.5665188803963456,1.3953449877531168,0.5080397419642442,0.007068778281665049,25.13274122871824
12,366,2.442382334252794e-7,6,6,1,0.790738502186588,0.5664005510487888,1.396076505791526,0.009033974949506201,0.6167967156511812,25.132741228718274
12,367,2.4490555100294407e-7,7,7,1,0.790748595358846,0.5730357814156274,1.3799288299334136,0.6200240317319716,0.00679171821661275,25.132741228718317
12,368,2.4557286858060876e-7,8,8,1,0.790710857880205,0.5730861007824545,1.3797418168066191,0.005869759744142811,0.12236013585637252,25.132741228718256
12,369,2.4624018615827345e-7,9,9,1,0.7905597008349382,0.5730563460628207,1.3795496834935563,0.006429138241098951,0.01979866055545483,25.132741228718235
12,370,2.4690750373593814e-7,10,10,1,0.7903819985560908,0.5729943113305997,1.3793889100236898,0.2300795601309153,0.005070568881072229,25.13274122871831
12,371,2.4757482131360284e-7,11,11,1,0.7901180640189669,0.573079051131965,1.3787243879501425,0.007207008994467584,0.5058719145569223,25.132741228718345
12,372,2.4824213889126753e-7,0,0,1,0.7767734286911648,0.5730375854430375,1.3555366147416164,0.6137120829344105,0.009255075483452831,25.13274122871827
12,373,2.489094564689322e-7,1,1,1,0.7769294020350552,0.5731052464253099,1.3556487344708137,0.0069137027376528016,0.6201961050164401,25.13274122871815
12,374,2.4957677404659696e-7,2,2,1,0.777194578410467,0.5731680861522809,1.3559627571517996,0.1242600504431762,0.0060503804147536595,25.132741228718313
12,375,2.5024409162426165e-7,3,3,1,0.7770052481152686,0.5734273097058643,1.355019607478807,0.019675047094254557,0.006607348739264296,25.132741228718334
12,376,2.5091140920192635e-7,4,4,1,0.7771864329105698,0.5737292196215414,1.3546223659712473,0.005236573760155632,0.22763333311664952,25.13274122871831
12,377,2.5157872677959104e-7,5,5,1,0.7773736466323775,0.5740681803948748,1.3541486415388122,0.5035448251204341,0.007363116586364096,25.13274122871842
12,378,2.5224604435725573e-7,6,6,1,0.7776565124976615,0.5737475941633365,1.3553982978031895,0.009571758172044682,0.6104484908244593,25.132741228718206
12,379,2.529133619349204e-7,7,7,1,0.7778603599481427,0.579707270972872,1.3418157730585778,0.6204637474910789,0.007221269465535325,25.132741228718256
12,380,2.535806795125851e-7,8,8,1,0.7778045036012295,0.5798704268182562,1.34134190610312,0.006268530761956366,0.1263156677595774,25.13274122871833
12,381,2.542479970902498e-7,9,9,1,0.7776373260962477,0.5798265356065518,1.341155118543803,0.006795929963037323,0.01966886465509366,25.13274122871822
12,382,2.5491531466791455e-7,10,10,1,0.7774105092595436,0.5797565977391116,1.3409256786231099,0.22585165416898048,0.005418986319651446,25.132741228718317
12,383,2.5558263224557924e-7,11,11,1,0.777353805567218,0.5797860289841753,1.3407598091475141,0.007632047832835492,0.501445413782473,25.13274122871826
12,384,2.5624994982324393e-7,0,0,1,0.7636646870677568,0.5798978760192584,1.3168951269661067,0.6077118173202795,0.00989553310734311,25.13274122871826
12,385,2.569172674009086e-7,1,1,1,0.7637951100826773,0.5802951039428308,1.3162184290252508,0.007458649501813937,0.6211289161840275,25.132741228718388
12,386,2.575845849785733e-7,2,2,1,0.7640054697447904,0.5806007695951859,1.3158878006267205,0.12862395008834837,0.0064678965075427195,25.132741228718164
12,387,2.58251902556238e-7,3,3,1,0.7638753671032413,0.5809888090727117,1.3147849927134159,0.01963149200785375,0.007024767555036469,25.132741228718366
12,388,2.589192201339027e-7,4,4,1,0.7640390105304717,0.5813393586332931,1.3142736668074542,0.005609638062272182,0.2234506874573536,25.132741228718317
12,389,2.595865377115674e-7,5,5,1,0.7643206201982385,0.5814457537010306,1.3145175028507288,0.4988893499005378,0.007827176557997001,25.132741228718178
12,390,2.602538552892321e-7,6,6,1,0.7642715254501374,0.5814434756146237,1.3144382171323747,0.010168061149404745,0.6047266914399876,25.132741228718153
12,391,2.609211728668968e-7,7,7,1,0.7644695071626441,0.5872994623393746,1.3016690056509719,0.621085890556548,0.007720061071248366,25.1327412287182
12,392,2.615884904445615e-7,8,8,1,0.7643562323925364,0.5875350545534345,1.3009542604628037,0.00659257595885087,0.13093339511955243,25.13274122871842
12,393,2.622558080222262e-7,9,9,1,0.7641802259460386,0.5875988976389556,1.30051337573404,0.007313232896950224,0.019559245391057196,25.13274122871812
12,394,2.629231255998909e-7,10,10,1,0.7640070392883198,0.5875500961304756,1.3003266348179763,0.22124716532805547,0.005818024257701,25.132741228718423
12,395,2.635904431775556e-7,11,11,1,0.7638910660279683,0.5875624750735926,1.3001018588402713,0.0079137724314361,0.4965448543413499,25.132741228718277
12,396,2.642577607552203e-7,0,0,1,0.750038900802803,0.587558979276277,1.2765338072556731,0.6015289810933446,0.010381650586464444,25.132741228718324
12,397,2.6492507833288497e-7,1,1,1,0.7501557647174033,0.5875868035005433,1.276672246974161,0.00798262222883702,0.6214505469480831,25.132741228718285
12,398,2.6559239591054966e-7,2,2,1,0.7505105122330926,0.5877829546858327,1.2768497389214646,0.13316057401731532,0.006742449766249118,25.13274122871827
12,399,2.662597134882144e-7,3,3,1,0.7505425680970909,0.5881039203417798,1.2762073880767686,0.01948028454145086,0.007530230338432095,25.13274122871838
12,400,2.669270310658791e-7,4,4,1,0.7506883012292432,0.5883235465572814,1.2759786780965658,0.005976611019847677,0.21910674032259114,25.13274122871832
12,401,2.675943486435438e-7,5,5,1,0.7508496511616004,0.588544087906684,1.2757746897640243,0.49469127189436246,0.0081258178640835,25.132741228718245
12,402,2.682616662212085e-7,6,6,1,0.7510609447821375,0.5885969031116071,1.2760191921018733,0.010600297218750327,0.5986242768554685,25.132741228718267
12,403,2.6892898379887317e-7,7,7,1,0.7510864472755582,0.5942481088837313,1.263927366443691,0.6213772947059335,0.00819594822156279,25.13274122871835
12,404,2.6959630137653786e-7,8,8,1,0.7511252298223638,0.5943847910466697,1.2637019673731644,0.007042351955310561,0.13560190946428344,25.13274122871824
12,405,2.7026361895420255e-7,9,9,1,0.7512163572541461,0.5943226026398417,1.2639875278466932,0.007777617244133743,0.019556434861198353,25.13274122871832
12,406,2.7093093653186725e-7,10,10,1,0.7509126039744287,0.5944489070736076,1.2632079814412829,0.21705948411950018,0.006090556555028342,25.132741228718412
12,407,2.7159825410953194e-7,11,11,1,0.7505980489156904,0.5944436992834008,1.2626898894218797,0.008318400540033015,0.4922971981342483,25.132741228718274
12,408,2.722655716871967e-7,0,0,1,0.7365904504865577,0.594533375013577,1.238938773571352,0.595658747147321,0.010868004096015443,25.132741228718288
12,409,2.7293288926486137e-7,1,1,1,0.7367307511059774,0.5947724563459936,1.2386766455731824,0.008517524721608199,0.6214308716756552,25.132741228718324
12,410,2.7360020684252606e-7,2,2,1,0.7369423164560225,0.5949517917960799,1.2386588739085769,0.13805460814388437,0.007252273164960299,25.1327412287182
12,411,2.7426752442019076e-7,3,3,1,0.736965749275161,0.5952771208383674,1.238021290381939,0.01943371559980269,0.007929515867007296,25.13274122871825
12,412,2.7493484199785545e-7,4,4,1,0.7370670125337999,0.5958107513095328,1.2370824308117971,0.006298785262123628,0.21483058861543816,25.132741228718185
12,413,2.7560215957552014e-7,5,5,1,0.7374121071665375,0.5962249372192806,1.2368018530149651,0.4902780392350266,0.008491897125204765,25.13274122871828
12,414,2.7626947715318483e-7,6,6,1,0.7375158223374865,0.5961347275662268,1.237162990568358,0.011077713239777541,0.5926273121246899,25.132741228718306
12,415,2.769367947308495e-7,7,7,1,0.7376399793209883,0.6016396602688533,1.2260494578953802,0.6213112769397889,0.008752913301609724,25.132741228718395
12,416,2.7760411230851427e-7,8,8,1,0.7376471617618887,0.6016367392158677,1.226067348751487,0.0074940640093763495,0.14057246599317086,25.132741228718476
12,417,2.7827142988617896e-7,9,9,1,0.7375256865700638,0.6016813042477583,1.2257746440902673,0.008108876353875952,0.019553897363932298,25.13274122871833
12,418,2.7893874746384365e-7,10,10,1,0.7370966701127931,0.6017097573060924,1.225003685186758,0.21225421536548594,0.0064599894053699635,25.132741228718373
12,419,2.7960606504150834e-7,11,11,1,0.7368426299793812,0.6018258726894076,1.2243452191355912,0.008705544156251452,0.4881725088681252,25.132741228718487
12,420,2.8027338261917303e-7,0,0,1,0.7227386098690816,0.6020425282407079,1.2004776672190791,0.5896089208193174,0.011386256542113065,25.1327412287182
12,421,2.809407001968377e-7,1,1,1,0.7230080036312337,0.6019719195264801,1.201065996898929,0.008988711156289922,0.6214923485955505,25.13274122871835
12,422,2.816080177745024e-7,2,2,1,0.7233909599012928,0.6020488477016082,1.201548616300691,0.1428286230911046,0.007687844082825338,25.132741228718213
12,423,2.822753353521671e-7,3,3,1,0.7232844795444358,0.602326037272167,1.2008188834407176,0.019586354195142576,0.008324757836345896,25.13274122871824
12,424,2.8294265292983185e-7,4,4,1,0.7234597828215217,0.6025830606953565,1.2005976105380034,0.006662041591486618,0.2103426629747227,25.132741228718437
12,425,2.8360997050749654e-7,5,5,1,0.723456208556084,0.6030551370883875,1.1996518461794476,0.48565947492651423,0.008825002086242508,25.13274122871835
12,426,2.8427728808516123e-7,6,6,1,0.7235925641715295,0.6029450568985488,1.2000970169546987,0.011736818032825258,0.5865044701671877,25.13274122871826
12,427,2.849446056628259e-7,7,7,1,0.72366782086162,0.6080588840112813,1.1901278640773774,0.6216863493363054,0.009292446988069037,25.132741228718363
12,428,2.856119232404906e-7,8,8,1,0.7237808997740356,0.6081009915156699,1.1902314087172225,0.007823387760706657,0.14526703521427226,25.132741228718245
12,429,2.862792408181553e-7,9,9,1,0.7237134818441013,0.6080633553569303,1.1901942050418166,0.008648614478429835,0.01972804869491596,25.132741228718274
12,430,2.8694655839582e-7,10,10,1,0.7236039144800325,0.6080173283784146,1.1901040985293756,0.20830783397328997,0.006862498257724006,25.13274122871827
12,431,2.876138759734847e-7,11,11,1,0.7235737740081827,0.6079315575606379,1.190222427194874,0.00901797309043503,0.48372523884001833,25.13274122871827
12,432,2.882811935511494e-7,0,0,1,0.7095382565688473,0.6078167580996591,1.1673555345647606,0.5839608559284777,0.012021121331401294,25.132741228718192
12,433,2.889485111288141e-7,1,1,1,0.7097787498406926,0.6077531912209665,1.1678733408454152,0.009555742502355257,0.621087627908484,25.132741228718317
12,434,2.896158287064788e-7,2,2,1,0.7100771885911373,0.60773739166547,1.1683947677552156,0.14735993977846534,0.00807375676977616,25.132741228718267
12,435,2.902831462841435e-7,3,3,1,0.7101694836515572,0.6078846795116845,1.16826350060679,0.019865313899602253,0.008862060930618686,25.132741228718434
12,436,2.909504638618082e-7,4,4,1,0.7102860539632394,0.6083767583537436,1.1675101722907044,0.00712700543210444,0.20646982638450453,25.132741228718288
12,437,2.916177814394729e-7,5,5,1,0.7105561813409911,0.6087729705210698,1.1671940374304093,0.4817618501387732,0.009157428387404428,25.1327412287182
12,438,2.922850990171376e-7,6,6,1,0.710727333424231,0.6085896294971754,1.1678268885578005,0.012306285802560567,0.5810811772836582,25.132741228718185
12,439,2.929524165948023e-7,7,7,1,0.7111000862636945,0.6131762893842058,1.1596992554585412,0.6206343115701479,0.00983431642812317,25.132741228718306
12,440,2.9361973417246697e-7,8,8,1,0.7111112383425318,0.6134213490326739,1.1592541398565743,0.008252927560935992,0.14947675715855932,25.13274122871821
12,441,2.942870517501317e-7,9,9,1,0.7110048000056963,0.6131401146334555,1.159612269751337,0.009103779267600736,0.019934990904890964,25.132741228718306
12,442,2.949543693277964e-7,10,10,1,0.7108384231621663,0.6129661966934901,1.1596698594418846,0.2047871754065994,0.007411077057491457,25.132741228718253
12,443,2.956216869054611e-7,11,11,1,0.7106028904286664,0.6131257601824084,1.1589839092998768,0.009383551524489149,0.47991314524780354,25.132741228718274
12,444,2.962890044831258e-7,0,0,1,0.6966238091837368,0.6131406249778117,1.1361566675001287,0.578072355625557,0.012679008578759218,25.13274122871843
12,445,2.969563220607905e-7,1,1,1,0.6966819705045534,0.6129833279256206,1.1365430979373858,0.01022511768729635,0.619239858565078,25.132741228718317
12,446,2.9762363963845517e-7,2,2,1,0.6968878957347663,0.6130589077779893,1.1367388792385584,0.1517431706710245,0.00853440601466962,25.132741228718224
12,447,2.9829095721611986e-7,3,3,1,0.6969409828442507,0.6132175103609663,1.1365314445016437,0.02001994080665586,0.009438018249457628,25.132741228718295
12,448,2.9895827479378455e-7,4,4,1,0.6973910592982641,0.6134818355161953,1.1367754005486828,0.007592268222684842,0.2026648380591363,25.132741228718245
12,449,2.9962559237144924e-7,5,5,1,0.6976596400912476,0.6138401241830419,1.1365494248518877,0.4776528850895543,0.009633664675634911,25.132741228718412
12,450,3.00292909949114e-7,6,6,1,0.6975805511784257,0.6138883164388835,1.1363313692383559,0.013086384459934083,0.5745965799861883,25.13274122871846
12,451,3.009602275267787e-7,7,7,1,0.6978427339610177,0.6182469399640166,1.128744339602609,0.6184645721863576,0.010597501230959606,25.132741228718277
12,452,3.0162754510444337e-7,8,8,1,0.6980087771853862,0.6182148661364311,1.1290714853682373,0.00876126686682149,0.15389773113399383,25.13274122871814
12,453,3.0229486268210806e-7,9,9,1,0.6979063378379291,0.6181904612470625,1.128950350398577,0.009637033284069443,0.019872938017907796,25.13274122871831
12,454,3.0296218025977275e-7,10,10,1,0.6978214958329614,0.6182499130406475,1.1287045596188905,0.20026806080545287,0.007838883971029015,25.132741228718196
12,455,3.0362949783743744e-7,11,11,1,0.6977604509505347,0.6184480628636573,1.1282442178242582,0.009951672036525193,0.4748107942452696,25.132741228718306
12,456,3.0429681541510213e-7,0,0,1,0.6834932428001038,0.618641557021656,1.1048291778047779,0.5719219925190904,0.013351614547629143,25.132741228718192
12,457,3.049641329927668e-7,1,1,1,0.6836671947531504,0.6186541395980768,1.1050878851264307,0.010781718506832584,0.6180129569697426,25.13274122871829
12,458,3.0563145057043157e-7,2,2,1,0.6836415838197478,0.6189674638740187,1.1044871075144147,0.15631558577366125,0.009043466575774097,25.132741228718395
12,459,3.0629876814809626e-7,3,3,1,0.6837650821562735,0.6190426774211234,1.1045524114828043,0.01984464475827397,0.009783663160948284,25.132741228718384
12,460,3.0696608572576095e-7,4,4,1,0.6838215047321858,0.619288007425735,1.104205953502482,0.007983749984926422,0.19753618616324323,25.13274122871836
12,461,3.0763340330342564e-7,5,5,1,0.6841415116028928,0.6196272618274342,1.1041178362378539,0.4728631103910612,0.010115772357141128,25.132741228718142
12,462,3.0830072088109033e-7,6,6,1,0.6840899574003624,0.6196411290268081,1.1040099266405634,0.013682147041504193,0.5686356868627919,25.13274122871827
12,463,3.08968038458755e-7,7,7,1,0.6842115193901758,0.6238299145652896,1.0967917751539096,0.6169541375507873,0.011134077166364652,25.132741228718395
12,464,3.096353560364197e-7,8,8,1,0.6841452239410475,0.624292969113229,1.095872062939993,0.009349804032239888,0.15885565508062877,25.132741228718398
12,465,3.103026736140844e-7,9,9,1,0.6838548317832448,0.6241826088706132,1.0956005855731894,0.010090831448308071,0.019942144226646818,25.13274122871817
12,466,3.1096999119174915e-7,10,10,1,0.6836180830541008,0.6242250031575253,1.0951469095216415,0.19536100057179318,0.00821834435650878,25.13274122871832
12,467,3.1163730876941384e-7,11,11,1,0.6835940784742369,0.6240637894947072,1.095391352585495,0.01029924339676723,0.4707109061713564,25.132741228718334
12,468,3.1230462634707854e-7,0,0,1,0.6694555545341442,0.6241420942450859,1.0726011924317747,0.5659980447554798,0.013940250622126924,25.132741228718267
12,469,3.1297194392474323e-7,1,1,1,0.6696721285892692,0.6241287981809533,1.0729710446642642,0.011468123511614234,0.6163869754115856,25.13274122871835
12,470,3.136392615024079e-7,2,2,1,0.6698522051133069,0.6244123494015108,1.072772192534868,0.1609932653653617,0.009586520041045165,25.13274122871825
12,471,3.143065790800726e-7,3,3,1,0.670206503945337,0.6245485582852893,1.073105517664475,0.020057761951021612,0.010314111435453422,25.132741228718206
12,472,3.149738966577373e-7,4,4,1,0.670697947296053,0.6246358174312078,1.0737423768849408,0.008320217653062659,0.1939664701718041,25.13274122871826
12,473,3.15641214235402e-7,5,5,1,0.6708855619635913,0.6248791300700137,1.0736245294164695,0.468770948707819,0.01052437316105391,25.132741228718285
12,474,3.163085318130667e-7,6,6,1,0.6710241450816752,0.6249415089607346,1.0737391187178063,0.014269294753131231,0.5632752751364223,25.132741228718334
12,475,3.1697584939073143e-7,7,7,1,0.6709614472264673,0.6287365944902082,1.067158255311186,0.6154863637631112,0.011847520681807317,25.13274122871821
12,476,3.176431669683961e-7,8,8,1,0.6709409890295518,0.6289246144321927,1.0668066945277574,0.009738935167420252,0.16272281399481028,25.132741228718285
12,477,3.183104845460608e-7,9,9,1,0.6707828417048518,0.62917258775396,1.0661348805729656,0.01054594437317299,0.019979866484110227,25.13274122871836
12,478,3.189778021237255e-7,10,10,1,0.6704931962617007,0.6290858749593625,1.065821413181488,0.19188994633048667,0.00859189693065435,25.13274122871822
12,479,3.196451197013902e-7,11,11,1,0.6702975590178463,0.6291419739203865,1.0654154178285167,0.010826964496396415,0.46640183351774855,25.132741228718253
12,480,3.203124372790549e-7,0,0,1,0.6557878510758133,0.6293035027375168,1.0420851754727054,0.5599859402834938,0.014735918400575976,25.13274122871827
12,481,3.209797548567196e-7,1,1,1,0.656200914019208,0.6291475890832526,1.0429999659942677,0.012146150945040318,0.6146925086066014,25.132741228718228
12,482,3.2164707243438427e-7,2,2,1,0.656348019059487,0.6293559111961085,1.0428884632418551,0.1652618894944858,0.009992101977096646,25.13274122871826
12,483,3.22314390012049e-7,3,3,1,0.656442732777869,0.6295504950449422,1.0427165699091492,0.020090824104941618,0.01074443728014691,25.132741228718242
12,484,3.229817075897137e-7,4,4,1,0.656943921545641,0.6295997877441631,1.04343097684237,0.00877941249955111,0.19012322692698966,25.1327412287182
12,485,3.236490251673784e-7,5,5,1,0.6571786022783315,0.629966099019262,1.0431967740826595,0.46384664705064815,0.01096387436851306,25.132741228718356
12,486,3.243163427450431e-7,6,6,1,0.6571530853585903,0.6299211818186721,1.0432306522242922,0.015021486342202081,0.5567884479450592,25.132741228718274
12,487,3.249836603227078e-7,7,7,1,0.6573138918487341,0.6333999391001149,1.037754902191172,0.613861208903268,0.012524512770339566,25.13274122871823
12,488,3.2565097790037247e-7,8,8,1,0.657223844641233,0.6337807214713607,1.0369893282892033,0.010165693849602284,0.1677381777579174,25.132741228718274
12,489,3.2631829547803716e-7,9,9,1,0.6569875091080906,0.6340205472529444,1.0362243178942012,0.010997831398180096,0.020005152951051635,25.13274122871826
12,490,3.2698561305570185e-7,10,10,1,0.6567879386937515,0.6339894179175445,1.035960412164438,0.18811851138555005,0.008982054146343283,25.132741228718288
12,491,3.2765293063336654e-7,11,11,1,0.656848176648605,0.6337841537887129,1.0363909743120228,0.011100469540027852,0.46121876940300893,25.132741228718142
12,492,3.283202482110313e-7,0,0,1,0.6426892357700705,0.6337861677239109,1.014047431925081,0.5540384221949893,0.01528860583023546,25.13274122871823
12,493,3.28987565788696e-7,1,1,1,0.6430613116454347,0.6338690893409492,1.0145017677294264,0.012720443284570667,0.6134027244033394,25.13274122871822
12,494,3.2965488336636067e-7,2,2,1,0.6431530006339504,0.6342218592746843,1.0140820459412736,0.1702082254662084,0.010351439631922548,25.13274122871821
12,495,3.3032220094402536e-7,3,3,1,0.6433406125426816,0.6343102170555814,1.0142365600368517,0.02012713188598165,0.011346365740674592,25.132741228718388
12,496,3.3098951852169005e-7,4,4,1,0.6434986321759588,0.6346600591948166,1.0139264679620072,0.009236845980083409,0.1861220236513108,25.132741228718253
12,497,3.3165683609935475e-7,5,5,1,0.6435983978280377,0.6350039527436061,1.0135344749387754,0.4588798137116032,0.011327091769274324,25.13274122871827
12,498,3.3232415367701944e-7,6,6,1,0.6437468700449056,0.6348137992158734,1.0140719543905101,0.01558304650544409,0.5508419425354217,25.132741228718256
12,499,3.3299147125468413e-7,7,7,1,0.6435270383782262,0.6377834722323656,1.0090055111114073,0.6122208970183857,0.013082705777387606,25.13274122871824
12,500,3.3365878883234887e-7,8,8,1,0.6434270065774289,0.6383361237085348,1.007975238561336,0.010485187630361544,0.17269058078763888,25.132741228718295
12,501,3.3432610641001356e-7,9,9,1,0.643334481487682,0.6382318557329942,1.0079949405672137,0.01164804640483867,0.020224282144471115,25.132741228718338
12,502,3.3499342398767825e-7,10,10,1,0.6431901567113099,0.6381183059695311,1.0079481354700721,0.18424716820926912,0.009515039160963327,25.13274122871831
12,503,3.3566074156534295e-7,11,11,1,0.6431910392938466,0.6380513819834924,1.0080552404641405,0.01161003832898172,0.45643696257079097,25.13274122871817
12,504,3.3632805914300764e-7,5,0,0,0.6382798517703863,0.6286803575627697,1.0152692764966147,0.5473388646594316,0.015883200978570787,25.132741228718356
12,505,3.3699537672067233e-7,6,1,0,0.6380840809858483,0.6287963994757466,1.0147705704387704,0.013309213668970149,0.6106949765467048,25.132741228718363
12,506,3.37662694298337e-7,7,2,0,0.6382853916636623,0.628959906742423,1.0148268352581309,0.1748246016826361,0.010716594158458919,25.1327412287182
12,507,3.383300118760017e-7,8,3,0,0.638335011572405,0.6288980514150434,1.0150055484130187,0.020391713180872982,0.011950641606464835,25.132741228718523
12,508,3.3899732945366646e-7,9,4,0,0.6384366412262886,0.6291674031908532,1.0147325465185038,0.009796288560365622,0.18226360706039746,25.132741228718224
12,509,3.3966464703133115e-7,10,5,0,0.6388002888515413,0.6293458317831361,1.0150226736889918,0.4541337873791917,0.011901912914148082,25.132741228718306
12,510,3.4033196460899584e-7,11,6,0,0.6387021093470655,0.6295571495210677,1.0145260201285218,0.01623375319982258,0.5440976549343828,25.1327412287183
12,511,3.4099928218666053e-7,0,7,0,0.641281144511412,0.6297950820924566,1.0182377772477893,0.6089147337113252,0.013646523662949134,25.132741228718295
12,512,3.416665997643252e-7,1,8,0,0.6415286707507865,0.6298307757480024,1.0185730762185943,0.010926879795362146,0.1773862317851922,25.132741228718572
12,513,3.423339173419899e-7,2,9,0,0.6414415052619867,0.6296183518596539,1.0187782858733576,0.012197612950233725,0.020642304268970464,25.132741228718274
12,514,3.430012349196546e-7,3,10,0,0.6414626523251185,0.6294149483007417,1.0191411151846685,0.1803594414174903,0.010038362370186576,25.13274122871834
12,515,3.436685524973193e-7,4,11,0,0.6414042560590905,0.629232015959369,1.0193445975268167,0.012103844902580013,0.45153914235221493,25.132741228718213
12,516,3.44335870074984e-7,5,0,0,0.6415687115497043,0.6147677335180899,1.0435952906608197,0.5407822924695209,0.01665061827142936,25.132741228718398
12,517,3.4500318765264873e-7,6,1,0,0.6415351936329565,0.6147414956318947,1.0435853089330183,0.014004985533297095,0.6074686310611983,25.132741228718324
12,518,3.456705052303134e-7,7,2,0,0.6417010307598536,0.6149676797492641,1.0434711479821008,0.1798135473691858,0.011280587806355134,25.132741228718327
12,519,3.463378228079781e-7,8,3,0,0.6418848861552293,0.6151601491848417,1.0434435439386003,0.02069558245667548,0.012439586253471944,25.13274122871839
12,520,3.470051403856428e-7,9,4,0,0.6421314187846024,0.6155841382144908,1.0431253486275855,0.01020844507586884,0.1784558266389095,25.132741228718285
12,521,3.476724579633075e-7,10,5,0,0.6423835926679664,0.6159624876951475,1.0428940162763536,0.4491987854764086,0.012427125360432379,25.132741228718302
12,522,3.483397755409722e-7,11,6,0,0.6420106920877415,0.6161862272773085,1.041910162329563,0.017031179907134576,0.5378244292909822,25.132741228718327
12,523,3.490070931186369e-7,0,7,0,0.6440931376965761,0.6164637867505393,1.0448190981203855,0.6063325303387087,0.014353230708297342,25.132741228718288
12,524,3.4967441069630157e-7,1,8,0,0.6443928806910229,0.6166602427099664,1.044972313861492,0.011424576881506608,0.18186199750850865,25.132741228718356
12,525,3.503417282739663e-7,2,9,0,0.6444420447030023,0.6165693825150216,1.0452060432749457,0.012860895300502962,0.02079237545890757,25.13274122871834
12,526,3.51009045851631e-7,3,10,0,0.6441345361932829,0.6165880263250416,1.0446757132674513,0.17703356163706174,0.010569741857223548,25.13274122871825
12,527,3.516763634292957e-7,4,11,0,0.6440525068895219,0.616730280257009,1.0443017434154958,0.012609680064253236,0.44712604627366004,25.132741228718242
12,528,3.523436810069604e-7,5,0,0,0.6441886466207326,0.6022571776181195,1.0696238593094878,0.5348057050767463,0.01716506869408101,25.132741228718423
12,529,3.530109985846251e-7,6,1,0,0.6443455931828131,0.6024920881245498,1.069467310663856,0.014552740296299415,0.6055397138409113,25.13274122871822
12,530,3.5367831616228977e-7,7,2,0,0.6447767657710864,0.6026111271235584,1.0699715566966,0.1836979172283431,0.011600631017589867,25.13274122871827
12,531,3.5434563373995446e-7,8,3,0,0.644763729539268,0.6027431193598661,1.0697156198548217,0.020863687715343592,0.013138808639309035,25.132741228718327
12,532,3.5501295131761916e-7,9,4,0,0.644711776387968,0.6031356067740647,1.0689333694561292,0.010806178997286805,0.1752823727367766,25.132741228718295
12,533,3.556802688952839e-7,10,5,0,0.6451284829316402,0.6033298311902419,1.0692799354193019,0.4450816650050789,0.01275961583801799,25.13274122871826
12,534,3.563475864729486e-7,11,6,0,0.6450309273863639,0.6035166638656664,1.068787269691592,0.01741184493069467,0.5320352880102627,25.132741228718242
12,535,3.570149040506133e-7,0,7,0,0.6470798548360908,0.6036565242601096,1.0719338379208347,0.6040376142198962,0.014819814995833909,25.132741228718412
12,536,3.57682221628278e-7,1,8,0,0.6473783487971911,0.6036411451937328,1.0724556368493094,0.011784187667900884,0.18592868740943228,25.13274122871838
12,537,3.5834953920594267e-7,2,9,0,0.6470890569314293,0.6035211581551772,1.0721895134702966,0.013345498956625144,0.021184872838203177,25.132741228718285
12,538,3.5901685678360736e-7,3,10,0,0.646849674851012,0.6034546927466408,1.0719109199513517,0.17445387764367068,0.010956410321256637,25.132741228718213
12,539,3.5968417436127205e-7,4,11,0,0.646705389779415,0.6034607054274951,1.0716611437380752,0.013000353685839355,0.4428926730393817,25.132741228718235
12,540,3.6035149193893674e-7,5,0,0,0.646727567256292,0.5893801773529105,1.0973011853926722,0.5289080050623068,0.017784635996557142,25.13274122871821
12,541,3.6101880951660143e-7,6,1,0,0.6467804194175263,0.5895164048107613,1.097137270717932,0.01513560662692486,0.6020807867411889,25.132741228718317
12,542,3.616861270942662e-7,7,2,0,0.6468898417352368,0.5894977473813765,1.097357614356973,0.18752657270026155,0.012045606094709446,25.132741228718306
12,543,3.6235344467193087e-7,8,3,0,0.646931558616585,0.5898932215944829,1.0966926469640172,0.02145313226405962,0.013665061505991132,25.132741228718164
12,544,3.6302076224959556e-7,9,4,0,0.6472448977485891,0.5900538136580403,1.0969252003236662,0.011198781328745437,0.1731090444941119,25.132741228718317
12,545,3.6368807982726025e-7,10,5,0,0.6477190075201833,0.5903949613180561,1.0970944028284917,0.44087149159645855,0.013132788365099037,25.132741228718267
12,546,3.6435539740492494e-7,11,6,0,0.6475854548186887,0.5905221174901263,1.0966320068943336,0.018146431385452067,0.5259985954899214,25.132741228718274
12,547,3.6502271498258963e-7,0,7,0,0.648852343083021,0.590514969839322,1.0987906763135447,0.5996937796122612,0.015459118636768614,25.13274122871837
12,548,3.656900325602543e-7,1,8,0,0.6490555312423784,0.5910366602520375,1.0981645892584728,0.01220832635621378,0.18948887493689684,25.132741228718324
12,549,3.66357350137919e-7,2,9,0,0.649152309549819,0.5909490439558603,1.0984911748132145,0.013913318303693314,0.02151774215815582,25.132741228718356
12,550,3.6702466771558376e-7,3,10,0,0.6490129146250839,0.5906566444106705,1.098798973594276,0.17155416717746608,0.011243549553195021,25.13274122871829
12,551,3.6769198529324845e-7,4,11,0,0.6490701748730906,0.5905021944640131,1.0991833408210083,0.013345451732442799,0.43820540740502434,25.132741228718206
12,552,3.6835930287091314e-7,5,0,0,0.6492611014504707,0.5765155190786209,1.1261814816158129,0.5230314539014178,0.01839669442194469,25.132741228718288
12,553,3.6902662044857783e-7,6,1,0,0.6492069176267536,0.5767838845290958,1.1255635516876243,0.01586621499085231,0.5978833925362125,25.132741228718242
12,554,3.696939380262425e-7,7,2,0,0.6493629090895825,0.5769143385953917,1.1255794242704744,0.19164010395232378,0.01238826820271715,25.132741228718274
12,555,3.703612556039072e-7,8,3,0,0.6494534611876845,0.5768219872986354,1.1259166181046527,0.02154205345193623,0.014288476329259732,25.132741228718203
12,556,3.710285731815719e-7,9,4,0,0.6496081477347437,0.5774268471265481,1.1250050997236996,0.011556059456910187,0.1699611059097247,25.13274122871829
12,557,3.716958907592366e-7,10,5,0,0.6500779518021873,0.5777192570021661,1.1252488884921312,0.43581130483922587,0.013579873036742766,25.13274122871844
12,558,3.723632083369013e-7,11,6,0,0.6500261010741992,0.5779000313844888,1.1248071738582819,0.018602478345554233,0.520075977043931,25.132741228718388
12,559,3.7303052591456603e-7,0,7,0,0.6511436931980812,0.578040001504162,1.1264682227937348,0.5963608089918863,0.01618267180545635,25.132741228718267
12,560,3.736978434922307e-7,1,8,0,0.6514189290538759,0.5781141697256925,1.1267997969379742,0.012620614796690336,0.19382837789295912,25.13274122871833
12,561,3.743651610698954e-7,2,9,0,0.6514938495543564,0.577997605212556,1.1271566589186341,0.014522365612334866,0.021625189531633303,25.132741228718253
12,562,3.750324786475601e-7,3,10,0,0.6514401237229049,0.5779364671883723,1.1271829356817085,0.16823085040161864,0.011741865720761751,25.132741228718274
12,563,3.756997962252248e-7,4,11,0,0.6514792869586076,0.578020333183979,1.127087144789502,0.013632397262259217,0.4333320124977044,25.132741228718213
12,564,3.763671138028895e-7,5,0,0,0.6516104146154927,0.5637778081908088,1.1557929474140587,0.5169797492724586,0.018957380246418513,25.132741228718253
12,565,3.770344313805542e-7,6,1,0,0.6516658833862261,0.5639740889595676,1.1554890484214166,0.016523378591728664,0.5946478631528515,25.132741228718245
12,566,3.777017489582189e-7,7,2,0,0.6518866405297644,0.5640817645090902,1.1556598378908582,0.19609312293546804,0.012849765349014169,25.132741228718228
12,567,3.783690665358836e-7,8,3,0,0.6520994663944948,0.5641466491983569,1.1559041737128413,0.02179226419779246,0.014827269186283472,25.132741228718256
12,568,3.790363841135483e-7,9,4,0,0.6524642826451595,0.5643693127865641,1.1560945428156397,0.01193957667900896,0.16654052600527341,25.132741228718338
12,569,3.79703701691213e-7,10,5,0,0.6526439084800143,0.5646226078750834,1.1558940421039687,0.430774080822445,0.01392310274947861,25.13274122871835
12,570,3.803710192688777e-7,11,6,0,0.6526607930622306,0.5647964040344506,1.1555682514976149,0.019390175233797397,0.5138959868934063,25.132741228718434
12,571,3.810383368465424e-7,0,7,0,0.6531923848410611,0.5649924118027967,1.1561082435723924,0.5927751162107838,0.01698174053024687,25.132741228718384
12,572,3.817056544242071e-7,1,8,0,0.6535704691593487,0.5652013677612662,1.1563497656562793,0.013144282780437682,0.19814529692631436,25.13274122871827
12,573,3.8237297200187177e-7,2,9,0,0.6535662040487963,0.5651955216107476,1.1563541802068806,0.01518641213753651,0.0218447684794367,25.132741228718277
12,574,3.8304028957953646e-7,3,10,0,0.6534071360984587,0.5650618665010895,1.1563461893905715,0.16478613180008753,0.012196128748325322,25.13274122871819
12,575,3.837076071572012e-7,4,11,0,0.6534898123392731,0.5647886018885037,1.1570520547939105,0.014219603979190205,0.4285956306730278,25.132741228718235
12,576,3.843749247348659e-7,5,0,0,0.6536186527120827,0.5507102506030847,1.1868648749434076,0.5109159471387872,0.019833361131701855,25.132741228718242
12,577,3.850422423125306e-7,6,1,0,0.6536166009268556,0.5509428454055242,1.1863600850388716,0.017527138176253662,0.5904733430135889,25.13274122871819
12,578,3.857095598901953e-7,7,2,0,0.6538261674916747,0.5512502636710196,1.186078648085457,0.20034398537986037,0.01341136008102957,25.132741228718366
12,579,3.8637687746785997e-7,8,3,0,0.6536164101485217,0.5516797435115005,1.1847750761849318,0.021989648783595207,0.015557399410727833,25.132741228718345
12,580,3.8704419504552466e-7,9,4,0,0.6536884369387943,0.5518789642365632,1.1844779005901562,0.01250156393577195,0.16328413491507993,25.13274122871829
12,581,3.8771151262318935e-7,10,5,0,0.6540731138077964,0.5521549363122282,1.184582570566636,0.4265243783700512,0.014513774916156682,25.132741228718412
12,582,3.8837883020085404e-7,11,6,0,0.6538518318773909,0.5524473715782091,1.1835549692443892,0.020245118574174586,0.5081971806827882,25.132741228718366
12,583,3.8904614777851873e-7,0,7,0,0.6539184682776139,0.5526535298520311,1.1832340389695797,0.5881410286680214,0.017947134775933276,25.13274122871843
12,584,3.897134653561835e-7,1,8,0,0.6543258346141411,0.5527673471214684,1.1837273638204893,0.013617439395159282,0.20223151830206648,25.132741228718356
12,585,3.9038078293384817e-7,2,9,0,0.6545227261570836,0.552795377189152,1.184023516052529,0.015965523062527548,0.022034041005441672,25.13274122871823
12,586,3.9104810051151286e-7,3,10,0,0.654507859305549,0.5527133703721022,1.1841722932537635,0.16153092005244254,0.012793226026241705,25.132741228718196
12,587,3.9171541808917755e-7,4,11,0,0.6546159339233985,0.5523145703124849,1.1852230035377016,0.014814674466469006,0.4240056876306158,25.1327412287183
12,588,3.9238273566684224e-7,5,0,0,0.654612850602717,0.5386054780087061,1.2153846875507193,0.5053174908346824,0.020629085297046584,25.132741228718263
12,589,3.9305005324450694e-7,6,1,0,0.6544052048836692,0.5387612398544461,1.2146478931195308,0.018219215308247785,0.5860288202148546,25.132741228718224
12,590,3.9371737082217163e-7,7,2,0,0.6546703662566948,0.5389228528001304,1.2147756638174918,0.20437428384723702,0.013831604424278526,25.13274122871833
12,591,3.943846883998363e-7,8,3,0,0.6547205831637404,0.5391001626164074,1.214469274107049,0.022182182979360483,0.016257225387941908,25.132741228718203
12,592,3.9505200597750106e-7,9,4,0,0.6550124831145937,0.5395129051200458,1.2140812145519455,0.013006403271574717,0.1601909915007882,25.13274122871835
12,593,3.9571932355516575e-7,10,5,0,0.6554236757927848,0.539898255403739,1.2139762802209004,0.42189989042933984,0.015246230148599618,25.132741228718334
12,594,3.9638664113283045e-7,11,6,0,0.6554160238234225,0.5402040600395263,1.2132748942602658,0.021197837569974152,0.5022898045495962,25.13274122871827
12,595,3.9705395871049514e-7,0,7,0,0.6552964179117295,0.5403510259403278,1.212723556453644,0.5841106396930142,0.01868344977869287,25.1327412287182
12,596,3.9772127628815983e-7,1,8,0,0.6556254036369817,0.5403065507864262,1.2134322685570011,0.014103087549682598,0.20619419560269325,25.132741228718217
12,597,3.983885938658245e-7,2,9,0,0.6554523369158447,0.5402499209319549,1.2132391167872094,0.01651449010800473,0.0222359362389668,25.132741228718267
12,598,3.990559114434892e-7,3,10,0,0.6554277595171136,0.5401618117020506,1.2133915158716235,0.1588548904576564,0.013233171969381495,25.132741228718285
12,599,3.997232290211539e-7,4,11,0,0.6554332400714236,0.5398309020287569,1.2141454622331131,0.01539793076660949,0.4192251896417595,25.13274122871826
12,600,4.003905465988186e-7,5,0,0,0.6556978911137544,0.5262452649730092,1.2459929518746071,0.4991786822364426,0.021471581379135057,25.132741228718253
12,601,4.0105786417648334e-7,6,1,0,0.655740946534626,0.5263996054811674,1.24570941867487,0.018979580548506868,0.582346839105309,25.132741228718327
12,602,4.0172518175414803e-7,7,2,0,0.6559384859552541,0.5263471574938765,1.2462088502166657,0.20861264474785746,0.014329659231110858,25.132741228718228
12,603,4.023924993318127e-7,8,3,0,0.6562119202349856,0.5264046561271386,1.2465921655459211,0.02220592748228689,0.01698658800921121,25.132741228718256
12,604,4.030598169094774e-7,9,4,0,0.6562988007093715,0.526518769599391,1.2464869983813216,0.013465429611698389,0.15695378597698983,25.132741228718253
12,605,4.037271344871421e-7,10,5,0,0.6567252562226085,0.5269528457724959,1.2462694935442855,0.4165489670599433,0.015601503448842924,25.1327412287182
12,606,4.043944520648068e-7,11,6,0,0.6566449542970818,0.527137763395004,1.2456799719071412,0.02177135435217847,0.4961217103657143,25.13274122871827
12,607,4.050617696424715e-7,0,7,0,0.6561957759766175,0.5272883861761729,1.2444722720620955,0.580055390282081,0.019217173766701158,25.132741228718288
12,608,4.057290872201362e-7,1,8,0,0.6565044451304892,0.5275305993381922,1.2444859993981385,0.014670120871236649,0.21066661491316802,25.132741228718384
12,609,4.063964047978009e-7,2,9,0,0.6566208686218885,0.5270962842819377,1.245732303949746,0.01733866502181074,0.022298655247706432,25.132741228718306
12,610,4.070637223754656e-7,3,10,0,0.6565973533914055,0.5267402043820459,1.2465297843776775,0.15580179827114898,0.013688753674464671,25.13274122871827
12,611,4.077310399531303e-7,4,11,0,0.6566361800040827,0.526741171061432,1.2466012077257989,0.015694267648145258,0.4143606924545951,25.13274122871841
12,612,4.08398357530795e-7,5,0,0,0.656837107406933,0.5132907846680134,1.2796588737352117,0.4928671372151341,0.022000627951172403,25.132741228718352
12,613,4.090656751084597e-7,6,1,0,0.6569356404636377,0.513646135606302,1.2789654100837309,0.019586873462042104,0.5777068722383878,25.13274122871823
12,614,4.097329926861244e-7,7,2,0,0.6572169453201695,0.5139392425179634,1.278783348203262,0.21250460818127548,0.0149348963156359,25.132741228718253
12,615,4.1040031026378907e-7,8,3,0,0.6570779488234363,0.513909173099883,1.2785877022975947,0.02220471924743782,0.017538375015730835,25.13274122871821
12,616,4.1106762784145376e-7,9,4,0,0.6572757390718811,0.513981303684935,1.2787930890863377,0.01389590122422681,0.1540187864139623,25.132741228718423
12,617,4.117349454191185e-7,10,5,0,0.6574670147378995,0.5143325741733621,1.2782916108212352,0.41206836413161535,0.01586434195171465,25.13274122871832
12,618,4.124022629967832e-7,11,6,0,0.6573776872315976,0.5145306210676964,1.27762597659879,0.022226747644395847,0.4898768763284101,25.13274122871811
12,619,4.130695805744479e-7,0,7,0,0.6565526355545637,0.5146058065653099,1.2758360422255342,0.5750965840511155,0.019869512105848294,25.13274122871832
12,620,4.137368981521126e-7,1,8,0,0.6566940790367553,0.5147066613672685,1.2758608510958667,0.015281174616597107,0.21428992014569404,25.132741228718366
12,621,4.1440421572977727e-7,2,9,0,0.6565654869304981,0.5145557710374633,1.2759850805029558,0.017840821459413524,0.0224318347753828,25.132741228718334
12,622,4.1507153330744196e-7,3,10,0,0.6568215985672807,0.514580274281449,1.2764220305266365,0.152919016132795,0.014092652207119168,25.132741228718174
12,623,4.1573885088510665e-7,4,11,0,0.656999433486348,0.5144150170768141,1.2771777877321235,0.0161280829125835,0.4097153563999356,25.13274122871833
12,624,4.1640616846277135e-7,5,0,0,0.6570411218569099,0.5008170425845005,1.311938424591552,0.4869446942629492,0.022585307879498934,25.132741228718217
12,625,4.1707348604043604e-7,6,1,0,0.6570615346646868,0.5008813314937175,1.3118107890050763,0.020274020286703946,0.5734470595384205,25.132741228718327
12,626,4.177408036181008e-7,7,2,0,0.6571172531493467,0.5011116036781956,1.3113191718692168,0.21631684134834842,0.015531424844107945,25.132741228718313
12,627,4.1840812119576547e-7,8,3,0,0.6573803572282916,0.501273847199271,1.3114196180415605,0.022524904894843687,0.018066564837127198,25.132741228718356
12,628,4.1907543877343016e-7,9,4,0,0.6574894235583826,0.5013611416750454,1.3114088207189596,0.014419700071401791,0.15171469909750313,25.132741228718206
12,629,4.1974275635109486e-7,10,5,0,0.6576589139629768,0.5016400176285014,1.3110176438316332,0.40692863885739844,0.016426144730610638,25.132741228718412
12,630,4.2041007392875955e-7,11,6,0,0.6576784162946463,0.5020290585806931,1.3100405346136652,0.02286059341592395,0.48352486138596534,25.13274122871824
12,631,4.2107739150642424e-7,0,7,0,0.6565913906257314,0.5018112827335284,1.3084428613264047,0.5711257122770772,0.020495742494939476,25.1327412287182
12,632,4.2174470908408893e-7,1,8,0,0.6570580260495253,0.5020150235726244,1.3088413597137527,0.015778367880601357,0.21872837036177792,25.132741228718256
12,633,4.224120266617536e-7,2,9,0,0.6572647675791724,0.5020539461946439,1.3091516809318215,0.018402460987965316,0.02251278209221565,25.132741228718256
12,634,4.2307934423941837e-7,3,10,0,0.6573042951866738,0.5018999229868746,1.3096321897699579,0.1501256013617407,0.014548817859902455,25.132741228718213
12,635,4.2374666181708306e-7,4,11,0,0.6572869860546023,0.5017836824760433,1.3099010769167114,0.016522655552953135,0.4045783555627258,25.132741228718288
12,636,4.2441397939474775e-7,5,0,0,0.6574788081365415,0.48880935372338336,1.3450618387892141,0.4803942383794275,0.023004787153277924,25.13274122871822
12,637,4.2508129697241244e-7,6,1,0,0.6575229522730861,0.4889647764970573,1.3447245770617247,0.020972190239226713,0.5692282161184038,25.13274122871839
12,638,4.2574861455007713e-7,7,2,0,0.6576145280011523,0.4891207593848036,1.344482963324381,0.2206873050497081,0.016044738372129014,25.132741228718277
12,639,4.264159321277418e-7,8,3,0,0.65769154274531,0.48900531679089804,1.3449578566168092,0.022636161364913508,0.018781266570388082,25.132741228718285
12,640,4.270832497054065e-7,9,4,0,0.65811366140535,0.489277243341808,1.345073106017304,0.01488186642929411,0.14918925329495142,25.132741228718306
12,641,4.277505672830712e-7,10,5,0,0.6582889840088519,0.4894732859721614,1.3448925669179255,0.40166505821259024,0.01691628684353507,25.132741228718288
12,642,4.284178848607359e-7,11,6,0,0.6582529430779626,0.4895774899294456,1.3445326973117682,0.02346022115378024,0.4771851722272976,25.13274122871819
12,643,4.2908520243840064e-7,0,7,0,0.6564492964124765,0.48968874596102885,1.3405439717103873,0.5667146489266336,0.021445611459112446,25.13274122871845
12,644,4.2975252001606533e-7,1,8,0,0.6568371309794149,0.489727598308869,1.3412295595502677,0.016413494679242687,0.2229074111255439,25.13274122871825
12,645,4.3041983759373e-7,2,9,0,0.6568969314273276,0.4897484986224459,1.3412944261698265,0.018959581586899303,0.022761360420420918,25.13274122871825
12,646,4.310871551713947e-7,3,10,0,0.657067993836549,0.48916126746456673,1.343254336636833,0.14767072804997478,0.015146141415294663,25.132741228718235
12,647,4.317544727490594e-7,4,11,0,0.6570605539470579,0.4890842640585818,1.3434506121594543,0.017297274610652922,0.39843766274845716,25.132741228718334
12,648,4.324217903267241e-7,5,0,0,0.6573492540917589,0.4758966995709684,1.3812855913570614,0.4741276443532646,0.02405808373035907,25.132741228718302
12,649,4.330891079043888e-7,6,1,0,0.6572282791507897,0.4760642564768823,1.3805453154887397,0.021973692691575453,0.5646501618426705,25.13274122871825
12,650,4.337564254820535e-7,7,2,0,0.6573250537076981,0.4763341422477932,1.3799662787257267,0.22491984703598655,0.01674335969339755,25.132741228718253
12,651,4.344237430597182e-7,8,3,0,0.657345329518419,0.4762662383479008,1.3802056005453074,0.022753525802667967,0.019345417940414958,25.132741228718245
12,652,4.350910606373829e-7,9,4,0,0.6574700552559918,0.4764500062149081,1.3799350334344054,0.015508910647133861,0.1461781151129967,25.132741228718306
12,653,4.357583782150476e-7,10,5,0,0.6577447402874627,0.4765301495075875,1.3802793820435695,0.39580272183707604,0.017744143172518614,25.13274122871828
12,654,4.364256957927123e-7,11,6,0,0.6576073063893914,0.47681049120037844,1.3791796080951446,0.024482866525628814,0.47084756129311156,25.13274122871813
12,655,4.37093013370377e-7,0,7,0,0.6555501598343162,0.4769008455393826,1.374604733805574,0.562243521428962,0.022396948387484968,25.132741228718288
12,656,4.377603309480417e-7,1,8,0,0.655900175026158,0.47695719460594327,1.3751761844541532,0.01696803960212396,0.22674196864145094,25.132741228718242
12,657,4.384276485257064e-7,2,9,0,0.6558808622460678,0.4767766847786235,1.3756563254568661,0.019587065272231936,0.02290748776014025,25.132741228718306
12,658,4.3909496610337106e-7,3,10,0,0.6559540414915799,0.4765949272557654,1.3763345012263657,0.14462828855636103,0.015762387282888205,25.13274122871832
12,659,4.397622836810358e-7,4,11,0,0.656123359444091,0.4765066348639777,1.3769448554087524,0.018011990501872296,0.39341058600173084,25.132741228718334
12,660,4.404296012587005e-7,5,0,0,0.6563621189337209,0.463872138494856,1.4149634445893746,0.46781531686824984,0.024887306708550737,25.13274122871831
12,661,4.410969188363652e-7,6,1,0,0.656328867164426,0.4640873676091176,1.4142355792739993,0.022705411772941074,0.5597621685500247,25.132741228718363
12,662,4.417642364140299e-7,7,2,0,0.656387230844184,0.46422093307260653,1.4139543999010524,0.22856176988719448,0.01729613714351565,25.13274122871818
12,663,4.424315539916946e-7,8,3,0,0.6566158103444872,0.4641441577454672,1.4146807611107968,0.02300334192916613,0.0199934520114519,25.132741228718267
12,664,4.4309887156935927e-7,9,4,0,0.6569508312644772,0.46446431171357544,1.4144269316209677,0.016015746366424926,0.1434576162621494,25.132741228718224
12,665,4.4376618914702396e-7,10,5,0,0.6572552635346334,0.4647207281785166,1.4143015873442104,0.3903924621051303,0.01823306136319135,25.132741228718306
12,666,4.4443350672468865e-7,11,6,0,0.6573080850936026,0.46503129362017004,1.4134706504945045,0.025184428542736625,0.4646925515931976,25.13274122871817
12,667,4.4510082430235334e-7,0,7,0,0.6545682072622913,0.4650969290974485,1.4073801960647738,0.5573537257501191,0.023152358702247414,25.132741228718313
12,668,4.457681418800181e-7,1,8,0,0.6548281753919545,0.465030882841358,1.4081391140969544,0.01764826853341888,0.2306933773232289,25.132741228718338
12,669,4.464354594576828e-7,2,9,0,0.6548562329582693,0.4649196207656854,1.408536451698411,0.02039024905202207,0.023061331418452263,25.132741228718256
12,670,4.4710277703534747e-7,3,10,0,0.6548072198691537,0.4646333496383452,1.4092987952303324,0.14209746677279966,0.016367623220693798,25.132741228718277
12,671,4.4777009461301216e-7,4,11,0,0.6549743699341427,0.46438397709563506,1.4104155230128828,0.018531056255181446,0.38758192510038353,25.1327412287184
12,672,4.4843741219067685e-7,5,0,0,0.6550137288425248,0.45184392058560213,1.4496459927879721,0.46135523907277265,0.025653831781586398,25.13274122871827
12,673,4.4910472976834154e-7,6,1,0,0.6548308673271148,0.4519516123333092,1.4488959646507122,0.02361161899154132,0.5546131634433132,25.13274122871817
12,674,4.4977204734600623e-7,7,2,0,0.6549874223645062,0.4520441448562994,1.4489457054525519,0.23254111800259877,0.0180636477119799,25.132741228718242
12,675,4.504393649236709e-7,8,3,0,0.6548083241419012,0.45218575694303276,1.4480958634537338,0.023118529091510544,0.0207703808224318,25.132741228718114
12,676,4.5110668250133567e-7,9,4,0,0.6548686636439407,0.452334759396859,1.4477522455208602,0.016729699927161664,0.1409032771771246,25.132741228718263
12,677,4.5177400007900036e-7,10,5,0,0.6552938200881004,0.45268067749023494,1.447585135997408,0.3848424528313713,0.018671841068439252,25.132741228718235
12,678,4.5244131765666505e-7,11,6,0,0.6552715420880127,0.4529571341566417,1.446652437229097,0.02594376030359956,0.45826414323845566,25.132741228718384
12,679,4.5310863523432974e-7,0,7,0,0.6522809904891662,0.453153704163024,1.43942548520911,0.5521448214811049,0.023880253968510918,25.132741228718103
12,680,4.5377595281199443e-7,1,8,0,0.6524585043993801,0.4533219809878274,1.4392827433110946,0.018260567787106052,0.23425475944105326,25.132741228718412
12,681,4.544432703896591e-7,2,9,0,0.6527751115317918,0.453178663191803,1.4404365530676182,0.021096319666916365,0.023160077289664516,25.132741228718334
12,682,4.551105879673238e-7,3,10,0,0.6527541482745437,0.45291793847611056,1.441219463443649,0.13958303150165446,0.016837989972152682,25.13274122871838
12,683,4.557779055449885e-7,4,11,0,0.6527753741109127,0.4530634455160188,1.4408034472245517,0.018933057908834733,0.38234478590112747,25.132741228718213
12,684,4.564452231226532e-7,5,0,0,0.6528802355484585,0.44057448825835044,1.4818838878514753,0.45521820237554517,0.026237608964526326,25.13274122871832
12,685,4.5711254070031794e-7,6,1,0,0.6527016140645664,0.4406648400755272,1.4811747040056507,0.024423280934721046,0.5491427206958267,25.13274122871813
12,686,4.5777985827798264e-7,7,2,0,0.6528243966560814,0.4407722137139901,1.4810924471742868,0.2358957878409358,0.0184308335281496,25.13274122871827
12,687,4.5844717585564733e-7,8,3,0,0.6526932703781169,0.4407231684554152,1.480959743200215,0.023165117813047007,0.021413862171512844,25.13274122871821
12,688,4.59114493433312e-7,9,4,0,0.6528322018217816,0.44090015546182765,1.4806803620605724,0.01722438697377819,0.13841921139317542,25.132741228718245
12,689,4.597818110109767e-7,10,5,0,0.6531030553998258,0.4410428485938896,1.4808154297978435,0.3798042511689665,0.019201309532770435,25.132741228718363
12,690,4.604491285886414e-7,11,6,0,0.6529962665462156,0.44106114364744814,1.4805118880936217,0.026595600031279296,0.451714721063674,25.132741228718228
12,691,4.611164461663061e-7,0,7,0,0.6497691447953088,0.4412289557002041,1.4726348676826158,0.5461708603901579,0.024843819216462067,25.13274122871829
12,692,4.617837637439708e-7,1,8,0,0.6501816621930613,0.441238247705552,1.4735387640895126,0.018912298292850335,0.23757099212574728,25.13274122871825
12,693,4.6245108132163553e-7,2,9,0,0.6502325922891653,0.4410928904825547,1.4741398157150352,0.021734880168050218,0.023314839415062846,25.132741228718277
12,694,4.631183988993002e-7,3,10,0,0.6501791466754202,0.4408680960210639,1.4747702375005964,0.13700171528368002,0.01748458360934464,25.132741228718256
12,695,4.637857164769649e-7,4,11,0,0.650311626414688,0.4406798182681486,1.4757009498877955,0.019454537558022587,0.3771120140423718,25.13274122871827
12,696,4.644530340546296e-7,5,0,0,0.6504449497011326,0.42834645542298777,1.5185020010468508,0.44881100662152007,0.0270622947092143,25.132741228718363
12,697,4.651203516322943e-7,6,1,0,0.6504125426704661,0.42843458440191867,1.5181140046815356,0.025352054242862285,0.5438286060795922,25.132741228718203
12,698,4.65787669209959e-7,7,2,0,0.6505838891293051,0.42860189811978533,1.5179211571001499,0.2393208414879232,0.019168754442281388,25.132741228718174
12,699,4.664549867876237e-7,8,3,0,0.6507651877453325,0.42868110402663195,1.5180636179963358,0.023435995204774594,0.022047949023204803,25.132741228718285
12,700,4.6712230436528837e-7,9,4,0,0.6510284253152011,0.4285947704835842,1.5189835951116357,0.017653544723681035,0.13604059827618672,25.132741228718128
12,701,4.677896219429531e-7,10,5,0,0.6513617116871488,0.4286524270795782,1.5195568029904687,0.3746096726083943,0.019633717160165515,25.132741228718267
12,702,4.684569395206178e-7,11,6,0,0.6512941982347136,0.4288752213820381,1.5186099960168757,0.027439652010491186,0.44607502362899726,25.132741228718274
12,703,4.691242570982825e-7,0,7,0,0.6474914725500059,0.42896650799840447,1.5094219722916322,0.5407574811529268,0.025795060172399735,25.132741228718352
12,704,4.697915746759472e-7,1,8,0,0.648150917594079,0.4292696261134241,1.509892333781894,0.019631394689023876,0.2410745461000842,25.132741228718192
12,705,4.704588922536119e-7,2,9,0,0.6482321835660364,0.429522688263458,1.509191950224589,0.022285327880734392,0.02367233646531724,25.13274122871834
12,706,4.7112620983127657e-7,3,10,0,0.6482062399696666,0.4292896821286171,1.509950662581872,0.13510221111431273,0.017918243297805635,25.13274122871833
12,707,4.7179352740894126e-7,4,11,0,0.6482206786889358,0.42902342651036074,1.5109214057644975,0.019752619164207348,0.37225055043740923,25.132741228718295
12,708,4.7246084498660595e-7,5,0,0,0.648401282234893,0.4170897417692119,1.5545845828873746,0.4437539856669444,0.027778589427741727,25.132741228718203
12,709,4.7312816256427064e-7,6,1,0,0.6482282474325517,0.4172914261431013,1.5534185627151025,0.026223493612324594,0.5382366595175639,25.132741228718373
12,710,4.737954801419354e-7,7,2,0,0.6486099544911123,0.4175835864275253,1.5532458065223387,0.24219311659198217,0.019904198336076345,25.13274122871835
12,711,4.744627977196001e-7,8,3,0,0.6488916361470768,0.4176613380936363,1.5536310808868798,0.02394372892640423,0.02254683702771098,25.13274122871841
12,712,4.7513011529726477e-7,9,4,0,0.6490939078507534,0.41793433636104366,1.5531002154606803,0.018240474600048837,0.13415377843153797,25.132741228718235
12,713,4.7579743287492946e-7,10,5,0,0.6493793931404438,0.4180287244833921,1.5534324679313827,0.3697330205003557,0.020076096667839254,25.132741228718256
12,714,4.7646475045259415e-7,11,6,0,0.6491904740692291,0.41809278439723474,1.552742592783964,0.028078226317716042,0.4410566102507597,25.13274122871827
12,715,4.771320680302589e-7,0,7,0,0.6451378337974444,0.41849215217474417,1.5415768980252293,0.5356129789812966,0.026561674198693073,25.13274122871824
12,716,4.777993856079236e-7,1,8,0,0.645444892763018,0.4186298253224801,1.541803411321248,0.02017732504085598,0.24373151469096418,25.13274122871833
12,717,4.784667031855883e-7,2,9,0,0.6455162084153104,0.41840806940823405,1.5427910110057907,0.02275324603347524,0.024167159085446296,25.13274122871832
12,718,4.79134020763253e-7,3,10,0,0.6455412689176493,0.4180459109299584,1.5441874972096226,0.1332990695645571,0.018339628304465776,25.13274122871831
12,719,4.798013383409177e-7,4,11,0,0.6456466494149733,0.4178182520198384,1.5452811031920104,0.020198896104929018,0.3674101086488185,25.13274122871825
12,720,4.804686559185824e-7,5,0,0,0.6460416893850109,0.4059231646695909,1.5915368858312613,0.438453357320783,0.028499468653270032,25.13274122871825
12,721,4.81135973496247e-7,6,1,0,0.6461937024253186,0.40613619087285896,1.591076385082879,0.02693015983928645,0.532121862581943,25.132741228718267
12,722,4.818032910739117e-7,7,2,0,0.6464305272547349,0.40614014516061564,1.591644005049272,0.2458918599072047,0.020411714918706608,25.132741228718118
12,723,4.824706086515764e-7,8,3,0,0.646520518158024,0.40614694944117535,1.5918389121168652,0.024197380458876865,0.023236217479667465,25.1327412287182
12,724,4.831379262292411e-7,9,4,0,0.6467366945101958,0.40644786323827925,1.5911922610626388,0.018585080479509294,0.13228624867337524,25.132741228718462
12,725,4.838052438069058e-7,10,5,0,0.6470525375325115,0.4067095682886931,1.5909449592128029,0.36525641236063827,0.020495122121428396,25.132741228718256
12,726,4.844725613845705e-7,11,6,0,0.6472398610910807,0.4069625600745569,1.5904162313420285,0.028851692867194977,0.43591766258403813,25.13274122871836
12,727,4.851398789622352e-7,0,7,0,0.6428025910955043,0.4071587438986112,1.5787517785828815,0.5294895636742799,0.027413623609591087,25.132741228718302
12,728,4.858071965398999e-7,1,8,0,0.6429842813215608,0.4070013944540368,1.5798085463173366,0.02075893943756534,0.24748647183596714,25.132741228718295
12,729,4.864745141175646e-7,2,9,0,0.643085754616528,0.4068677469669101,1.5805768813344379,0.02372669365713441,0.024226801402489884,25.132741228718345
12,730,4.871418316952293e-7,3,10,0,0.6430343227461321,0.4065377880470348,1.581733215589139,0.13140323906488557,0.01893270989037455,25.13274122871835
12,731,4.878091492728941e-7,4,11,0,0.6431982809828011,0.4064241858677241,1.5825787523189825,0.020811554664917586,0.3620745539119445,25.132741228718253
12,732,4.884764668505588e-7,5,0,0,0.6432478754492579,0.39484681815445016,1.6291074053878838,0.4328165633272374,0.029311315933016707,25.132741228718125
12,733,4.891437844282234e-7,6,1,0,0.6431531797000426,0.39521588670025043,1.627346474024307,0.02795054910447371,0.5264936535530192,25.1327412287183
12,734,4.898111020058881e-7,7,2,0,0.6432222520010559,0.39547013524769614,1.626474908397784,0.2490157187836643,0.021045357584885946,25.13274122871832
12,735,4.904784195835528e-7,8,3,0,0.6434043593749966,0.39553537698797353,1.6266670361436715,0.024164641374777134,0.02419366139450595,25.1327412287184
12,736,4.911457371612175e-7,9,4,0,0.6436436950941335,0.39590303052043424,1.6257609704276117,0.019311318246765064,0.1302645745543572,25.132741228718245
12,737,4.918130547388822e-7,10,5,0,0.6440461692737028,0.39604648345003235,1.6261883293680592,0.36003468330942645,0.021033521476291447,25.132741228718274
12,738,4.924803723165469e-7,11,6,0,0.6439043419095133,0.3962721678520904,1.6249042808120004,0.029706036833396912,0.4299356537673112,25.132741228718356
12,739,4.931476898942116e-7,0,7,0,0.6389921183132982,0.39625825883735144,1.6125647959695384,0.5237146153740317,0.02843718251425933,25.13274122871832
12,740,4.938150074718763e-7,1,8,0,0.6394849658550257,0.39639387359816414,1.6132564311609163,0.021374535324449453,0.250829936678375,25.132741228718377
12,741,4.94482325049541e-7,2,9,0,0.6393964207938262,0.3964935786570377,1.612627430082283,0.02435617862386226,0.02431621884593881,25.13274122871825
12,742,4.951496426272057e-7,3,10,0,0.6393869248351965,0.3962731521238277,1.6135004892670612,0.1292567235415362,0.019541227703954677,25.132741228718356
12,743,4.958169602048704e-7,4,11,0,0.639510634414172,0.3962340075691741,1.6139721028426035,0.02121156216996507,0.35734136778564607,25.13274122871837
12,744,4.964842777825351e-7,5,0,0,0.6399230930246249,0.3851299099893509,1.661577240371487,0.4270825782020506,0.029926225701172458,25.13274122871821
12,745,4.971515953601997e-7,6,1,0,0.6397756360071942,0.38541402469642044,1.6599697857677262,0.028680338475357576,0.5207128425569686,25.13274122871824
12,746,4.978189129378644e-7,7,2,0,0.6401098025563113,0.38556703896825506,1.660177706759352,0.2519303439862291,0.021764008620629525,25.13274122871841
12,747,4.984862305155291e-7,8,3,0,0.6401797266346207,0.385645308665268,1.6600220779303794,0.02441884611572837,0.024734047992646047,25.132741228718206
12,748,4.991535480931939e-7,9,4,0,0.6402040522058384,0.38572363108125035,1.659748069910146,0.019707033358783647,0.1283495151064248,25.132741228718384
12,749,4.998208656708586e-7,10,5,0,0.6406238124236286,0.3858266338694631,1.6603929231084944,0.35567446537313174,0.021413392319991387,25.132741228718178
12,750,5.004881832485233e-7,11,6,0,0.6407597745791547,0.3860815447491787,1.6596488055274177,0.030126633740309324,0.4242958189588472,25.132741228718334
12,751,5.01155500826188e-7,0,7,0,0.6355267629422553,0.3864696486324137,1.6444415885986678,0.5176849826754528,0.02905078711330093,25.132741228718334
12,752,5.018228184038527e-7,1,8,0,0.6360103346350616,0.3864481802100962,1.6457842660542188,0.02192010904007407,0.25339371859207926,25.13274122871837
12,753,5.024901359815174e-7,2,9,0,0.6359388007224408,0.3861642757953178,1.646808989290126,0.025105154476048077,0.02447093246865525,25.132741228718306
12,754,5.031574535591821e-7,3,10,0,0.6359884252949797,0.3859742717638882,1.647748235623416,0.12733749129262295,0.020084896342910316,25.132741228718288
12,755,5.038247711368468e-7,4,11,0,0.6363204714630937,0.38583241949478936,1.6492146313062404,0.021659928327037094,0.35262724341613094,25.132741228718377
12,756,5.044920887145115e-7,5,0,0,0.6365084597305716,0.3746685603464523,1.6988574091778572,0.4217075332721314,0.03046630557646522,25.132741228718324
12,757,5.051594062921761e-7,6,1,0,0.6366153598008764,0.37477437991570917,1.6986629660865775,0.029630801559268238,0.514856902601911,25.13274122871826
12,758,5.058267238698408e-7,7,2,0,0.6366927992092278,0.37475547061104597,1.6989553165723985,0.25508491901690017,0.02230790930228413,25.132741228718213
12,759,5.064940414475055e-7,8,3,0,0.6367909821616043,0.37476559668835524,1.69917139617045,0.02447668023242745,0.025802872098352414,25.132741228718285
12,760,5.071613590251702e-7,9,4,0,0.6370839894782279,0.37522309345087784,1.6978805425301773,0.020625617844640298,0.12630321701805702,25.132741228718285
12,761,5.078286766028349e-7,10,5,0,0.637359332619376,0.37517057510105517,1.6988521353192432,0.34992178513840666,0.021974258267126106,25.13274122871823
12,762,5.084959941804996e-7,11,6,0,0.6372302945530964,0.37560244416135513,1.6965552393459626,0.030710911801215976,0.4185268060776567,25.1327412287183
12,763,5.091633117581643e-7,0,7,0,0.6317089010224931,0.3757728389489705,1.6810924993657628,0.5117116962343424,0.030016896519070784,25.132741228718217
12,764,5.098306293358291e-7,1,8,0,0.6318978487399148,0.3758392243031566,1.6812982995894494,0.022672663298956005,0.256394691083546,25.132741228718217
12,765,5.104979469134938e-7,2,9,0,0.6319326590612351,0.3757945139339749,1.6815909642902938,0.02605430452742376,0.024661923162997174,25.13274122871821
12,766,5.111652644911585e-7,3,10,0,0.63212628687808,0.37574647314635845,1.6823212779215044,0.12539786301732217,0.020734288233785616,25.132741228718235
12,767,5.118325820688232e-7,4,11,0,0.6323106327108982,0.375673847026399,1.683137215209088,0.022187455138158146,0.3476308638698786,25.132741228718274
12,768,5.124998996464879e-7,5,0,0,0.6326466262147955,0.3648559245307599,1.7339628704904284,0.41606713635556486,0.03112336345247916,25.13274122871827
12,1000,6.673175776646977e-7,9,4,0,0.49735163869038773,0.2098694219919074,2.369814687484896,0.030599213579801048,0.09173348695453276,25.13274122871833
12,1001,6.679848952423624e-7,10,5,0,0.49743686734449566,0.20994046215151263,2.3694187497096144,0.2538038676877231,0.032693145079114416,25.132741228718267
12,1002,6.686522128200271e-7,11,6,0,0.49717111435568406,0.20986715858273836,2.368980062021846,0.04416099665122201,0.30651568921457023,25.132741228718206
12,1003,6.693195303976918e-7,0,7,0,0.48718734815112896,0.20987135601864246,2.3213617970231875,0.3713404478683567,0.049229550094248425,25.132741228718338
12,1004,6.699868479753565e-7,1,8,0,0.4875815300234741,0.20995517186297954,2.3223125474693163,0.0380512386576645,0.2813038607730095,25.132741228718363
12,1005,6.706541655530212e-7,2,9,0,0.4879195157811238,0.20987496888158513,2.3248104258512883,0.042582913859857664,0.029890988143609784,25.132741228718178
12,1006,6.713214831306859e-7,3,10,0,0.4878654351643492,0.20986965977614747,2.324611550258,0.09095667461752134,0.03085888854870464,25.13274122871831
12,1007,6.719888007083506e-7,4,11,0,0.4882027084712371,0.20988125786066983,2.326090063722277,0.033071544652638375,0.25148636325644097,25.132741228718405
12,1008,6.726561182860153e-7,5,0,0,0.48843542216536673,0.20344631844773883,2.4008073770616583,0.3043781397879843,0.044488461309892806,25.13274122871825
12,1009,6.7332343586368e-7,6,1,0,0.48859758310846924,0.20331558553239024,2.403148690392113,0.049805138987776096,0.36787913170460257,25.132741228718235
12,1010,6.739907534413447e-7,7,2,0,0.4887693897064503,0.20335172523983183,2.4035664764092783,0.28128551555540804,0.03847399214038482,25.132741228718277
12,1011,6.746580710190093e-7,8,3,0,0.48880453294011733,0.2034376787319933,2.4027237038231415,0.03034806448048583,0.04289865089814509,25.132741228718345
12,1778,0.0000011864906530878325,0,2,0,0.07294016903576554,0.07264565071593425,1.0040541769111953,0.08700386590976135,0.07310201721610164,25.132741228718235
12,1779,0.000001187157970665497,1,3,0,0.07306134672660794,0.07270885892452161,1.0048479347262518,0.05947098263040816,0.05568685838983554,25.132741228718288
12,1780,0.000001187825288243162,2,4,0,0.07313809257145702,0.07279970303102283,1.0046482269342498,0.024183129961726748,0.03869531906957001,25.13274122871832
12,1781,0.0000011884926058208267,3,5,0,0.07309835150813566,0.0728398078090283,1.0035494835431913,0.07710923182031762,0.05299623090725029,25.132741228718277
12,1782,0.0000011891599233984913,4,6,0,0.07307689354442314,0.07279586431934153,1.0038605108643093,0.07254914764360405,0.08641474512568044,25.1327412287182
12,1783,0.000001189827240976156,5,7,0,0.07320873752291276,0.07282705861012684,1.0052408942509845,0.06125883218921298,0.07666807371387256,25.132741228718334
12,1784,0.0000011904945585538207,6,8,0,0.07313246425557494,0.07293183097151384,1.002750970068741,0.07331987549945246,0.08562825041026872,25.13274122871837
12,1785,0.0000011911618761314855,7,9,0,0.07309572598875422,0.07304640250067918,1.0006752350066053,0.055454110919361345,0.05976992224151139,25.132741228718125
12,1786,0.00000119182919370915,8,10,0,0.07315013094348885,0.07295550488242192,1.0026677364700662,0.03859805788160495,0.024015913460732532,25.132741228718373
12,1787,0.0000011924965112868148,9,11,0,0.07323471114593089,0.0731562941006657,1.00107191112165,0.052868800470420044,0.07612711000195765,25.132741228718242
12,1788,0.0000011931638288644794,10,0,0,0.07334882214116786,0.07324174900080506,1.0014619140288639,0.08544290330685639,0.07261680273416012,25.132741228718174
12,1789,0.0000011938311464421442,0,1,0,0.07348431062403027,0.07317098464495544,1.0042821069115737,0.07699589944692872,0.06024587779021732,25.13274122871835
12,3162,0.0000021100581805757743,10,6,0,0.10334755154266058,0.06668630467312885,1.5497567611405574,0.0909139095413028,0.06361790221634954,25.132741228718327
12,3163,0.0000021107254981534387,11,7,0,0.1032489784159056,0.06657716761242845,1.550816625557849,0.042616694162487034,0.08098489088374304,25.132741228718306
12,3164,0.0000021113928157311035,0,8,0,0.10368080641984972,0.06661864601339046,1.5563331383080004,0.060229948319875624,0.038288669039824176,25.132741228718196
12,3165,0.0000021120601333087683,1,9,0,0.10366780087289924,0.06667262674513115,1.554878005169786,0.046239314083106074,0.08265093105164488,25.13274122871823
12,3166,0.000002112727450886433,2,10,0,0.10373661794724925,0.06664801107730577,1.5564848263352375,0.06615490777014812,0.06561108038309622,25.132741228718057
12,3167,0.0000021133947684640974,3,11,0,0.10357058575351293,0.06650669527399228,1.5572956275578864,0.06095518910707968,0.0707522029695059,25.132741228718285
12,3168,0.0000021140620860417622,4,0,0,0.10365748361308871,0.06640050006078273,1.5610949242581171,0.06422069984913334,0.09117337653806763,25.132741228718384
12,3169,0.000002114729403619427,5,1,0,0.10348106187126309,0.06597984684143063,1.5683737811631957,0.08126398425846795,0.0431698131940228,25.132741228718213
12,3170,0.000002115396721197092,6,2,0,0.10349589747010468,0.06601800747789983,1.5676919286718995,0.03857405185530944,0.0599763187032059,25.13274122871833
12,3171,0.000002116064038774756,7,3,0,0.10346689337933822,0.06586192306921013,1.5709667825916867,0.08335504537471523,0.04627622551551748,25.13274122871825
12,3172,0.000002116731356352421,8,4,0,0.10334919245088832,0.06578089648722105,1.5711125565302306,0.06596999293141254,0.06691267495675726,25.132741228718213
12,3173,0.000002117398673930086,9,5,0,0.10322206597137924,0.06563833783371163,1.5725880541472934,0.07100525579660324,0.06090833130697061,25.132741228718174
12,5623,0.000003752326739208595,2,7,0,0.10814577481351732,0.0808661064462597,1.3373436606025613,0.07256512271333493,0.05295124814536672,25.132741228718327
12,5624,0.00000375299405678626,3,8,0,0.10828292122260633,0.0809673311158139,1.3373655736252539,0.03232250901648522,0.04361722880885335,25.132741228718388
12,5625,0.0000037536613743639248,4,9,0,0.1083635743157031,0.08108039362855024,1.3364954148119212,0.04239309778901627,0.048848381059844084,25.132741228718118
12,5626,0.000003754328691941589,5,10,0,0.1083157798872715,0.0801258602637949,1.3518204925434578,0.07509070558718585,0.048384918166129526,25.132741228718245
12,5627,0.000003754996009519254,6,11,0,0.10837894924876336,0.08008867646434958,1.3532368623547777,0.03469365699631224,0.11735876082513884,25.13274122871832
12,5628,0.0000037556633270969187,7,0,0,0.1086010263272768,0.08018409734565604,1.3543960700726183,0.10897167631147527,0.04634833516436026,25.132741228718245
12,5629,0.0000037563306446745835,8,1,0,0.1085179516269263,0.08012308906320309,1.3543905120947675,0.05301209279152037,0.07222934684559705,25.132741228718206
12,5630,0.000003756997962252248,9,2,0,0.10860101740881212,0.08031465234212201,1.352194328703518,0.04347042910602165,0.03202069941176758,25.13274122871814
12,5631,0.0000037576652798299127,10,3,0,0.10858275079655988,0.08054289468873299,1.3481356886437972,0.04866085376563113,0.04234817836210142,25.13274122871826
12,5632,0.0000037583325974075775,11,4,0,0.10856537873932127,0.08062076461172998,1.34661807367088,0.048348000646805674,0.07500460281169571,25.132741228718274
12,5633,0.0000037589999149852423,0,5,0,0.10908775322745395,0.080638931783287,1.3527926376879806,0.1170331527984478,0.034784586720098355,25.132741228718235
12,5634,0.0000037596672325629067,1,6,0,0.10891240948300858,0.0805949665404652,1.3513549810623189,0.045884899160509786,0.10829350680528746,25.132741228718363
12,10000,0.000006673175776646977,8,4,0,0.20920364877434044,0.12089882100724668,1.730402720484766,0.06658232213369568,0.05973375205764658,25.13274122871828
12,10001,0.000006673843094224642,9,5,0,0.2093571338400084,0.12091739460334114,1.731406259014975,0.06562207881171794,0.09031247423315349,25.132741228718206
12,10002,0.000006674510411802306,10,6,0,0.20899958655807727,0.1208739655665522,1.7290703219545143,0.1796953157942137,0.05832049589456228,25.132741228718398
12,10003,0.000006675177729379971,11,7,0,0.20918032374229026,0.12095136191306577,1.7294581923983574,0.03741807663601802,0.1837552493267038,25.132741228718327
12,10004,0.000006675845046957636,0,8,0,0.20742864100431632,0.12082859883156086,1.7167180866963363,0.1451597135933179,0.03421222043793685,25.13274122871829
12,10005,0.0000066765123645353,1,9,0,0.2073685961882904,0.12082771440300852,1.7162337069178815,0.06323550161025944,0.11634707270161068,25.132741228718313
12,10006,0.000006677179682112965,2,10,0,0.20754629755810589,0.12089844265330948,1.716699512443426,0.05992563709499,0.06605548735313689,25.132741228718267
12,10007,0.00000667784699969063,3,11,0,0.20750819845273638,0.12079026099860095,1.7179216001126105,0.08902639525623578,0.06573904184160473,25.132741228718334
12,10008,0.000006678514317268295,4,0,0,0.2073534859027853,0.12086182205521605,1.7156243582696884,0.058362641826392725,0.1783354633710499,25.132741228718423
12,10009,0.000006679181634845959,5,1,0,0.2073384357330713,0.12083680495633288,1.7158549980529338,0.18322127736846022,0.037728883158602136,25.132741228718285
12,10010,0.000006679848952423624,6,2,0,0.20747872900704653,0.12089390811546508,1.7162049952830112,0.0342563867890711,0.14529688244337358,25.132741228718388
12,10011,0.000006680516270001289,7,3,0,0.2074207526618293,0.1228008526678197,1.6890823488246387,0.11665353164107872,0.06302622303947351,25.132741228718356
12,17783,0.00001186690848361132,8,11,0,0.21181797089559162,0.1855817193031909,1.1413730387395415,0.0349119446615563,0.09977209355868584,25.132741228718128
12,17784,0.000011867575801188984,9,0,0,0.2120787078431545,0.18556003847195732,1.1429115319740828,0.04135084965195986,0.08235017379738291,25.132741228718185
12,17785,0.000011868243118766649,10,1,0,0.21238611365038104,0.18559082371367452,1.1443783124646598,0.16352992517845982,0.03880502813713348,25.132741228718274
12,17786,0.000011868910436344313,11,2,0,0.21223639150935994,0.1858319442836739,1.142087773592787,0.0560725425004795,0.24115153188729496,25.13274122871832
12,17787,0.000011869577753921977,0,3,0,0.2126247141440198,0.1857994012305013,1.1443778221881309,0.24777319852138138,0.05497579154520512,25.13274122871827
12,17788,0.000011870245071499642,1,4,0,0.21255729371246698,0.18581771486071508,1.143902204759085,0.04456760987809442,0.18595709005264216,25.13274122871836
12,17789,0.000011870912389077308,2,5,0,0.21246528723593552,0.18585417105948204,1.14318277617744,0.10018922074772395,0.0346236828010551,25.132741228718302
12,17790,0.000011871579706654972,3,6,0,0.21223833904462513,0.18583989579711171,1.1420493868352875,0.08178901213507152,0.04129510779358907,25.132741228718324
12,17791,0.000011872247024232637,4,7,0,0.21226258358678318,0.185751255073544,1.1427248957361964,0.03836064184949159,0.16343533079662875,25.132741228718388
12,17792,0.000011872914341810301,5,8,0,0.21231506589385812,0.18586004836792192,1.142338376419481,0.2410403771262084,0.0559315537355393,25.13274122871836
12,17793,0.000011873581659387965,6,9,0,0.2123269583002778,0.18565606689869762,1.1436575267757505,0.055069123712962416,0.2475943868499802,25.132741228718405
12,17794,0.000011874248976965631,7,10,0,0.21238724250814406,0.1852772650519641,1.1463211228240902,0.1861051680936527,0.04465053374359425,25.13274122871812
