q,t,time_s,decoded,expected,ok,best_overlap,second_overlap,contrast,near_plus,near_minus,energy
12,23,1.5348304286288048e-8,11,11,1,1,0.31926467872237074,3.1321974106305372,0.00014916334960843623,0.58963386419969,25.13274122871843
12,24,1.6015621863952746e-8,0,0,1,0.9959566094894867,0.31885109003650786,3.1235791270948816,0.7198959461404745,0.00016919437911358718,25.13274122871838
12,25,1.6682939441617444e-8,1,1,1,0.995973383560505,0.31870994484612597,3.125015079279574,0.00012084955491385542,0.49609417101834846,25.132741228718096
12,26,1.735025701928214e-8,2,2,1,0.9958791096408207,0.31993685655435733,3.112736432951796,0.0345252661206159,0.00014508837356404561,25.132741228718206
12,27,1.8017574596946836e-8,3,3,1,0.99590207613748,0.3198647456471383,3.1135099747320027,0.0386214560254433,0.00032278502952847333,25.13274122871837
12,28,1.8684892174611534e-8,4,4,1,0.9959733701612982,0.32004017382675914,3.112026088013651,0.00011927370691044505,0.3646207984124331,25.13274122871827
12,29,1.9352209752276232e-8,5,5,1,0.9959998378850865,0.32066295243396037,3.106064577541772,0.5895097185415316,0.0002181648237589643,25.132741228718388
12,30,2.001952732994093e-8,6,6,1,0.9959572712876071,0.3206131246195874,3.1064145376747327,0.00022874140378343827,0.7197530707095843,25.13274122871835
12,31,2.068684490760563e-8,7,7,1,0.9959607625332563,0.32940856087114384,3.0234817209952554,0.49914576593699644,0.00019336686046300073,25.132741228718324
12,32,2.1354162485270326e-8,8,8,1,0.9959733227515307,0.32919048337373696,3.0255228296523415,0.00022441000444982622,0.03544965026487869,25.13274122871834
12,33,2.2021480062935024e-8,9,9,1,0.9959583491830591,0.3288221884055261,3.0288660081380367,0.0003557588350983349,0.03838909293073613,25.13274122871812
12,34,2.2688797640599722e-8,10,10,1,0.9959965901167334,0.3284106446908824,3.0327780363338053,0.3621499022678043,0.0001108760937571211,25.132741228718388
12,35,2.335611521826442e-8,11,11,1,0.9959783177905064,0.32811962114834403,3.0354122508882853,0.0002692674332501249,0.5882787902091524,25.132741228718217
12,36,2.402343279592912e-8,0,0,1,0.9941580828353519,0.3283260730278765,3.027959594153045,0.719341985763212,0.0002713185532709362,25.132741228718135
12,37,2.4690750373593816e-8,1,1,1,0.9941130428013014,0.32775103005263617,3.0331347628156924,0.00019581453702188745,0.501958873060021,25.13274122871826
12,38,2.535806795125851e-8,2,2,1,0.9943330889417169,0.327763599471954,3.033689801258116,0.036523599281870885,0.0002748837706485564,25.132741228718192
12,39,2.602538552892321e-8,3,3,1,0.9943647494835443,0.3281574492333811,3.030145290946498,0.03772314388832835,0.00040450363914910627,25.132741228718274
12,40,2.6692703106587907e-8,4,4,1,0.9943220021632369,0.328787826937942,3.024205644787795,0.00014664447425844003,0.36058347797563073,25.132741228718356
12,41,2.7360020684252605e-8,5,5,1,0.9944191232051743,0.32913369910929224,3.0213227205123325,0.588390005242052,0.0003157598866986997,25.132741228718356
12,42,2.8027338261917303e-8,6,6,1,0.9944353349394245,0.3280171578760538,3.031656457785622,0.000393685133148021,0.7179002714059799,25.132741228718196
12,43,2.8694655839582e-8,7,7,1,0.9943245449637169,0.3374291598845993,2.946765316025964,0.5044131072883454,0.00024810899383975824,25.132741228718366
12,44,2.93619734172467e-8,8,8,1,0.9943075058286186,0.3376273965820799,2.944984666215896,0.0003441726878109546,0.03753231582718209,25.132741228718213
12,45,3.00292909949114e-8,9,9,1,0.9942591503873203,0.3369788152518737,2.9505093655343426,0.00045331838969053746,0.03727426950320318,25.13274122871831
12,46,3.0696608572576095e-8,10,10,1,0.9943671468945041,0.33665372453727693,2.9536793281026066,0.35858284041150074,0.00020876546074559153,25.132741228718192
12,47,3.136392615024079e-8,11,11,1,0.9943132111707744,0.3372326166601802,2.9484491180540697,0.00045267922433495463,0.5866127125789372,25.132741228718427
12,48,3.203124372790549e-8,0,0,1,0.9917823878240608,0.33651801921723246,2.9471895446520966,0.7168559517844332,0.0005438014350114661,25.132741228718285
12,49,3.269856130557019e-8,1,1,1,0.991859075150666,0.33558332616478626,2.955626808060241,0.0003125243867526564,0.5064733327371128,25.132741228718377
12,50,3.336587888323489e-8,2,2,1,0.992033539505314,0.33627437531875387,2.9500717637642393,0.03846679146770806,0.0003734581597736178,25.132741228718295
12,51,3.4033196460899585e-8,3,3,1,0.992004583038458,0.33713971473328863,2.942413900489989,0.035916329987889135,0.0004848842623998342,25.132741228718345
12,52,3.470051403856428e-8,4,4,1,0.9921769110083813,0.3383215147411443,2.932645036682084,0.0002374046006413612,0.35500378226674145,25.132741228718203
12,53,3.536783161622898e-8,5,5,1,0.992345259171518,0.3384257401582397,2.9322393110746283,0.5866698163459825,0.0005250965000493744,25.132741228718274
12,54,3.603514919389367e-8,6,6,1,0.9924179661029735,0.3379120338722882,2.9369121742437025,0.0005748171820897102,0.716538033407216,25.132741228718228
12,55,3.670246677155837e-8,7,7,1,0.9923549173586437,0.34660986067697735,2.8630314077632883,0.5100783278485925,0.0003288039077335408,25.132741228718302
12,56,3.736978434922307e-8,8,8,1,0.9925084072930067,0.3461460632753811,2.8673109782080735,0.0004309149621242937,0.03973001818059666,25.13274122871838
12,57,3.8037101926887767e-8,9,9,1,0.9925167236223134,0.3450871924602515,2.8761331782449022,0.0005217478806267318,0.035975990801062244,25.132741228718363
12,58,3.8704419504552465e-8,10,10,1,0.9924570583689879,0.3453346435192934,2.8738994971801626,0.3538084579036961,0.00031573890281278404,25.132741228718196
12,59,3.937173708221716e-8,11,11,1,0.9925361040732826,0.3446527523119263,2.879814820613974,0.0006157274532090142,0.5848254621553932,25.13274122871828
12,60,4.003905465988186e-8,0,0,1,0.989541555993333,0.3441742524328579,2.875117906114649,0.7151360964430485,0.0006745079786219353,25.132741228718302
12,61,4.070637223754656e-8,1,1,1,0.9897681172495476,0.34476433843409554,2.8708541078959353,0.0003935526574891907,0.5117147681727259,25.13274122871832
12,62,4.137368981521126e-8,2,2,1,0.9898633027361426,0.3443112131356156,2.874908701699065,0.04003455812402156,0.0005339769321106751,25.1327412287182
12,63,4.2041007392875955e-8,3,3,1,0.9899500710200626,0.3450432347957132,2.869060950017391,0.03546552697728327,0.0005582438534888978,25.13274122871814
12,64,4.270832497054065e-8,4,4,1,0.9900729215531596,0.3460928449429434,2.860714793790037,0.00036462874063868583,0.35074797745053354,25.132741228718295
12,65,4.337564254820535e-8,5,5,1,0.9902370658403148,0.34656801734460024,2.8572661534884225,0.5836318093555889,0.000635427353090788,25.13274122871831
12,66,4.404296012587005e-8,6,6,1,0.9902523093814032,0.3462536407961702,2.8599043958192976,0.000835413661095495,0.7145227125020529,25.132741228718288
12,67,4.471027770353475e-8,7,7,1,0.9902336338092652,0.3553043371654281,2.7870012556255874,0.5150559396164018,0.0005284801398561662,25.13274122871828
12,68,4.5377595281199445e-8,8,8,1,0.9903292747209528,0.3549090381459245,2.7903749081582103,0.0006992388830828637,0.04167744711513931,25.132741228718242
12,69,4.604491285886414e-8,9,9,1,0.990144754105001,0.3554754926409321,2.785409330890645,0.0005986896281590027,0.034654866072656436,25.132741228718352
12,70,4.671223043652884e-8,10,10,1,0.9900525883858529,0.3551204675184641,2.787934458704147,0.3499574781628981,0.00037894810814166586,25.132741228718352
12,71,4.737954801419354e-8,11,11,1,0.9900467127253965,0.35506724224359726,2.788335827516765,0.0007582807129142154,0.5810763190219871,25.132741228718295
12,72,4.804686559185824e-8,0,0,1,0.986302866625087,0.3550270340685911,2.7781063749487136,0.7132979312430341,0.0008571592561074643,25.1327412287184
12,73,4.8714183169522935e-8,1,1,1,0.9862937231068426,0.35490591104898284,2.7790287295911447,0.0005328161065959109,0.519013970814311,25.13274122871805
12,74,4.938150074718763e-8,2,2,1,0.9864439141068045,0.35603439905655465,2.7706421534569525,0.042963235459055886,0.000775621784138527,25.132741228718245
12,75,5.0048818324852324e-8,3,3,1,0.9865745319271273,0.3562242675044045,2.7695320670844774,0.034362000175639576,0.0006438078579500701,25.13274122871822
12,76,5.071613590251702e-8,4,4,1,0.9864963769465551,0.35748302802093257,2.7595614326305595,0.00038973559565447273,0.3463007075800662,25.132741228718242
12,77,5.138345348018172e-8,5,5,1,0.9867170997938455,0.3582666260439652,2.7541418264082433,0.57866332503675,0.0008442019742210973,25.132741228718263
12,78,5.205077105784642e-8,6,6,1,0.9868150766602909,0.3576471626286629,2.7591860911388775,0.0009682747722519764,0.7140377505037657,25.132741228718263
12,79,5.2718088635511116e-8,7,7,1,0.9868896279474078,0.3654088912120258,2.7007816494940524,0.522799300397628,0.0005538526153298074,25.132741228718288
12,80,5.3385406213175814e-8,8,8,1,0.9868235044134497,0.3655598355845552,2.6994855789762884,0.0007652940526993224,0.043987424328741795,25.132741228718228
12,81,5.405272379084051e-8,9,9,1,0.9867201126378676,0.36549849159514114,2.699655772398774,0.0007070225477857096,0.03381857982823834,25.13274122871833
12,82,5.472004136850521e-8,10,10,1,0.986586132077166,0.3659920599463612,2.695649004576103,0.34207744077427066,0.00046118614383411333,25.132741228718405
12,83,5.538735894616991e-8,11,11,1,0.9867429932836328,0.3657939537139394,2.6975377347414877,0.0009321639452761607,0.5783132108346606,25.1327412287184
12,84,5.6054676523834606e-8,0,0,1,0.9823122196050275,0.3649115651907717,2.6919185723573475,0.7127139041804874,0.0010970864526445563,25.132741228718203
12,85,5.6721994101499304e-8,1,1,1,0.9824423095341621,0.3650131438672782,2.691525842399216,0.0006065414258237322,0.5273459878422752,25.132741228718253
12,86,5.7389311679164e-8,2,2,1,0.9828137097632672,0.36497979180233536,2.6927893868040136,0.04513496480890852,0.0007837711561231317,25.132741228718196
12,87,5.80566292568287e-8,3,3,1,0.9830565758746135,0.3654723359287082,2.6898248628765598,0.032731169400597025,0.0007714807150654426,25.132741228718334
12,88,5.87239468344934e-8,4,4,1,0.983029939996056,0.3672302832498859,2.6768760225777526,0.0004520179979787402,0.3397258548040442,25.1327412287183
12,89,5.9391264412158096e-8,5,5,1,0.983264452376533,0.3676619731970808,2.6743708190062554,0.5772004024834195,0.0010056440810697622,25.132741228718423
12,90,6.00585819898228e-8,6,6,1,0.9835072722658447,0.3675900916408996,2.6755543596823532,0.0010745751019205327,0.7129957079407352,25.13274122871828
12,91,6.072589956748749e-8,7,7,1,0.9835692831094817,0.37554834854446495,2.619021723625093,0.5316867488622059,0.0006404252777912141,25.132741228718285
12,92,6.139321714515219e-8,8,8,1,0.9835822672533313,0.3753734982762726,2.6202762628954184,0.0007757329081499709,0.0465467608811919,25.132741228718206
12,93,6.206053472281688e-8,9,9,1,0.9835183445339443,0.3749863424298467,2.622811108695094,0.0008681795643886041,0.03225597310903337,25.132741228718306
12,94,6.272785230048159e-8,10,10,1,0.983509006005825,0.3750436260000084,2.6223856048304177,0.33768314817136363,0.0005052135489434256,25.132741228718398
12,95,6.339516987814628e-8,11,11,1,0.9837390410590648,0.3747171615974508,2.625284192656943,0.0011217492629390226,0.575012691376915,25.132741228718142
12,96,6.406248745581098e-8,0,0,1,0.9783930363325437,0.3746634401076958,2.6113918028706182,0.7114802146047151,0.001264356466180094,25.132741228718167
12,97,6.472980503347567e-8,1,1,1,0.9786319941615829,0.37445074173070936,2.613513301211131,0.0007397571588045667,0.5355058457020055,25.132741228718327
12,98,6.539712261114038e-8,2,2,1,0.978801047431568,0.3748955498945818,2.6108633396870156,0.04810674465042286,0.0008756410290041109,25.132741228718366
12,99,6.606444018880507e-8,3,3,1,0.9788459610076636,0.37499180934862336,2.610312909788511,0.03191057583792305,0.0009521371837707389,25.132741228718192
12,100,6.673175776646977e-8,4,4,1,0.9791389234770734,0.37526007474288986,2.609227544784593,0.0005103092471021319,0.3348916589581096,25.13274122871836
12,101,6.739907534413447e-8,5,5,1,0.9793139316498151,0.3765080058784672,2.601044111571766,0.5741864581499696,0.0011555755050771425,25.132741228718277
12,102,6.806639292179917e-8,6,6,1,0.9796358993193376,0.37591319185938893,2.6060162839025143,0.001261402840613816,0.71093998410869,25.132741228718253
12,103,6.873371049946386e-8,7,7,1,0.9793193337081266,0.38448902568094545,2.5470670638094624,0.5377126915347509,0.0007496497641246889,25.132741228718356
12,104,6.940102807712857e-8,8,8,1,0.9795040384764301,0.38414076825712595,2.5498570300687162,0.0010172232511476897,0.0491691642651344,25.132741228718125
12,105,7.006834565479326e-8,9,9,1,0.9793913445324162,0.3831457905129469,2.55618453545119,0.0009009787773472261,0.03096245013369553,25.132741228718242
12,106,7.073566323245796e-8,10,10,1,0.9794174187694498,0.3822628101172598,2.5621572197123013,0.3332434989662929,0.0005461204288435857,25.132741228718317
12,107,7.140298081012265e-8,11,11,1,0.9794324102873758,0.38228939030599823,2.5620182906551574,0.001213964381308158,0.5755386373488471,25.132741228718455
12,108,7.207029838778735e-8,0,0,1,0.9736913997170781,0.3820398595447717,2.548664426998016,0.70787435991672,0.0012905286881979379,25.132741228718313
12,109,7.273761596545205e-8,1,1,1,0.9739007304570984,0.38181096901768197,2.5507405744856855,0.0007863169611850956,0.5408772073613,25.13274122871826
12,110,7.340493354311674e-8,2,2,1,0.9741025962524185,0.3826912068248142,2.5454010410496224,0.05020099756598533,0.0011509922394491207,25.13274122871822
12,111,7.407225112078145e-8,3,3,1,0.9742926607028931,0.38308229648658315,2.5432985800663754,0.030625414654351184,0.0008837396828634669,25.132741228718295
12,112,7.473956869844614e-8,4,4,1,0.9744191383366981,0.3839323127377703,2.537997209425393,0.0005986054556684835,0.3308307349494237,25.132741228718277
12,113,7.540688627611084e-8,5,5,1,0.9744601239487661,0.38462197347845145,2.5335529198603117,0.5744165195702212,0.0013661819582955384,25.132741228718203
12,114,7.607420385377553e-8,6,6,1,0.9745424533495194,0.38441704770062995,2.535117677997615,0.0013912096694019735,0.7066232224025855,25.132741228718363
12,115,7.674152143144024e-8,7,7,1,0.9745358437371986,0.3930717251164383,2.4792824857817366,0.5429490571774297,0.0008553546500058258,25.13274122871835
12,116,7.740883900910493e-8,8,8,1,0.9747283162928028,0.3927044403615923,2.4820914054226066,0.0011666434103673306,0.05120053124727955,25.132741228718324
12,117,7.807615658676963e-8,9,9,1,0.9749064884315894,0.39108833305014373,2.4928038144942333,0.0009364767664282502,0.03048675666172694,25.132741228718285
12,118,7.874347416443433e-8,10,10,1,0.9748564843658188,0.3903940235969634,2.497109139591351,0.32889402805759116,0.0006705248662433091,25.132741228718384
12,119,7.941079174209903e-8,11,11,1,0.9748636436041329,0.39017898447819194,2.4985037185123447,0.0014029271783555465,0.5736797368128672,25.1327412287182
12,120,8.007810931976372e-8,0,0,1,0.9687932422664294,0.3900984174244066,2.483458529934084,0.7053961162700197,0.0014212802648305633,25.13274122871821
12,121,8.074542689742843e-8,1,1,1,0.9691683956103372,0.38973631212712545,2.486728501947262,0.0009116794661782802,0.5438579146363687,25.132741228718334
12,122,8.141274447509312e-8,2,2,1,0.9694637986591373,0.38924640152291434,2.4906172410743954,0.052117788753339916,0.001188835885115858,25.132741228718253
12,123,8.208006205275782e-8,3,3,1,0.9693110464121962,0.39027433989179605,2.4836658404980936,0.029980792608154613,0.0009574168002459952,25.132741228718313
12,124,8.274737963042251e-8,4,4,1,0.9696723488365406,0.3907292254329942,2.4816990532560737,0.0007002059407148606,0.32731639195164264,25.132741228718288
12,125,8.341469720808722e-8,5,5,1,0.9700284838609684,0.39050646908984304,2.4840266695755964,0.5730852779609926,0.0015186624019473947,25.13274122871825
12,126,8.408201478575191e-8,6,6,1,0.9702498048594562,0.3894335430838101,2.4914387116639527,0.0016386889091180772,0.7036833694356613,25.13274122871826
12,127,8.474933236341661e-8,7,7,1,0.9704163658651299,0.39810733576836266,2.437574690735574,0.5455496708293712,0.0009984239610421881,25.132741228718135
12,128,8.54166499410813e-8,8,8,1,0.9703434045299071,0.3983396329308951,2.4359700223408214,0.001278397374728164,0.05305663876935193,25.1327412287183
12,129,8.6083967518746e-8,9,9,1,0.9701414277212718,0.3979554772372605,2.4378139847611013,0.0010122412148869204,0.0297510361732469,25.13274122871834
12,130,8.67512850964107e-8,10,10,1,0.9694779257207575,0.39855142256743586,2.432503990264191,0.324835182726048,0.0008230339226681378,25.13274122871834
12,131,8.741860267407539e-8,11,11,1,0.9697133889371501,0.39854916401958906,2.433108576008675,0.0017847909821028297,0.5723346017250226,25.132741228718366
12,132,8.80859202517401e-8,0,0,1,0.9631355601732183,0.39797357996941757,2.420099244395145,0.7025472162826557,0.0019247908006543401,25.13274122871835
12,133,8.875323782940479e-8,1,1,1,0.963096849092663,0.39837684997416745,2.417552247714983,0.0012244413392698025,0.5492572920644155,25.13274122871831
12,134,8.94205554070695e-8,2,2,1,0.9633140121554573,0.39883776443634816,2.4153029077295307,0.05487898380347908,0.0015133537659017286,25.13274122871824
12,135,9.008787298473418e-8,3,3,1,0.9633891434183962,0.39888674012329695,2.4151947069501736,0.029770500013406892,0.0011390010396330407,25.132741228718306
12,136,9.075519056239889e-8,4,4,1,0.9636905886464905,0.3993048236802164,2.4134208541849795,0.0009111017877950662,0.3223437001527839,25.132741228718494
12,137,9.142250814006358e-8,5,5,1,0.9640131417901829,0.399664616668882,2.4120552622972324,0.5694257878427843,0.0018934335028859678,25.132741228718285
12,138,9.208982571772829e-8,6,6,1,0.9639697291518372,0.39981411071776674,2.411044791343831,0.0020290319415363542,0.7019054821124997,25.132741228718274
12,139,9.275714329539298e-8,7,7,1,0.9641584330938242,0.4079969599759796,2.363151022376706,0.5512251009203595,0.0013525684347621956,25.132741228718245
12,140,9.342446087305768e-8,8,8,1,0.9643741175091229,0.4081059435866602,2.363048450198179,0.0016842431424256292,0.056153912060474404,25.13274122871807
12,141,9.409177845072237e-8,9,9,1,0.9644753710439109,0.4071956971681685,2.3685794760389878,0.0012065546083706083,0.029531314930089956,25.132741228718295
12,142,9.475909602838708e-8,10,10,1,0.9644831952889747,0.40703278893703043,2.369546683960599,0.319672992488903,0.0010010144286941385,25.132741228718345
12,143,9.542641360605177e-8,11,11,1,0.9643261183168573,0.4071035244122651,2.36874912765507,0.002031483724366254,0.5678008073598874,25.13274122871831
12,144,9.609373118371647e-8,0,0,1,0.9568466055823078,0.40649827372954994,2.3538761845244975,0.7000712755975209,0.002190744053453285,25.132741228718388
12,145,9.676104876138116e-8,1,1,1,0.9569861149340829,0.40667163529202216,2.3532157934912075,0.00148305658943059,0.5533935148743314,25.132741228718245
12,146,9.742836633904587e-8,2,2,1,0.9576707379854286,0.4063900685541394,2.356530860590771,0.05717371153282296,0.0018360129569674176,25.13274122871823
12,147,9.809568391671056e-8,3,3,1,0.9580575028131829,0.40683739030698457,2.354890493448176,0.029253404207031024,0.0011866363331722962,25.132741228718317
12,148,9.876300149437527e-8,4,4,1,0.9582447453724342,0.4071955637820045,2.353278941627759,0.001083799016823034,0.3179573118924169,25.132741228718164
12,149,9.943031907203996e-8,5,5,1,0.9585304664239271,0.40781694527280077,2.3503939145607053,0.5670758839457067,0.001981339443168301,25.13274122871827
12,150,1.0009763664970465e-7,6,6,1,0.9586723675411347,0.40768993223700656,2.351474225230119,0.0022313454661549324,0.6993021171608814,25.13274122871823
12,151,1.0076495422736935e-7,7,7,1,0.9585476484933223,0.41612086672704424,2.3035317984235686,0.5563605808752058,0.0014847318062313722,25.132741228718203
12,152,1.0143227180503404e-7,8,8,1,0.9584280034825541,0.4165634196338388,2.3007973295519246,0.001790153027413589,0.05824946863009343,25.132741228718338
12,153,1.0209958938269875e-7,9,9,1,0.9583283363520054,0.4167401286220742,2.2995825708473516,0.0013100580149394356,0.02845137369410688,25.132741228718253
12,154,1.0276690696036344e-7,10,10,1,0.9581624018043631,0.4161843860968271,2.3022545626722346,0.3149750866360655,0.0010835456028200818,25.132741228718324
12,155,1.0343422453802815e-7,11,11,1,0.9585224531424906,0.41634578402060446,2.302226874705316,0.002083581903422867,0.5684221644525229,25.132741228718295
12,156,1.0410154211569284e-7,0,0,1,0.9510331645317238,0.41492475612191615,2.2920617545709527,0.6971864358279516,0.0023823151933171126,25.132741228718295
12,157,1.0476885969335754e-7,1,1,1,0.9512217230962428,0.41512447868035207,2.2914132313278692,0.0015845810583931903,0.5591230114741816,25.132741228718228
12,158,1.0543617727102223e-7,2,2,1,0.9513441726197109,0.41624054483496303,2.2855634426408735,0.05972072228223678,0.0017772923746290422,25.13274122871825
12,159,1.0610349484868694e-7,3,3,1,0.9512933861547442,0.41731798515367485,2.279540829769022,0.028397524341814178,0.0012467778801621098,25.132741228718377
12,160,1.0677081242635163e-7,4,4,1,0.9515204064607501,0.4182187700587131,2.2751738434101547,0.0011374441542072997,0.3144400871184465,25.13274122871833
12,161,1.0743813000401633e-7,5,5,1,0.9516634108439822,0.41911814516309326,2.2706328080204146,0.5673744916905379,0.0021889624469202565,25.132741228718363
12,162,1.0810544758168102e-7,6,6,1,0.9518261690897157,0.4186336807511332,2.2736492854132093,0.0023622434717532007,0.6957264516913396,25.13274122871813
12,163,1.0877276515934573e-7,7,7,1,0.9518763286331862,0.42742228555688283,2.2270161402393867,0.5613635702115739,0.0015734588962560202,25.132741228718327
12,164,1.0944008273701042e-7,8,8,1,0.9521878718031267,0.42706003865107284,2.2296346780905596,0.0018060911870307953,0.06135009361183435,25.132741228718412
12,165,1.1010740031467513e-7,9,9,1,0.9521919151940759,0.42611863482548856,2.2345699938329004,0.0012985866103493511,0.02793931382268715,25.132741228718242
12,166,1.1077471789233982e-7,10,10,1,0.9520210620506422,0.4258765691909305,2.235438929780212,0.31161318478565325,0.0010858649534328968,25.132741228718395
12,167,1.1144203547000452e-7,11,11,1,0.9519653554306534,0.4262431101746006,2.2333859074946756,0.0022056540892346098,0.5673564526364453,25.132741228718366
12,168,1.1210935304766921e-7,0,0,1,0.943381043029657,0.42608192419097324,2.2140836995629654,0.6940617708099477,0.002373966273679719,25.13274122871835
12,169,1.1277667062533392e-7,1,1,1,0.9437050404050856,0.42615452544672394,2.214466781540875,0.0016568516638639256,0.5627069015093435,25.132741228718306
12,170,1.1344398820299861e-7,2,2,1,0.9438084531787602,0.42721511361644354,2.209211292150393,0.06319409976269551,0.0020297292997080076,25.132741228718256
12,171,1.141113057806633e-7,3,3,1,0.9439608737653766,0.42736083547355125,2.208814648912294,0.027407088807245312,0.0013712810077223861,25.132741228718274
12,172,1.14778623358328e-7,4,4,1,0.9443747258063819,0.42808056036447106,2.2060677667828084,0.0012277545250409868,0.3089018798879716,25.132741228718324
12,173,1.154459409359927e-7,5,5,1,0.9449129809185118,0.4289295467729084,2.2029561451936646,0.5661553146350554,0.0023384414301341034,25.13274122871829
12,174,1.161132585136574e-7,6,6,1,0.9449852168855498,0.4288121606832504,2.203727654038197,0.002478322907186954,0.6921835504000641,25.13274122871832
12,175,1.1678057609132209e-7,7,7,1,0.9451706653169498,0.4368460201656452,2.1636243016671086,0.5654713017263104,0.0017324127595869964,25.132741228718345
12,176,1.174478936689868e-7,8,8,1,0.9450629689611829,0.4364959269757279,2.165112915277523,0.0021190660537055554,0.06414606831222354,25.13274122871829
12,177,1.1811521124665149e-7,9,9,1,0.9448223947419246,0.4360237177265741,2.1669059648136226,0.001475850081333866,0.027109776134359016,25.132741228718334
12,178,1.1878252882431619e-7,10,10,1,0.9447873344586776,0.43529576123520164,2.170449194767565,0.3058385758254029,0.001245881653966221,25.13274122871834
12,179,1.194498464019809e-7,11,11,1,0.9446600310068053,0.43539467886529576,2.169663702525561,0.002423321821305097,0.5641109259548166,25.132741228718437
12,180,1.201171639796456e-7,0,0,1,0.9359450499974908,0.4351119461061529,2.1510442505045617,0.6894652172336995,0.0026257894167688186,25.132741228718302
12,181,1.2078448155731028e-7,1,1,1,0.9360610777997032,0.43507535658804,2.1514918361281303,0.0017993122943878702,0.5680991913676221,25.132741228718327
12,182,1.2145179913497497e-7,2,2,1,0.9364302301859223,0.4354314944699576,2.150579923773821,0.06548648966198495,0.0022429594414032127,25.13274122871813
12,183,1.221191167126397e-7,3,3,1,0.9362124699363037,0.43638625547033383,2.145375703749562,0.027134363643395366,0.0016301950828094642,25.13274122871835
12,184,1.2278643429030438e-7,4,4,1,0.9368678545303795,0.4366537490597708,2.1455623741870986,0.0013524339106097943,0.30431631296254175,25.132741228718363
12,185,1.2345375186796907e-7,5,5,1,0.9373234540632256,0.4370898419024464,2.1444640533934574,0.5623755537250554,0.002596857300702821,25.13274122871828
12,186,1.2412106944563376e-7,6,6,1,0.9376374148766249,0.4365811711859268,2.1476817525813847,0.002801790583567691,0.6876646296755753,25.132741228718395
12,187,1.2478838702329848e-7,7,7,1,0.9375712810018141,0.4444819105832941,2.1093575659163233,0.5697128722628408,0.0019518099110859926,25.132741228718245
12,188,1.2545570460096317e-7,8,8,1,0.9373542231408816,0.4442865491877576,2.1097965375151415,0.002285173838908059,0.06661892787500925,25.132741228718338
12,189,1.2612302217862786e-7,9,9,1,0.9372224268870724,0.44348319898144734,2.1133211563360264,0.001720113436527749,0.025842931681747814,25.132741228718242
12,190,1.2679033975629256e-7,10,10,1,0.9367609418094315,0.4434394148808162,2.1124891256254386,0.3004916277646394,0.0014954155943882766,25.1327412287183
12,191,1.2745765733395727e-7,11,11,1,0.9367261335669644,0.443632202876937,2.1114926452415608,0.0028287009028969273,0.5591932599161668,25.132741228718267
12,192,1.2812497491162196e-7,0,0,1,0.9278265117282187,0.44343634121031483,2.092355599894699,0.6844187287286163,0.0031370415947622353,25.132741228718213
12,193,1.2879229248928666e-7,1,1,1,0.9276617603074793,0.44353408288730267,2.0915230556096596,0.0022837966038612148,0.572266047352242,25.132741228718327
12,194,1.2945961006695135e-7,2,2,1,0.9278172716525777,0.44386928489339494,2.090293929383768,0.06844590440955017,0.0024907943923150573,25.13274122871828
12,195,1.3012692764461604e-7,3,3,1,0.9280741929034589,0.44373069823291567,2.0915257758801933,0.025557745133083908,0.001730837322520137,25.13274122871835
12,196,1.3079424522228076e-7,4,4,1,0.9287074892098865,0.444525426267743,2.0892111774288358,0.0014858992742663602,0.2982415616373568,25.132741228718203
12,197,1.3146156279994545e-7,5,5,1,0.9292955418380251,0.4451861826137028,2.0874312324387523,0.5562309770577837,0.003160158541359981,25.13274122871836
12,198,1.3212888037761014e-7,6,6,1,0.9292467040452329,0.44536525932253096,2.086482240349775,0.003500162198562628,0.6824103094335214,25.132741228718366
12,199,1.3279619795527483e-7,7,7,1,0.929434855508186,0.45384132046770503,2.0479291188170334,0.5728471298622525,0.0026758942737398574,25.132741228718267
12,200,1.3346351553293955e-7,8,8,1,0.9292085254273444,0.45443041121617395,2.0447762792559168,0.0025694105275240343,0.07025056399720604,25.13274122871838
12,201,1.3413083311060424e-7,9,9,1,0.9293999744616219,0.4534762400455352,2.049500927255411,0.0016570632886478303,0.024612817176671797,25.13274122871837
12,202,1.3479815068826893e-7,10,10,1,0.9290954987001843,0.4537766446044115,2.0474731561165758,0.2947568497206625,0.0014847442458890876,25.13274122871835
12,203,1.3546546826593362e-7,11,11,1,0.9284160416484801,0.45386339004738935,2.0455847772862694,0.0032292812486599287,0.5531958550673826,25.132741228718185
12,204,1.3613278584359834e-7,0,0,1,0.9189173893733473,0.45337009503578085,2.026859290974683,0.6793884021739961,0.003585032712553193,25.132741228718295
12,205,1.3680010342126303e-7,1,1,1,0.9191889446274552,0.4535512108815745,2.026648639832343,0.0026797040287245997,0.5748817770167182,25.132741228718295
12,206,1.3746742099892772e-7,2,2,1,0.919650514326211,0.4542698768913966,2.024458501671847,0.07243641177709696,0.002688422849940357,25.13274122871833
12,207,1.3813473857659242e-7,3,3,1,0.9200462929994018,0.4547742039320975,2.023083730441259,0.0239780696079755,0.0018779467888289277,25.132741228718412
12,208,1.3880205615425713e-7,4,4,1,0.920643129964466,0.4557026923831058,2.0202714299315314,0.001641174550731894,0.29145354153312425,25.132741228718398
12,209,1.3946937373192182e-7,5,5,1,0.9212604197803791,0.45682814262579957,2.0166455036790687,0.551332699179735,0.003221157743537035,25.132741228718253
12,210,1.4013669130958652e-7,6,6,1,0.9218282850182862,0.45659531515285356,2.018917528117185,0.003396142381793149,0.6776690867977269,25.13274122871834
12,211,1.408040088872512e-7,7,7,1,0.922004152644709,0.46464116997943583,1.9843358966350642,0.5769248415737717,0.002664764715949744,25.13274122871824
12,212,1.4147132646491592e-7,8,8,1,0.9218329108495975,0.4642143897287023,1.9857913310019064,0.002686719825404441,0.07468530260959035,25.132741228718356
12,213,1.4213864404258062e-7,9,9,1,0.9218357405806433,0.4634180399596164,1.9892098733596448,0.002041064282516323,0.02401546965397112,25.13274122871809
12,214,1.428059616202453e-7,10,10,1,0.9214570483669915,0.4627821934662148,1.991124683223712,0.28818362377032086,0.0018021678630520297,25.132741228718352
12,215,1.4347327919791e-7,11,11,1,0.9215613778633238,0.4622609753242492,1.9935954516102123,0.003555220873387618,0.5478034463944774,25.132741228718288
12,216,1.441405967755747e-7,0,0,1,0.9115096293680638,0.4625564347560103,1.9705911773746434,0.6750096589210112,0.003729388606379166,25.13274122871826
12,217,1.448079143532394e-7,1,1,1,0.9115375794505355,0.4624856319827804,1.970953293278686,0.002814211422669063,0.5781421644812478,25.132741228718285
12,218,1.454752319309041e-7,2,2,1,0.9117041257702778,0.463067039225441,1.9688383075056675,0.07677900049634186,0.0027872499327911346,25.13274122871839
12,219,1.461425495085688e-7,3,3,1,0.9118779581924276,0.4639496548489285,1.9654674783395487,0.02381598903921299,0.002133997076071551,25.1327412287183
12,220,1.4680986708623348e-7,4,4,1,0.9120463198848744,0.4648702206707701,1.9619375028343724,0.0018903778985775708,0.2841739686709167,25.132741228718213
12,221,1.474771846638982e-7,5,5,1,0.9124922392377863,0.4654133531249633,1.9606060571983257,0.5461985978040644,0.0036558439497126945,25.132741228718334
12,222,1.481445022415629e-7,6,6,1,0.912641397177397,0.4649542423153984,1.9628628241621962,0.003899036678647434,0.6734903995129905,25.132741228718398
12,223,1.4881181981922758e-7,7,7,1,0.9125781383170223,0.47375013481554973,1.9262857596279654,0.5796533201113706,0.002825571946707573,25.132741228718277
12,224,1.4947913739689227e-7,8,8,1,0.9125903004679204,0.47330117082310874,1.9281386920739128,0.002742429807391862,0.07896819773315507,25.13274122871839
12,225,1.50146454974557e-7,9,9,1,0.9122946560104258,0.4727157205987205,1.929901241395049,0.002217745000939906,0.023378503713295744,25.132741228718306
12,226,1.5081377255222168e-7,10,10,1,0.9119045309684125,0.47203589229678306,1.9318542209393494,0.2816122253060955,0.001978217685841523,25.132741228718363
12,227,1.5148109012988638e-7,11,11,1,0.9115729421189255,0.4721182561271402,1.9308148547287722,0.003875005321123331,0.543779899138936,25.132741228718224
12,228,1.5214840770755107e-7,0,0,1,0.9010860249394647,0.47230448797865965,1.9078498042563146,0.6715000556739318,0.004198786495265332,25.132741228718363
12,229,1.5281572528521578e-7,1,1,1,0.9011040444847295,0.4719301160856205,1.9094014426518302,0.00292411892844742,0.5825985861583962,25.132741228718185
12,230,1.5348304286288048e-7,2,2,1,0.9013456627166855,0.47255000722199564,1.9074079969133282,0.08015687356264901,0.002792370022614922,25.13274122871824
12,231,1.5415036044054517e-7,3,3,1,0.901268315215875,0.4736177859914242,1.9029444034270164,0.023147947923641537,0.0023693543827390698,25.132741228718245
12,232,1.5481767801820986e-7,4,4,1,0.9017247880322644,0.4741442188955271,1.9017943319708606,0.001924666729920087,0.27924487589198027,25.13274122871827
12,233,1.5548499559587458e-7,5,5,1,0.9021806570993517,0.4749207927416324,1.8996444689044354,0.5409663906458757,0.003995511574181556,25.132741228718302
12,234,1.5615231317353927e-7,6,6,1,0.9024049831626523,0.47466423788027,1.901143821562298,0.004435450239255872,0.6688119166625502,25.13274122871826
12,235,1.5681963075120396e-7,7,7,1,0.9029004791392908,0.48208505103959864,1.872907025829196,0.5852814095791938,0.003062740842142821,25.132741228718317
12,236,1.5748694832886865e-7,8,8,1,0.9029542496488842,0.48188098814023433,1.8738117333363469,0.002993681447206463,0.08188166936932606,25.13274122871844
12,237,1.5815426590653334e-7,9,9,1,0.9028493665738773,0.48122103103975766,1.8761635679619442,0.002528887448987525,0.023331879321437994,25.132741228718263
12,238,1.5882158348419806e-7,10,10,1,0.9024164524908004,0.4809520770326938,1.8763126215368366,0.2768127665662422,0.0020927787881885552,25.132741228718245
12,239,1.5948890106186275e-7,11,11,1,0.9020550225629996,0.48107258312314377,1.8750913151334043,0.004056507451602633,0.5389855446660811,25.13274122871836
12,240,1.6015621863952744e-7,0,0,1,0.8915877492114368,0.4806822706521322,1.8548380159764104,0.6665827583510301,0.004331048876830501,25.132741228718494
12,241,1.6082353621719213e-7,1,1,1,0.8918376266773407,0.4800575208002523,1.8577724294177371,0.003134598872439336,0.586939508862946,25.13274122871842
12,242,1.6149085379485685e-7,2,2,1,0.8921174493716483,0.4805239326147618,1.8565515447216296,0.08347326407616741,0.0031971280211303215,25.132741228718217
12,243,1.6215817137252154e-7,3,3,1,0.8922800425971774,0.4805392066040614,1.8568308898307406,0.02337814798653576,0.0026851478341911924,25.132741228718288
12,244,1.6282548895018623e-7,4,4,1,0.8928039851901685,0.4812677011625063,1.8551088781432719,0.0023008886186214306,0.27512467076816893,25.132741228718327
12,245,1.6349280652785093e-7,5,5,1,0.8934487725307458,0.48124236889412697,1.8565463688990027,0.5376463277176702,0.004136281867962006,25.132741228718217
12,246,1.6416012410551564e-7,6,6,1,0.8932420785407665,0.4811764663213177,1.856371084333708,0.004707349788506355,0.6643398044232278,25.13274122871838
12,247,1.6482744168318034e-7,7,7,1,0.8933043469338097,0.48870462304845547,1.8279023868477664,0.5864023141960627,0.0034288653254341194,25.132741228718245
12,248,1.6549475926084503e-7,8,8,1,0.8934726834479483,0.488304061599691,1.8297465733152396,0.0032120334869232647,0.08485346296349608,25.132741228718373
12,249,1.6616207683850972e-7,9,9,1,0.892565433581454,0.48793188000675997,1.8292828777022894,0.0029378251283980264,0.023458657898289766,25.132741228718135
12,250,1.6682939441617444e-7,10,10,1,0.891834588495908,0.4875938956924449,1.8290519967018666,0.272516034920165,0.0025326814788005783,25.13274122871827
12,251,1.6749671199383913e-7,11,11,1,0.8917240634435076,0.48801897645104164,1.8272323546274352,0.004342993151251419,0.5364870880091479,25.13274122871826
12,252,1.6816402957150382e-7,0,0,1,0.8805973937930142,0.48790005745417414,1.8048724945594499,0.6623000430330299,0.004933686941105304,25.13274122871834
12,253,1.688313471491685e-7,1,1,1,0.8806974815505622,0.48712142912779755,1.807962920308129,0.0036099029460898986,0.5867430600625285,25.132741228718203
12,254,1.6949866472683323e-7,2,2,1,0.8811787226125469,0.48745054617738015,1.8077294805038369,0.08635883351688863,0.0034289162268164594,25.132741228718412
12,255,1.7016598230449792e-7,3,3,1,0.881208690154929,0.4884707023077546,1.8040154424650323,0.02328269734471368,0.0032566050723621992,25.132741228718324
12,256,1.708332998821626e-7,4,4,1,0.8816931998025554,0.4896021282764287,1.800836125664782,0.0027060774554301397,0.2708104226686344,25.13274122871832
12,257,1.715006174598273e-7,5,5,1,0.8818260409573505,0.4903629873298407,1.7983128085566413,0.5343915818426048,0.004700203089426232,25.13274122871828
12,258,1.72167935037492e-7,6,6,1,0.8818224374611899,0.490616412191754,1.7973765564054058,0.0051919133006148215,0.6594458895573652,25.1327412287184
12,259,1.728352526151567e-7,7,7,1,0.8818059598731374,0.4981692418318832,1.7700931447122938,0.5885854661427775,0.0037370243758861567,25.13274122871823
12,260,1.735025701928214e-7,8,8,1,0.881535289634353,0.49802093126635993,1.7700767865173832,0.003532667152744896,0.08889795999469609,25.132741228718164
12,261,1.741698877704861e-7,9,9,1,0.8810813471025767,0.4972851291850373,1.7717830182183685,0.0035170206791753297,0.02273580589823673,25.132741228718224
12,262,1.7483720534815079e-7,10,10,1,0.8809788094589248,0.4964563725216977,1.7745341951883626,0.2686407792783726,0.0028095490142373107,25.132741228718277
12,263,1.755045229258155e-7,11,11,1,0.8806220367949443,0.4963048900484553,1.7743569617236037,0.004925895105043086,0.5331336876169438,25.132741228718224
12,264,1.761718405034802e-7,0,0,1,0.8692664370746519,0.4952822261890636,1.7550931390435718,0.6558495701562609,0.005644064036609449,25.1327412287182
12,265,1.7683915808114489e-7,1,1,1,0.8693667797300804,0.4954375770332799,1.7547453403432147,0.004239983140152461,0.5893545661151899,25.132741228718174
12,266,1.7750647565880958e-7,2,2,1,0.8699054403454081,0.4956369731496737,1.7551262062176944,0.08979089257940549,0.0036874140979647947,25.13274122871824
12,267,1.781737932364743e-7,3,3,1,0.870156361772397,0.4961108626396529,1.7539554710464578,0.022680817516462212,0.0036725851628627527,25.132741228718366
12,268,1.78841110814139e-7,4,4,1,0.8710062724346596,0.4964730714040166,1.7543877454853092,0.002947652649759959,0.2666218615428376,25.13274122871828
12,269,1.7950842839180368e-7,5,5,1,0.8711599354788903,0.49763221672480007,1.7506100011218888,0.5305008987102411,0.005282531328749628,25.13274122871834
12,270,1.8017574596946837e-7,6,6,1,0.8715301863829363,0.49715773926916446,1.7530254837511121,0.0059178615911054284,0.6539075306339652,25.1327412287183
12,271,1.808430635471331e-7,7,7,1,0.8718565589392229,0.5039049980401487,1.7302002606248363,0.591581162629336,0.00439986579829473,25.132741228718285
12,272,1.8151038112479778e-7,8,8,1,0.8717530450825579,0.5033413844169052,1.7319319890464369,0.003945337617899302,0.09099967002143777,25.13274122871826
12,273,1.8217769870246247e-7,9,9,1,0.8712339188779402,0.5027782644758046,1.7328392662047285,0.003745577595642912,0.022716858584838323,25.132741228718356
12,274,1.8284501628012716e-7,10,10,1,0.8706131070612911,0.5027572484097942,1.7316768874342712,0.2641189694453061,0.0030622740833461297,25.132741228718267
12,275,1.8351233385779188e-7,11,11,1,0.870616702037447,0.5026982388425215,1.7318873128381538,0.0055903845621672185,0.5297407515264053,25.132741228718217
12,276,1.8417965143545657e-7,0,0,1,0.859556751586854,0.5021093270526644,1.7118916245439475,0.6528142686983619,0.006377253614905511,25.132741228718352
12,277,1.8484696901312126e-7,1,1,1,0.8596791929749122,0.5020850415832262,1.7122182932677767,0.00465585367234616,0.5916169692234464,25.13274122871828
12,278,1.8551428659078595e-7,2,2,1,0.8605171365657047,0.5023387343334161,1.71302166795395,0.09232227007179923,0.003745837535357987,25.132741228718356
12,279,1.8618160416845065e-7,3,3,1,0.8604635740680086,0.5027080625717716,1.7116566017780155,0.02238506516071239,0.003981539257565368,25.132741228718317
12,280,1.8684892174611536e-7,4,4,1,0.8607017931056766,0.5037336749109044,1.708644539712199,0.003315344907303902,0.26207715154315564,25.132741228718302
12,281,1.8751623932378005e-7,5,5,1,0.8611001591267999,0.5048278283212081,1.7057303714622196,0.5277527954597822,0.0056278272395980265,25.13274122871831
12,282,1.8818355690144475e-7,6,6,1,0.8612143201768364,0.5051116291671691,1.7049980052861016,0.006582409644666333,0.6506086361043,25.132741228718295
12,283,1.8885087447910944e-7,7,7,1,0.8610497558416746,0.5127589856786939,1.6792484966440497,0.5950762240189597,0.004807212556811151,25.13274122871815
12,284,1.8951819205677416e-7,8,8,1,0.8605623904756226,0.5130668599743088,1.6772909295266394,0.004043551098954164,0.0952367163350862,25.13274122871822
12,285,1.9018550963443885e-7,9,9,1,0.8606127526370645,0.5130342964953808,1.677495556371275,0.004090422147321821,0.02160259870593429,25.13274122871826
12,286,1.9085282721210354e-7,10,10,1,0.8606261201918702,0.5127610556384312,1.6784155323970877,0.25726379168032165,0.0035101558544428303,25.132741228718377
12,287,1.9152014478976823e-7,11,11,1,0.8603250098210605,0.5131443826708146,1.6765749346085397,0.0057945124690685764,0.5246893838255414,25.132741228718345
12,288,1.9218746236743295e-7,0,0,1,0.8478617223791826,0.51264518401256,1.6538958110224042,0.6477161450529622,0.006725968841614105,25.132741228718242
12,289,1.9285477994509764e-7,1,1,1,0.8485607079074089,0.5123713876008332,1.6561438215369015,0.005005959993112742,0.5964562184432113,25.132741228718317
12,290,1.9352209752276233e-7,2,2,1,0.8486298998895772,0.512597655281379,1.6555477598190353,0.09689270015625594,0.004126744941096293,25.132741228718476
12,291,1.9418941510042702e-7,3,3,1,0.8487388549754404,0.512960445058248,1.6545892829593594,0.020906853744888883,0.00419529793243405,25.13274122871823
12,292,1.9485673267809174e-7,4,4,1,0.8489018105352122,0.5144499949826197,1.6501153053056046,0.0035696095959335287,0.2541228387104831,25.13274122871818
12,293,1.9552405025575643e-7,5,5,1,0.8493649246237156,0.515001642873435,1.6492470196497073,0.5227844803513007,0.005895899418468066,25.13274122871818
12,294,1.9619136783342112e-7,6,6,1,0.8489598015704704,0.5147680125372557,1.6492085383977273,0.006999558457002226,0.6437564148917558,25.132741228718373
12,295,1.9685868541108581e-7,7,7,1,0.8490825258049848,0.521795210932837,1.6272332670264287,0.5973729941266078,0.00532018899326656,25.132741228718192
12,296,1.9752600298875053e-7,8,8,1,0.8484159195351584,0.5217145514307556,1.6262071226659356,0.004412655816228831,0.09929201488183795,25.132741228718373
12,297,1.9819332056641522e-7,9,9,1,0.8485546876157232,0.5213868972325804,1.6274952288208342,0.00434668319992135,0.021062616007634115,25.132741228718338
12,298,1.9886063814407991e-7,10,10,1,0.8479804396755108,0.5211901647609629,1.6270077545773067,0.251748618491956,0.0036429734934823794,25.13274122871825
12,299,1.995279557217446e-7,11,11,1,0.8472044515120754,0.5220417569764284,1.6228672135710571,0.006201327189169293,0.52018462753164,25.132741228718224
12,300,2.001952732994093e-7,0,0,1,0.8350149552506936,0.5218102038876464,1.600227341339007,0.6408700283942126,0.007152824989652046,25.132741228718366
12,301,2.0086259087707401e-7,1,1,1,0.8357714771833349,0.5213411534693406,1.603118172470314,0.005559556614972073,0.6003725121175847,25.13274122871813
12,302,2.015299084547387e-7,2,2,1,0.8361672489050144,0.5213587166307444,1.6038232837243136,0.10075222872010367,0.004532625106946925,25.132741228718242
12,303,2.021972260324034e-7,3,3,1,0.8359716031468131,0.5222591813447668,1.6006834020500458,0.020589045349322037,0.004487293733018468,25.132741228718373
12,304,2.028645436100681e-7,4,4,1,0.8357324171370819,0.5237105795715048,1.5957905945319464,0.003584307155531646,0.2485146696413436,25.132741228718317
12,305,2.035318611877328e-7,5,5,1,0.8360716311567109,0.5241123340265338,1.595214569238479,0.5192783998609017,0.006278975791830495,25.132741228718317
12,306,2.041991787653975e-7,6,6,1,0.8365303928097694,0.523604702547491,1.5976372800698748,0.007481319330449518,0.6380405699299436,25.132741228718288
12,307,2.048664963430622e-7,7,7,1,0.836809464644067,0.5305358912171751,1.577290959004164,0.6024572698099422,0.005481640560765986,25.13274122871834
12,308,2.0553381392072688e-7,8,8,1,0.8366036511349051,0.5306218793677516,1.5766474841401903,0.0047558030132803086,0.10344479476729605,25.132741228718366
12,309,2.062011314983916e-7,9,9,1,0.8363157643277095,0.5292129553255994,1.5803010034271825,0.004663778354257463,0.020954483500461266,25.132741228718466
12,310,2.068684490760563e-7,10,10,1,0.8355173636239243,0.5291735508870105,1.5789099100350248,0.24612756608602543,0.003859374174001082,25.132741228718242
12,311,2.0753576665372098e-7,11,11,1,0.8360746352976747,0.528330308009998,1.5824847119727474,0.00648809915273613,0.5164135445946659,25.13274122871818
12,312,2.0820308423138567e-7,0,0,1,0.8233261873111378,0.5271678886688477,1.5617912338896816,0.6357466625885324,0.007826087435462982,25.132741228718416
12,313,2.088704018090504e-7,1,1,1,0.823883050813317,0.5262413052306233,1.5655993602635456,0.005666446849910642,0.6022913651516878,25.132741228718334
12,314,2.0953771938671508e-7,2,2,1,0.8239044090814427,0.5271032215138676,1.5630798209032888,0.10383574843067016,0.004766835315923779,25.132741228718213
12,315,2.1020503696437977e-7,3,3,1,0.8241030190538228,0.527058742394152,1.5635885580995283,0.020911273681263484,0.005040683526553826,25.13274122871829
12,316,2.1087235454204446e-7,4,4,1,0.8248492072012326,0.5275995485239708,1.563400138436162,0.003961934877260018,0.24505489013924717,25.13274122871836
12,317,2.1153967211970918e-7,5,5,1,0.8251229533763011,0.5275903092015218,1.563946378441026,0.5111864680508968,0.006713584992589082,25.132741228718274
12,318,2.1220698969737387e-7,6,6,1,0.8250737043633122,0.5271335793704712,1.5652080168155018,0.007976316530579178,0.6312039596853325,25.132741228718324
12,319,2.1287430727503857e-7,7,7,1,0.8253985934949528,0.5328882813465621,1.5489148896448666,0.6032365408879504,0.005899996675296904,25.132741228718295
12,320,2.1354162485270326e-7,8,8,1,0.8248710686031985,0.533805987721575,1.5452637991641236,0.004990740314340054,0.10603905241037194,25.132741228718277
12,321,2.1420894243036795e-7,9,9,1,0.8247368559425233,0.53363017567999,1.5455213995190287,0.005122029471808462,0.021108900777689128,25.13274122871836
12,322,2.1487626000803267e-7,10,10,1,0.8245082524270984,0.5332349611243462,1.5462381736722426,0.24237351876295088,0.00402835170123328,25.13274122871828
12,323,2.1554357758569736e-7,11,11,1,0.8244030309352812,0.5334634338831776,1.5453787055924362,0.006953991256014133,0.5105247587193237,25.132741228718366
12,324,2.1621089516336205e-7,0,0,1,0.8114659575243096,0.533271489957392,1.521675118220074,0.6310151959988528,0.008114879235307819,25.13274122871841
12,325,2.1687821274102674e-7,1,1,1,0.8114558948504886,0.5340650757037736,1.519395166930132,0.005823695350060363,0.6050561793958598,25.13274122871837
12,326,2.1754553031869146e-7,2,2,1,0.8122043919291206,0.534315269904229,1.52008455995409,0.10808291685520964,0.005159143341805995,25.132741228718427
12,327,2.1821284789635615e-7,3,3,1,0.8127322684631751,0.5342220186074668,1.5213380208133107,0.02105016434958944,0.005296390351043789,25.13274122871839
12,328,2.1888016547402084e-7,4,4,1,0.8133251527778164,0.5348983400593634,1.5205228580211203,0.004206564764191467,0.24085930913707598,25.132741228718313
12,329,2.1954748305168553e-7,5,5,1,0.8139294494380694,0.53539508925057,1.5202407825170445,0.5071422511134361,0.007183755712718675,25.132741228718377
12,330,2.2021480062935025e-7,6,6,1,0.8140434898288474,0.5357357491391563,1.5194869693442863,0.008164357989215543,0.6282186175956751,25.132741228718263
12,331,2.2088211820701494e-7,7,7,1,0.8140966703504586,0.5415922218989015,1.5031542873642398,0.6044249442480175,0.006201866552672493,25.13274122871835
12,332,2.2154943578467963e-7,8,8,1,0.814614394609071,0.5415954701850415,1.5041011962872397,0.005246756315910498,0.10976007346078488,25.132741228718313
12,333,2.2221675336234432e-7,9,9,1,0.8144076202156351,0.5407686322248179,1.5060186033073293,0.005499674089604789,0.021138000110288626,25.13274122871828
12,334,2.2288407094000904e-7,10,10,1,0.8138885499439126,0.5404416067020271,1.5059694513724784,0.2394673784858321,0.004458912718288851,25.132741228718345
12,335,2.2355138851767373e-7,11,11,1,0.8135892722635738,0.540679051313586,1.5047545679584762,0.007202397471196519,0.5051216488701228,25.13274122871826
12,336,2.2421870609533843e-7,0,0,1,0.8002002409120791,0.5406239424529004,1.4801420693309255,0.6267436374507744,0.008543908090594115,25.13274122871829
12,337,2.2488602367300312e-7,1,1,1,0.800961979400423,0.5399533387181878,1.4833911043162578,0.006193528095183318,0.6049494629953224,25.132741228718036
12,338,2.2555334125066783e-7,2,2,1,0.802215889413265,0.5405973404203798,1.4839434629653288,0.1116840270079785,0.005424970207870192,25.132741228718125
12,339,2.2622065882833253e-7,3,3,1,0.8025558526157293,0.5416103528330813,1.4817956274611106,0.02091361379900373,0.005610024094614198,25.132741228718306
12,340,2.2688797640599722e-7,4,4,1,0.8030184148683505,0.5425327052755413,1.4801290448665463,0.004442126453700159,0.23706177264986644,25.132741228718306
12,341,2.275552939836619e-7,5,5,1,0.8036134894415295,0.5434181830838547,1.4788122931056287,0.5035880556349951,0.0071297181903447315,25.13274122871822
12,342,2.282226115613266e-7,6,6,1,0.8035106009138747,0.5427845484141645,1.4803490690025443,0.008841915941048044,0.6243074646913402,25.132741228718256
12,343,2.2888992913899132e-7,7,7,1,0.8041185618660222,0.5487854572453595,1.4652694440962641,0.6062720299748708,0.006302879724677406,25.132741228718324
12,344,2.29557246716656e-7,8,8,1,0.8037010865001614,0.5483681778449357,1.4656231323609503,0.0053526832606392875,0.11340595458972666,25.132741228718224
12,345,2.302245642943207e-7,9,9,1,0.8027582582220637,0.5488023706869946,1.4627456095300124,0.00568279084525499,0.02072901450269281,25.132741228718388
12,346,2.308918818719854e-7,10,10,1,0.8021419105945363,0.5488147691798605,1.461589511873457,0.23477333903217076,0.004490762823980902,25.132741228718327
12,347,2.315591994496501e-7,11,11,1,0.8011088283666467,0.5489718130586148,1.4592895469500375,0.0072823101909834384,0.5003628422826052,25.13274122871836
12,348,2.322265170273148e-7,0,0,1,0.7878530894082342,0.5475782569243719,1.4387954222898363,0.6193792280286802,0.009132782811093957,25.13274122871815
12,349,2.328938346049795e-7,1,1,1,0.7885737420065801,0.5470524022526279,1.4414958032528997,0.006651318848405689,0.6062646459019486,25.132741228718437
12,350,2.3356115218264418e-7,2,2,1,0.7883809123568597,0.5473859629125319,1.4402651251085095,0.11541683421226882,0.005553852252158828,25.132741228718498
12,351,2.342284697603089e-7,3,3,1,0.7883974645565801,0.5480882317651231,1.4384499043475882,0.0202501200667568,0.005809900202422099,25.13274122871815
12,352,2.348957873379736e-7,4,4,1,0.7891462444153431,0.5493239518316005,1.4365771632278324,0.004545737564536094,0.233577824549063,25.132741228718295
12,353,2.3556310491563828e-7,5,5,1,0.7896745496821104,0.5497048014992818,1.4365429363693525,0.49824213297267855,0.007775364771358009,25.132741228718306
12,354,2.3623042249330298e-7,6,6,1,0.7895326859654209,0.5495633628884743,1.4366545138956885,0.00968081687494303,0.6161743025400472,25.132741228718295
12,355,2.368977400709677e-7,7,7,1,0.7899977836680556,0.5552805361332648,1.4227002969872868,0.6068880167338695,0.006947438899867316,25.132741228718203
12,356,2.3756505764863239e-7,8,8,1,0.7900036430276544,0.5560373517631159,1.4207744147450967,0.005783831898997463,0.11811516368092984,25.132741228718185
12,357,2.3823237522629708e-7,9,9,1,0.7898253230966131,0.5557443672638054,1.4212025701408364,0.005702768710545137,0.02025590660101567,25.132741228718242
12,358,2.388996928039618e-7,10,10,1,0.7894084864427208,0.5554850501005612,1.4211156291241533,0.23097691155446906,0.004732106095630114,25.13274122871824
12,359,2.395670103816265e-7,11,11,1,0.788953576126836,0.555718512467329,1.4197000071564452,0.007955080783381998,0.49691160314600935,25.132741228718444
12,360,2.402343279592912e-7,0,0,1,0.7750814107702622,0.5553588018444775,1.3956408149038677,0.6136186571550288,0.009804822237790176,25.132741228718267
12,361,2.4090164553695587e-7,1,1,1,0.7754639486665378,0.5555597023773104,1.3958246887746342,0.007202321045547813,0.6082699405169536,25.132741228718356
12,362,2.4156896311462056e-7,2,2,1,0.7756394228785671,0.5562020231000281,1.394528230148266,0.11986335588334236,0.006118785407187746,25.132741228718274
12,363,2.4223628069228525e-7,3,3,1,0.776081580558333,0.5566987439794626,1.3940781957053665,0.019912047340297445,0.005790569352608547,25.1327412287184
12,364,2.4290359826994994e-7,4,4,1,0.7771519066809409,0.5567620928134568,1.3958419883684965,0.004842223151740606,0.22773255097412756,25.132741228718245
12,365,2.4357091584761463e-7,5,5,1,0.7768013749348571,0.5581794451904626,1.3916696174109315,0.4948109787073802,0.008213347086058838,25.13274122871807
12,366,2.442382334252794e-7,6,6,1,0.7774589217184696,0.5576673313813784,1.3941267095432204,0.010168422558258705,0.6114839167349979,25.13274122871829
12,367,2.4490555100294407e-7,7,7,1,0.7773772455577477,0.564012182783487,1.3782986773818808,0.6092193185937426,0.0073092324659352805,25.13274122871835
12,368,2.4557286858060876e-7,8,8,1,0.7769983264859691,0.564037667554712,1.3775646046025816,0.006067020518727391,0.12179814392553982,25.132741228718213
12,369,2.4624018615827345e-7,9,9,1,0.7765229728680879,0.5638273742843279,1.3772353175539531,0.006106006913453405,0.020038131178051907,25.132741228718494
12,370,2.4690750373593814e-7,10,10,1,0.7758451277548614,0.5634680928628029,1.3769104898434232,0.22532776138756924,0.004775579456841027,25.132741228718245
12,371,2.4757482131360284e-7,11,11,1,0.7749710836254353,0.5635977068820593,1.375043003479801,0.008237173514793009,0.4922908208903117,25.132741228718054
12,372,2.4824213889126753e-7,0,0,1,0.7609689528972585,0.563370014397534,1.350744507960787,0.6075218022889026,0.010260477281317149,25.132741228718324
12,373,2.489094564689322e-7,1,1,1,0.7612464027893401,0.5634639940144205,1.3510116189781913,0.0072100275043807584,0.6090032979260405,25.132741228718135
12,374,2.4957677404659696e-7,2,2,1,0.761925832218356,0.5635290952845634,1.352061213154591,0.12311697602417293,0.006248630531157949,25.13274122871821
12,375,2.5024409162426165e-7,3,3,1,0.7610244401444404,0.564068267309191,1.3491708083044651,0.01978494479514113,0.00623572374807007,25.13274122871845
12,376,2.5091140920192635e-7,4,4,1,0.7615194132452765,0.5649046196564905,1.3480495410151616,0.004972172268338515,0.22234526033283122,25.132741228718253
12,377,2.5157872677959104e-7,5,5,1,0.7619526285052979,0.5656928466109639,1.3469370048960598,0.48916035146108783,0.00830087888558648,25.132741228718217
12,378,2.5224604435725573e-7,6,6,1,0.7626605060328095,0.5645176301754333,1.3509950181640917,0.010704446820440246,0.6027979406097248,25.132741228718345
12,379,2.529133619349204e-7,7,7,1,0.7631656198119104,0.5691622102739514,1.3408578539404092,0.6089230265086742,0.007682805282852316,25.13274122871836
12,380,2.535806795125851e-7,8,8,1,0.7626993530401748,0.5695051657871438,1.3392316678743499,0.0065500310006352805,0.12483297177097129,25.132741228718267
12,381,2.542479970902498e-7,9,9,1,0.7621043486192605,0.5692695436443875,1.338740772500089,0.00639366913212005,0.01987068813957256,25.132741228718206
12,382,2.5491531466791455e-7,10,10,1,0.7613405093041491,0.5688502271733948,1.3383848207062068,0.22144436911168788,0.00526246059317456,25.132741228718245
12,383,2.5558263224557924e-7,11,11,1,0.7612258080028129,0.5688573548074605,1.3381664165359395,0.008787629863768357,0.4868855951949136,25.132741228718334
12,384,2.5624994982324393e-7,0,0,1,0.7463817891287052,0.5691170315959634,1.3114732958099002,0.5999714200688044,0.011157652463442507,25.132741228718196
12,385,2.569172674009086e-7,1,1,1,0.746676466051319,0.5703123204556578,1.3092413389469701,0.007954852570462,0.6105732348513021,25.132741228718185
12,386,2.575845849785733e-7,2,2,1,0.7472433843254135,0.5711123212648821,1.308400040591738,0.12744438959191023,0.006814314351937922,25.132741228718313
12,387,2.58251902556238e-7,3,3,1,0.7466821243318913,0.5721844000972004,1.304967636665816,0.019845910208508746,0.006644174135713616,25.132741228718317
12,388,2.589192201339027e-7,4,4,1,0.7471849120091689,0.57328895153356,1.3033303886468308,0.005493833730019575,0.2186583723143255,25.1327412287182
12,389,2.595865377115674e-7,5,5,1,0.7479880906593405,0.5734379821818626,1.3043923037907879,0.48324152782950575,0.00896696078177022,25.132741228718235
12,390,2.602538552892321e-7,6,6,1,0.7477034448581286,0.573316643725975,1.3041718796070818,0.011470190626999275,0.596562816743842,25.1327412287184
12,391,2.609211728668968e-7,7,7,1,0.7482182078571801,0.578125580258274,1.29421397946605,0.6101492190437323,0.008250216979468532,25.13274122871827
12,392,2.615884904445615e-7,8,8,1,0.7476747566438109,0.5787643510138112,1.2918465958280299,0.006802822955042208,0.1299690797724829,25.132741228718288
12,393,2.622558080222262e-7,9,9,1,0.7470876527381691,0.5788134578795919,1.2907226716445535,0.007068545287490029,0.019712001491007224,25.13274122871827
12,394,2.629231255998909e-7,10,10,1,0.7464572439501773,0.5784620027912084,1.2904170720779486,0.21645423647169598,0.00580636737996058,25.132741228718363
12,395,2.635904431775556e-7,11,11,1,0.7460721777463674,0.5783834862272711,1.2899264856486659,0.008749506602866013,0.48026415236232584,25.132741228718288
12,396,2.642577607552203e-7,0,0,1,0.7311659617767783,0.5782916305901692,1.264355081588497,0.5924799623955384,0.01148904968217625,25.132741228718373
12,397,2.6492507833288497e-7,1,1,1,0.7314043047309309,0.5783317040072876,1.2646795941896252,0.008561896672320378,0.6111843353329616,25.13274122871818
12,398,2.6559239591054966e-7,2,2,1,0.7322118752074951,0.5787140264885668,1.2652395513036019,0.13220477296920408,0.006850736534216822,25.132741228718256
12,399,2.662597134882144e-7,3,3,1,0.7321983813435828,0.5795526037261415,1.2633855436694263,0.019580945666290227,0.0072335350864263185,25.132741228718253
12,400,2.669270310658791e-7,4,4,1,0.7326028287394005,0.5801811313040669,1.2627139857043213,0.0058428149038343745,0.21437228311908502,25.132741228718224
12,401,2.675943486435438e-7,5,5,1,0.7329636321637075,0.5806304340622909,1.2623582732920853,0.478783940094082,0.008955886841006427,25.13274122871832
12,402,2.682616662212085e-7,6,6,1,0.7335529463223329,0.5807118497719317,1.2631961042476194,0.011543062848388307,0.5892144099868679,25.132741228718235
12,403,2.6892898379887317e-7,7,7,1,0.7335411591331931,0.5854628190786942,1.2529252673765352,0.6108003451596585,0.008710553132793506,25.132741228718228
12,404,2.6959630137653786e-7,8,8,1,0.733481431530052,0.5858033379106633,1.2520950019610677,0.007400287457466248,0.13511456072379618,25.13274122871845
12,405,2.7026361895420255e-7,9,9,1,0.7337165771849645,0.585410391950448,1.2533371243041922,0.0074774975161428356,0.019890288168180933,25.132741228718373
12,406,2.7093093653186725e-7,10,10,1,0.7325989911119917,0.5856509976369947,1.2509139300844836,0.21256913207413028,0.005796367454809062,25.132741228718295
12,407,2.7159825410953194e-7,11,11,1,0.7314977467495524,0.5854439165107814,1.2494753572797288,0.009128486339693678,0.47572569241997464,25.132741228718178
12,408,2.722655716871967e-7,0,0,1,0.7163711308125089,0.5856238060243835,1.223261628784745,0.5858069206225642,0.01175196852680657,25.13274122871818
12,409,2.7293288926486137e-7,1,1,1,0.7166970433957567,0.5862988325214594,1.2224091259290109,0.009206388732097693,0.611025281285727,25.132741228718324
12,410,2.7360020684252606e-7,2,2,1,0.7171626707194009,0.5867354759986271,1.2222930094669766,0.13798487249811375,0.007647668020137043,25.132741228718274
12,411,2.7426752442019076e-7,3,3,1,0.717102087437583,0.5875612452697774,1.220472066887814,0.01959985160541057,0.00746085265742522,25.132741228718317
12,412,2.7493484199785545e-7,4,4,1,0.717508073769238,0.5893389675734326,1.2174794358559622,0.006033741148318366,0.21014136137034276,25.132741228718196
12,413,2.7560215957552014e-7,5,5,1,0.7184019400147724,0.5903411664287418,1.216926721137765,0.47391420167176834,0.00918282010418097,25.1327412287183
12,414,2.7626947715318483e-7,6,6,1,0.718596763585165,0.5899520686072385,1.218059570977743,0.011792380034987124,0.5822808904127268,25.132741228718412
12,415,2.769367947308495e-7,7,7,1,0.7188496323335032,0.5947795164685131,1.2085985015113716,0.6109262111283401,0.009424720589974088,25.132741228718363
12,416,2.7760411230851427e-7,8,8,1,0.7187385562483561,0.5946427614867591,1.2086896583947744,0.008021220279139677,0.14107796406097609,25.13274122871815
12,417,2.7827142988617896e-7,9,9,1,0.7182689171362062,0.5945213159582418,1.208146617886206,0.007557426908576796,0.020041317790820565,25.13274122871826
12,418,2.7893874746384365e-7,10,10,1,0.7168133804225312,0.594476379100523,1.2057895075782676,0.206581445719959,0.006124337496510148,25.132741228718267
12,419,2.7960606504150834e-7,11,11,1,0.7158633918273501,0.5945389538402057,1.2040647416010235,0.009404088466521661,0.47169414738924403,25.13274122871828
12,420,2.8027338261917303e-7,0,0,1,0.7006228404916722,0.5951344703307315,1.177251319525011,0.5786633620096189,0.012089278920150135,25.132741228718334
12,421,2.809407001968377e-7,1,1,1,0.7013011831696381,0.5948084945344749,1.179036933086353,0.009555023080022979,0.6117361287153651,25.132741228718295
12,422,2.816080177745024e-7,2,2,1,0.7023460204735564,0.5949281459615943,1.1805560473834038,0.14332654349042523,0.008200404826670168,25.132741228718295
12,423,2.822753353521671e-7,3,3,1,0.7019397673953802,0.5956856376646101,1.1783728245444025,0.020212433931580096,0.007732745224433078,25.132741228718235
12,424,2.8294265292983185e-7,4,4,1,0.7025093210522183,0.5965294793313991,1.1776606947230894,0.006373513196224191,0.20506051715742749,25.1327412287183
12,425,2.8360997050749654e-7,5,5,1,0.7023502914813938,0.5977818971624345,1.1749273352293321,0.4684469376855717,0.009339053506331907,25.132741228718334
12,426,2.8427728808516123e-7,6,6,1,0.7025979247328652,0.59727088727828,1.1763471813175974,0.01260577782263137,0.574888208362486,25.13274122871827
12,427,2.849446056628259e-7,7,7,1,0.7027721337618464,0.6015836960811997,1.1682034242945785,0.6130177311407515,0.009937062493006188,25.132741228718373
12,428,2.856119232404906e-7,8,8,1,0.7029713129345629,0.6015964147648111,1.1685098110323406,0.008135345318510399,0.14618527333647127,25.13274122871844
12,429,2.862792408181553e-7,9,9,1,0.7027624558309248,0.6013494525390045,1.168642380671898,0.008194054813771095,0.020644473485625703,25.13274122871826
12,430,2.8694655839582e-7,10,10,1,0.702320943638769,0.6010704235571449,1.168450344773948,0.20312666592835626,0.0066826194298862775,25.1327412287183
12,431,2.876138759734847e-7,11,11,1,0.7022552896488835,0.6006319426554988,1.1691940434338044,0.009450024950625536,0.46706117877410847,25.132741228718377
12,432,2.882811935511494e-7,0,0,1,0.6875404110906572,0.6000994038678095,1.1457108716643707,0.5730014548312441,0.012910500415925613,25.13274122871831
12,433,2.889485111288141e-7,1,1,1,0.6880826181816472,0.5998762158797316,1.1470410060724927,0.010126920279404752,0.6119161215563582,25.132741228718334
12,434,2.896158287064788e-7,2,2,1,0.6888409154501142,0.5997271171917116,1.1485905767871358,0.14788646645360612,0.008444478848986138,25.132741228718274
12,435,2.902831462841435e-7,3,3,1,0.6890618321265456,0.6000432190612668,1.14835366893162,0.02105502079841731,0.00836403572594764,25.1327412287183
12,436,2.909504638618082e-7,4,4,1,0.689441054303425,0.6016219127408862,1.1459706498429385,0.007074532899505954,0.20178620548164938,25.132741228718196
12,437,2.916177814394729e-7,5,5,1,0.6901464789488755,0.6026753331645462,1.1451380884049676,0.4656543500630849,0.009387391828773113,25.132741228718224
12,438,2.922850990171376e-7,6,6,1,0.6905663171108629,0.6019821695711113,1.1471541052501013,0.013161336758074826,0.5701600450341375,25.13274122871822
12,439,2.929524165948023e-7,7,7,1,0.6917158143828589,0.6052571333172154,1.1428461992538475,0.6115360128103549,0.010423931568437527,25.132741228718334
12,440,2.9361973417246697e-7,8,8,1,0.6915325328458148,0.6058687642628541,1.1413899735979718,0.008591065716258839,0.1496938292925487,25.132741228718228
12,441,2.942870517501317e-7,9,9,1,0.6911349803614152,0.6048186942279044,1.1427143158061606,0.008612504308085644,0.021253648694537518,25.132741228718245
12,442,2.949543693277964e-7,10,10,1,0.6904831853605308,0.6041126427446505,1.1429709238056582,0.20087328321766115,0.007516863013334559,25.132741228718377
12,443,2.956216869054611e-7,11,11,1,0.6896868672903342,0.6044334608229638,1.1410468016633197,0.009647786004772832,0.464504612130532,25.132741228718167
12,444,2.962890044831258e-7,0,0,1,0.6752629351907986,0.6043097075934571,1.1174120268229655,0.5667068379188286,0.013734520379618453,25.132741228718274
12,445,2.969563220607905e-7,1,1,1,0.6752340373385874,0.6037311967429945,1.118434894504932,0.011018603527490664,0.607978070170782,25.132741228718277
12,446,2.9762363963845517e-7,2,2,1,0.6757857678173184,0.6038928009110585,1.1190492199903677,0.15194492859250514,0.009051511601147533,25.13274122871822
12,447,2.9829095721611986e-7,3,3,1,0.6758036148042247,0.604176174306849,1.1185538979248089,0.02155245775218074,0.009126072166973802,25.132741228718494
12,448,2.9895827479378455e-7,4,4,1,0.6771454311476016,0.6050312803936984,1.1191907808584343,0.007623565390955328,0.19855476647917722,25.132741228718288
12,449,2.9962559237144924e-7,5,5,1,0.6778905872329102,0.6058779750241832,1.1188566265440705,0.4621055904383236,0.009940478322140896,25.13274122871827
12,450,3.00292909949114e-7,6,6,1,0.677439566339043,0.6059425493775262,1.1179930622712737,0.014361028899959006,0.5620168085988428,25.132741228718242
12,451,3.009602275267787e-7,7,7,1,0.6781586334069384,0.6088966295882334,1.1137500200412398,0.6065894472036591,0.011620979770983681,25.1327412287183
12,452,3.0162754510444337e-7,8,8,1,0.6783741255460517,0.6086368980241318,1.1145793620930864,0.009343284537949604,0.15376864628312864,25.132741228718242
12,453,3.0229486268210806e-7,9,9,1,0.678049855834763,0.6084910144964218,1.1143136705081946,0.009200266422860764,0.021117073851100527,25.132741228718434
12,454,3.0296218025977275e-7,10,10,1,0.6777623224484358,0.6085241158341994,1.1137805467566733,0.19532490858035836,0.008058283965575303,25.1327412287184
12,455,3.0362949783743744e-7,11,11,1,0.6774818305511235,0.6089815062827538,1.11248342283249,0.010501361676716989,0.4578837797447709,25.132741228718267
12,456,3.0429681541510213e-7,0,0,1,0.6623109086628585,0.60948716699548,1.0866691614325166,0.5597718429781653,0.014548112326858098,25.132741228718313
12,457,3.049641329927668e-7,1,1,1,0.6627462513823106,0.6095162093254872,1.0873316266941115,0.011563092487563415,0.6065246818193675,25.132741228718324
12,458,3.0563145057043157e-7,2,2,1,0.662512477289538,0.6103591737718124,1.085446906934217,0.15647648376565645,0.009817327697108512,25.132741228718274
12,459,3.0629876814809626e-7,3,3,1,0.662773693205517,0.6103153113023642,1.0859529179944887,0.02099125250962626,0.00914451959460347,25.132741228718313
12,460,3.0696608572576095e-7,4,4,1,0.6627850041226779,0.6109711614761378,1.0848057091947763,0.008140493487283944,0.1909905666942531,25.132741228718334
12,461,3.0763340330342564e-7,5,5,1,0.6636625961466928,0.6118678005090693,1.0846503045176272,0.4565396739629237,0.010482517986858831,25.13274122871833
12,462,3.0830072088109033e-7,6,6,1,0.6633284979568197,0.6118378088123815,1.0841574162348435,0.01485934072844741,0.555561271447951,25.132741228718462
12,463,3.08968038458755e-7,7,7,1,0.6635691842439787,0.6150043914896103,1.078966578818631,0.6044023880468534,0.012029766329445725,25.1327412287182
12,464,3.096353560364197e-7,8,8,1,0.6631631522338749,0.6163465850436985,1.0759581837982555,0.010336865343621294,0.15954593040148263,25.13274122871835
12,465,3.103026736140844e-7,9,9,1,0.662190898682098,0.6158267371079972,1.0752876722953488,0.00958061110619942,0.021246001353248882,25.13274122871838
12,466,3.1096999119174915e-7,10,10,1,0.6613734982532723,0.6157766403471086,1.074047722694484,0.18836834481619188,0.008528030457675449,25.132741228718277
12,467,3.1163730876941384e-7,11,11,1,0.661224631308111,0.6149670042174673,1.0752196894685522,0.010568629304877779,0.4544613630783061,25.132741228718054
12,468,3.1230462634707854e-7,0,0,1,0.6464903374788171,0.6151331004859331,1.0509763447424842,0.5532926268314956,0.015012928255784952,25.132741228718327
12,469,3.1297194392474323e-7,1,1,1,0.6470239716794082,0.6150411269994673,1.0520011480142344,0.012445652170594004,0.6040536765504425,25.132741228718263
12,470,3.136392615024079e-7,2,2,1,0.647478750151043,0.6157627621301125,1.0515068301811807,0.1612972989366234,0.010635274148237306,25.132741228718256
12,471,3.143065790800726e-7,3,3,1,0.6485457448546373,0.6160638748294464,1.0527248412904966,0.021552073186292188,0.009743954035581367,25.132741228718313
12,472,3.149738966577373e-7,4,4,1,0.6500400042567662,0.616284969509309,1.05477179619411,0.008477674827280384,0.18811008180261352,25.13274122871837
12,473,3.15641214235402e-7,5,5,1,0.6505315859682411,0.6168705390656993,1.0545674412552173,0.4531891161270521,0.010838836183850425,25.13274122871818
12,474,3.163085318130667e-7,6,6,1,0.6507690998837794,0.6169086480747307,1.054887302868458,0.015349342707588368,0.5509900080957938,25.13274122871844
12,475,3.1697584939073143e-7,7,7,1,0.650429162779879,0.619560283403517,1.0498238512107099,0.6028606633111193,0.012990418540341848,25.1327412287184
12,476,3.176431669683961e-7,8,8,1,0.6501958914973861,0.6200895052306272,1.0485516784477131,0.010636542957606925,0.16179265835191856,25.13274122871814
12,477,3.183104845460608e-7,9,9,1,0.6497522582441229,0.6207985320865703,1.0466394887569015,0.00995094557802704,0.02122858945008437,25.132741228718274
12,478,3.189778021237255e-7,10,10,1,0.6487398502273032,0.6203389970713751,1.0457827950362766,0.18570327714249849,0.008920532817527117,25.13274122871827
12,479,3.196451197013902e-7,11,11,1,0.6480108491701362,0.6202896911583861,1.0446906637445177,0.011314606777641309,0.4506241761037239,25.132741228718384
12,480,3.203124372790549e-7,0,0,1,0.6322983968365242,0.6207562850344394,1.0185936285791202,0.5469361861476313,0.016155507932117872,25.132741228718334
12,481,3.209797548567196e-7,1,1,1,0.6334428487338262,0.6202032023532775,1.021347271878495,0.0132790681266402,0.6022370133697061,25.13274122871832
12,482,3.2164707243438427e-7,2,2,1,0.6338675890216732,0.6207286222445945,1.0211670064924143,0.1648796192146477,0.010966807986307305,25.132741228718228
12,483,3.22314390012049e-7,3,3,1,0.6340238277462014,0.621157547462959,1.0207133928192502,0.021525892486400935,0.010004399251023404,25.132741228718274
12,484,3.229817075897137e-7,4,4,1,0.6355883230029699,0.6213525563739776,1.0229109327433492,0.009047651218766424,0.1842390355272675,25.132741228718196
12,485,3.236490251673784e-7,5,5,1,0.6362689054589087,0.622334533187895,1.0223904853867505,0.4476402789124242,0.011189044936892864,25.132741228718356
12,486,3.243163427450431e-7,6,6,1,0.636075412325847,0.6221190863520681,1.0224335280494523,0.016330321928014476,0.5433373095379314,25.132741228718434
12,487,3.249836603227078e-7,7,7,1,0.6364955602232737,0.6244514695707686,1.0192874726690673,0.6017921218226002,0.013863387747881456,25.13274122871838
12,488,3.2565097790037247e-7,8,8,1,0.6359916988819577,0.6255618770214622,1.0166727261420658,0.011072561027621807,0.16773098563599437,25.132741228718313
12,489,3.2631829547803716e-7,9,9,1,0.6351926490730389,0.6261717942155345,1.0144063577133902,0.010206231290483496,0.021194319200567316,25.132741228718302
12,490,3.2698561305570185e-7,10,10,1,0.634471668413558,0.6258533051983196,1.0137705803319315,0.1819802907626122,0.009244995130493868,25.132741228718253
12,491,3.2765293063336654e-7,11,11,1,0.6345728250000751,0.6250373659701505,1.015255822370114,0.011064700655449292,0.44423255335269074,25.13274122871825
12,492,3.283202482110313e-7,5,0,0,0.6250183996831201,0.619936270406524,1.008197825355925,0.5408741891066081,0.016467553664763653,25.13274122871833
12,493,3.28987565788696e-7,6,1,0,0.6252154794783295,0.6210193410175162,1.0067568563226035,0.01381342232618991,0.6024150974439787,25.132741228718263
12,494,3.2965488336636067e-7,7,2,0,0.6261418730363745,0.6211970064401701,1.0079602228358142,0.17058882378898121,0.011179258162988237,25.132741228718302
12,495,3.3032220094402536e-7,8,3,0,0.6262852506601108,0.6216419616466932,1.0074693944422892,0.021459208039075358,0.01074369289403741,25.132741228718345
12,496,3.3098951852169005e-7,9,4,0,0.6271428475679012,0.6220009894318518,1.0082666398018854,0.009590264985981744,0.17968844889193217,25.132741228718178
12,497,3.3165683609935475e-7,10,5,0,0.6279421354880321,0.6220741678824707,1.0094329067312597,0.44174457539077233,0.011260157623103706,25.132741228718256
12,498,3.3232415367701944e-7,11,6,0,0.6271997796787531,0.6223309829750435,1.0078234843466,0.016757087923746,0.5369628033791296,25.13274122871818
12,499,3.3299147125468413e-7,0,7,0,0.6285817233108344,0.6215117054548713,1.0113755184237256,0.6006025046425926,0.014334376570108848,25.132741228718327
12,500,3.3365878883234887e-7,1,8,0,0.6302472609180415,0.6209842600900465,1.0149166435018044,0.011167877985429333,0.17339088319206905,25.132741228718167
12,501,3.3432610641001356e-7,2,9,0,0.6298035623305297,0.6206483998345843,1.0147509644726151,0.011115495853147634,0.0217001280551472,25.132741228718373
12,502,3.3499342398767825e-7,3,10,0,0.6293249205620847,0.6202345850395338,1.0146562860920945,0.17771811302519913,0.010024278217317413,25.132741228718235
12,503,3.3566074156534295e-7,4,11,0,0.6289511112235734,0.6201755766375444,1.0141500809071005,0.011631412348667937,0.43899882625786746,25.132741228718206
12,504,3.3632805914300764e-7,5,0,0,0.6295916947477316,0.6043548473964069,1.0417583270160675,0.5322568742056563,0.016974956230491785,25.13274122871834
12,505,3.3699537672067233e-7,6,1,0,0.6287601379738883,0.6045915045874857,1.039975145537139,0.014385873834529089,0.5981544259326251,25.132741228718306
12,506,3.37662694298337e-7,7,2,0,0.6292116746593168,0.6049646309418439,1.04008010134365,0.17517375106744734,0.011429636160456027,25.132741228718228
12,507,3.383300118760017e-7,8,3,0,0.6291564459734637,0.6046443501730453,1.0405396921238133,0.022126329809593497,0.011538004646014302,25.132741228718416
12,508,3.3899732945366646e-7,9,4,0,0.6293502357646404,0.6053165756098463,1.0397042822271645,0.010447256758345931,0.1753329485506481,25.132741228718285
12,509,3.3966464703133115e-7,10,5,0,0.6302652578014781,0.6057548613261408,1.0404625666918765,0.4366237255415177,0.012009774952809417,25.132741228718213
12,510,3.4033196460899584e-7,11,6,0,0.6298839478907762,0.6062663597085369,1.038955795260673,0.017358807481998906,0.5282382509715959,25.132741228718192
12,511,3.4099928218666053e-7,0,7,0,0.6308522945729259,0.6069345611551822,1.0394074335991361,0.5948999091168955,0.014827789423852206,25.132741228718253
12,512,3.416665997643252e-7,1,8,0,0.6316386265030892,0.6068522237674376,1.0408442150574542,0.011603544458021121,0.17829249032258668,25.132741228718274
12,513,3.423339173419899e-7,2,9,0,0.6312617934197099,0.6061843755918049,1.0413692909907524,0.011650906642608184,0.022885213225899908,25.132741228718327
12,514,3.430012349196546e-7,3,10,0,0.6311593060440239,0.6054299431010709,1.0424976716730672,0.17323828722636886,0.010690819241412419,25.132741228718306
12,515,3.436685524973193e-7,4,11,0,0.6308004786140177,0.6048046899074037,1.0429821215681943,0.012157516646875671,0.4334962018969508,25.132741228718192
12,516,3.44335870074984e-7,5,0,0,0.6312599504626896,0.5891759063962438,1.0714286575699559,0.5242053691629749,0.01790703257344385,25.13274122871833
12,517,3.4500318765264873e-7,6,1,0,0.6309545964005919,0.5889004300914384,1.0714113357034292,0.015254867126121107,0.5929219300772942,25.132741228718327
12,518,3.456705052303134e-7,7,2,0,0.6312352047161169,0.5894569840118364,1.0708757752261047,0.18099135529440938,0.012206436191679045,25.132741228718267
12,519,3.463378228079781e-7,8,3,0,0.6316836743761506,0.5899585046879903,1.0707256007949701,0.02295196211397145,0.011835755922390459,25.132741228718306
12,520,3.470051403856428e-7,9,4,0,0.6323222526559911,0.5911098553371932,1.0697203691440547,0.010783712066345937,0.17098598591682196,25.132741228718302
12,521,3.476724579633075e-7,10,5,0,0.6328432591661024,0.592135804566781,1.0687468217347602,0.4310218776541578,0.012679715995537952,25.13274122871829
12,522,3.483397755409722e-7,11,6,0,0.6316280353568338,0.5926566696123068,1.065757069383899,0.018387542460457516,0.521108884450734,25.132741228718356
12,523,3.490070931186369e-7,0,7,0,0.6316999549273801,0.593366375796737,1.0646035580954027,0.5919206743398684,0.015637611567807522,25.132741228718285
12,524,3.4967441069630157e-7,1,8,0,0.6326804422360074,0.5938972029446072,1.0653029499029607,0.012214750439377942,0.18248870948016538,25.132741228718377
12,525,3.503417282739663e-7,2,9,0,0.632730541106423,0.5936596222276582,1.065813670689198,0.01257159794998633,0.023103947536286907,25.132741228718217
12,526,3.51009045851631e-7,3,10,0,0.6315507928815524,0.593599340423007,1.0639344586055313,0.17020798552397234,0.011496212069137935,25.132741228718313
12,527,3.516763634292957e-7,4,11,0,0.6312510287311961,0.5940166090432284,1.0626824555426835,0.01276545167823143,0.4296845860006914,25.13274122871841
12,528,3.523436810069604e-7,5,0,0,0.6315658408238484,0.5782917877928102,1.0921231360285635,0.5180308473926639,0.018133056071366626,25.132741228718224
12,529,3.530109985846251e-7,6,1,0,0.6319460093775542,0.5788844690630155,1.0916617099788914,0.01551532304043662,0.5924042399315789,25.132741228718245
12,530,3.5367831616228977e-7,7,2,0,0.6330407779234399,0.5790191626684956,1.0932984929306617,0.18337581117862922,0.012263582314013685,25.132741228718196
12,531,3.5434563373995446e-7,8,3,0,0.6328327463239108,0.5793867443125258,1.0922458142786848,0.02317917700080544,0.012832728699407055,25.132741228718267
12,532,3.5501295131761916e-7,9,4,0,0.6326208642700206,0.5805869145172493,1.0896230150072137,0.01169603245934524,0.16843379342873133,25.132741228718363
12,533,3.556802688952839e-7,10,5,0,0.6337627571873236,0.581129992978571,1.0905696915400704,0.42841287453959276,0.012679442477586495,25.13274122871831
12,534,3.563475864729486e-7,11,6,0,0.6334398697970446,0.5815737425759187,1.0891823743475753,0.018174827640491685,0.5157607855745869,25.132741228718317
12,535,3.570149040506133e-7,0,7,0,0.6342324944575539,0.5818684683693375,1.089992891752606,0.5906948674310584,0.015583178825292669,25.13274122871833
12,536,3.57682221628278e-7,1,8,0,0.6351346603813313,0.5816532013808283,1.091947330253731,0.01235605416484185,0.1855202063075638,25.13274122871831
12,537,3.5834953920594267e-7,2,9,0,0.6341030120555539,0.58125877143457,1.09091345063157,0.01285657941419703,0.024097230043066804,25.132741228718178
12,538,3.5901685678360736e-7,3,10,0,0.6332022583800937,0.5809663931447946,1.0899120256380825,0.16950167965491578,0.011697053623880321,25.13274122871828
12,539,3.5968417436127205e-7,4,11,0,0.6326385323682635,0.5809883977130487,1.0889004580100496,0.0129162660062289,0.4266231675338809,25.132741228718206
12,540,3.6035149193893674e-7,5,0,0,0.632680941809367,0.5664238454040925,1.1169744122583787,0.5123732529848045,0.018612290099285635,25.132741228718395
12,541,3.6101880951660143e-7,6,1,0,0.6328547316124413,0.5667866226679112,1.1165661049541749,0.015844043769734355,0.5878758400457685,25.13274122871836
12,542,3.616861270942662e-7,7,2,0,0.6330413083758214,0.5665542097816105,1.1173534631749353,0.18575386215321377,0.012711456436425052,25.132741228718274
12,543,3.6235344467193087e-7,8,3,0,0.6330094617853456,0.5677250564662096,1.1149929963026417,0.02481573049283514,0.013207431470236366,25.13274122871831
12,544,3.6302076224959556e-7,9,4,0,0.6339075695207114,0.568167181787689,1.115706063004512,0.011925404362751444,0.16901781493470053,25.13274122871837
12,545,3.6368807982726025e-7,10,5,0,0.635026601259062,0.5690385498835522,1.1159641141870151,0.4255167882622766,0.01277652007970421,25.13274122871813
12,546,3.6435539740492494e-7,11,6,0,0.6346111520895755,0.5693191977113798,1.1146842661211223,0.019022854987894577,0.5097505286134579,25.132741228718253
12,547,3.6502271498258963e-7,0,7,0,0.6337090211749375,0.5691847266520609,1.1133626597860558,0.583607495596825,0.016061114550750613,25.132741228718412
12,548,3.656900325602543e-7,1,8,0,0.6343337289692842,0.5707400218288811,1.1114232482534223,0.012683133438068811,0.18705351376985824,25.132741228718217
12,549,3.66357350137919e-7,2,9,0,0.6344816435210463,0.5704218519690071,1.1123024851360706,0.013385516466587033,0.02484318966454137,25.132741228718334
12,550,3.6702466771558376e-7,3,10,0,0.6338176388064489,0.5693317204515885,1.113265985432378,0.16768238594286936,0.01163175436127735,25.132741228718253
12,551,3.6769198529324845e-7,4,11,0,0.6337934336831713,0.5686751734355504,1.1145087095225565,0.012991709470107122,0.4222799081907466,25.132741228718427
12,552,3.6835930287091314e-7,5,0,0,0.6343371577246857,0.5542854240058229,1.1444233065706988,0.5067609534917993,0.019111371975935286,25.13274122871844
12,553,3.6902662044857783e-7,6,1,0,0.6340838524150139,0.5550642564522108,1.1423611681787447,0.016571762599927972,0.5812630966403245,25.132741228718267
12,554,3.696939380262425e-7,7,2,0,0.634460507646742,0.5553109876922694,1.1425318816099745,0.18897924344300682,0.012706694171369513,25.132741228718338
12,555,3.703612556039072e-7,8,3,0,0.6345008113300136,0.5548870138183059,1.1434774927671614,0.024801125704430736,0.01395934479410463,25.132741228718178
12,556,3.710285731815719e-7,9,4,0,0.6348500649877077,0.5566642026750831,1.140454266570219,0.012122685712177025,0.1662309869581756,25.13274122871828
12,557,3.716958907592366e-7,10,5,0,0.6361624763911535,0.5575435199603698,1.1410095420647557,0.42002121399463427,0.013163790767327497,25.13274122871829
12,558,3.723632083369013e-7,11,6,0,0.6359695596071506,0.5579683497253798,1.139795043787271,0.01899531884852479,0.5040312193778025,25.13274122871828
12,559,3.7303052591456603e-7,0,7,0,0.6354770751738166,0.5583476352139631,1.1381387420586044,0.5800732683404373,0.016760029410792247,25.132741228718423
12,560,3.736978434922307e-7,1,8,0,0.6363902075617082,0.5584588664459431,1.139547146259354,0.012941767014484958,0.19108867198652674,25.13274122871827
12,561,3.743651610698954e-7,2,9,0,0.6365367095131298,0.5580794360620818,1.1405844193161065,0.014095078599270299,0.02488151879888149,25.132741228718334
12,562,3.750324786475601e-7,3,10,0,0.636214232261871,0.5578588512521883,1.1404573591219422,0.16431288461367372,0.012171581633678381,25.13274122871822
12,563,3.756997962252248e-7,4,11,0,0.6362552319101985,0.5580254214614021,1.1401904060999979,0.012770299314041219,0.41762201019857903,25.13274122871823
12,564,3.763671138028895e-7,5,0,0,0.6364913110138829,0.5426238848520356,1.1729880102632109,0.5007454143421516,0.01942781228100652,25.13274122871827
12,565,3.770344313805542e-7,6,1,0,0.6364831709838207,0.5429565616040728,1.1722543127638783,0.017031842123521747,0.5782268690337001,25.13274122871836
12,566,3.777017489582189e-7,7,2,0,0.6369719618819475,0.5432079326615664,1.1726116714845523,0.19339150374392067,0.01307548933638549,25.132741228718295
12,567,3.783690665358836e-7,8,3,0,0.6374689594514763,0.5433641717913703,1.1731891658403977,0.025246658332899956,0.014430178996164847,25.1327412287183
12,568,3.790363841135483e-7,9,4,0,0.6386063119485209,0.5440346578229105,1.173833877613721,0.012354889972370279,0.16246148765378718,25.132741228718135
12,569,3.79703701691213e-7,10,5,0,0.6389771043778202,0.5447132260009399,1.173052303262263,0.4147936367015195,0.013182921501611655,25.132741228718395
12,570,3.803710192688777e-7,11,6,0,0.6389808611411213,0.5451308591370967,1.172160501338307,0.020019834797528686,0.49751866011160795,25.13274122871825
12,571,3.810383368465424e-7,0,7,0,0.6373189318214374,0.5456640182421797,1.1679695023221761,0.5761665891681559,0.0176672068326336,25.132741228718192
12,572,3.817056544242071e-7,1,8,0,0.6385008306216536,0.5461611239667139,1.1690704493653552,0.013436628628174555,0.19512147029247853,25.13274122871832
12,573,3.8237297200187177e-7,2,9,0,0.6384532611749539,0.5461890070787774,1.1689236745895715,0.014886722661529654,0.025207541754413178,25.132741228718384
12,574,3.8304028957953646e-7,3,10,0,0.6378626841073971,0.545788434896973,1.168699524070723,0.1604084450853095,0.012730026247132063,25.132741228718345
12,575,3.837076071572012e-7,4,11,0,0.6379231300675698,0.5448273230624431,1.170872133361155,0.013588287417830311,0.41320893407260545,25.13274122871835
12,576,3.843749247348659e-7,5,0,0,0.638180745943405,0.5296606625879162,1.2048860544509024,0.49458277220059943,0.020619910487656608,25.132741228718263
12,577,3.850422423125306e-7,6,1,0,0.638067629893771,0.530223634169879,1.2033934151063128,0.01862013473012149,0.5727731588715129,25.132741228718164
12,578,3.857095598901953e-7,7,2,0,0.6385585892162307,0.5310775341956605,1.2023829819564007,0.19730567780180353,0.013735291690070988,25.132741228718277
12,579,3.8637687746785997e-7,8,3,0,0.6377506402839124,0.5322595056449668,1.1981949284515199,0.025474925848274724,0.01540748811244359,25.13274122871819
12,580,3.8704419504552466e-7,9,4,0,0.637911651983704,0.5327974953236844,1.1972872575088982,0.013124488665487833,0.15903794919604602,25.132741228718366
12,581,3.8771151262318935e-7,10,5,0,0.6389621178370891,0.5335835637412022,1.1974921291747238,0.4119441474042927,0.01393372733608705,25.132741228718317
12,582,3.8837883020085404e-7,11,6,0,0.6381952859042318,0.5343861623311866,1.194258629602593,0.021127295506928316,0.49253161457559536,25.132741228718388
12,583,3.8904614777851873e-7,0,7,0,0.6358493841384883,0.5349016097427532,1.1887221361032794,0.5694174657461749,0.01913319401927873,25.132741228718164
12,584,3.897134653561835e-7,1,8,0,0.6371981270251051,0.5351959872381283,1.1905883867204563,0.013818912174564331,0.19852974702547369,25.132741228718455
12,585,3.9038078293384817e-7,2,9,0,0.637752085345102,0.5353163766188532,1.1913554548307481,0.016070189454521565,0.02540189791771634,25.13274122871834
12,586,3.9104810051151286e-7,3,10,0,0.637595552728328,0.5350737859037383,1.1916030452724022,0.1569033194393632,0.013486591442703037,25.132741228718388
12,587,3.9171541808917755e-7,4,11,0,0.6377394495875932,0.5336912771869813,1.1949594772263032,0.014274829092651079,0.40938526001678277,25.132741228718174
12,588,3.9238273566684224e-7,5,0,0,0.6376514177490445,0.5194545997403782,1.227540227900072,0.48998147061752123,0.021540315270383453,25.132741228718324
12,589,3.9305005324450694e-7,6,1,0,0.6368529203501135,0.5197830925646271,1.2252282335846287,0.019137242049758165,0.5669054004364377,25.132741228718192
12,590,3.9371737082217163e-7,7,2,0,0.6374327989513427,0.5201317311044515,1.2255218453944605,0.20056163870227323,0.01397606096793417,25.132741228718395
12,591,3.943846883998363e-7,8,3,0,0.6373784987771536,0.5205484678222035,1.2244364130850809,0.025714024560389733,0.01632656660517361,25.132741228718302
12,592,3.9505200597750106e-7,9,4,0,0.63827061918548,0.5217702152375157,1.2232791381066703,0.013642477239871447,0.1559627871753898,25.132741228718427
12,593,3.9571932355516575e-7,10,5,0,0.6393277730594534,0.522939478284326,1.2225655159120465,0.408051940722213,0.01506151696922782,25.13274122871822
12,594,3.9638664113283045e-7,11,6,0,0.6393359568600838,0.5237951461373844,1.2205839660308624,0.02254668494331476,0.4869086221008411,25.13274122871824
12,595,3.9705395871049514e-7,0,7,0,0.6372041160167005,0.5241476942172133,1.2156957343260488,0.565018717156125,0.01980596983023103,25.13274122871824
12,596,3.9772127628815983e-7,1,8,0,0.6381768261077805,0.5238594007577694,1.2182215785087553,0.014224751804779674,0.20162648730399005,25.132741228718285
12,597,3.983885938658245e-7,2,9,0,0.6375375796449761,0.5236351884197008,1.217522415880846,0.016448275175318938,0.02567954852964707,25.132741228718295
12,598,3.990559114434892e-7,3,10,0,0.6373084801316543,0.5233209027289849,1.2178158311816962,0.15498468673326216,0.013849506940927245,25.13274122871823
12,599,3.997232290211539e-7,4,11,0,0.6371207729665026,0.5221586356041303,1.2201670709311598,0.014981411498839714,0.40487614375584285,25.13274122871824
12,600,4.003905465988186e-7,5,0,0,0.6377965310794316,0.5079808535145022,1.255552304120894,0.4834137593952099,0.022728760366466955,25.132741228718256
12,601,4.0105786417648334e-7,6,1,0,0.6379247154008741,0.5084094060027167,1.2547460921631048,0.019892435671343023,0.5637002651933354,25.132741228718345
12,602,4.0172518175414803e-7,7,2,0,0.6382900800412123,0.5080718398707423,1.2562988734104976,0.2044935847290354,0.01436369429713693,25.132741228718302
12,603,4.023924993318127e-7,8,3,0,0.6388799247324856,0.5081023475259869,1.2573843199962975,0.02539561921192738,0.017334898801596204,25.132741228718313
12,604,4.030598169094774e-7,9,4,0,0.6390559509550031,0.5083623633563166,1.2570874577256657,0.014119508221433869,0.15216597476773613,25.13274122871832
12,605,4.037271344871421e-7,10,5,0,0.6402573571543901,0.5097229049168621,1.2560890455939364,0.401777595948024,0.01509110204933677,25.132741228718345
12,606,4.043944520648068e-7,11,6,0,0.640029007297193,0.51019451910875,1.254480366459539,0.022888730709492083,0.4802666951930757,25.13274122871829
12,607,4.050617696424715e-7,0,7,0,0.6377635346927418,0.5105600845151467,1.249144917582803,0.560859255235797,0.01981002291372156,25.13274122871831
12,608,4.057290872201362e-7,1,8,0,0.6387526659467999,0.511163424730209,1.2496055763065055,0.014876949448249596,0.20638336787331,25.132741228718242
12,609,4.063964047978009e-7,2,9,0,0.6389085609040249,0.5098153328525203,1.253215664050749,0.017748430495280004,0.02549194186774849,25.132741228718253
12,610,4.070637223754656e-7,3,10,0,0.6386030398113431,0.5085985043749796,1.2556132869406038,0.15175624016703704,0.014229137632322609,25.132741228718377
12,611,4.077310399531303e-7,4,11,0,0.6385806183091134,0.5085033194279152,1.2558042276450425,0.014898151483436277,0.40017168099561046,25.132741228718334
12,612,4.08398357530795e-7,5,0,0,0.6391388872652477,0.4945763567482512,1.2922956759750277,0.4764115585059433,0.022817615992712304,25.132741228718263
12,613,4.090656751084597e-7,6,1,0,0.6393240603924935,0.49554522867134,1.290142702224486,0.020130349697499033,0.5579078719464324,25.13274122871854
12,614,4.097329926861244e-7,7,2,0,0.6399579656543356,0.4962973734200341,1.2894647441801317,0.20759999321582864,0.015171705426665943,25.13274122871833
12,615,4.1040031026378907e-7,8,3,0,0.639295320680582,0.49612820870196406,1.2885687801409047,0.02495454989070234,0.017681206703933087,25.13274122871831
12,616,4.1106762784145376e-7,9,4,0,0.6399682840274276,0.49631960564395433,1.289427773454758,0.014416762218844867,0.1492030983397632,25.13274122871827
12,617,4.117349454191185e-7,10,5,0,0.6403826650950515,0.4973734446074678,1.287528861940846,0.3983528976193069,0.014870650261263432,25.132741228718242
12,618,4.124022629967832e-7,11,6,0,0.6400933514647648,0.4977854235007267,1.2858820713616785,0.02272294866283029,0.47350556607416583,25.132741228718324
12,619,4.130695805744479e-7,0,7,0,0.6375375697114656,0.4979581820127192,1.2803034325785638,0.5544295736733001,0.020145805039986066,25.132741228718263
12,620,4.137368981521126e-7,1,8,0,0.637936099032198,0.4980710291258894,1.2808135019452358,0.01568182618111461,0.2087051249287433,25.13274122871839
12,621,4.1440421572977727e-7,2,9,0,0.637373098656892,0.4976708552570507,1.2807121251407902,0.017971713011002494,0.025441230422473867,25.13274122871826
12,622,4.1507153330744196e-7,3,10,0,0.6380612815347207,0.49769879732784034,1.2820229523569089,0.14882831628926801,0.014548288475785988,25.132741228718288
12,623,4.1573885088510665e-7,4,11,0,0.6384206748198401,0.49706528362263197,1.284379931277848,0.015162487417963253,0.3963163759629312,25.13274122871818
12,624,4.1640616846277135e-7,5,0,0,0.6385005998051126,0.4824219820721929,1.3235313139390963,0.4707073694446367,0.023097210011703687,25.13274122871825
12,625,4.1707348604043604e-7,6,1,0,0.6384813106602368,0.48250665870569887,1.3232590662539923,0.020596249134075213,0.5539138516931438,25.132741228718118
12,626,4.177408036181008e-7,7,2,0,0.6383908651848211,0.48298193823522306,1.3217696452945005,0.21063936575360537,0.015873306081826227,25.132741228718302
12,627,4.1840812119576547e-7,8,3,0,0.6391837480595507,0.48348332520349496,1.3220388682288524,0.02553652075156599,0.01798437333260955,25.1327412287183
12,628,4.1907543877343016e-7,9,4,0,0.6394190885623928,0.48367017425682884,1.322014717043233,0.015039347839140975,0.14803156970911066,25.13274122871829
12,629,4.1974275635109486e-7,10,5,0,0.6397543764112678,0.4845354060484161,1.3203459817905272,0.39300880654818643,0.015564368430444335,25.13274122871829
12,630,4.2041007392875955e-7,11,6,0,0.6398035602288409,0.48559664653524687,1.317561735225865,0.02312871662183473,0.4664936355998086,25.132741228718377
12,631,4.2107739150642424e-7,0,7,0,0.6373194415348152,0.48488575628147546,1.3143703094566719,0.5515287240399307,0.020478472140122876,25.132741228718352
12,632,4.2174470908408893e-7,1,8,0,0.6387437354840091,0.4853694854512678,1.3159948341007532,0.01608703127181709,0.21379026427490855,25.132741228718302
12,633,4.224120266617536e-7,2,9,0,0.6391712373147983,0.4855164837943082,1.3164769037699384,0.018381524551324708,0.02522815187778461,25.132741228718288
12,634,4.2307934423941837e-7,3,10,0,0.639196205687925,0.48503688613639717,1.3178300949016415,0.14603552073529177,0.014905098810971035,25.132741228718423
12,635,4.2374666181708306e-7,4,11,0,0.6389941775105603,0.48453223370252624,1.3187856928066926,0.015237266131515697,0.3911236101049361,25.132741228718302
12,636,4.2441397939474775e-7,5,0,0,0.6396060641716149,0.4715329642329928,1.3564397670733668,0.46315979612999286,0.02285847157164166,25.132741228718178
12,637,4.2508129697241244e-7,6,1,0,0.6396559218843292,0.47196314961140673,1.3553090371801129,0.021114603211228596,0.5505925419642137,25.132741228718185
12,638,4.2574861455007713e-7,7,2,0,0.6399549105494785,0.4723505910683782,1.3548303371485306,0.2155646553482283,0.01638395596907528,25.13274122871827
12,639,4.264159321277418e-7,8,3,0,0.6399472509712997,0.47187310866196625,1.3561850404781934,0.02548224263040112,0.018901133129149126,25.1327412287183
12,640,4.270832497054065e-7,9,4,0,0.641169292536173,0.4726677959992862,1.3564903256856138,0.0153733395180283,0.14608130388143042,25.132741228718366
12,641,4.277505672830712e-7,10,5,0,0.6415691049105223,0.47331310809903354,1.35548560547426,0.3876031423070459,0.015888871271311323,25.132741228718373
12,642,4.284178848607359e-7,11,6,0,0.6414362764044097,0.4734756363272327,1.3547397736873086,0.023474760413239162,0.459642082222325,25.132741228718324
12,643,4.2908520243840064e-7,0,7,0,0.6375378696817948,0.47381622826328107,1.3455382733905434,0.5478710954619014,0.021691360774416683,25.13274122871829
12,644,4.2975252001606533e-7,1,8,0,0.6386366908625213,0.4737502022674124,1.3480452099143112,0.0169739878234392,0.21820343498934852,25.132741228718228
12,645,4.3041983759373e-7,2,9,0,0.638675424962299,0.47385225762116273,1.3478366193053146,0.018737312229817987,0.02562973879934581,25.132741228718288
12,646,4.310871551713947e-7,3,10,0,0.6390999696053573,0.47202504277135354,1.3539535230018167,0.14421286197743227,0.015658499156416233,25.132741228718416
12,647,4.317544727490594e-7,4,11,0,0.6390283561045986,0.47175277030824087,1.3545831552553698,0.016480490204601645,0.3829903967477764,25.132741228718352
12,648,4.324217903267241e-7,5,0,0,0.6398471073521497,0.45759607093020155,1.3982792860337898,0.4564221489447113,0.02459050188590769,25.132741228718277
12,649,4.330891079043888e-7,6,1,0,0.6393149727783429,0.4580320296039633,1.3957866076115368,0.022501648454501415,0.5465655032225272,25.13274122871834
12,650,4.337564254820535e-7,7,2,0,0.6394698840048726,0.4586750412730684,1.3941676055230776,0.2201911858226661,0.01743471356476286,25.13274122871821
12,651,4.344237430597182e-7,8,3,0,0.6393218406742784,0.4584163130084408,1.3946315227715438,0.02541242440637056,0.01928838057488764,25.132741228718125
12,652,4.350910606373829e-7,9,4,0,0.6395826779771419,0.4588608869606597,1.3938487592906919,0.0163026337194383,0.14240152003318807,25.132741228718412
12,653,4.357583782150476e-7,10,5,0,0.6401168302144995,0.4590531634633378,1.3944285349982612,0.37998948365577917,0.017308245464823464,25.13274122871838
12,654,4.364256957927123e-7,11,6,0,0.6397700908703824,0.4598241116422668,1.3913365451529642,0.02518937121338272,0.4524670191525616,25.132741228718242
12,655,4.37093013370377e-7,0,7,0,0.6358620062878392,0.460062316702722,1.3821214718151182,0.5441301574681575,0.02298041126655974,25.132741228718338
12,656,4.377603309480417e-7,1,8,0,0.636939414157054,0.46015325183700906,1.3841897489896788,0.017591878026271778,0.22161650620258075,25.132741228718437
12,657,4.384276485257064e-7,2,9,0,0.636668574871445,0.45958733862283335,1.3853048623559576,0.019287632354516946,0.02565948525662784,25.132741228718302
12,658,4.3909496610337106e-7,3,10,0,0.6367919653163837,0.4590151835944231,1.387300438146379,0.14036713089085323,0.01659964005803267,25.132741228718245
12,659,4.397622836810358e-7,4,11,0,0.637106748242796,0.45865418653605083,1.3890786717864583,0.017594836317697413,0.37788677861177355,25.132741228718285
12,660,4.404296012587005e-7,5,0,0,0.6377412919746376,0.4458920436076592,1.4302594117059122,0.44931611196671767,0.02569018803650077,25.132741228718174
12,661,4.410969188363652e-7,6,1,0,0.6375046217843773,0.4463899863001145,1.4281337873824382,0.023068121821226088,0.5415965011542451,25.132741228718146
12,662,4.417642364140299e-7,7,2,0,0.6374810476615586,0.4466801786023865,1.427153203117647,0.22308718794474733,0.01803271761130121,25.132741228718302
12,663,4.424315539916946e-7,8,3,0,0.6380539521361029,0.4463952394034433,1.4293475732151397,0.025808240525505656,0.01992190654443208,25.132741228718352
12,664,4.4309887156935927e-7,9,4,0,0.6390630588666372,0.44740461259635944,1.4283783422751357,0.01687311031368562,0.1395042579930223,25.132741228718256
12,665,4.4376618914702396e-7,10,5,0,0.6397713149484955,0.44808745836926633,1.4277822398261895,0.37395282677781877,0.017704322449062945,25.132741228718196
12,666,4.4443350672468865e-7,11,6,0,0.6399741372061507,0.44893788350592384,1.4255293676896976,0.02578129922590028,0.44598733813505226,25.13274122871826
12,667,4.4510082430235334e-7,0,7,0,0.6347680287904134,0.44915720850482505,1.4132424388856144,0.5395777104285603,0.023556291211452075,25.132741228718295
12,668,4.457681418800181e-7,1,8,0,0.6356563577271028,0.4487894794865202,1.416379810093555,0.018494426320364646,0.22565618858605865,25.132741228718398
12,669,4.464354594576828e-7,2,9,0,0.6357342890958922,0.4485362395163367,1.4173532327764953,0.020433700593525977,0.025757101513943025,25.13274122871835
12,670,4.4710277703534747e-7,3,10,0,0.6354878562671397,0.4476892749627201,1.4194842088188462,0.13802507138882306,0.01742391471702074,25.132741228718313
12,671,4.4777009461301216e-7,4,11,0,0.6358595694074066,0.44678156711734596,1.4232000964363865,0.018043363604361876,0.37073473550235087,25.132741228718388
12,672,4.4843741219067685e-7,5,0,0,0.6357905579960103,0.4339592940125255,1.465092617598505,0.4419538901304047,0.02648073020213303,25.132741228718185
12,673,4.4910472976834154e-7,6,1,0,0.6350447956134668,0.43416020033923763,1.4626969379442543,0.024055312396429447,0.5365250525755016,25.13274122871839
12,674,4.4977204734600623e-7,7,2,0,0.6352426837708228,0.4342407309035047,1.4628813894290906,0.22732710913893125,0.019217910034688982,25.13274122871817
12,675,4.504393649236709e-7,8,3,0,0.6345655921822542,0.43469778467046133,1.4597856592789171,0.02564631760211928,0.02090719922327949,25.132741228718384
12,676,4.5110668250133567e-7,9,4,0,0.6347835036268354,0.43509075180319956,1.4589680451630491,0.01800279026523151,0.13696373768358722,25.132741228718178
12,677,4.5177400007900036e-7,10,5,0,0.6359270931218592,0.4361257578064897,1.4581278031370528,0.3675783469995804,0.01796507511168448,25.13274122871831
12,678,4.5244131765666505e-7,11,6,0,0.6358119233356767,0.43680018957326905,1.4556127458571657,0.026622616511627364,0.43863385733962174,25.13274122871836
12,679,4.5310863523432974e-7,0,7,0,0.630662765464574,0.43735635926016087,1.4419883285369701,0.534481175314941,0.023983531574297227,25.132741228718377
12,680,4.5377595281199443e-7,1,8,0,0.6312538813798395,0.43777098463881936,1.4419728660195517,0.019198055335886578,0.22872877105913003,25.132741228718317
12,681,4.544432703896591e-7,2,9,0,0.6320985361546042,0.4373726611612319,1.4452172993080357,0.021197249702828127,0.025494564723668546,25.132741228718345
12,682,4.551105879673238e-7,3,10,0,0.6319420104941741,0.43655447525566266,1.4475673628682542,0.13548957122043057,0.017786457324761647,25.13274122871849
12,683,4.557779055449885e-7,4,11,0,0.6317246834162916,0.43684113106807837,1.446119970140454,0.01816036620038091,0.3651911971483707,25.132741228718217
12,684,4.564452231226532e-7,5,0,0,0.632042388751446,0.42384874747487705,1.4911979627565357,0.4354754120146667,0.026717466019017942,25.132741228718245
12,685,4.5711254070031794e-7,6,1,0,0.6313056006520666,0.4240382479308091,1.4887940032123652,0.024745730428664275,0.5307019262623862,25.1327412287182
12,686,4.5777985827798264e-7,7,2,0,0.6315451882442411,0.42414727422609505,1.4889761802585366,0.22988201152216267,0.01907507415842589,25.13274122871833
12,687,4.5844717585564733e-7,8,3,0,0.6309728849252614,0.4239856771353076,1.4881938682185658,0.0252913112369359,0.021463391334162512,25.132741228718334
12,688,4.59114493433312e-7,9,4,0,0.6313106476300128,0.42443144023902657,1.4874266790284865,0.01838409335656776,0.13446390865901445,25.13274122871838
12,689,4.597818110109767e-7,10,5,0,0.6319267384025159,0.4248178339491548,1.4875240347799272,0.362723897329975,0.01832525004283667,25.13274122871819
12,690,4.604491285886414e-7,11,6,0,0.6315713764905179,0.42475858514923415,1.486894905887829,0.026989067966076145,0.43084289616018956,25.132741228718146
12,691,4.611164461663061e-7,0,7,0,0.62648697203796,0.4252069942318829,1.4733693954627445,0.5270987266595756,0.02513628641759632,25.13274122871831
12,692,4.617837637439708e-7,1,8,0,0.6277799040564589,0.42514953166967673,1.4766096568212086,0.019973358444285046,0.23118995080699514,25.132741228718537
12,693,4.6245108132163553e-7,2,9,0,0.6278971585128061,0.4247879632893366,1.4781425388108878,0.021768665160507288,0.025480155086110914,25.13274122871835
12,694,4.631183988993002e-7,3,10,0,0.6277225700437223,0.4241281438645226,1.4800304557111237,0.13268914675213261,0.01871638324140289,25.132741228718295
12,695,4.637857164769649e-7,4,11,0,0.6280581958656791,0.4235164830859132,1.4829604536035808,0.018636925407414913,0.3599318126832378,25.13274122871843
12,696,4.644530340546296e-7,5,0,0,0.6284416211484481,0.4107109282006688,1.5301312382937096,0.4283371018465945,0.027717923442502082,25.13274122871834
12,697,4.651203516322943e-7,6,1,0,0.6280819208510198,0.4107722745648804,1.5290270540199662,0.025821413952142654,0.5258625193705716,25.132741228718267
12,698,4.65787669209959e-7,7,2,0,0.6284992050407399,0.4111546734524407,1.5286198737892733,0.23295607257878148,0.02018585246287439,25.132741228718128
12,699,4.664549867876237e-7,8,3,0,0.6290624617335195,0.4114420115438,1.5289213159666677,0.02561091195071468,0.021993231086376148,25.132741228718313
12,700,4.6712230436528837e-7,9,4,0,0.6297770448926233,0.41108176870351243,1.5319994532446466,0.018714653658418928,0.1322740331075515,25.13274122871844
12,701,4.677896219429531e-7,10,5,0,0.6305630418514834,0.4111627228591687,1.5336094611559996,0.3575716444717499,0.018656748097863274,25.132741228718245
12,702,4.684569395206178e-7,11,6,0,0.6303185183521369,0.41172760250765494,1.5309114922418103,0.028152364577015723,0.4261391718141037,25.132741228718256
12,703,4.691242570982825e-7,0,7,0,0.6242594847423096,0.4118974622029161,1.515570116415954,0.5222339512548785,0.026331242791157925,25.132741228718377
12,704,4.697915746759472e-7,1,8,0,0.6262628010690753,0.41272832784619895,1.5173729516876022,0.021020347860147077,0.23463738274434756,25.132741228718185
12,705,4.704588922536119e-7,2,9,0,0.626499727092863,0.4136257454934537,1.5146536063548257,0.021977470657174276,0.02613833670803772,25.132741228718253
12,706,4.7112620983127657e-7,3,10,0,0.626421751974931,0.4129422467369827,1.5169718209382457,0.13192746043010914,0.019015609610006468,25.132741228718395
12,707,4.7179352740894126e-7,4,11,0,0.6263122381471722,0.41200746266191535,1.5201478004807667,0.018478876153168074,0.3557969101856955,25.132741228718285
12,708,4.7246084498660595e-7,5,0,0,0.6268266106223153,0.39991084988992176,1.567415864798001,0.42527311934681217,0.028382218808492028,25.132741228718412
12,709,4.7312816256427064e-7,6,1,0,0.626008010130953,0.4003899362356264,1.5634958660962748,0.026756683841766007,0.5204489684810071,25.13274122871836
12,710,4.737954801419354e-7,7,2,0,0.6270958892377709,0.4011745544866549,1.5631497118260806,0.23444176123663604,0.021228260929001753,25.132741228718306
12,711,4.744627977196001e-7,8,3,0,0.6278258642769317,0.40143142354231515,1.5639679094796926,0.026770952953484056,0.022049486417703566,25.132741228718366
12,712,4.7513011529726477e-7,9,4,0,0.6284278500292793,0.40215100794668474,1.5626663557003773,0.019431854592425635,0.1313878896294716,25.13274122871831
12,713,4.7579743287492946e-7,10,5,0,0.6290254578030902,0.4023986376980445,1.5631898293728914,0.3533323890511361,0.018864812856329464,25.13274122871811
12,714,4.7646475045259415e-7,11,6,0,0.6283353652529977,0.4023689186332986,1.5615902127510874,0.028489410198417314,0.42302428012692905,25.132741228718206
12,715,4.771320680302589e-7,0,7,0,0.6224086757716871,0.40360156772944544,1.542136417539684,0.5182800903856343,0.026878629887155205,25.132741228718256
12,716,4.777993856079236e-7,1,8,0,0.6232299231850279,0.40385975488656195,1.5431840277328046,0.021471004401565734,0.23546099266199125,25.1327412287182
12,717,4.784667031855883e-7,2,9,0,0.6231903017140237,0.40312036782659877,1.545916186457955,0.021793755191250902,0.027236210837379586,25.13274122871833
12,718,4.79134020763253e-7,3,10,0,0.623179706129547,0.4019894520904925,1.5502389500241462,0.13113984434546702,0.019315759933998887,25.132741228718253
12,719,4.798013383409177e-7,4,11,0,0.6233282855759383,0.4011611046275091,1.553810372904219,0.01872420900646604,0.35137802621907427,25.132741228718274
12,720,4.804686559185824e-7,5,0,0,0.6244979059672151,0.38885273173684487,1.6060010770088726,0.421091704833487,0.029067404388703637,25.132741228718274
12,721,4.81135973496247e-7,6,1,0,0.6248723468950739,0.38941731972104177,1.6046341938327238,0.027056204505207567,0.5134683823246902,25.13274122871821
12,722,4.818032910739117e-7,7,2,0,0.625419283150221,0.38929703948755606,1.6065349070557537,0.23865183587154198,0.021595037378501977,25.13274122871832
12,723,4.824706086515764e-7,8,3,0,0.6256575392000557,0.3893303554482553,1.6070093956062206,0.027107384962268024,0.022559170105097642,25.132741228718395
12,724,4.831379262292411e-7,9,4,0,0.626319835836033,0.39017571244216365,1.6052250713295575,0.01940804673718418,0.1304580753505773,25.13274122871829
12,725,4.838052438069058e-7,10,5,0,0.6270475104193177,0.39097305131683036,1.6038126113996056,0.35022163940009915,0.01902535981087717,25.132741228718267
12,726,4.844725613845705e-7,11,6,0,0.6275683002315257,0.3915674251186358,1.6027081416218092,0.02933116893632665,0.4195022261743608,25.132741228718416
12,727,4.851398789622352e-7,0,7,0,0.621145109464668,0.3921425814754313,1.5839777132277189,0.5114827418980689,0.02763257452409158,25.132741228718295
12,728,4.858071965398999e-7,1,8,0,0.6217270839995126,0.3915727089409527,1.5877691928046653,0.022046892255364332,0.24003807148502354,25.13274122871828
12,729,4.864745141175646e-7,2,9,0,0.6219046651541694,0.3912215508756106,1.589648279248054,0.0233737432127045,0.02689534340899974,25.132741228718245
12,730,4.871418316952293e-7,3,10,0,0.6216413396323641,0.39012067894928415,1.5934590837548956,0.1300562371364331,0.02002643615396684,25.132741228718263
12,731,4.878091492728941e-7,4,11,0,0.6219916678599923,0.38963133707416037,1.5963594523240456,0.019448491829753164,0.34568823559776235,25.13274122871839
12,732,4.884764668505588e-7,5,0,0,0.6220910415459685,0.37781860052076804,1.6465336558033574,0.41612699051837715,0.029954551035558427,25.132741228718427
12,733,4.891437844282234e-7,6,1,0,0.6215826078288981,0.37879740465486417,1.6409368179152235,0.028390270480379533,0.5083218067066892,25.13274122871838
12,734,4.898111020058881e-7,7,2,0,0.6217138671418354,0.37950172991250786,1.638237241461767,0.2413490872362657,0.022244485158070378,25.132741228718274
12,735,4.904784195835528e-7,8,3,0,0.6220550242544958,0.37969776247930165,1.6382899393261652,0.026339777126668552,0.02402364361067126,25.132741228718327
12,736,4.911457371612175e-7,9,4,0,0.6228482213974637,0.38082211164167873,1.6355358640086293,0.020727274627443747,0.12884593471567568,25.13274122871826
12,737,4.918130547388822e-7,10,5,0,0.6239045595325211,0.381222410515072,1.6365894090265043,0.344785500608956,0.019576708046347237,25.132741228718306
12,738,4.924803723165469e-7,11,6,0,0.6234195191068661,0.3817569342318491,1.6330273616673854,0.030438286693606313,0.4133584448696994,25.132741228718153
12,739,4.931476898942116e-7,0,7,0,0.6162135327398233,0.38163504753854,1.614667040446787,0.5060572381606491,0.02889716126954329,25.132741228718288
12,740,4.938150074718763e-7,1,8,0,0.6177550461085076,0.3819295737786983,1.6174580040938487,0.02260687399989982,0.24356696549820045,25.132741228718324
12,741,4.94482325049541e-7,2,9,0,0.6174317263804945,0.38235913525157583,1.6147952787220607,0.02373097964519747,0.02650135470445224,25.132741228718363
12,742,4.951496426272057e-7,3,10,0,0.6173181701110354,0.3816516852821936,1.6174910105652744,0.1280149001442637,0.020972510877718602,25.13274122871822
12,743,4.958169602048704e-7,4,11,0,0.6175078447423087,0.3814394314007454,1.6188883316930773,0.019644611754444114,0.3418114367808124,25.13274122871844
12,744,4.964842777825351e-7,5,0,0,0.6188393208031708,0.37066844577518887,1.6695225284390625,0.4108044138675479,0.03025606187236109,25.13274122871827
12,745,4.971515953601997e-7,6,1,0,0.6182809359423703,0.3714882148776716,1.6643352633567818,0.02863292301571246,0.5034002795008706,25.132741228718373
12,746,4.978189129378644e-7,7,2,0,0.6191063702775882,0.37180653914005907,1.6651303974090987,0.2437369137729171,0.023127533214915973,25.13274122871835
12,747,4.984862305155291e-7,8,3,0,0.6191442201534842,0.372066516994945,1.6640686325501743,0.026508850480968266,0.024178375651766924,25.13274122871828
12,748,4.991535480931939e-7,9,4,0,0.619336251611372,0.3723187372422981,1.663457112576957,0.02094980842530588,0.12752541730842215,25.132741228718242
12,749,4.998208656708586e-7,10,5,0,0.6204804165468498,0.3725999778110769,1.6652722852856912,0.34218990710959213,0.019707864197293513,25.132741228718185
12,750,5.004881832485233e-7,11,6,0,0.620970685639618,0.3733123887168661,1.6634076564509224,0.030085061502712934,0.40848360223429075,25.132741228718196
12,751,5.01155500826188e-7,0,7,0,0.613689809131177,0.37451352343702327,1.6386319070648263,0.5006324436271733,0.028848837117925605,25.132741228718302
12,752,5.018228184038527e-7,1,8,0,0.6151110230718815,0.3743021920042578,1.6433540497804096,0.022918641294725622,0.2451521468992321,25.13274122871823
12,753,5.024901359815174e-7,2,9,0,0.6148326523493145,0.37353795988325605,1.6459710079839587,0.024462294681356384,0.026391319099346965,25.132741228718412
12,754,5.031574535591821e-7,3,10,0,0.6148258160984484,0.3729014865724033,1.6487620410144774,0.12663094127689598,0.021437282117637055,25.132741228718295
12,755,5.038247711368468e-7,4,11,0,0.6157229914403358,0.3723198711843456,1.6537473261411684,0.0197917683862621,0.33815974789115977,25.1327412287183
12,756,5.044920887145115e-7,5,0,0,0.6162722263235395,0.3608825528602465,1.707680854724484,0.4066803257485364,0.03036136706742328,25.13274122871828
12,757,5.051594062921761e-7,6,1,0,0.6164224728311247,0.36109866596387435,1.7070749103592477,0.0297041554383828,0.49837696056979625,25.13274122871845
12,758,5.058267238698408e-7,7,2,0,0.616347876759495,0.36083284239469904,1.708125770007652,0.24724057027473073,0.02344827327939582,25.13274122871829
12,759,5.064940414475055e-7,8,3,0,0.6164410364888071,0.3608745409575953,1.7081865483030632,0.026095649022188853,0.025885396592187665,25.132741228718285
12,760,5.071613590251702e-7,9,4,0,0.6174172921902918,0.3622556397234208,1.7043690269713534,0.022636822828588383,0.12562966604860373,25.132741228718142
12,761,5.078286766028349e-7,10,5,0,0.6181256133279989,0.3620481293016002,1.7073023261309994,0.3351648064408143,0.0200952542311534,25.13274122871831
12,762,5.084959941804996e-7,11,6,0,0.6176977932899541,0.3632464191583495,1.7004924500595888,0.030336562785003667,0.4029177936446635,25.13274122871822
12,763,5.091633117581643e-7,0,7,0,0.6101685257139061,0.3637421310046286,1.6774755347384869,0.4950431523486776,0.029939538953922307,25.132741228718377
12,764,5.098306293358291e-7,1,8,0,0.6106638339177575,0.36383691164372917,1.6783998939495244,0.023958687571598327,0.24821289550376682,25.132741228718412
12,765,5.104979469134938e-7,2,9,0,0.6106009392037569,0.36368901263633846,1.678909502317882,0.025857290206306203,0.02639198319633456,25.132741228718285
12,766,5.111652644911585e-7,3,10,0,0.6111274197332083,0.36354447501976195,1.6810251887337524,0.12498382424943663,0.02241990946132977,25.132741228718398
12,767,5.118325820688232e-7,4,11,0,0.6115178477231608,0.36309198908565465,1.6841953722611642,0.020209028879013248,0.33336302028655534,25.132741228718142
12,768,5.124998996464879e-7,5,0,0,0.6125955983089805,0.35229511494369303,1.738870544392564,0.4013673744064565,0.03087234322054309,25.132741228718256
12,1000,6.673175776646977e-7,9,4,0,0.46822019136240295,0.19929507519350384,2.3493816438152755,0.032504178189342904,0.08907686498482546,25.132741228718192
12,1001,6.679848952423624e-7,10,5,0,0.46839084437507467,0.1994740212481565,2.348129553132992,0.23808646621439628,0.030788537814961457,25.132741228718245
12,1002,6.686522128200271e-7,11,6,0,0.4676148934694658,0.1992396335699052,2.3469973573576084,0.0429429998315883,0.28492023353021484,25.132741228718213
12,1003,6.693195303976918e-7,0,7,0,0.45634431290744343,0.19921023712871258,2.2907673796532495,0.3527020639363667,0.05056931197035421,25.132741228718235
12,1004,6.699868479753565e-7,1,8,0,0.4575485636978255,0.19948224597582265,2.293680630371891,0.040724200108709516,0.27000632326945423,25.132741228718363
12,1005,6.706541655530212e-7,2,9,0,0.45852729578193585,0.1992284741931556,2.301514869492929,0.04124073055283545,0.02957157003723617,25.13274122871829
12,1006,6.713214831306859e-7,3,10,0,0.4583714426805469,0.1992048810817078,2.3010050767407493,0.08807827916942171,0.032899321205938886,25.132741228718245
12,1007,6.719888007083506e-7,4,11,0,0.45926138197502814,0.19907617141109332,2.306963102212022,0.031487488234376054,0.23542517037025712,25.132741228718288
12,1008,6.726561182860153e-7,5,0,0,0.4599570581886352,0.19226191723674277,2.392346153618475,0.28363989076010954,0.0432895368408992,25.13274122871822
12,1009,6.7332343586368e-7,6,1,0,0.4603126758212652,0.19174621701340805,2.4006349798759126,0.0514930491597353,0.34954057581224796,25.132741228718196
12,1010,6.739907534413447e-7,7,2,0,0.4607974659961902,0.1918033072727587,2.402447968954475,0.270391861095707,0.041234926649640166,25.13274122871846
12,1011,6.746580710190093e-7,8,3,0,0.46075267547217197,0.1920957326538707,2.398557579112822,0.030621580107334335,0.04125911817071399,25.132741228718235
12,1778,0.0000011864906530878325,9,2,0,0.07423244675201636,0.06926260173076726,1.0717536577757725,0.07577342475365409,0.07365560917029002,25.132741228718306
12,1779,0.000001187157970665497,10,3,0,0.07444464661970372,0.06940935278130068,1.072544889652963,0.060938684523144104,0.05239975546974358,25.132741228718228
12,1780,0.000001187825288243162,11,4,0,0.07490715814449078,0.06965851048999411,1.0753482613621288,0.024544514577030666,0.04102699728751972,25.132741228718285
12,1781,0.0000011884926058208267,0,5,0,0.07343653033948769,0.06978532144206571,1.0523205857904248,0.07322901310195186,0.05391829845575229,25.13274122871842
12,1782,0.0000011891599233984913,1,6,0,0.07330700614268494,0.06965831690201822,1.052379807651669,0.07011586848570187,0.07782743974012633,25.132741228718224
12,1783,0.000001189827240976156,2,7,0,0.07336873661897633,0.06978748521598066,1.0513165274821452,0.052734098042278396,0.07606023571091358,25.1327412287183
12,1784,0.0000011904945585538207,3,8,0,0.07321657642696357,0.07014177894180704,1.043836890531498,0.07438010375584166,0.07437248690115277,25.132741228718235
12,1785,0.0000011911618761314855,4,9,0,0.07290339552290147,0.07047927969214808,1.0343947304986922,0.05241641462504235,0.06152805684037875,25.13274122871823
12,1786,0.00000119182919370915,5,10,0,0.07286701918172124,0.07015448728128508,1.0386651232951107,0.04080552556525557,0.024299336499595627,25.132741228718242
12,1787,0.0000011924965112868148,6,11,0,0.07296270520122212,0.07084900462041753,1.0298338782898788,0.053595736127974566,0.07197170095375041,25.13274122871827
12,1788,0.0000011931638288644794,7,0,0,0.07272773057310104,0.0711022968249036,1.0228604956630336,0.07676000370669536,0.06996297191065975,25.132741228718395
12,1789,0.0000011938311464421442,8,1,0,0.07283547783636453,0.07111178385329517,1.0242392173233255,0.07701356541568483,0.05179106718000349,25.132741228718295
12,3162,0.0000021100581805757743,10,6,0,0.09041834493617372,0.059803336243163537,1.5119281066281642,0.07386156442538208,0.0750085163958992,25.132741228718274
12,3163,0.0000021107254981534387,11,7,0,0.09009696262035106,0.059263759182854224,1.5202708006146408,0.05318080052965797,0.07580592178065881,25.132741228718306
12,3164,0.0000021113928157311035,0,8,0,0.09133701751410668,0.059287038189220785,1.5405899890393417,0.0603592799148763,0.0555441690414191,25.13274122871827
12,3165,0.0000021120601333087683,1,9,0,0.09135583053616865,0.059169004483824277,1.5439811998382305,0.0647327787168971,0.08962844276971949,25.132741228718196
12,3166,0.000002112727450886433,2,10,0,0.09156024455235531,0.0590418088176291,1.5507696391072734,0.06637456360316023,0.08537330850243875,25.13274122871822
12,3167,0.0000021133947684640974,3,11,0,0.0911420757493412,0.059007203500285994,1.5445923606411793,0.06283384410114717,0.07561066475020096,25.132741228718235
12,3168,0.0000021140620860417622,4,0,0,0.09135114640733928,0.05936285835035035,1.5388603066954598,0.07617890650554342,0.07484464876639033,25.13274122871821
12,3169,0.000002114729403619427,5,1,0,0.09085794514520242,0.05925735403657331,1.5332771201550004,0.07625317351480575,0.053945490069591026,25.13274122871828
12,3170,0.000002115396721197092,6,2,0,0.09087813924542103,0.059344766303120314,1.5313589539005852,0.0557896962164892,0.06003323726338071,25.13274122871828
12,3171,0.000002116064038774756,7,3,0,0.09088667855297258,0.06165012609212871,1.4742334576437583,0.09063549520260891,0.06475746788496006,25.132741228718373
12,3172,0.000002116731356352421,8,4,0,0.09057098073654657,0.06154931476795174,1.4715189125664514,0.08624994216219983,0.06770781639328571,25.13274122871819
12,3173,0.000002117398673930086,9,5,0,0.09016754385436002,0.06151184171143897,1.46585667646482,0.07604892239326126,0.06232239545280491,25.132741228718317
12,5623,0.000003752326739208595,2,7,0,0.1141870162867315,0.07561871524508693,1.5100364495302692,0.06393305562616433,0.052926065916923976,25.13274122871827
12,5624,0.00000375299405678626,3,8,0,0.11457492825339262,0.07583277348015215,1.5108893291814063,0.027289821794338313,0.03754756163657509,25.13274122871817
12,5625,0.0000037536613743639248,4,9,0,0.11492793360882862,0.0763747036570688,1.5047905668461674,0.04230503980660458,0.039485182456247526,25.13274122871834
12,5626,0.000003754328691941589,5,10,0,0.1146987741444355,0.07611033724866506,1.5070065156812487,0.07780389011799954,0.04394012646777192,25.13274122871826
12,5627,0.000003754996009519254,6,11,0,0.11490713880658898,0.07587814075990083,1.5143641852030423,0.041503325709997645,0.12564394200993445,25.132741228718146
12,5628,0.0000037556633270969187,7,0,0,0.11561375028321513,0.07503430943467046,1.540811812013485,0.10558333430091028,0.05667090714189124,25.132741228718356
12,5629,0.0000037563306446745835,8,1,0,0.11529388283448236,0.07513988490143253,1.5343899313357119,0.05346188054724314,0.06372485439543522,25.132741228718253
12,5630,0.000003756997962252248,9,2,0,0.11542763813598383,0.07499126026006825,1.5392145396101227,0.03721402487851859,0.026651716589479523,25.13274122871833
12,5631,0.0000037576652798299127,10,3,0,0.11536533545546104,0.0743907520084547,1.5508021137136707,0.03898439744397516,0.04230392777130947,25.132741228718306
12,5632,0.0000037583325974075775,11,4,0,0.11528417980861526,0.07413626536426048,1.5550308508552324,0.04370548290114849,0.07754422835883845,25.132741228718253
12,5633,0.0000037589999149852423,0,5,0,0.11522583225970308,0.07412582344914441,1.5544627620731417,0.12471748797868902,0.04166938958240904,25.13274122871826
12,5634,0.0000037596672325629067,1,6,0,0.11474456510646532,0.07423370516923071,1.5457205705263117,0.05638280786384136,0.10445558251167023,25.13274122871841
12,10000,0.000006673175776646977,8,4,0,0.12006006555431528,0.10147471142309335,1.1831525694488678,0.06551669644608053,0.07046876553776335,25.132741228718277
12,10001,0.000006673843094224642,9,5,0,0.12041755134764039,0.10160662376842239,1.1851348552048249,0.06413500352724462,0.08408036601738672,25.13274122871828
12,10002,0.000006674510411802306,10,6,0,0.11953475928026669,0.10145244893691396,1.178234340647576,0.13466061350995076,0.06070379565653782,25.132741228718267
12,10003,0.000006675177729379971,11,7,0,0.12004356941168089,0.10166003887199657,1.180833400652459,0.04431318947164829,0.135011490449488,25.13274122871836
12,10004,0.000006675845046957636,0,8,0,0.11767897721941646,0.10135937149186935,1.1610073690014564,0.08788339443701078,0.02964567889496387,25.13274122871825
12,10005,0.0000066765123645353,1,9,0,0.1173017245561148,0.10137061844884541,1.157157037720044,0.04606831890752894,0.08522623644666386,25.132741228718277
12,10006,0.000006677179682112965,2,10,0,0.1176241083006474,0.10140797320237771,1.159909862964202,0.07073786045279326,0.064571163782925,25.132741228718356
12,10007,0.00000667784699969063,3,11,0,0.11768197913971107,0.10110161865649528,1.1639969834662047,0.08234888743673252,0.06428589638606104,25.132741228718157
12,10008,0.000006678514317268295,4,0,0,0.11734981399284712,0.1012925305022017,1.1585238655904286,0.060181447482060814,0.13335907784675743,25.132741228718345
12,10009,0.000006679181634845959,5,1,0,0.11753878831473258,0.10113202784937844,1.1622311033828931,0.1337334678265402,0.04487342184668426,25.13274122871813
12,10010,0.000006679848952423624,6,2,0,0.11782415304882858,0.10129681168097215,1.163157567287589,0.029879222282489095,0.08851899604666036,25.13274122871813
12,10011,0.000006680516270001289,7,3,0,0.11767229416670207,0.10180571908550579,1.155851510344621,0.08483107216922316,0.04622639626423324,25.132741228718363
12,17783,0.00001186690848361132,8,11,0,0.18051520074187402,0.14104659678741444,1.279826701625043,0.02384107895730007,0.12839338614377957,25.13274122871815
12,17784,0.000011867575801188984,9,0,0,0.18120447700627418,0.14149535778330408,1.280639024806619,0.042038765024295384,0.05531815901188571,25.132741228718366
12,17785,0.000011868243118766649,10,1,0,0.18203121166320335,0.14160793951001835,1.2854590801409491,0.1207910016663703,0.04268390261114967,25.13274122871836
12,17786,0.000011868910436344313,11,2,0,0.18205083220331944,0.1420807968608369,1.2813190538453396,0.07014095003118069,0.21681630339126967,25.132741228718317
12,17787,0.000011869577753921977,0,3,0,0.18159516001525028,0.14249909546020761,1.2743600892958658,0.25646977177859265,0.07823052907880979,25.13274122871839
12,17788,0.000011870245071499642,1,4,0,0.18172459532248808,0.14187984659237424,1.280834450326051,0.046190053094057194,0.22121331203099973,25.13274122871829
12,17789,0.000011870912389077308,2,5,0,0.18151054423082336,0.141618073576176,1.2816905331874133,0.12986574973741213,0.023231195445296744,25.132741228718217
12,17790,0.000011871579706654972,3,6,0,0.18086104982777615,0.14152915392226315,1.277906670219456,0.054821414069813154,0.04216888735599322,25.132741228718174
12,17791,0.000011872247024232637,4,7,0,0.18069649433481988,0.141350506295325,1.278357602464394,0.04212224932235774,0.1210569985696521,25.13274122871834
12,17792,0.000011872914341810301,5,8,0,0.1808482075027144,0.14189272313453588,1.2745418052992246,0.2166189932239618,0.06962847822350254,25.13274122871832
12,17793,0.000011873581659387965,6,9,0,0.1809780031713328,0.14157376997440704,1.278330040967681,0.07843899001534564,0.25614984495444243,25.132741228718135
12,17794,0.000011874248976965631,7,10,0,0.18075907649719922,0.1428111501278606,1.2657210332341933,0.22144215625755417,0.04642166911310231,25.13274122871841
