error,acc,out
-128,0,0
-128,1,0
-128,2,1
-128,3,2
-128,4,3
-128,5,4
-128,6,5
-128,7,6
-128,8,7
-128,9,8
-128,10,9
-128,11,10
-128,12,11
-128,13,12
-128,14,13
-128,15,14
-128,16,15
-128,17,16
-128,18,17
-128,19,18
-128,20,19
-128,21,20
-128,22,21
-128,23,22
-128,24,23
-128,25,24
-128,26,25
-128,27,26
-128,28,27
-128,29,28
-128,30,29
-128,31,30
-128,32,31
-128,33,32
-128,34,33
-128,35,34
-128,36,35
-128,37,36
-128,38,37
-128,39,38
-128,40,39
-128,41,40
-128,42,41
-128,43,42
-128,44,43
-128,45,44
-128,46,45
-128,47,46
-128,48,47
-128,49,48
-128,50,49
-128,51,50
-128,52,51
-128,53,52
-128,54,53
-128,55,54
-128,56,55
-128,57,56
-128,58,57
-128,59,58
-128,60,59
-128,61,60
-128,62,61
-128,63,62
-128,64,63
-128,65,64
-128,66,65
-128,67,66
-128,68,67
-128,69,68
-128,70,69
-128,71,70
-128,72,71
-128,73,72
-128,74,73
-128,75,74
-128,76,75
-128,77,76
-128,78,77
-128,79,78
-128,80,79
-128,81,80
-128,82,81
-128,83,82
-128,84,83
-128,85,84
-128,86,85
-128,87,86
-128,88,87
-128,89,88
-128,90,89
-128,91,90
-128,92,91
-128,93,92
-128,94,93
-128,95,94
-128,96,95
-128,97,96
-128,98,97
-128,99,98
-128,100,99
-128,101,100
-128,102,101
-128,103,102
-128,104,103
-128,105,104
-128,106,105
-128,107,106
-128,108,107
-128,109,108
-128,110,109
-128,111,110
-128,112,111
-128,113,112
-128,114,113
-128,115,114
-128,116,115
-128,117,116
-128,118,117
-128,119,118
-128,120,119
-128,121,120
-128,122,121
-128,123,122
-128,124,123
-128,125,124
-128,126,125
-128,127,126
-128,128,127
-128,129,128
-128,130,129
-128,131,130
-128,132,131
-128,133,132
-128,134,133
-128,135,134
-128,136,135
-128,137,136
-128,138,137
-128,139,138
-128,140,139
-128,141,140
-128,142,141
-128,143,142
-128,144,143
-128,145,144
-128,146,145
-128,147,146
-128,148,147
-128,149,148
-128,150,149
-128,151,150
-128,152,151
-128,153,152
-128,154,153
-128,155,154
-128,156,155
-128,157,156
-128,158,157
-128,159,158
-128,160,159
-128,161,160
-128,162,161
-128,163,162
-128,164,163
-128,165,164
-128,166,165
-128,167,166
-128,168,167
-128,169,168
-128,170,169
-128,171,170
-128,172,171
-128,173,172
-128,174,173
-128,175,174
-128,176,175
-128,177,176
-128,178,177
-128,179,178
-128,180,179
-128,181,180
-128,182,181
-128,183,182
-128,184,183
-128,185,184
-128,186,185
-128,187,186
-128,188,187
-128,189,188
-128,190,189
-128,191,190
-128,192,191
-128,193,192
-128,194,193
-128,195,194
-128,196,195
-128,197,196
-128,198,197
-128,199,198
-128,200,199
-128,201,200
-128,202,201
-128,203,202
-128,204,203
-128,205,204
-128,206,205
-128,207,206
-128,208,207
-128,209,208
-128,210,209
-128,211,210
-128,212,211
-128,213,212
-128,214,213
-128,215,214
-128,216,215
-128,217,216
-128,218,217
-128,219,218
-128,220,219
-128,221,220
-128,222,221
-128,223,222
-128,224,223
-128,225,224
-128,226,225
-128,227,226
-128,228,227
-128,229,228
-128,230,229
-128,231,230
-128,232,231
-128,233,232
-128,234,233
-128,235,234
-128,236,235
-128,237,236
-128,238,237
-128,239,238
-128,240,239
-128,241,240
-128,242,241
-128,243,242
-128,244,243
-128,245,244
-128,246,245
-128,247,246
-128,248,247
-128,249,248
-128,250,249
-128,251,250
-128,252,251
-128,253,252
-128,254,253
-128,255,254
-127,0,0
-127,1,0
-127,2,1
-127,3,2
-127,4,3
-127,5,4
-127,6,5
-127,7,6
-127,8,7
-127,9,8
-127,10,9
-127,11,10
-127,12,11
-127,13,12
-127,14,13
-127,15,14
-127,16,15
-127,17,16
-127,18,17
-127,19,18
-127,20,19
-127,21,20
-127,22,21
-127,23,22
-127,24,23
-127,25,24
-127,26,25
-127,27,26
-127,28,27
-127,29,28
-127,30,29
-127,31,30
-127,32,31
-127,33,32
-127,34,33
-127,35,34
-127,36,35
-127,37,36
-127,38,37
-127,39,38
-127,40,39
-127,41,40
-127,42,41
-127,43,42
-127,44,43
-127,45,44
-127,46,45
-127,47,46
-127,48,47
-127,49,48
-127,50,49
-127,51,50
-127,52,51
-127,53,52
-127,54,53
-127,55,54
-127,56,55
-127,57,56
-127,58,57
-127,59,58
-127,60,59
-127,61,60
-127,62,61
-127,63,62
-127,64,63
-127,65,64
-127,66,65
-127,67,66
-127,68,67
-127,69,68
-127,70,69
-127,71,70
-127,72,71
-127,73,72
-127,74,73
-127,75,74
-127,76,75
-127,77,76
-127,78,77
-127,79,78
-127,80,79
-127,81,80
-127,82,81
-127,83,82
-127,84,83
-127,85,84
-127,86,85
-127,87,86
-127,88,87
-127,89,88
-127,90,89
-127,91,90
-127,92,91
-127,93,92
-127,94,93
-127,95,94
-127,96,95
-127,97,96
-127,98,97
-127,99,98
-127,100,99
-127,101,100
-127,102,101
-127,103,102
-127,104,103
-127,105,104
-127,106,105
-127,107,106
-127,108,107
-127,109,108
-127,110,109
-127,111,110
-127,112,111
-127,113,112
-127,114,113
-127,115,114
-127,116,115
-127,117,116
-127,118,117
-127,119,118
-127,120,119
-127,121,120
-127,122,121
-127,123,122
-127,124,123
-127,125,124
-127,126,125
-127,127,126
-127,128,127
-127,129,128
-127,130,129
-127,131,130
-127,132,131
-127,133,132
-127,134,133
-127,135,134
-127,136,135
-127,137,136
-127,138,137
-127,139,138
-127,140,139
-127,141,140
-127,142,141
-127,143,142
-127,144,143
-127,145,144
-127,146,145
-127,147,146
-127,148,147
-127,149,148
-127,150,149
-127,151,150
-127,152,151
-127,153,152
-127,154,153
-127,155,154
-127,156,155
-127,157,156
-127,158,157
-127,159,158
-127,160,159
-127,161,160
-127,162,161
-127,163,162
-127,164,163
-127,165,164
-127,166,165
-127,167,166
-127,168,167
-127,169,168
-127,170,169
-127,171,170
-127,172,171
-127,173,172
-127,174,173
-127,175,174
-127,176,175
-127,177,176
-127,178,177
-127,179,178
-127,180,179
-127,181,180
-127,182,181
-127,183,182
-127,184,183
-127,185,184
-127,186,185
-127,187,186
-127,188,187
-127,189,188
-127,190,189
-127,191,190
-127,192,191
-127,193,192
-127,194,193
-127,195,194
-127,196,195
-127,197,196
-127,198,197
-127,199,198
-127,200,199
-127,201,200
-127,202,201
-127,203,202
-127,204,203
-127,205,204
-127,206,205
-127,207,206
-127,208,207
-127,209,208
-127,210,209
-127,211,210
-127,212,211
-127,213,212
-127,214,213
-127,215,214
-127,216,215
-127,217,216
-127,218,217
-127,219,218
-127,220,219
-127,221,220
-127,222,221
-127,223,222
-127,224,223
-127,225,224
-127,226,225
-127,227,226
-127,228,227
-127,229,228
-127,230,229
-127,231,230
-127,232,231
-127,233,232
-127,234,233
-127,235,234
-127,236,235
-127,237,236
-127,238,237
-127,239,238
-127,240,239
-127,241,240
-127,242,241
-127,243,242
-127,244,243
-127,245,244
-127,246,245
-127,247,246
-127,248,247
-127,249,248
-127,250,249
-127,251,250
-127,252,251
-127,253,252
-127,254,253
-127,255,254
-126,0,0
-126,1,0
-126,2,1
-126,3,2
-126,4,3
-126,5,4
-126,6,5
-126,7,6
-126,8,7
-126,9,8
-126,10,9
-126,11,10
-126,12,11
-126,13,12
-126,14,13
-126,15,14
-126,16,15
-126,17,16
-126,18,17
-126,19,18
-126,20,19
-126,21,20
-126,22,21
-126,23,22
-126,24,23
-126,25,24
-126,26,25
-126,27,26
-126,28,27
-126,29,28
-126,30,29
-126,31,30
-126,32,31
-126,33,32
-126,34,33
-126,35,34
-126,36,35
-126,37,36
-126,38,37
-126,39,38
-126,40,39
-126,41,40
-126,42,41
-126,43,42
-126,44,43
-126,45,44
-126,46,45
-126,47,46
-126,48,47
-126,49,48
-126,50,49
-126,51,50
-126,52,51
-126,53,52
-126,54,53
-126,55,54
-126,56,55
-126,57,56
-126,58,57
-126,59,58
-126,60,59
-126,61,60
-126,62,61
-126,63,62
-126,64,63
-126,65,64
-126,66,65
-126,67,66
-126,68,67
-126,69,68
-126,70,69
-126,71,70
-126,72,71
-126,73,72
-126,74,73
-126,75,74
-126,76,75
-126,77,76
-126,78,77
-126,79,78
-126,80,79
-126,81,80
-126,82,81
-126,83,82
-126,84,83
-126,85,84
-126,86,85
-126,87,86
-126,88,87
-126,89,88
-126,90,89
-126,91,90
-126,92,91
-126,93,92
-126,94,93
-126,95,94
-126,96,95
-126,97,96
-126,98,97
-126,99,98
-126,100,99
-126,101,100
-126,102,101
-126,103,102
-126,104,103
-126,105,104
-126,106,105
-126,107,106
-126,108,107
-126,109,108
-126,110,109
-126,111,110
-126,112,111
-126,113,112
-126,114,113
-126,115,114
-126,116,115
-126,117,116
-126,118,117
-126,119,118
-126,120,119
-126,121,120
-126,122,121
-126,123,122
-126,124,123
-126,125,124
-126,126,125
-126,127,126
-126,128,127
-126,129,128
-126,130,129
-126,131,130
-126,132,131
-126,133,132
-126,134,133
-126,135,134
-126,136,135
-126,137,136
-126,138,137
-126,139,138
-126,140,139
-126,141,140
-126,142,141
-126,143,142
-126,144,143
-126,145,144
-126,146,145
-126,147,146
-126,148,147
-126,149,148
-126,150,149
-126,151,150
-126,152,151
-126,153,152
-126,154,153
-126,155,154
-126,156,155
-126,157,156
-126,158,157
-126,159,158
-126,160,159
-126,161,160
-126,162,161
-126,163,162
-126,164,163
-126,165,164
-126,166,165
-126,167,166
-126,168,167
-126,169,168
-126,170,169
-126,171,170
-126,172,171
-126,173,172
-126,174,173
-126,175,174
-126,176,175
-126,177,176
-126,178,177
-126,179,178
-126,180,179
-126,181,180
-126,182,181
-126,183,182
-126,184,183
-126,185,184
-126,186,185
-126,187,186
-126,188,187
-126,189,188
-126,190,189
-126,191,190
-126,192,191
-126,193,192
-126,194,193
-126,195,194
-126,196,195
-126,197,196
-126,198,197
-126,199,198
-126,200,199
-126,201,200
-126,202,201
-126,203,202
-126,204,203
-126,205,204
-126,206,205
-126,207,206
-126,208,207
-126,209,208
-126,210,209
-126,211,210
-126,212,211
-126,213,212
-126,214,213
-126,215,214
-126,216,215
-126,217,216
-126,218,217
-126,219,218
-126,220,219
-126,221,220
-126,222,221
-126,223,222
-126,224,223
-126,225,224
-126,226,225
-126,227,226
-126,228,227
-126,229,228
-126,230,229
-126,231,230
-126,232,231
-126,233,232
-126,234,233
-126,235,234
-126,236,235
-126,237,236
-126,238,237
-126,239,238
-126,240,239
-126,241,240
-126,242,241
-126,243,242
-126,244,243
-126,245,244
-126,246,245
-126,247,246
-126,248,247
-126,249,248
-126,250,249
-126,251,250
-126,252,251
-126,253,252
-126,254,253
-126,255,254
-125,0,0
-125,1,0
-125,2,1
-125,3,2
-125,4,3
-125,5,4
-125,6,5
-125,7,6
-125,8,7
-125,9,8
-125,10,9
-125,11,10
-125,12,11
-125,13,12
-125,14,13
-125,15,14
-125,16,15
-125,17,16
-125,18,17
-125,19,18
-125,20,19
-125,21,20
-125,22,21
-125,23,22
-125,24,23
-125,25,24
-125,26,25
-125,27,26
-125,28,27
-125,29,28
-125,30,29
-125,31,30
-125,32,31
-125,33,32
-125,34,33
-125,35,34
-125,36,35
-125,37,36
-125,38,37
-125,39,38
-125,40,39
-125,41,40
-125,42,41
-125,43,42
-125,44,43
-125,45,44
-125,46,45
-125,47,46
-125,48,47
-125,49,48
-125,50,49
-125,51,50
-125,52,51
-125,53,52
-125,54,53
-125,55,54
-125,56,55
-125,57,56
-125,58,57
-125,59,58
-125,60,59
-125,61,60
-125,62,61
-125,63,62
-125,64,63
-125,65,64
-125,66,65
-125,67,66
-125,68,67
-125,69,68
-125,70,69
-125,71,70
-125,72,71
-125,73,72
-125,74,73
-125,75,74
-125,76,75
-125,77,76
-125,78,77
-125,79,78
-125,80,79
-125,81,80
-125,82,81
-125,83,82
-125,84,83
-125,85,84
-125,86,85
-125,87,86
-125,88,87
-125,89,88
-125,90,89
-125,91,90
-125,92,91
-125,93,92
-125,94,93
-125,95,94
-125,96,95
-125,97,96
-125,98,97
-125,99,98
-125,100,99
-125,101,100
-125,102,101
-125,103,102
-125,104,103
-125,105,104
-125,106,105
-125,107,106
-125,108,107
-125,109,108
-125,110,109
-125,111,110
-125,112,111
-125,113,112
-125,114,113
-125,115,114
-125,116,115
-125,117,116
-125,118,117
-125,119,118
-125,120,119
-125,121,120
-125,122,121
-125,123,122
-125,124,123
-125,125,124
-125,126,125
-125,127,126
-125,128,127
-125,129,128
-125,130,129
-125,131,130
-125,132,131
-125,133,132
-125,134,133
-125,135,134
-125,136,135
-125,137,136
-125,138,137
-125,139,138
-125,140,139
-125,141,140
-125,142,141
-125,143,142
-125,144,143
-125,145,144
-125,146,145
-125,147,146
-125,148,147
-125,149,148
-125,150,149
-125,151,150
-125,152,151
-125,153,152
-125,154,153
-125,155,154
-125,156,155
-125,157,156
-125,158,157
-125,159,158
-125,160,159
-125,161,160
-125,162,161
-125,163,162
-125,164,163
-125,165,164
-125,166,165
-125,167,166
-125,168,167
-125,169,168
-125,170,169
-125,171,170
-125,172,171
-125,173,172
-125,174,173
-125,175,174
-125,176,175
-125,177,176
-125,178,177
-125,179,178
-125,180,179
-125,181,180
-125,182,181
-125,183,182
-125,184,183
-125,185,184
-125,186,185
-125,187,186
-125,188,187
-125,189,188
-125,190,189
-125,191,190
-125,192,191
-125,193,192
-125,194,193
-125,195,194
-125,196,195
-125,197,196
-125,198,197
-125,199,198
-125,200,199
-125,201,200
-125,202,201
-125,203,202
-125,204,203
-125,205,204
-125,206,205
-125,207,206
-125,208,207
-125,209,208
-125,210,209
-125,211,210
-125,212,211
-125,213,212
-125,214,213
-125,215,214
-125,216,215
-125,217,216
-125,218,217
-125,219,218
-125,220,219
-125,221,220
-125,222,221
-125,223,222
-125,224,223
-125,225,224
-125,226,225
-125,227,226
-125,228,227
-125,229,228
-125,230,229
-125,231,230
-125,232,231
-125,233,232
-125,234,233
-125,235,234
-125,236,235
-125,237,236
-125,238,237
-125,239,238
-125,240,239
-125,241,240
-125,242,241
-125,243,242
-125,244,243
-125,245,244
-125,246,245
-125,247,246
-125,248,247
-125,249,248
-125,250,249
-125,251,250
-125,252,251
-125,253,252
-125,254,253
-125,255,254
-124,0,0
-124,1,0
-124,2,1
-124,3,2
-124,4,3
-124,5,4
-124,6,5
-124,7,6
-124,8,7
-124,9,8
-124,10,9
-124,11,10
-124,12,11
-124,13,12
-124,14,13
-124,15,14
-124,16,15
-124,17,16
-124,18,17
-124,19,18
-124,20,19
-124,21,20
-124,22,21
-124,23,22
-124,24,23
-124,25,24
-124,26,25
-124,27,26
-124,28,27
-124,29,28
-124,30,29
-124,31,30
-124,32,31
-124,33,32
-124,34,33
-124,35,34
-124,36,35
-124,37,36
-124,38,37
-124,39,38
-124,40,39
-124,41,40
-124,42,41
-124,43,42
-124,44,43
-124,45,44
-124,46,45
-124,47,46
-124,48,47
-124,49,48
-124,50,49
-124,51,50
-124,52,51
-124,53,52
-124,54,53
-124,55,54
-124,56,55
-124,57,56
-124,58,57
-124,59,58
-124,60,59
-124,61,60
-124,62,61
-124,63,62
-124,64,63
-124,65,64
-124,66,65
-124,67,66
-124,68,67
-124,69,68
-124,70,69
-124,71,70
-124,72,71
-124,73,72
-124,74,73
-124,75,74
-124,76,75
-124,77,76
-124,78,77
-124,79,78
-124,80,79
-124,81,80
-124,82,81
-124,83,82
-124,84,83
-124,85,84
-124,86,85
-124,87,86
-124,88,87
-124,89,88
-124,90,89
-124,91,90
-124,92,91
-124,93,92
-124,94,93
-124,95,94
-124,96,95
-124,97,96
-124,98,97
-124,99,98
-124,100,99
-124,101,100
-124,102,101
-124,103,102
-124,104,103
-124,105,104
-124,106,105
-124,107,106
-124,108,107
-124,109,108
-124,110,109
-124,111,110
-124,112,111
-124,113,112
-124,114,113
-124,115,114
-124,116,115
-124,117,116
-124,118,117
-124,119,118
-124,120,119
-124,121,120
-124,122,121
-124,123,122
-124,124,123
-124,125,124
-124,126,125
-124,127,126
-124,128,127
-124,129,128
-124,130,129
-124,131,130
-124,132,131
-124,133,132
-124,134,133
-124,135,134
-124,136,135
-124,137,136
-124,138,137
-124,139,138
-124,140,139
-124,141,140
-124,142,141
-124,143,142
-124,144,143
-124,145,144
-124,146,145
-124,147,146
-124,148,147
-124,149,148
-124,150,149
-124,151,150
-124,152,151
-124,153,152
-124,154,153
-124,155,154
-124,156,155
-124,157,156
-124,158,157
-124,159,158
-124,160,159
-124,161,160
-124,162,161
-124,163,162
-124,164,163
-124,165,164
-124,166,165
-124,167,166
-124,168,167
-124,169,168
-124,170,169
-124,171,170
-124,172,171
-124,173,172
-124,174,173
-124,175,174
-124,176,175
-124,177,176
-124,178,177
-124,179,178
-124,180,179
-124,181,180
-124,182,181
-124,183,182
-124,184,183
-124,185,184
-124,186,185
-124,187,186
-124,188,187
-124,189,188
-124,190,189
-124,191,190
-124,192,191
-124,193,192
-124,194,193
-124,195,194
-124,196,195
-124,197,196
-124,198,197
-124,199,198
-124,200,199
-124,201,200
-124,202,201
-124,203,202
-124,204,203
-124,205,204
-124,206,205
-124,207,206
-124,208,207
-124,209,208
-124,210,209
-124,211,210
-124,212,211
-124,213,212
-124,214,213
-124,215,214
-124,216,215
-124,217,216
-124,218,217
-124,219,218
-124,220,219
-124,221,220
-124,222,221
-124,223,222
-124,224,223
-124,225,224
-124,226,225
-124,227,226
-124,228,227
-124,229,228
-124,230,229
-124,231,230
-124,232,231
-124,233,232
-124,234,233
-124,235,234
-124,236,235
-124,237,236
-124,238,237
-124,239,238
-124,240,239
-124,241,240
-124,242,241
-124,243,242
-124,244,243
-124,245,244
-124,246,245
-124,247,246
-124,248,247
-124,249,248
-124,250,249
-124,251,250
-124,252,251
-124,253,252
-124,254,253
-124,255,254
-123,0,0
-123,1,0
-123,2,1
-123,3,2
-123,4,3
-123,5,4
-123,6,5
-123,7,6
-123,8,7
-123,9,8
-123,10,9
-123,11,10
-123,12,11
-123,13,12
-123,14,13
-123,15,14
-123,16,15
-123,17,16
-123,18,17
-123,19,18
-123,20,19
-123,21,20
-123,22,21
-123,23,22
-123,24,23
-123,25,24
-123,26,25
-123,27,26
-123,28,27
-123,29,28
-123,30,29
-123,31,30
-123,32,31
-123,33,32
-123,34,33
-123,35,34
-123,36,35
-123,37,36
-123,38,37
-123,39,38
-123,40,39
-123,41,40
-123,42,41
-123,43,42
-123,44,43
-123,45,44
-123,46,45
-123,47,46
-123,48,47
-123,49,48
-123,50,49
-123,51,50
-123,52,51
-123,53,52
-123,54,53
-123,55,54
-123,56,55
-123,57,56
-123,58,57
-123,59,58
-123,60,59
-123,61,60
-123,62,61
-123,63,62
-123,64,63
-123,65,64
-123,66,65
-123,67,66
-123,68,67
-123,69,68
-123,70,69
-123,71,70
-123,72,71
-123,73,72
-123,74,73
-123,75,74
-123,76,75
-123,77,76
-123,78,77
-123,79,78
-123,80,79
-123,81,80
-123,82,81
-123,83,82
-123,84,83
-123,85,84
-123,86,85
-123,87,86
-123,88,87
-123,89,88
-123,90,89
-123,91,90
-123,92,91
-123,93,92
-123,94,93
-123,95,94
-123,96,95
-123,97,96
-123,98,97
-123,99,98
-123,100,99
-123,101,100
-123,102,101
-123,103,102
-123,104,103
-123,105,104
-123,106,105
-123,107,106
-123,108,107
-123,109,108
-123,110,109
-123,111,110
-123,112,111
-123,113,112
-123,114,113
-123,115,114
-123,116,115
-123,117,116
-123,118,117
-123,119,118
-123,120,119
-123,121,120
-123,122,121
-123,123,122
-123,124,123
-123,125,124
-123,126,125
-123,127,126
-123,128,127
-123,129,128
-123,130,129
-123,131,130
-123,132,131
-123,133,132
-123,134,133
-123,135,134
-123,136,135
-123,137,136
-123,138,137
-123,139,138
-123,140,139
-123,141,140
-123,142,141
-123,143,142
-123,144,143
-123,145,144
-123,146,145
-123,147,146
-123,148,147
-123,149,148
-123,150,149
-123,151,150
-123,152,151
-123,153,152
-123,154,153
-123,155,154
-123,156,155
-123,157,156
-123,158,157
-123,159,158
-123,160,159
-123,161,160
-123,162,161
-123,163,162
-123,164,163
-123,165,164
-123,166,165
-123,167,166
-123,168,167
-123,169,168
-123,170,169
-123,171,170
-123,172,171
-123,173,172
-123,174,173
-123,175,174
-123,176,175
-123,177,176
-123,178,177
-123,179,178
-123,180,179
-123,181,180
-123,182,181
-123,183,182
-123,184,183
-123,185,184
-123,186,185
-123,187,186
-123,188,187
-123,189,188
-123,190,189
-123,191,190
-123,192,191
-123,193,192
-123,194,193
-123,195,194
-123,196,195
-123,197,196
-123,198,197
-123,199,198
-123,200,199
-123,201,200
-123,202,201
-123,203,202
-123,204,203
-123,205,204
-123,206,205
-123,207,206
-123,208,207
-123,209,208
-123,210,209
-123,211,210
-123,212,211
-123,213,212
-123,214,213
-123,215,214
-123,216,215
-123,217,216
-123,218,217
-123,219,218
-123,220,219
-123,221,220
-123,222,221
-123,223,222
-123,224,223
-123,225,224
-123,226,225
-123,227,226
-123,228,227
-123,229,228
-123,230,229
-123,231,230
-123,232,231
-123,233,232
-123,234,233
-123,235,234
-123,236,235
-123,237,236
-123,238,237
-123,239,238
-123,240,239
-123,241,240
-123,242,241
-123,243,242
-123,244,243
-123,245,244
-123,246,245
-123,247,246
-123,248,247
-123,249,248
-123,250,249
-123,251,250
-123,252,251
-123,253,252
-123,254,253
-123,255,254
-122,0,0
-122,1,0
-122,2,1
-122,3,2
-122,4,3
-122,5,4
-122,6,5
-122,7,6
-122,8,7
-122,9,8
-122,10,9
-122,11,10
-122,12,11
-122,13,12
-122,14,13
-122,15,14
-122,16,15
-122,17,16
-122,18,17
-122,19,18
-122,20,19
-122,21,20
-122,22,21
-122,23,22
-122,24,23
-122,25,24
-122,26,25
-122,27,26
-122,28,27
-122,29,28
-122,30,29
-122,31,30
-122,32,31
-122,33,32
-122,34,33
-122,35,34
-122,36,35
-122,37,36
-122,38,37
-122,39,38
-122,40,39
-122,41,40
-122,42,41
-122,43,42
-122,44,43
-122,45,44
-122,46,45
-122,47,46
-122,48,47
-122,49,48
-122,50,49
-122,51,50
-122,52,51
-122,53,52
-122,54,53
-122,55,54
-122,56,55
-122,57,56
-122,58,57
-122,59,58
-122,60,59
-122,61,60
-122,62,61
-122,63,62
-122,64,63
-122,65,64
-122,66,65
-122,67,66
-122,68,67
-122,69,68
-122,70,69
-122,71,70
-122,72,71
-122,73,72
-122,74,73
-122,75,74
-122,76,75
-122,77,76
-122,78,77
-122,79,78
-122,80,79
-122,81,80
-122,82,81
-122,83,82
-122,84,83
-122,85,84
-122,86,85
-122,87,86
-122,88,87
-122,89,88
-122,90,89
-122,91,90
-122,92,91
-122,93,92
-122,94,93
-122,95,94
-122,96,95
-122,97,96
-122,98,97
-122,99,98
-122,100,99
-122,101,100
-122,102,101
-122,103,102
-122,104,103
-122,105,104
-122,106,105
-122,107,106
-122,108,107
-122,109,108
-122,110,109
-122,111,110
-122,112,111
-122,113,112
-122,114,113
-122,115,114
-122,116,115
-122,117,116
-122,118,117
-122,119,118
-122,120,119
-122,121,120
-122,122,121
-122,123,122
-122,124,123
-122,125,124
-122,126,125
-122,127,126
-122,128,127
-122,129,128
-122,130,129
-122,131,130
-122,132,131
-122,133,132
-122,134,133
-122,135,134
-122,136,135
-122,137,136
-122,138,137
-122,139,138
-122,140,139
-122,141,140
-122,142,141
-122,143,142
-122,144,143
-122,145,144
-122,146,145
-122,147,146
-122,148,147
-122,149,148
-122,150,149
-122,151,150
-122,152,151
-122,153,152
-122,154,153
-122,155,154
-122,156,155
-122,157,156
-122,158,157
-122,159,158
-122,160,159
-122,161,160
-122,162,161
-122,163,162
-122,164,163
-122,165,164
-122,166,165
-122,167,166
-122,168,167
-122,169,168
-122,170,169
-122,171,170
-122,172,171
-122,173,172
-122,174,173
-122,175,174
-122,176,175
-122,177,176
-122,178,177
-122,179,178
-122,180,179
-122,181,180
-122,182,181
-122,183,182
-122,184,183
-122,185,184
-122,186,185
-122,187,186
-122,188,187
-122,189,188
-122,190,189
-122,191,190
-122,192,191
-122,193,192
-122,194,193
-122,195,194
-122,196,195
-122,197,196
-122,198,197
-122,199,198
-122,200,199
-122,201,200
-122,202,201
-122,203,202
-122,204,203
-122,205,204
-122,206,205
-122,207,206
-122,208,207
-122,209,208
-122,210,209
-122,211,210
-122,212,211
-122,213,212
-122,214,213
-122,215,214
-122,216,215
-122,217,216
-122,218,217
-122,219,218
-122,220,219
-122,221,220
-122,222,221
-122,223,222
-122,224,223
-122,225,224
-122,226,225
-122,227,226
-122,228,227
-122,229,228
-122,230,229
-122,231,230
-122,232,231
-122,233,232
-122,234,233
-122,235,234
-122,236,235
-122,237,236
-122,238,237
-122,239,238
-122,240,239
-122,241,240
-122,242,241
-122,243,242
-122,244,243
-122,245,244
-122,246,245
-122,247,246
-122,248,247
-122,249,248
-122,250,249
-122,251,250
-122,252,251
-122,253,252
-122,254,253
-122,255,254
-121,0,0
-121,1,0
-121,2,1
-121,3,2
-121,4,3
-121,5,4
-121,6,5
-121,7,6
-121,8,7
-121,9,8
-121,10,9
-121,11,10
-121,12,11
-121,13,12
-121,14,13
-121,15,14
-121,16,15
-121,17,16
-121,18,17
-121,19,18
-121,20,19
-121,21,20
-121,22,21
-121,23,22
-121,24,23
-121,25,24
-121,26,25
-121,27,26
-121,28,27
-121,29,28
-121,30,29
-121,31,30
-121,32,31
-121,33,32
-121,34,33
-121,35,34
-121,36,35
-121,37,36
-121,38,37
-121,39,38
-121,40,39
-121,41,40
-121,42,41
-121,43,42
-121,44,43
-121,45,44
-121,46,45
-121,47,46
-121,48,47
-121,49,48
-121,50,49
-121,51,50
-121,52,51
-121,53,52
-121,54,53
-121,55,54
-121,56,55
-121,57,56
-121,58,57
-121,59,58
-121,60,59
-121,61,60
-121,62,61
-121,63,62
-121,64,63
-121,65,64
-121,66,65
-121,67,66
-121,68,67
-121,69,68
-121,70,69
-121,71,70
-121,72,71
-121,73,72
-121,74,73
-121,75,74
-121,76,75
-121,77,76
-121,78,77
-121,79,78
-121,80,79
-121,81,80
-121,82,81
-121,83,82
-121,84,83
-121,85,84
-121,86,85
-121,87,86
-121,88,87
-121,89,88
-121,90,89
-121,91,90
-121,92,91
-121,93,92
-121,94,93
-121,95,94
-121,96,95
-121,97,96
-121,98,97
-121,99,98
-121,100,99
-121,101,100
-121,102,101
-121,103,102
-121,104,103
-121,105,104
-121,106,105
-121,107,106
-121,108,107
-121,109,108
-121,110,109
-121,111,110
-121,112,111
-121,113,112
-121,114,113
-121,115,114
-121,116,115
-121,117,116
-121,118,117
-121,119,118
-121,120,119
-121,121,120
-121,122,121
-121,123,122
-121,124,123
-121,125,124
-121,126,125
-121,127,126
-121,128,127
-121,129,128
-121,130,129
-121,131,130
-121,132,131
-121,133,132
-121,134,133
-121,135,134
-121,136,135
-121,137,136
-121,138,137
-121,139,138
-121,140,139
-121,141,140
-121,142,141
-121,143,142
-121,144,143
-121,145,144
-121,146,145
-121,147,146
-121,148,147
-121,149,148
-121,150,149
-121,151,150
-121,152,151
-121,153,152
-121,154,153
-121,155,154
-121,156,155
-121,157,156
-121,158,157
-121,159,158
-121,160,159
-121,161,160
-121,162,161
-121,163,162
-121,164,163
-121,165,164
-121,166,165
-121,167,166
-121,168,167
-121,169,168
-121,170,169
-121,171,170
-121,172,171
-121,173,172
-121,174,173
-121,175,174
-121,176,175
-121,177,176
-121,178,177
-121,179,178
-121,180,179
-121,181,180
-121,182,181
-121,183,182
-121,184,183
-121,185,184
-121,186,185
-121,187,186
-121,188,187
-121,189,188
-121,190,189
-121,191,190
-121,192,191
-121,193,192
-121,194,193
-121,195,194
-121,196,195
-121,197,196
-121,198,197
-121,199,198
-121,200,199
-121,201,200
-121,202,201
-121,203,202
-121,204,203
-121,205,204
-121,206,205
-121,207,206
-121,208,207
-121,209,208
-121,210,209
-121,211,210
-121,212,211
-121,213,212
-121,214,213
-121,215,214
-121,216,215
-121,217,216
-121,218,217
-121,219,218
-121,220,219
-121,221,220
-121,222,221
-121,223,222
-121,224,223
-121,225,224
-121,226,225
-121,227,226
-121,228,227
-121,229,228
-121,230,229
-121,231,230
-121,232,231
-121,233,232
-121,234,233
-121,235,234
-121,236,235
-121,237,236
-121,238,237
-121,239,238
-121,240,239
-121,241,240
-121,242,241
-121,243,242
-121,244,243
-121,245,244
-121,246,245
-121,247,246
-121,248,247
-121,249,248
-121,250,249
-121,251,250
-121,252,251
-121,253,252
-121,254,253
-121,255,254
-120,0,0
-120,1,0
-120,2,1
-120,3,2
-120,4,3
-120,5,4
-120,6,5
-120,7,6
-120,8,7
-120,9,8
-120,10,9
-120,11,10
-120,12,11
-120,13,12
-120,14,13
-120,15,14
-120,16,15
-120,17,16
-120,18,17
-120,19,18
-120,20,19
-120,21,20
-120,22,21
-120,23,22
-120,24,23
-120,25,24
-120,26,25
-120,27,26
-120,28,27
-120,29,28
-120,30,29
-120,31,30
-120,32,31
-120,33,32
-120,34,33
-120,35,34
-120,36,35
-120,37,36
-120,38,37
-120,39,38
-120,40,39
-120,41,40
-120,42,41
-120,43,42
-120,44,43
-120,45,44
-120,46,45
-120,47,46
-120,48,47
-120,49,48
-120,50,49
-120,51,50
-120,52,51
-120,53,52
-120,54,53
-120,55,54
-120,56,55
-120,57,56
-120,58,57
-120,59,58
-120,60,59
-120,61,60
-120,62,61
-120,63,62
-120,64,63
-120,65,64
-120,66,65
-120,67,66
-120,68,67
-120,69,68
-120,70,69
-120,71,70
-120,72,71
-120,73,72
-120,74,73
-120,75,74
-120,76,75
-120,77,76
-120,78,77
-120,79,78
-120,80,79
-120,81,80
-120,82,81
-120,83,82
-120,84,83
-120,85,84
-120,86,85
-120,87,86
-120,88,87
-120,89,88
-120,90,89
-120,91,90
-120,92,91
-120,93,92
-120,94,93
-120,95,94
-120,96,95
-120,97,96
-120,98,97
-120,99,98
-120,100,99
-120,101,100
-120,102,101
-120,103,102
-120,104,103
-120,105,104
-120,106,105
-120,107,106
-120,108,107
-120,109,108
-120,110,109
-120,111,110
-120,112,111
-120,113,112
-120,114,113
-120,115,114
-120,116,115
-120,117,116
-120,118,117
-120,119,118
-120,120,119
-120,121,120
-120,122,121
-120,123,122
-120,124,123
-120,125,124
-120,126,125
-120,127,126
-120,128,127
-120,129,128
-120,130,129
-120,131,130
-120,132,131
-120,133,132
-120,134,133
-120,135,134
-120,136,135
-120,137,136
-120,138,137
-120,139,138
-120,140,139
-120,141,140
-120,142,141
-120,143,142
-120,144,143
-120,145,144
-120,146,145
-120,147,146
-120,148,147
-120,149,148
-120,150,149
-120,151,150
-120,152,151
-120,153,152
-120,154,153
-120,155,154
-120,156,155
-120,157,156
-120,158,157
-120,159,158
-120,160,159
-120,161,160
-120,162,161
-120,163,162
-120,164,163
-120,165,164
-120,166,165
-120,167,166
-120,168,167
-120,169,168
-120,170,169
-120,171,170
-120,172,171
-120,173,172
-120,174,173
-120,175,174
-120,176,175
-120,177,176
-120,178,177
-120,179,178
-120,180,179
-120,181,180
-120,182,181
-120,183,182
-120,184,183
-120,185,184
-120,186,185
-120,187,186
-120,188,187
-120,189,188
-120,190,189
-120,191,190
-120,192,191
-120,193,192
-120,194,193
-120,195,194
-120,196,195
-120,197,196
-120,198,197
-120,199,198
-120,200,199
-120,201,200
-120,202,201
-120,203,202
-120,204,203
-120,205,204
-120,206,205
-120,207,206
-120,208,207
-120,209,208
-120,210,209
-120,211,210
-120,212,211
-120,213,212
-120,214,213
-120,215,214
-120,216,215
-120,217,216
-120,218,217
-120,219,218
-120,220,219
-120,221,220
-120,222,221
-120,223,222
-120,224,223
-120,225,224
-120,226,225
-120,227,226
-120,228,227
-120,229,228
-120,230,229
-120,231,230
-120,232,231
-120,233,232
-120,234,233
-120,235,234
-120,236,235
-120,237,236
-120,238,237
-120,239,238
-120,240,239
-120,241,240
-120,242,241
-120,243,242
-120,244,243
-120,245,244
-120,246,245
-120,247,246
-120,248,247
-120,249,248
-120,250,249
-120,251,250
-120,252,251
-120,253,252
-120,254,253
-120,255,254
-119,0,0
-119,1,0
-119,2,1
-119,3,2
-119,4,3
-119,5,4
-119,6,5
-119,7,6
-119,8,7
-119,9,8
-119,10,9
-119,11,10
-119,12,11
-119,13,12
-119,14,13
-119,15,14
-119,16,15
-119,17,16
-119,18,17
-119,19,18
-119,20,19
-119,21,20
-119,22,21
-119,23,22
-119,24,23
-119,25,24
-119,26,25
-119,27,26
-119,28,27
-119,29,28
-119,30,29
-119,31,30
-119,32,31
-119,33,32
-119,34,33
-119,35,34
-119,36,35
-119,37,36
-119,38,37
-119,39,38
-119,40,39
-119,41,40
-119,42,41
-119,43,42
-119,44,43
-119,45,44
-119,46,45
-119,47,46
-119,48,47
-119,49,48
-119,50,49
-119,51,50
-119,52,51
-119,53,52
-119,54,53
-119,55,54
-119,56,55
-119,57,56
-119,58,57
-119,59,58
-119,60,59
-119,61,60
-119,62,61
-119,63,62
-119,64,63
-119,65,64
-119,66,65
-119,67,66
-119,68,67
-119,69,68
-119,70,69
-119,71,70
-119,72,71
-119,73,72
-119,74,73
-119,75,74
-119,76,75
-119,77,76
-119,78,77
-119,79,78
-119,80,79
-119,81,80
-119,82,81
-119,83,82
-119,84,83
-119,85,84
-119,86,85
-119,87,86
-119,88,87
-119,89,88
-119,90,89
-119,91,90
-119,92,91
-119,93,92
-119,94,93
-119,95,94
-119,96,95
-119,97,96
-119,98,97
-119,99,98
-119,100,99
-119,101,100
-119,102,101
-119,103,102
-119,104,103
-119,105,104
-119,106,105
-119,107,106
-119,108,107
-119,109,108
-119,110,109
-119,111,110
-119,112,111
-119,113,112
-119,114,113
-119,115,114
-119,116,115
-119,117,116
-119,118,117
-119,119,118
-119,120,119
-119,121,120
-119,122,121
-119,123,122
-119,124,123
-119,125,124
-119,126,125
-119,127,126
-119,128,127
-119,129,128
-119,130,129
-119,131,130
-119,132,131
-119,133,132
-119,134,133
-119,135,134
-119,136,135
-119,137,136
-119,138,137
-119,139,138
-119,140,139
-119,141,140
-119,142,141
-119,143,142
-119,144,143
-119,145,144
-119,146,145
-119,147,146
-119,148,147
-119,149,148
-119,150,149
-119,151,150
-119,152,151
-119,153,152
-119,154,153
-119,155,154
-119,156,155
-119,157,156
-119,158,157
-119,159,158
-119,160,159
-119,161,160
-119,162,161
-119,163,162
-119,164,163
-119,165,164
-119,166,165
-119,167,166
-119,168,167
-119,169,168
-119,170,169
-119,171,170
-119,172,171
-119,173,172
-119,174,173
-119,175,174
-119,176,175
-119,177,176
-119,178,177
-119,179,178
-119,180,179
-119,181,180
-119,182,181
-119,183,182
-119,184,183
-119,185,184
-119,186,185
-119,187,186
-119,188,187
-119,189,188
-119,190,189
-119,191,190
-119,192,191
-119,193,192
-119,194,193
-119,195,194
-119,196,195
-119,197,196
-119,198,197
-119,199,198
-119,200,199
-119,201,200
-119,202,201
-119,203,202
-119,204,203
-119,205,204
-119,206,205
-119,207,206
-119,208,207
-119,209,208
-119,210,209
-119,211,210
-119,212,211
-119,213,212
-119,214,213
-119,215,214
-119,216,215
-119,217,216
-119,218,217
-119,219,218
-119,220,219
-119,221,220
-119,222,221
-119,223,222
-119,224,223
-119,225,224
-119,226,225
-119,227,226
-119,228,227
-119,229,228
-119,230,229
-119,231,230
-119,232,231
-119,233,232
-119,234,233
-119,235,234
-119,236,235
-119,237,236
-119,238,237
-119,239,238
-119,240,239
-119,241,240
-119,242,241
-119,243,242
-119,244,243
-119,245,244
-119,246,245
-119,247,246
-119,248,247
-119,249,248
-119,250,249
-119,251,250
-119,252,251
-119,253,252
-119,254,253
-119,255,254
-118,0,0
-118,1,0
-118,2,1
-118,3,2
-118,4,3
-118,5,4
-118,6,5
-118,7,6
-118,8,7
-118,9,8
-118,10,9
-118,11,10
-118,12,11
-118,13,12
-118,14,13
-118,15,14
-118,16,15
-118,17,16
-118,18,17
-118,19,18
-118,20,19
-118,21,20
-118,22,21
-118,23,22
-118,24,23
-118,25,24
-118,26,25
-118,27,26
-118,28,27
-118,29,28
-118,30,29
-118,31,30
-118,32,31
-118,33,32
-118,34,33
-118,35,34
-118,36,35
-118,37,36
-118,38,37
-118,39,38
-118,40,39
-118,41,40
-118,42,41
-118,43,42
-118,44,43
-118,45,44
-118,46,45
-118,47,46
-118,48,47
-118,49,48
-118,50,49
-118,51,50
-118,52,51
-118,53,52
-118,54,53
-118,55,54
-118,56,55
-118,57,56
-118,58,57
-118,59,58
-118,60,59
-118,61,60
-118,62,61
-118,63,62
-118,64,63
-118,65,64
-118,66,65
-118,67,66
-118,68,67
-118,69,68
-118,70,69
-118,71,70
-118,72,71
-118,73,72
-118,74,73
-118,75,74
-118,76,75
-118,77,76
-118,78,77
-118,79,78
-118,80,79
-118,81,80
-118,82,81
-118,83,82
-118,84,83
-118,85,84
-118,86,85
-118,87,86
-118,88,87
-118,89,88
-118,90,89
-118,91,90
-118,92,91
-118,93,92
-118,94,93
-118,95,94
-118,96,95
-118,97,96
-118,98,97
-118,99,98
-118,100,99
-118,101,100
-118,102,101
-118,103,102
-118,104,103
-118,105,104
-118,106,105
-118,107,106
-118,108,107
-118,109,108
-118,110,109
-118,111,110
-118,112,111
-118,113,112
-118,114,113
-118,115,114
-118,116,115
-118,117,116
-118,118,117
-118,119,118
-118,120,119
-118,121,120
-118,122,121
-118,123,122
-118,124,123
-118,125,124
-118,126,125
-118,127,126
-118,128,127
-118,129,128
-118,130,129
-118,131,130
-118,132,131
-118,133,132
-118,134,133
-118,135,134
-118,136,135
-118,137,136
-118,138,137
-118,139,138
-118,140,139
-118,141,140
-118,142,141
-118,143,142
-118,144,143
-118,145,144
-118,146,145
-118,147,146
-118,148,147
-118,149,148
-118,150,149
-118,151,150
-118,152,151
-118,153,152
-118,154,153
-118,155,154
-118,156,155
-118,157,156
-118,158,157
-118,159,158
-118,160,159
-118,161,160
-118,162,161
-118,163,162
-118,164,163
-118,165,164
-118,166,165
-118,167,166
-118,168,167
-118,169,168
-118,170,169
-118,171,170
-118,172,171
-118,173,172
-118,174,173
-118,175,174
-118,176,175
-118,177,176
-118,178,177
-118,179,178
-118,180,179
-118,181,180
-118,182,181
-118,183,182
-118,184,183
-118,185,184
-118,186,185
-118,187,186
-118,188,187
-118,189,188
-118,190,189
-118,191,190
-118,192,191
-118,193,192
-118,194,193
-118,195,194
-118,196,195
-118,197,196
-118,198,197
-118,199,198
-118,200,199
-118,201,200
-118,202,201
-118,203,202
-118,204,203
-118,205,204
-118,206,205
-118,207,206
-118,208,207
-118,209,208
-118,210,209
-118,211,210
-118,212,211
-118,213,212
-118,214,213
-118,215,214
-118,216,215
-118,217,216
-118,218,217
-118,219,218
-118,220,219
-118,221,220
-118,222,221
-118,223,222
-118,224,223
-118,225,224
-118,226,225
-118,227,226
-118,228,227
-118,229,228
-118,230,229
-118,231,230
-118,232,231
-118,233,232
-118,234,233
-118,235,234
-118,236,235
-118,237,236
-118,238,237
-118,239,238
-118,240,239
-118,241,240
-118,242,241
-118,243,242
-118,244,243
-118,245,244
-118,246,245
-118,247,246
-118,248,247
-118,249,248
-118,250,249
-118,251,250
-118,252,251
-118,253,252
-118,254,253
-118,255,254
-117,0,0
-117,1,0
-117,2,1
-117,3,2
-117,4,3
-117,5,4
-117,6,5
-117,7,6
-117,8,7
-117,9,8
-117,10,9
-117,11,10
-117,12,11
-117,13,12
-117,14,13
-117,15,14
-117,16,15
-117,17,16
-117,18,17
-117,19,18
-117,20,19
-117,21,20
-117,22,21
-117,23,22
-117,24,23
-117,25,24
-117,26,25
-117,27,26
-117,28,27
-117,29,28
-117,30,29
-117,31,30
-117,32,31
-117,33,32
-117,34,33
-117,35,34
-117,36,35
-117,37,36
-117,38,37
-117,39,38
-117,40,39
-117,41,40
-117,42,41
-117,43,42
-117,44,43
-117,45,44
-117,46,45
-117,47,46
-117,48,47
-117,49,48
-117,50,49
-117,51,50
-117,52,51
-117,53,52
-117,54,53
-117,55,54
-117,56,55
-117,57,56
-117,58,57
-117,59,58
-117,60,59
-117,61,60
-117,62,61
-117,63,62
-117,64,63
-117,65,64
-117,66,65
-117,67,66
-117,68,67
-117,69,68
-117,70,69
-117,71,70
-117,72,71
-117,73,72
-117,74,73
-117,75,74
-117,76,75
-117,77,76
-117,78,77
-117,79,78
-117,80,79
-117,81,80
-117,82,81
-117,83,82
-117,84,83
-117,85,84
-117,86,85
-117,87,86
-117,88,87
-117,89,88
-117,90,89
-117,91,90
-117,92,91
-117,93,92
-117,94,93
-117,95,94
-117,96,95
-117,97,96
-117,98,97
-117,99,98
-117,100,99
-117,101,100
-117,102,101
-117,103,102
-117,104,103
-117,105,104
-117,106,105
-117,107,106
-117,108,107
-117,109,108
-117,110,109
-117,111,110
-117,112,111
-117,113,112
-117,114,113
-117,115,114
-117,116,115
-117,117,116
-117,118,117
-117,119,118
-117,120,119
-117,121,120
-117,122,121
-117,123,122
-117,124,123
-117,125,124
-117,126,125
-117,127,126
-117,128,127
-117,129,128
-117,130,129
-117,131,130
-117,132,131
-117,133,132
-117,134,133
-117,135,134
-117,136,135
-117,137,136
-117,138,137
-117,139,138
-117,140,139
-117,141,140
-117,142,141
-117,143,142
-117,144,143
-117,145,144
-117,146,145
-117,147,146
-117,148,147
-117,149,148
-117,150,149
-117,151,150
-117,152,151
-117,153,152
-117,154,153
-117,155,154
-117,156,155
-117,157,156
-117,158,157
-117,159,158
-117,160,159
-117,161,160
-117,162,161
-117,163,162
-117,164,163
-117,165,164
-117,166,165
-117,167,166
-117,168,167
-117,169,168
-117,170,169
-117,171,170
-117,172,171
-117,173,172
-117,174,173
-117,175,174
-117,176,175
-117,177,176
-117,178,177
-117,179,178
-117,180,179
-117,181,180
-117,182,181
-117,183,182
-117,184,183
-117,185,184
-117,186,185
-117,187,186
-117,188,187
-117,189,188
-117,190,189
-117,191,190
-117,192,191
-117,193,192
-117,194,193
-117,195,194
-117,196,195
-117,197,196
-117,198,197
-117,199,198
-117,200,199
-117,201,200
-117,202,201
-117,203,202
-117,204,203
-117,205,204
-117,206,205
-117,207,206
-117,208,207
-117,209,208
-117,210,209
-117,211,210
-117,212,211
-117,213,212
-117,214,213
-117,215,214
-117,216,215
-117,217,216
-117,218,217
-117,219,218
-117,220,219
-117,221,220
-117,222,221
-117,223,222
-117,224,223
-117,225,224
-117,226,225
-117,227,226
-117,228,227
-117,229,228
-117,230,229
-117,231,230
-117,232,231
-117,233,232
-117,234,233
-117,235,234
-117,236,235
-117,237,236
-117,238,237
-117,239,238
-117,240,239
-117,241,240
-117,242,241
-117,243,242
-117,244,243
-117,245,244
-117,246,245
-117,247,246
-117,248,247
-117,249,248
-117,250,249
-117,251,250
-117,252,251
-117,253,252
-117,254,253
-117,255,254
-116,0,0
-116,1,0
-116,2,1
-116,3,2
-116,4,3
-116,5,4
-116,6,5
-116,7,6
-116,8,7
-116,9,8
-116,10,9
-116,11,10
-116,12,11
-116,13,12
-116,14,13
-116,15,14
-116,16,15
-116,17,16
-116,18,17
-116,19,18
-116,20,19
-116,21,20
-116,22,21
-116,23,22
-116,24,23
-116,25,24
-116,26,25
-116,27,26
-116,28,27
-116,29,28
-116,30,29
-116,31,30
-116,32,31
-116,33,32
-116,34,33
-116,35,34
-116,36,35
-116,37,36
-116,38,37
-116,39,38
-116,40,39
-116,41,40
-116,42,41
-116,43,42
-116,44,43
-116,45,44
-116,46,45
-116,47,46
-116,48,47
-116,49,48
-116,50,49
-116,51,50
-116,52,51
-116,53,52
-116,54,53
-116,55,54
-116,56,55
-116,57,56
-116,58,57
-116,59,58
-116,60,59
-116,61,60
-116,62,61
-116,63,62
-116,64,63
-116,65,64
-116,66,65
-116,67,66
-116,68,67
-116,69,68
-116,70,69
-116,71,70
-116,72,71
-116,73,72
-116,74,73
-116,75,74
-116,76,75
-116,77,76
-116,78,77
-116,79,78
-116,80,79
-116,81,80
-116,82,81
-116,83,82
-116,84,83
-116,85,84
-116,86,85
-116,87,86
-116,88,87
-116,89,88
-116,90,89
-116,91,90
-116,92,91
-116,93,92
-116,94,93
-116,95,94
-116,96,95
-116,97,96
-116,98,97
-116,99,98
-116,100,99
-116,101,100
-116,102,101
-116,103,102
-116,104,103
-116,105,104
-116,106,105
-116,107,106
-116,108,107
-116,109,108
-116,110,109
-116,111,110
-116,112,111
-116,113,112
-116,114,113
-116,115,114
-116,116,115
-116,117,116
-116,118,117
-116,119,118
-116,120,119
-116,121,120
-116,122,121
-116,123,122
-116,124,123
-116,125,124
-116,126,125
-116,127,126
-116,128,127
-116,129,128
-116,130,129
-116,131,130
-116,132,131
-116,133,132
-116,134,133
-116,135,134
-116,136,135
-116,137,136
-116,138,137
-116,139,138
-116,140,139
-116,141,140
-116,142,141
-116,143,142
-116,144,143
-116,145,144
-116,146,145
-116,147,146
-116,148,147
-116,149,148
-116,150,149
-116,151,150
-116,152,151
-116,153,152
-116,154,153
-116,155,154
-116,156,155
-116,157,156
-116,158,157
-116,159,158
-116,160,159
-116,161,160
-116,162,161
-116,163,162
-116,164,163
-116,165,164
-116,166,165
-116,167,166
-116,168,167
-116,169,168
-116,170,169
-116,171,170
-116,172,171
-116,173,172
-116,174,173
-116,175,174
-116,176,175
-116,177,176
-116,178,177
-116,179,178
-116,180,179
-116,181,180
-116,182,181
-116,183,182
-116,184,183
-116,185,184
-116,186,185
-116,187,186
-116,188,187
-116,189,188
-116,190,189
-116,191,190
-116,192,191
-116,193,192
-116,194,193
-116,195,194
-116,196,195
-116,197,196
-116,198,197
-116,199,198
-116,200,199
-116,201,200
-116,202,201
-116,203,202
-116,204,203
-116,205,204
-116,206,205
-116,207,206
-116,208,207
-116,209,208
-116,210,209
-116,211,210
-116,212,211
-116,213,212
-116,214,213
-116,215,214
-116,216,215
-116,217,216
-116,218,217
-116,219,218
-116,220,219
-116,221,220
-116,222,221
-116,223,222
-116,224,223
-116,225,224
-116,226,225
-116,227,226
-116,228,227
-116,229,228
-116,230,229
-116,231,230
-116,232,231
-116,233,232
-116,234,233
-116,235,234
-116,236,235
-116,237,236
-116,238,237
-116,239,238
-116,240,239
-116,241,240
-116,242,241
-116,243,242
-116,244,243
-116,245,244
-116,246,245
-116,247,246
-116,248,247
-116,249,248
-116,250,249
-116,251,250
-116,252,251
-116,253,252
-116,254,253
-116,255,254
-115,0,0
-115,1,0
-115,2,1
-115,3,2
-115,4,3
-115,5,4
-115,6,5
-115,7,6
-115,8,7
-115,9,8
-115,10,9
-115,11,10
-115,12,11
-115,13,12
-115,14,13
-115,15,14
-115,16,15
-115,17,16
-115,18,17
-115,19,18
-115,20,19
-115,21,20
-115,22,21
-115,23,22
-115,24,23
-115,25,24
-115,26,25
-115,27,26
-115,28,27
-115,29,28
-115,30,29
-115,31,30
-115,32,31
-115,33,32
-115,34,33
-115,35,34
-115,36,35
-115,37,36
-115,38,37
-115,39,38
-115,40,39
-115,41,40
-115,42,41
-115,43,42
-115,44,43
-115,45,44
-115,46,45
-115,47,46
-115,48,47
-115,49,48
-115,50,49
-115,51,50
-115,52,51
-115,53,52
-115,54,53
-115,55,54
-115,56,55
-115,57,56
-115,58,57
-115,59,58
-115,60,59
-115,61,60
-115,62,61
-115,63,62
-115,64,63
-115,65,64
-115,66,65
-115,67,66
-115,68,67
-115,69,68
-115,70,69
-115,71,70
-115,72,71
-115,73,72
-115,74,73
-115,75,74
-115,76,75
-115,77,76
-115,78,77
-115,79,78
-115,80,79
-115,81,80
-115,82,81
-115,83,82
-115,84,83
-115,85,84
-115,86,85
-115,87,86
-115,88,87
-115,89,88
-115,90,89
-115,91,90
-115,92,91
-115,93,92
-115,94,93
-115,95,94
-115,96,95
-115,97,96
-115,98,97
-115,99,98
-115,100,99
-115,101,100
-115,102,101
-115,103,102
-115,104,103
-115,105,104
-115,106,105
-115,107,106
-115,108,107
-115,109,108
-115,110,109
-115,111,110
-115,112,111
-115,113,112
-115,114,113
-115,115,114
-115,116,115
-115,117,116
-115,118,117
-115,119,118
-115,120,119
-115,121,120
-115,122,121
-115,123,122
-115,124,123
-115,125,124
-115,126,125
-115,127,126
-115,128,127
-115,129,128
-115,130,129
-115,131,130
-115,132,131
-115,133,132
-115,134,133
-115,135,134
-115,136,135
-115,137,136
-115,138,137
-115,139,138
-115,140,139
-115,141,140
-115,142,141
-115,143,142
-115,144,143
-115,145,144
-115,146,145
-115,147,146
-115,148,147
-115,149,148
-115,150,149
-115,151,150
-115,152,151
-115,153,152
-115,154,153
-115,155,154
-115,156,155
-115,157,156
-115,158,157
-115,159,158
-115,160,159
-115,161,160
-115,162,161
-115,163,162
-115,164,163
-115,165,164
-115,166,165
-115,167,166
-115,168,167
-115,169,168
-115,170,169
-115,171,170
-115,172,171
-115,173,172
-115,174,173
-115,175,174
-115,176,175
-115,177,176
-115,178,177
-115,179,178
-115,180,179
-115,181,180
-115,182,181
-115,183,182
-115,184,183
-115,185,184
-115,186,185
-115,187,186
-115,188,187
-115,189,188
-115,190,189
-115,191,190
-115,192,191
-115,193,192
-115,194,193
-115,195,194
-115,196,195
-115,197,196
-115,198,197
-115,199,198
-115,200,199
-115,201,200
-115,202,201
-115,203,202
-115,204,203
-115,205,204
-115,206,205
-115,207,206
-115,208,207
-115,209,208
-115,210,209
-115,211,210
-115,212,211
-115,213,212
-115,214,213
-115,215,214
-115,216,215
-115,217,216
-115,218,217
-115,219,218
-115,220,219
-115,221,220
-115,222,221
-115,223,222
-115,224,223
-115,225,224
-115,226,225
-115,227,226
-115,228,227
-115,229,228
-115,230,229
-115,231,230
-115,232,231
-115,233,232
-115,234,233
-115,235,234
-115,236,235
-115,237,236
-115,238,237
-115,239,238
-115,240,239
-115,241,240
-115,242,241
-115,243,242
-115,244,243
-115,245,244
-115,246,245
-115,247,246
-115,248,247
-115,249,248
-115,250,249
-115,251,250
-115,252,251
-115,253,252
-115,254,253
-115,255,254
-114,0,0
-114,1,0
-114,2,1
-114,3,2
-114,4,3
-114,5,4
-114,6,5
-114,7,6
-114,8,7
-114,9,8
-114,10,9
-114,11,10
-114,12,11
-114,13,12
-114,14,13
-114,15,14
-114,16,15
-114,17,16
-114,18,17
-114,19,18
-114,20,19
-114,21,20
-114,22,21
-114,23,22
-114,24,23
-114,25,24
-114,26,25
-114,27,26
-114,28,27
-114,29,28
-114,30,29
-114,31,30
-114,32,31
-114,33,32
-114,34,33
-114,35,34
-114,36,35
-114,37,36
-114,38,37
-114,39,38
-114,40,39
-114,41,40
-114,42,41
-114,43,42
-114,44,43
-114,45,44
-114,46,45
-114,47,46
-114,48,47
-114,49,48
-114,50,49
-114,51,50
-114,52,51
-114,53,52
-114,54,53
-114,55,54
-114,56,55
-114,57,56
-114,58,57
-114,59,58
-114,60,59
-114,61,60
-114,62,61
-114,63,62
-114,64,63
-114,65,64
-114,66,65
-114,67,66
-114,68,67
-114,69,68
-114,70,69
-114,71,70
-114,72,71
-114,73,72
-114,74,73
-114,75,74
-114,76,75
-114,77,76
-114,78,77
-114,79,78
-114,80,79
-114,81,80
-114,82,81
-114,83,82
-114,84,83
-114,85,84
-114,86,85
-114,87,86
-114,88,87
-114,89,88
-114,90,89
-114,91,90
-114,92,91
-114,93,92
-114,94,93
-114,95,94
-114,96,95
-114,97,96
-114,98,97
-114,99,98
-114,100,99
-114,101,100
-114,102,101
-114,103,102
-114,104,103
-114,105,104
-114,106,105
-114,107,106
-114,108,107
-114,109,108
-114,110,109
-114,111,110
-114,112,111
-114,113,112
-114,114,113
-114,115,114
-114,116,115
-114,117,116
-114,118,117
-114,119,118
-114,120,119
-114,121,120
-114,122,121
-114,123,122
-114,124,123
-114,125,124
-114,126,125
-114,127,126
-114,128,127
-114,129,128
-114,130,129
-114,131,130
-114,132,131
-114,133,132
-114,134,133
-114,135,134
-114,136,135
-114,137,136
-114,138,137
-114,139,138
-114,140,139
-114,141,140
-114,142,141
-114,143,142
-114,144,143
-114,145,144
-114,146,145
-114,147,146
-114,148,147
-114,149,148
-114,150,149
-114,151,150
-114,152,151
-114,153,152
-114,154,153
-114,155,154
-114,156,155
-114,157,156
-114,158,157
-114,159,158
-114,160,159
-114,161,160
-114,162,161
-114,163,162
-114,164,163
-114,165,164
-114,166,165
-114,167,166
-114,168,167
-114,169,168
-114,170,169
-114,171,170
-114,172,171
-114,173,172
-114,174,173
-114,175,174
-114,176,175
-114,177,176
-114,178,177
-114,179,178
-114,180,179
-114,181,180
-114,182,181
-114,183,182
-114,184,183
-114,185,184
-114,186,185
-114,187,186
-114,188,187
-114,189,188
-114,190,189
-114,191,190
-114,192,191
-114,193,192
-114,194,193
-114,195,194
-114,196,195
-114,197,196
-114,198,197
-114,199,198
-114,200,199
-114,201,200
-114,202,201
-114,203,202
-114,204,203
-114,205,204
-114,206,205
-114,207,206
-114,208,207
-114,209,208
-114,210,209
-114,211,210
-114,212,211
-114,213,212
-114,214,213
-114,215,214
-114,216,215
-114,217,216
-114,218,217
-114,219,218
-114,220,219
-114,221,220
-114,222,221
-114,223,222
-114,224,223
-114,225,224
-114,226,225
-114,227,226
-114,228,227
-114,229,228
-114,230,229
-114,231,230
-114,232,231
-114,233,232
-114,234,233
-114,235,234
-114,236,235
-114,237,236
-114,238,237
-114,239,238
-114,240,239
-114,241,240
-114,242,241
-114,243,242
-114,244,243
-114,245,244
-114,246,245
-114,247,246
-114,248,247
-114,249,248
-114,250,249
-114,251,250
-114,252,251
-114,253,252
-114,254,253
-114,255,254
-113,0,0
-113,1,0
-113,2,1
-113,3,2
-113,4,3
-113,5,4
-113,6,5
-113,7,6
-113,8,7
-113,9,8
-113,10,9
-113,11,10
-113,12,11
-113,13,12
-113,14,13
-113,15,14
-113,16,15
-113,17,16
-113,18,17
-113,19,18
-113,20,19
-113,21,20
-113,22,21
-113,23,22
-113,24,23
-113,25,24
-113,26,25
-113,27,26
-113,28,27
-113,29,28
-113,30,29
-113,31,30
-113,32,31
-113,33,32
-113,34,33
-113,35,34
-113,36,35
-113,37,36
-113,38,37
-113,39,38
-113,40,39
-113,41,40
-113,42,41
-113,43,42
-113,44,43
-113,45,44
-113,46,45
-113,47,46
-113,48,47
-113,49,48
-113,50,49
-113,51,50
-113,52,51
-113,53,52
-113,54,53
-113,55,54
-113,56,55
-113,57,56
-113,58,57
-113,59,58
-113,60,59
-113,61,60
-113,62,61
-113,63,62
-113,64,63
-113,65,64
-113,66,65
-113,67,66
-113,68,67
-113,69,68
-113,70,69
-113,71,70
-113,72,71
-113,73,72
-113,74,73
-113,75,74
-113,76,75
-113,77,76
-113,78,77
-113,79,78
-113,80,79
-113,81,80
-113,82,81
-113,83,82
-113,84,83
-113,85,84
-113,86,85
-113,87,86
-113,88,87
-113,89,88
-113,90,89
-113,91,90
-113,92,91
-113,93,92
-113,94,93
-113,95,94
-113,96,95
-113,97,96
-113,98,97
-113,99,98
-113,100,99
-113,101,100
-113,102,101
-113,103,102
-113,104,103
-113,105,104
-113,106,105
-113,107,106
-113,108,107
-113,109,108
-113,110,109
-113,111,110
-113,112,111
-113,113,112
-113,114,113
-113,115,114
-113,116,115
-113,117,116
-113,118,117
-113,119,118
-113,120,119
-113,121,120
-113,122,121
-113,123,122
-113,124,123
-113,125,124
-113,126,125
-113,127,126
-113,128,127
-113,129,128
-113,130,129
-113,131,130
-113,132,131
-113,133,132
-113,134,133
-113,135,134
-113,136,135
-113,137,136
-113,138,137
-113,139,138
-113,140,139
-113,141,140
-113,142,141
-113,143,142
-113,144,143
-113,145,144
-113,146,145
-113,147,146
-113,148,147
-113,149,148
-113,150,149
-113,151,150
-113,152,151
-113,153,152
-113,154,153
-113,155,154
-113,156,155
-113,157,156
-113,158,157
-113,159,158
-113,160,159
-113,161,160
-113,162,161
-113,163,162
-113,164,163
-113,165,164
-113,166,165
-113,167,166
-113,168,167
-113,169,168
-113,170,169
-113,171,170
-113,172,171
-113,173,172
-113,174,173
-113,175,174
-113,176,175
-113,177,176
-113,178,177
-113,179,178
-113,180,179
-113,181,180
-113,182,181
-113,183,182
-113,184,183
-113,185,184
-113,186,185
-113,187,186
-113,188,187
-113,189,188
-113,190,189
-113,191,190
-113,192,191
-113,193,192
-113,194,193
-113,195,194
-113,196,195
-113,197,196
-113,198,197
-113,199,198
-113,200,199
-113,201,200
-113,202,201
-113,203,202
-113,204,203
-113,205,204
-113,206,205
-113,207,206
-113,208,207
-113,209,208
-113,210,209
-113,211,210
-113,212,211
-113,213,212
-113,214,213
-113,215,214
-113,216,215
-113,217,216
-113,218,217
-113,219,218
-113,220,219
-113,221,220
-113,222,221
-113,223,222
-113,224,223
-113,225,224
-113,226,225
-113,227,226
-113,228,227
-113,229,228
-113,230,229
-113,231,230
-113,232,231
-113,233,232
-113,234,233
-113,235,234
-113,236,235
-113,237,236
-113,238,237
-113,239,238
-113,240,239
-113,241,240
-113,242,241
-113,243,242
-113,244,243
-113,245,244
-113,246,245
-113,247,246
-113,248,247
-113,249,248
-113,250,249
-113,251,250
-113,252,251
-113,253,252
-113,254,253
-113,255,254
-112,0,0
-112,1,0
-112,2,1
-112,3,2
-112,4,3
-112,5,4
-112,6,5
-112,7,6
-112,8,7
-112,9,8
-112,10,9
-112,11,10
-112,12,11
-112,13,12
-112,14,13
-112,15,14
-112,16,15
-112,17,16
-112,18,17
-112,19,18
-112,20,19
-112,21,20
-112,22,21
-112,23,22
-112,24,23
-112,25,24
-112,26,25
-112,27,26
-112,28,27
-112,29,28
-112,30,29
-112,31,30
-112,32,31
-112,33,32
-112,34,33
-112,35,34
-112,36,35
-112,37,36
-112,38,37
-112,39,38
-112,40,39
-112,41,40
-112,42,41
-112,43,42
-112,44,43
-112,45,44
-112,46,45
-112,47,46
-112,48,47
-112,49,48
-112,50,49
-112,51,50
-112,52,51
-112,53,52
-112,54,53
-112,55,54
-112,56,55
-112,57,56
-112,58,57
-112,59,58
-112,60,59
-112,61,60
-112,62,61
-112,63,62
-112,64,63
-112,65,64
-112,66,65
-112,67,66
-112,68,67
-112,69,68
-112,70,69
-112,71,70
-112,72,71
-112,73,72
-112,74,73
-112,75,74
-112,76,75
-112,77,76
-112,78,77
-112,79,78
-112,80,79
-112,81,80
-112,82,81
-112,83,82
-112,84,83
-112,85,84
-112,86,85
-112,87,86
-112,88,87
-112,89,88
-112,90,89
-112,91,90
-112,92,91
-112,93,92
-112,94,93
-112,95,94
-112,96,95
-112,97,96
-112,98,97
-112,99,98
-112,100,99
-112,101,100
-112,102,101
-112,103,102
-112,104,103
-112,105,104
-112,106,105
-112,107,106
-112,108,107
-112,109,108
-112,110,109
-112,111,110
-112,112,111
-112,113,112
-112,114,113
-112,115,114
-112,116,115
-112,117,116
-112,118,117
-112,119,118
-112,120,119
-112,121,120
-112,122,121
-112,123,122
-112,124,123
-112,125,124
-112,126,125
-112,127,126
-112,128,127
-112,129,128
-112,130,129
-112,131,130
-112,132,131
-112,133,132
-112,134,133
-112,135,134
-112,136,135
-112,137,136
-112,138,137
-112,139,138
-112,140,139
-112,141,140
-112,142,141
-112,143,142
-112,144,143
-112,145,144
-112,146,145
-112,147,146
-112,148,147
-112,149,148
-112,150,149
-112,151,150
-112,152,151
-112,153,152
-112,154,153
-112,155,154
-112,156,155
-112,157,156
-112,158,157
-112,159,158
-112,160,159
-112,161,160
-112,162,161
-112,163,162
-112,164,163
-112,165,164
-112,166,165
-112,167,166
-112,168,167
-112,169,168
-112,170,169
-112,171,170
-112,172,171
-112,173,172
-112,174,173
-112,175,174
-112,176,175
-112,177,176
-112,178,177
-112,179,178
-112,180,179
-112,181,180
-112,182,181
-112,183,182
-112,184,183
-112,185,184
-112,186,185
-112,187,186
-112,188,187
-112,189,188
-112,190,189
-112,191,190
-112,192,191
-112,193,192
-112,194,193
-112,195,194
-112,196,195
-112,197,196
-112,198,197
-112,199,198
-112,200,199
-112,201,200
-112,202,201
-112,203,202
-112,204,203
-112,205,204
-112,206,205
-112,207,206
-112,208,207
-112,209,208
-112,210,209
-112,211,210
-112,212,211
-112,213,212
-112,214,213
-112,215,214
-112,216,215
-112,217,216
-112,218,217
-112,219,218
-112,220,219
-112,221,220
-112,222,221
-112,223,222
-112,224,223
-112,225,224
-112,226,225
-112,227,226
-112,228,227
-112,229,228
-112,230,229
-112,231,230
-112,232,231
-112,233,232
-112,234,233
-112,235,234
-112,236,235
-112,237,236
-112,238,237
-112,239,238
-112,240,239
-112,241,240
-112,242,241
-112,243,242
-112,244,243
-112,245,244
-112,246,245
-112,247,246
-112,248,247
-112,249,248
-112,250,249
-112,251,250
-112,252,251
-112,253,252
-112,254,253
-112,255,254
-111,0,0
-111,1,0
-111,2,1
-111,3,2
-111,4,3
-111,5,4
-111,6,5
-111,7,6
-111,8,7
-111,9,8
-111,10,9
-111,11,10
-111,12,11
-111,13,12
-111,14,13
-111,15,14
-111,16,15
-111,17,16
-111,18,17
-111,19,18
-111,20,19
-111,21,20
-111,22,21
-111,23,22
-111,24,23
-111,25,24
-111,26,25
-111,27,26
-111,28,27
-111,29,28
-111,30,29
-111,31,30
-111,32,31
-111,33,32
-111,34,33
-111,35,34
-111,36,35
-111,37,36
-111,38,37
-111,39,38
-111,40,39
-111,41,40
-111,42,41
-111,43,42
-111,44,43
-111,45,44
-111,46,45
-111,47,46
-111,48,47
-111,49,48
-111,50,49
-111,51,50
-111,52,51
-111,53,52
-111,54,53
-111,55,54
-111,56,55
-111,57,56
-111,58,57
-111,59,58
-111,60,59
-111,61,60
-111,62,61
-111,63,62
-111,64,63
-111,65,64
-111,66,65
-111,67,66
-111,68,67
-111,69,68
-111,70,69
-111,71,70
-111,72,71
-111,73,72
-111,74,73
-111,75,74
-111,76,75
-111,77,76
-111,78,77
-111,79,78
-111,80,79
-111,81,80
-111,82,81
-111,83,82
-111,84,83
-111,85,84
-111,86,85
-111,87,86
-111,88,87
-111,89,88
-111,90,89
-111,91,90
-111,92,91
-111,93,92
-111,94,93
-111,95,94
-111,96,95
-111,97,96
-111,98,97
-111,99,98
-111,100,99
-111,101,100
-111,102,101
-111,103,102
-111,104,103
-111,105,104
-111,106,105
-111,107,106
-111,108,107
-111,109,108
-111,110,109
-111,111,110
-111,112,111
-111,113,112
-111,114,113
-111,115,114
-111,116,115
-111,117,116
-111,118,117
-111,119,118
-111,120,119
-111,121,120
-111,122,121
-111,123,122
-111,124,123
-111,125,124
-111,126,125
-111,127,126
-111,128,127
-111,129,128
-111,130,129
-111,131,130
-111,132,131
-111,133,132
-111,134,133
-111,135,134
-111,136,135
-111,137,136
-111,138,137
-111,139,138
-111,140,139
-111,141,140
-111,142,141
-111,143,142
-111,144,143
-111,145,144
-111,146,145
-111,147,146
-111,148,147
-111,149,148
-111,150,149
-111,151,150
-111,152,151
-111,153,152
-111,154,153
-111,155,154
-111,156,155
-111,157,156
-111,158,157
-111,159,158
-111,160,159
-111,161,160
-111,162,161
-111,163,162
-111,164,163
-111,165,164
-111,166,165
-111,167,166
-111,168,167
-111,169,168
-111,170,169
-111,171,170
-111,172,171
-111,173,172
-111,174,173
-111,175,174
-111,176,175
-111,177,176
-111,178,177
-111,179,178
-111,180,179
-111,181,180
-111,182,181
-111,183,182
-111,184,183
-111,185,184
-111,186,185
-111,187,186
-111,188,187
-111,189,188
-111,190,189
-111,191,190
-111,192,191
-111,193,192
-111,194,193
-111,195,194
-111,196,195
-111,197,196
-111,198,197
-111,199,198
-111,200,199
-111,201,200
-111,202,201
-111,203,202
-111,204,203
-111,205,204
-111,206,205
-111,207,206
-111,208,207
-111,209,208
-111,210,209
-111,211,210
-111,212,211
-111,213,212
-111,214,213
-111,215,214
-111,216,215
-111,217,216
-111,218,217
-111,219,218
-111,220,219
-111,221,220
-111,222,221
-111,223,222
-111,224,223
-111,225,224
-111,226,225
-111,227,226
-111,228,227
-111,229,228
-111,230,229
-111,231,230
-111,232,231
-111,233,232
-111,234,233
-111,235,234
-111,236,235
-111,237,236
-111,238,237
-111,239,238
-111,240,239
-111,241,240
-111,242,241
-111,243,242
-111,244,243
-111,245,244
-111,246,245
-111,247,246
-111,248,247
-111,249,248
-111,250,249
-111,251,250
-111,252,251
-111,253,252
-111,254,253
-111,255,254
-110,0,0
-110,1,0
-110,2,1
-110,3,2
-110,4,3
-110,5,4
-110,6,5
-110,7,6
-110,8,7
-110,9,8
-110,10,9
-110,11,10
-110,12,11
-110,13,12
-110,14,13
-110,15,14
-110,16,15
-110,17,16
-110,18,17
-110,19,18
-110,20,19
-110,21,20
-110,22,21
-110,23,22
-110,24,23
-110,25,24
-110,26,25
-110,27,26
-110,28,27
-110,29,28
-110,30,29
-110,31,30
-110,32,31
-110,33,32
-110,34,33
-110,35,34
-110,36,35
-110,37,36
-110,38,37
-110,39,38
-110,40,39
-110,41,40
-110,42,41
-110,43,42
-110,44,43
-110,45,44
-110,46,45
-110,47,46
-110,48,47
-110,49,48
-110,50,49
-110,51,50
-110,52,51
-110,53,52
-110,54,53
-110,55,54
-110,56,55
-110,57,56
-110,58,57
-110,59,58
-110,60,59
-110,61,60
-110,62,61
-110,63,62
-110,64,63
-110,65,64
-110,66,65
-110,67,66
-110,68,67
-110,69,68
-110,70,69
-110,71,70
-110,72,71
-110,73,72
-110,74,73
-110,75,74
-110,76,75
-110,77,76
-110,78,77
-110,79,78
-110,80,79
-110,81,80
-110,82,81
-110,83,82
-110,84,83
-110,85,84
-110,86,85
-110,87,86
-110,88,87
-110,89,88
-110,90,89
-110,91,90
-110,92,91
-110,93,92
-110,94,93
-110,95,94
-110,96,95
-110,97,96
-110,98,97
-110,99,98
-110,100,99
-110,101,100
-110,102,101
-110,103,102
-110,104,103
-110,105,104
-110,106,105
-110,107,106
-110,108,107
-110,109,108
-110,110,109
-110,111,110
-110,112,111
-110,113,112
-110,114,113
-110,115,114
-110,116,115
-110,117,116
-110,118,117
-110,119,118
-110,120,119
-110,121,120
-110,122,121
-110,123,122
-110,124,123
-110,125,124
-110,126,125
-110,127,126
-110,128,127
-110,129,128
-110,130,129
-110,131,130
-110,132,131
-110,133,132
-110,134,133
-110,135,134
-110,136,135
-110,137,136
-110,138,137
-110,139,138
-110,140,139
-110,141,140
-110,142,141
-110,143,142
-110,144,143
-110,145,144
-110,146,145
-110,147,146
-110,148,147
-110,149,148
-110,150,149
-110,151,150
-110,152,151
-110,153,152
-110,154,153
-110,155,154
-110,156,155
-110,157,156
-110,158,157
-110,159,158
-110,160,159
-110,161,160
-110,162,161
-110,163,162
-110,164,163
-110,165,164
-110,166,165
-110,167,166
-110,168,167
-110,169,168
-110,170,169
-110,171,170
-110,172,171
-110,173,172
-110,174,173
-110,175,174
-110,176,175
-110,177,176
-110,178,177
-110,179,178
-110,180,179
-110,181,180
-110,182,181
-110,183,182
-110,184,183
-110,185,184
-110,186,185
-110,187,186
-110,188,187
-110,189,188
-110,190,189
-110,191,190
-110,192,191
-110,193,192
-110,194,193
-110,195,194
-110,196,195
-110,197,196
-110,198,197
-110,199,198
-110,200,199
-110,201,200
-110,202,201
-110,203,202
-110,204,203
-110,205,204
-110,206,205
-110,207,206
-110,208,207
-110,209,208
-110,210,209
-110,211,210
-110,212,211
-110,213,212
-110,214,213
-110,215,214
-110,216,215
-110,217,216
-110,218,217
-110,219,218
-110,220,219
-110,221,220
-110,222,221
-110,223,222
-110,224,223
-110,225,224
-110,226,225
-110,227,226
-110,228,227
-110,229,228
-110,230,229
-110,231,230
-110,232,231
-110,233,232
-110,234,233
-110,235,234
-110,236,235
-110,237,236
-110,238,237
-110,239,238
-110,240,239
-110,241,240
-110,242,241
-110,243,242
-110,244,243
-110,245,244
-110,246,245
-110,247,246
-110,248,247
-110,249,248
-110,250,249
-110,251,250
-110,252,251
-110,253,252
-110,254,253
-110,255,254
-109,0,0
-109,1,0
-109,2,1
-109,3,2
-109,4,3
-109,5,4
-109,6,5
-109,7,6
-109,8,7
-109,9,8
-109,10,9
-109,11,10
-109,12,11
-109,13,12
-109,14,13
-109,15,14
-109,16,15
-109,17,16
-109,18,17
-109,19,18
-109,20,19
-109,21,20
-109,22,21
-109,23,22
-109,24,23
-109,25,24
-109,26,25
-109,27,26
-109,28,27
-109,29,28
-109,30,29
-109,31,30
-109,32,31
-109,33,32
-109,34,33
-109,35,34
-109,36,35
-109,37,36
-109,38,37
-109,39,38
-109,40,39
-109,41,40
-109,42,41
-109,43,42
-109,44,43
-109,45,44
-109,46,45
-109,47,46
-109,48,47
-109,49,48
-109,50,49
-109,51,50
-109,52,51
-109,53,52
-109,54,53
-109,55,54
-109,56,55
-109,57,56
-109,58,57
-109,59,58
-109,60,59
-109,61,60
-109,62,61
-109,63,62
-109,64,63
-109,65,64
-109,66,65
-109,67,66
-109,68,67
-109,69,68
-109,70,69
-109,71,70
-109,72,71
-109,73,72
-109,74,73
-109,75,74
-109,76,75
-109,77,76
-109,78,77
-109,79,78
-109,80,79
-109,81,80
-109,82,81
-109,83,82
-109,84,83
-109,85,84
-109,86,85
-109,87,86
-109,88,87
-109,89,88
-109,90,89
-109,91,90
-109,92,91
-109,93,92
-109,94,93
-109,95,94
-109,96,95
-109,97,96
-109,98,97
-109,99,98
-109,100,99
-109,101,100
-109,102,101
-109,103,102
-109,104,103
-109,105,104
-109,106,105
-109,107,106
-109,108,107
-109,109,108
-109,110,109
-109,111,110
-109,112,111
-109,113,112
-109,114,113
-109,115,114
-109,116,115
-109,117,116
-109,118,117
-109,119,118
-109,120,119
-109,121,120
-109,122,121
-109,123,122
-109,124,123
-109,125,124
-109,126,125
-109,127,126
-109,128,127
-109,129,128
-109,130,129
-109,131,130
-109,132,131
-109,133,132
-109,134,133
-109,135,134
-109,136,135
-109,137,136
-109,138,137
-109,139,138
-109,140,139
-109,141,140
-109,142,141
-109,143,142
-109,144,143
-109,145,144
-109,146,145
-109,147,146
-109,148,147
-109,149,148
-109,150,149
-109,151,150
-109,152,151
-109,153,152
-109,154,153
-109,155,154
-109,156,155
-109,157,156
-109,158,157
-109,159,158
-109,160,159
-109,161,160
-109,162,161
-109,163,162
-109,164,163
-109,165,164
-109,166,165
-109,167,166
-109,168,167
-109,169,168
-109,170,169
-109,171,170
-109,172,171
-109,173,172
-109,174,173
-109,175,174
-109,176,175
-109,177,176
-109,178,177
-109,179,178
-109,180,179
-109,181,180
-109,182,181
-109,183,182
-109,184,183
-109,185,184
-109,186,185
-109,187,186
-109,188,187
-109,189,188
-109,190,189
-109,191,190
-109,192,191
-109,193,192
-109,194,193
-109,195,194
-109,196,195
-109,197,196
-109,198,197
-109,199,198
-109,200,199
-109,201,200
-109,202,201
-109,203,202
-109,204,203
-109,205,204
-109,206,205
-109,207,206
-109,208,207
-109,209,208
-109,210,209
-109,211,210
-109,212,211
-109,213,212
-109,214,213
-109,215,214
-109,216,215
-109,217,216
-109,218,217
-109,219,218
-109,220,219
-109,221,220
-109,222,221
-109,223,222
-109,224,223
-109,225,224
-109,226,225
-109,227,226
-109,228,227
-109,229,228
-109,230,229
-109,231,230
-109,232,231
-109,233,232
-109,234,233
-109,235,234
-109,236,235
-109,237,236
-109,238,237
-109,239,238
-109,240,239
-109,241,240
-109,242,241
-109,243,242
-109,244,243
-109,245,244
-109,246,245
-109,247,246
-109,248,247
-109,249,248
-109,250,249
-109,251,250
-109,252,251
-109,253,252
-109,254,253
-109,255,254
-108,0,0
-108,1,0
-108,2,1
-108,3,2
-108,4,3
-108,5,4
-108,6,5
-108,7,6
-108,8,7
-108,9,8
-108,10,9
-108,11,10
-108,12,11
-108,13,12
-108,14,13
-108,15,14
-108,16,15
-108,17,16
-108,18,17
-108,19,18
-108,20,19
-108,21,20
-108,22,21
-108,23,22
-108,24,23
-108,25,24
-108,26,25
-108,27,26
-108,28,27
-108,29,28
-108,30,29
-108,31,30
-108,32,31
-108,33,32
-108,34,33
-108,35,34
-108,36,35
-108,37,36
-108,38,37
-108,39,38
-108,40,39
-108,41,40
-108,42,41
-108,43,42
-108,44,43
-108,45,44
-108,46,45
-108,47,46
-108,48,47
-108,49,48
-108,50,49
-108,51,50
-108,52,51
-108,53,52
-108,54,53
-108,55,54
-108,56,55
-108,57,56
-108,58,57
-108,59,58
-108,60,59
-108,61,60
-108,62,61
-108,63,62
-108,64,63
-108,65,64
-108,66,65
-108,67,66
-108,68,67
-108,69,68
-108,70,69
-108,71,70
-108,72,71
-108,73,72
-108,74,73
-108,75,74
-108,76,75
-108,77,76
-108,78,77
-108,79,78
-108,80,79
-108,81,80
-108,82,81
-108,83,82
-108,84,83
-108,85,84
-108,86,85
-108,87,86
-108,88,87
-108,89,88
-108,90,89
-108,91,90
-108,92,91
-108,93,92
-108,94,93
-108,95,94
-108,96,95
-108,97,96
-108,98,97
-108,99,98
-108,100,99
-108,101,100
-108,102,101
-108,103,102
-108,104,103
-108,105,104
-108,106,105
-108,107,106
-108,108,107
-108,109,108
-108,110,109
-108,111,110
-108,112,111
-108,113,112
-108,114,113
-108,115,114
-108,116,115
-108,117,116
-108,118,117
-108,119,118
-108,120,119
-108,121,120
-108,122,121
-108,123,122
-108,124,123
-108,125,124
-108,126,125
-108,127,126
-108,128,127
-108,129,128
-108,130,129
-108,131,130
-108,132,131
-108,133,132
-108,134,133
-108,135,134
-108,136,135
-108,137,136
-108,138,137
-108,139,138
-108,140,139
-108,141,140
-108,142,141
-108,143,142
-108,144,143
-108,145,144
-108,146,145
-108,147,146
-108,148,147
-108,149,148
-108,150,149
-108,151,150
-108,152,151
-108,153,152
-108,154,153
-108,155,154
-108,156,155
-108,157,156
-108,158,157
-108,159,158
-108,160,159
-108,161,160
-108,162,161
-108,163,162
-108,164,163
-108,165,164
-108,166,165
-108,167,166
-108,168,167
-108,169,168
-108,170,169
-108,171,170
-108,172,171
-108,173,172
-108,174,173
-108,175,174
-108,176,175
-108,177,176
-108,178,177
-108,179,178
-108,180,179
-108,181,180
-108,182,181
-108,183,182
-108,184,183
-108,185,184
-108,186,185
-108,187,186
-108,188,187
-108,189,188
-108,190,189
-108,191,190
-108,192,191
-108,193,192
-108,194,193
-108,195,194
-108,196,195
-108,197,196
-108,198,197
-108,199,198
-108,200,199
-108,201,200
-108,202,201
-108,203,202
-108,204,203
-108,205,204
-108,206,205
-108,207,206
-108,208,207
-108,209,208
-108,210,209
-108,211,210
-108,212,211
-108,213,212
-108,214,213
-108,215,214
-108,216,215
-108,217,216
-108,218,217
-108,219,218
-108,220,219
-108,221,220
-108,222,221
-108,223,222
-108,224,223
-108,225,224
-108,226,225
-108,227,226
-108,228,227
-108,229,228
-108,230,229
-108,231,230
-108,232,231
-108,233,232
-108,234,233
-108,235,234
-108,236,235
-108,237,236
-108,238,237
-108,239,238
-108,240,239
-108,241,240
-108,242,241
-108,243,242
-108,244,243
-108,245,244
-108,246,245
-108,247,246
-108,248,247
-108,249,248
-108,250,249
-108,251,250
-108,252,251
-108,253,252
-108,254,253
-108,255,254
-107,0,0
-107,1,0
-107,2,1
-107,3,2
-107,4,3
-107,5,4
-107,6,5
-107,7,6
-107,8,7
-107,9,8
-107,10,9
-107,11,10
-107,12,11
-107,13,12
-107,14,13
-107,15,14
-107,16,15
-107,17,16
-107,18,17
-107,19,18
-107,20,19
-107,21,20
-107,22,21
-107,23,22
-107,24,23
-107,25,24
-107,26,25
-107,27,26
-107,28,27
-107,29,28
-107,30,29
-107,31,30
-107,32,31
-107,33,32
-107,34,33
-107,35,34
-107,36,35
-107,37,36
-107,38,37
-107,39,38
-107,40,39
-107,41,40
-107,42,41
-107,43,42
-107,44,43
-107,45,44
-107,46,45
-107,47,46
-107,48,47
-107,49,48
-107,50,49
-107,51,50
-107,52,51
-107,53,52
-107,54,53
-107,55,54
-107,56,55
-107,57,56
-107,58,57
-107,59,58
-107,60,59
-107,61,60
-107,62,61
-107,63,62
-107,64,63
-107,65,64
-107,66,65
-107,67,66
-107,68,67
-107,69,68
-107,70,69
-107,71,70
-107,72,71
-107,73,72
-107,74,73
-107,75,74
-107,76,75
-107,77,76
-107,78,77
-107,79,78
-107,80,79
-107,81,80
-107,82,81
-107,83,82
-107,84,83
-107,85,84
-107,86,85
-107,87,86
-107,88,87
-107,89,88
-107,90,89
-107,91,90
-107,92,91
-107,93,92
-107,94,93
-107,95,94
-107,96,95
-107,97,96
-107,98,97
-107,99,98
-107,100,99
-107,101,100
-107,102,101
-107,103,102
-107,104,103
-107,105,104
-107,106,105
-107,107,106
-107,108,107
-107,109,108
-107,110,109
-107,111,110
-107,112,111
-107,113,112
-107,114,113
-107,115,114
-107,116,115
-107,117,116
-107,118,117
-107,119,118
-107,120,119
-107,121,120
-107,122,121
-107,123,122
-107,124,123
-107,125,124
-107,126,125
-107,127,126
-107,128,127
-107,129,128
-107,130,129
-107,131,130
-107,132,131
-107,133,132
-107,134,133
-107,135,134
-107,136,135
-107,137,136
-107,138,137
-107,139,138
-107,140,139
-107,141,140
-107,142,141
-107,143,142
-107,144,143
-107,145,144
-107,146,145
-107,147,146
-107,148,147
-107,149,148
-107,150,149
-107,151,150
-107,152,151
-107,153,152
-107,154,153
-107,155,154
-107,156,155
-107,157,156
-107,158,157
-107,159,158
-107,160,159
-107,161,160
-107,162,161
-107,163,162
-107,164,163
-107,165,164
-107,166,165
-107,167,166
-107,168,167
-107,169,168
-107,170,169
-107,171,170
-107,172,171
-107,173,172
-107,174,173
-107,175,174
-107,176,175
-107,177,176
-107,178,177
-107,179,178
-107,180,179
-107,181,180
-107,182,181
-107,183,182
-107,184,183
-107,185,184
-107,186,185
-107,187,186
-107,188,187
-107,189,188
-107,190,189
-107,191,190
-107,192,191
-107,193,192
-107,194,193
-107,195,194
-107,196,195
-107,197,196
-107,198,197
-107,199,198
-107,200,199
-107,201,200
-107,202,201
-107,203,202
-107,204,203
-107,205,204
-107,206,205
-107,207,206
-107,208,207
-107,209,208
-107,210,209
-107,211,210
-107,212,211
-107,213,212
-107,214,213
-107,215,214
-107,216,215
-107,217,216
-107,218,217
-107,219,218
-107,220,219
-107,221,220
-107,222,221
-107,223,222
-107,224,223
-107,225,224
-107,226,225
-107,227,226
-107,228,227
-107,229,228
-107,230,229
-107,231,230
-107,232,231
-107,233,232
-107,234,233
-107,235,234
-107,236,235
-107,237,236
-107,238,237
-107,239,238
-107,240,239
-107,241,240
-107,242,241
-107,243,242
-107,244,243
-107,245,244
-107,246,245
-107,247,246
-107,248,247
-107,249,248
-107,250,249
-107,251,250
-107,252,251
-107,253,252
-107,254,253
-107,255,254
-106,0,0
-106,1,0
-106,2,1
-106,3,2
-106,4,3
-106,5,4
-106,6,5
-106,7,6
-106,8,7
-106,9,8
-106,10,9
-106,11,10
-106,12,11
-106,13,12
-106,14,13
-106,15,14
-106,16,15
-106,17,16
-106,18,17
-106,19,18
-106,20,19
-106,21,20
-106,22,21
-106,23,22
-106,24,23
-106,25,24
-106,26,25
-106,27,26
-106,28,27
-106,29,28
-106,30,29
-106,31,30
-106,32,31
-106,33,32
-106,34,33
-106,35,34
-106,36,35
-106,37,36
-106,38,37
-106,39,38
-106,40,39
-106,41,40
-106,42,41
-106,43,42
-106,44,43
-106,45,44
-106,46,45
-106,47,46
-106,48,47
-106,49,48
-106,50,49
-106,51,50
-106,52,51
-106,53,52
-106,54,53
-106,55,54
-106,56,55
-106,57,56
-106,58,57
-106,59,58
-106,60,59
-106,61,60
-106,62,61
-106,63,62
-106,64,63
-106,65,64
-106,66,65
-106,67,66
-106,68,67
-106,69,68
-106,70,69
-106,71,70
-106,72,71
-106,73,72
-106,74,73
-106,75,74
-106,76,75
-106,77,76
-106,78,77
-106,79,78
-106,80,79
-106,81,80
-106,82,81
-106,83,82
-106,84,83
-106,85,84
-106,86,85
-106,87,86
-106,88,87
-106,89,88
-106,90,89
-106,91,90
-106,92,91
-106,93,92
-106,94,93
-106,95,94
-106,96,95
-106,97,96
-106,98,97
-106,99,98
-106,100,99
-106,101,100
-106,102,101
-106,103,102
-106,104,103
-106,105,104
-106,106,105
-106,107,106
-106,108,107
-106,109,108
-106,110,109
-106,111,110
-106,112,111
-106,113,112
-106,114,113
-106,115,114
-106,116,115
-106,117,116
-106,118,117
-106,119,118
-106,120,119
-106,121,120
-106,122,121
-106,123,122
-106,124,123
-106,125,124
-106,126,125
-106,127,126
-106,128,127
-106,129,128
-106,130,129
-106,131,130
-106,132,131
-106,133,132
-106,134,133
-106,135,134
-106,136,135
-106,137,136
-106,138,137
-106,139,138
-106,140,139
-106,141,140
-106,142,141
-106,143,142
-106,144,143
-106,145,144
-106,146,145
-106,147,146
-106,148,147
-106,149,148
-106,150,149
-106,151,150
-106,152,151
-106,153,152
-106,154,153
-106,155,154
-106,156,155
-106,157,156
-106,158,157
-106,159,158
-106,160,159
-106,161,160
-106,162,161
-106,163,162
-106,164,163
-106,165,164
-106,166,165
-106,167,166
-106,168,167
-106,169,168
-106,170,169
-106,171,170
-106,172,171
-106,173,172
-106,174,173
-106,175,174
-106,176,175
-106,177,176
-106,178,177
-106,179,178
-106,180,179
-106,181,180
-106,182,181
-106,183,182
-106,184,183
-106,185,184
-106,186,185
-106,187,186
-106,188,187
-106,189,188
-106,190,189
-106,191,190
-106,192,191
-106,193,192
-106,194,193
-106,195,194
-106,196,195
-106,197,196
-106,198,197
-106,199,198
-106,200,199
-106,201,200
-106,202,201
-106,203,202
-106,204,203
-106,205,204
-106,206,205
-106,207,206
-106,208,207
-106,209,208
-106,210,209
-106,211,210
-106,212,211
-106,213,212
-106,214,213
-106,215,214
-106,216,215
-106,217,216
-106,218,217
-106,219,218
-106,220,219
-106,221,220
-106,222,221
-106,223,222
-106,224,223
-106,225,224
-106,226,225
-106,227,226
-106,228,227
-106,229,228
-106,230,229
-106,231,230
-106,232,231
-106,233,232
-106,234,233
-106,235,234
-106,236,235
-106,237,236
-106,238,237
-106,239,238
-106,240,239
-106,241,240
-106,242,241
-106,243,242
-106,244,243
-106,245,244
-106,246,245
-106,247,246
-106,248,247
-106,249,248
-106,250,249
-106,251,250
-106,252,251
-106,253,252
-106,254,253
-106,255,254
-105,0,0
-105,1,0
-105,2,1
-105,3,2
-105,4,3
-105,5,4
-105,6,5
-105,7,6
-105,8,7
-105,9,8
-105,10,9
-105,11,10
-105,12,11
-105,13,12
-105,14,13
-105,15,14
-105,16,15
-105,17,16
-105,18,17
-105,19,18
-105,20,19
-105,21,20
-105,22,21
-105,23,22
-105,24,23
-105,25,24
-105,26,25
-105,27,26
-105,28,27
-105,29,28
-105,30,29
-105,31,30
-105,32,31
-105,33,32
-105,34,33
-105,35,34
-105,36,35
-105,37,36
-105,38,37
-105,39,38
-105,40,39
-105,41,40
-105,42,41
-105,43,42
-105,44,43
-105,45,44
-105,46,45
-105,47,46
-105,48,47
-105,49,48
-105,50,49
-105,51,50
-105,52,51
-105,53,52
-105,54,53
-105,55,54
-105,56,55
-105,57,56
-105,58,57
-105,59,58
-105,60,59
-105,61,60
-105,62,61
-105,63,62
-105,64,63
-105,65,64
-105,66,65
-105,67,66
-105,68,67
-105,69,68
-105,70,69
-105,71,70
-105,72,71
-105,73,72
-105,74,73
-105,75,74
-105,76,75
-105,77,76
-105,78,77
-105,79,78
-105,80,79
-105,81,80
-105,82,81
-105,83,82
-105,84,83
-105,85,84
-105,86,85
-105,87,86
-105,88,87
-105,89,88
-105,90,89
-105,91,90
-105,92,91
-105,93,92
-105,94,93
-105,95,94
-105,96,95
-105,97,96
-105,98,97
-105,99,98
-105,100,99
-105,101,100
-105,102,101
-105,103,102
-105,104,103
-105,105,104
-105,106,105
-105,107,106
-105,108,107
-105,109,108
-105,110,109
-105,111,110
-105,112,111
-105,113,112
-105,114,113
-105,115,114
-105,116,115
-105,117,116
-105,118,117
-105,119,118
-105,120,119
-105,121,120
-105,122,121
-105,123,122
-105,124,123
-105,125,124
-105,126,125
-105,127,126
-105,128,127
-105,129,128
-105,130,129
-105,131,130
-105,132,131
-105,133,132
-105,134,133
-105,135,134
-105,136,135
-105,137,136
-105,138,137
-105,139,138
-105,140,139
-105,141,140
-105,142,141
-105,143,142
-105,144,143
-105,145,144
-105,146,145
-105,147,146
-105,148,147
-105,149,148
-105,150,149
-105,151,150
-105,152,151
-105,153,152
-105,154,153
-105,155,154
-105,156,155
-105,157,156
-105,158,157
-105,159,158
-105,160,159
-105,161,160
-105,162,161
-105,163,162
-105,164,163
-105,165,164
-105,166,165
-105,167,166
-105,168,167
-105,169,168
-105,170,169
-105,171,170
-105,172,171
-105,173,172
-105,174,173
-105,175,174
-105,176,175
-105,177,176
-105,178,177
-105,179,178
-105,180,179
-105,181,180
-105,182,181
-105,183,182
-105,184,183
-105,185,184
-105,186,185
-105,187,186
-105,188,187
-105,189,188
-105,190,189
-105,191,190
-105,192,191
-105,193,192
-105,194,193
-105,195,194
-105,196,195
-105,197,196
-105,198,197
-105,199,198
-105,200,199
-105,201,200
-105,202,201
-105,203,202
-105,204,203
-105,205,204
-105,206,205
-105,207,206
-105,208,207
-105,209,208
-105,210,209
-105,211,210
-105,212,211
-105,213,212
-105,214,213
-105,215,214
-105,216,215
-105,217,216
-105,218,217
-105,219,218
-105,220,219
-105,221,220
-105,222,221
-105,223,222
-105,224,223
-105,225,224
-105,226,225
-105,227,226
-105,228,227
-105,229,228
-105,230,229
-105,231,230
-105,232,231
-105,233,232
-105,234,233
-105,235,234
-105,236,235
-105,237,236
-105,238,237
-105,239,238
-105,240,239
-105,241,240
-105,242,241
-105,243,242
-105,244,243
-105,245,244
-105,246,245
-105,247,246
-105,248,247
-105,249,248
-105,250,249
-105,251,250
-105,252,251
-105,253,252
-105,254,253
-105,255,254
-104,0,0
-104,1,0
-104,2,1
-104,3,2
-104,4,3
-104,5,4
-104,6,5
-104,7,6
-104,8,7
-104,9,8
-104,10,9
-104,11,10
-104,12,11
-104,13,12
-104,14,13
-104,15,14
-104,16,15
-104,17,16
-104,18,17
-104,19,18
-104,20,19
-104,21,20
-104,22,21
-104,23,22
-104,24,23
-104,25,24
-104,26,25
-104,27,26
-104,28,27
-104,29,28
-104,30,29
-104,31,30
-104,32,31
-104,33,32
-104,34,33
-104,35,34
-104,36,35
-104,37,36
-104,38,37
-104,39,38
-104,40,39
-104,41,40
-104,42,41
-104,43,42
-104,44,43
-104,45,44
-104,46,45
-104,47,46
-104,48,47
-104,49,48
-104,50,49
-104,51,50
-104,52,51
-104,53,52
-104,54,53
-104,55,54
-104,56,55
-104,57,56
-104,58,57
-104,59,58
-104,60,59
-104,61,60
-104,62,61
-104,63,62
-104,64,63
-104,65,64
-104,66,65
-104,67,66
-104,68,67
-104,69,68
-104,70,69
-104,71,70
-104,72,71
-104,73,72
-104,74,73
-104,75,74
-104,76,75
-104,77,76
-104,78,77
-104,79,78
-104,80,79
-104,81,80
-104,82,81
-104,83,82
-104,84,83
-104,85,84
-104,86,85
-104,87,86
-104,88,87
-104,89,88
-104,90,89
-104,91,90
-104,92,91
-104,93,92
-104,94,93
-104,95,94
-104,96,95
-104,97,96
-104,98,97
-104,99,98
-104,100,99
-104,101,100
-104,102,101
-104,103,102
-104,104,103
-104,105,104
-104,106,105
-104,107,106
-104,108,107
-104,109,108
-104,110,109
-104,111,110
-104,112,111
-104,113,112
-104,114,113
-104,115,114
-104,116,115
-104,117,116
-104,118,117
-104,119,118
-104,120,119
-104,121,120
-104,122,121
-104,123,122
-104,124,123
-104,125,124
-104,126,125
-104,127,126
-104,128,127
-104,129,128
-104,130,129
-104,131,130
-104,132,131
-104,133,132
-104,134,133
-104,135,134
-104,136,135
-104,137,136
-104,138,137
-104,139,138
-104,140,139
-104,141,140
-104,142,141
-104,143,142
-104,144,143
-104,145,144
-104,146,145
-104,147,146
-104,148,147
-104,149,148
-104,150,149
-104,151,150
-104,152,151
-104,153,152
-104,154,153
-104,155,154
-104,156,155
-104,157,156
-104,158,157
-104,159,158
-104,160,159
-104,161,160
-104,162,161
-104,163,162
-104,164,163
-104,165,164
-104,166,165
-104,167,166
-104,168,167
-104,169,168
-104,170,169
-104,171,170
-104,172,171
-104,173,172
-104,174,173
-104,175,174
-104,176,175
-104,177,176
-104,178,177
-104,179,178
-104,180,179
-104,181,180
-104,182,181
-104,183,182
-104,184,183
-104,185,184
-104,186,185
-104,187,186
-104,188,187
-104,189,188
-104,190,189
-104,191,190
-104,192,191
-104,193,192
-104,194,193
-104,195,194
-104,196,195
-104,197,196
-104,198,197
-104,199,198
-104,200,199
-104,201,200
-104,202,201
-104,203,202
-104,204,203
-104,205,204
-104,206,205
-104,207,206
-104,208,207
-104,209,208
-104,210,209
-104,211,210
-104,212,211
-104,213,212
-104,214,213
-104,215,214
-104,216,215
-104,217,216
-104,218,217
-104,219,218
-104,220,219
-104,221,220
-104,222,221
-104,223,222
-104,224,223
-104,225,224
-104,226,225
-104,227,226
-104,228,227
-104,229,228
-104,230,229
-104,231,230
-104,232,231
-104,233,232
-104,234,233
-104,235,234
-104,236,235
-104,237,236
-104,238,237
-104,239,238
-104,240,239
-104,241,240
-104,242,241
-104,243,242
-104,244,243
-104,245,244
-104,246,245
-104,247,246
-104,248,247
-104,249,248
-104,250,249
-104,251,250
-104,252,251
-104,253,252
-104,254,253
-104,255,254
-103,0,0
-103,1,0
-103,2,1
-103,3,2
-103,4,3
-103,5,4
-103,6,5
-103,7,6
-103,8,7
-103,9,8
-103,10,9
-103,11,10
-103,12,11
-103,13,12
-103,14,13
-103,15,14
-103,16,15
-103,17,16
-103,18,17
-103,19,18
-103,20,19
-103,21,20
-103,22,21
-103,23,22
-103,24,23
-103,25,24
-103,26,25
-103,27,26
-103,28,27
-103,29,28
-103,30,29
-103,31,30
-103,32,31
-103,33,32
-103,34,33
-103,35,34
-103,36,35
-103,37,36
-103,38,37
-103,39,38
-103,40,39
-103,41,40
-103,42,41
-103,43,42
-103,44,43
-103,45,44
-103,46,45
-103,47,46
-103,48,47
-103,49,48
-103,50,49
-103,51,50
-103,52,51
-103,53,52
-103,54,53
-103,55,54
-103,56,55
-103,57,56
-103,58,57
-103,59,58
-103,60,59
-103,61,60
-103,62,61
-103,63,62
-103,64,63
-103,65,64
-103,66,65
-103,67,66
-103,68,67
-103,69,68
-103,70,69
-103,71,70
-103,72,71
-103,73,72
-103,74,73
-103,75,74
-103,76,75
-103,77,76
-103,78,77
-103,79,78
-103,80,79
-103,81,80
-103,82,81
-103,83,82
-103,84,83
-103,85,84
-103,86,85
-103,87,86
-103,88,87
-103,89,88
-103,90,89
-103,91,90
-103,92,91
-103,93,92
-103,94,93
-103,95,94
-103,96,95
-103,97,96
-103,98,97
-103,99,98
-103,100,99
-103,101,100
-103,102,101
-103,103,102
-103,104,103
-103,105,104
-103,106,105
-103,107,106
-103,108,107
-103,109,108
-103,110,109
-103,111,110
-103,112,111
-103,113,112
-103,114,113
-103,115,114
-103,116,115
-103,117,116
-103,118,117
-103,119,118
-103,120,119
-103,121,120
-103,122,121
-103,123,122
-103,124,123
-103,125,124
-103,126,125
-103,127,126
-103,128,127
-103,129,128
-103,130,129
-103,131,130
-103,132,131
-103,133,132
-103,134,133
-103,135,134
-103,136,135
-103,137,136
-103,138,137
-103,139,138
-103,140,139
-103,141,140
-103,142,141
-103,143,142
-103,144,143
-103,145,144
-103,146,145
-103,147,146
-103,148,147
-103,149,148
-103,150,149
-103,151,150
-103,152,151
-103,153,152
-103,154,153
-103,155,154
-103,156,155
-103,157,156
-103,158,157
-103,159,158
-103,160,159
-103,161,160
-103,162,161
-103,163,162
-103,164,163
-103,165,164
-103,166,165
-103,167,166
-103,168,167
-103,169,168
-103,170,169
-103,171,170
-103,172,171
-103,173,172
-103,174,173
-103,175,174
-103,176,175
-103,177,176
-103,178,177
-103,179,178
-103,180,179
-103,181,180
-103,182,181
-103,183,182
-103,184,183
-103,185,184
-103,186,185
-103,187,186
-103,188,187
-103,189,188
-103,190,189
-103,191,190
-103,192,191
-103,193,192
-103,194,193
-103,195,194
-103,196,195
-103,197,196
-103,198,197
-103,199,198
-103,200,199
-103,201,200
-103,202,201
-103,203,202
-103,204,203
-103,205,204
-103,206,205
-103,207,206
-103,208,207
-103,209,208
-103,210,209
-103,211,210
-103,212,211
-103,213,212
-103,214,213
-103,215,214
-103,216,215
-103,217,216
-103,218,217
-103,219,218
-103,220,219
-103,221,220
-103,222,221
-103,223,222
-103,224,223
-103,225,224
-103,226,225
-103,227,226
-103,228,227
-103,229,228
-103,230,229
-103,231,230
-103,232,231
-103,233,232
-103,234,233
-103,235,234
-103,236,235
-103,237,236
-103,238,237
-103,239,238
-103,240,239
-103,241,240
-103,242,241
-103,243,242
-103,244,243
-103,245,244
-103,246,245
-103,247,246
-103,248,247
-103,249,248
-103,250,249
-103,251,250
-103,252,251
-103,253,252
-103,254,253
-103,255,254
-102,0,0
-102,1,0
-102,2,1
-102,3,2
-102,4,3
-102,5,4
-102,6,5
-102,7,6
-102,8,7
-102,9,8
-102,10,9
-102,11,10
-102,12,11
-102,13,12
-102,14,13
-102,15,14
-102,16,15
-102,17,16
-102,18,17
-102,19,18
-102,20,19
-102,21,20
-102,22,21
-102,23,22
-102,24,23
-102,25,24
-102,26,25
-102,27,26
-102,28,27
-102,29,28
-102,30,29
-102,31,30
-102,32,31
-102,33,32
-102,34,33
-102,35,34
-102,36,35
-102,37,36
-102,38,37
-102,39,38
-102,40,39
-102,41,40
-102,42,41
-102,43,42
-102,44,43
-102,45,44
-102,46,45
-102,47,46
-102,48,47
-102,49,48
-102,50,49
-102,51,50
-102,52,51
-102,53,52
-102,54,53
-102,55,54
-102,56,55
-102,57,56
-102,58,57
-102,59,58
-102,60,59
-102,61,60
-102,62,61
-102,63,62
-102,64,63
-102,65,64
-102,66,65
-102,67,66
-102,68,67
-102,69,68
-102,70,69
-102,71,70
-102,72,71
-102,73,72
-102,74,73
-102,75,74
-102,76,75
-102,77,76
-102,78,77
-102,79,78
-102,80,79
-102,81,80
-102,82,81
-102,83,82
-102,84,83
-102,85,84
-102,86,85
-102,87,86
-102,88,87
-102,89,88
-102,90,89
-102,91,90
-102,92,91
-102,93,92
-102,94,93
-102,95,94
-102,96,95
-102,97,96
-102,98,97
-102,99,98
-102,100,99
-102,101,100
-102,102,101
-102,103,102
-102,104,103
-102,105,104
-102,106,105
-102,107,106
-102,108,107
-102,109,108
-102,110,109
-102,111,110
-102,112,111
-102,113,112
-102,114,113
-102,115,114
-102,116,115
-102,117,116
-102,118,117
-102,119,118
-102,120,119
-102,121,120
-102,122,121
-102,123,122
-102,124,123
-102,125,124
-102,126,125
-102,127,126
-102,128,127
-102,129,128
-102,130,129
-102,131,130
-102,132,131
-102,133,132
-102,134,133
-102,135,134
-102,136,135
-102,137,136
-102,138,137
-102,139,138
-102,140,139
-102,141,140
-102,142,141
-102,143,142
-102,144,143
-102,145,144
-102,146,145
-102,147,146
-102,148,147
-102,149,148
-102,150,149
-102,151,150
-102,152,151
-102,153,152
-102,154,153
-102,155,154
-102,156,155
-102,157,156
-102,158,157
-102,159,158
-102,160,159
-102,161,160
-102,162,161
-102,163,162
-102,164,163
-102,165,164
-102,166,165
-102,167,166
-102,168,167
-102,169,168
-102,170,169
-102,171,170
-102,172,171
-102,173,172
-102,174,173
-102,175,174
-102,176,175
-102,177,176
-102,178,177
-102,179,178
-102,180,179
-102,181,180
-102,182,181
-102,183,182
-102,184,183
-102,185,184
-102,186,185
-102,187,186
-102,188,187
-102,189,188
-102,190,189
-102,191,190
-102,192,191
-102,193,192
-102,194,193
-102,195,194
-102,196,195
-102,197,196
-102,198,197
-102,199,198
-102,200,199
-102,201,200
-102,202,201
-102,203,202
-102,204,203
-102,205,204
-102,206,205
-102,207,206
-102,208,207
-102,209,208
-102,210,209
-102,211,210
-102,212,211
-102,213,212
-102,214,213
-102,215,214
-102,216,215
-102,217,216
-102,218,217
-102,219,218
-102,220,219
-102,221,220
-102,222,221
-102,223,222
-102,224,223
-102,225,224
-102,226,225
-102,227,226
-102,228,227
-102,229,228
-102,230,229
-102,231,230
-102,232,231
-102,233,232
-102,234,233
-102,235,234
-102,236,235
-102,237,236
-102,238,237
-102,239,238
-102,240,239
-102,241,240
-102,242,241
-102,243,242
-102,244,243
-102,245,244
-102,246,245
-102,247,246
-102,248,247
-102,249,248
-102,250,249
-102,251,250
-102,252,251
-102,253,252
-102,254,253
-102,255,254
-101,0,0
-101,1,0
-101,2,1
-101,3,2
-101,4,3
-101,5,4
-101,6,5
-101,7,6
-101,8,7
-101,9,8
-101,10,9
-101,11,10
-101,12,11
-101,13,12
-101,14,13
-101,15,14
-101,16,15
-101,17,16
-101,18,17
-101,19,18
-101,20,19
-101,21,20
-101,22,21
-101,23,22
-101,24,23
-101,25,24
-101,26,25
-101,27,26
-101,28,27
-101,29,28
-101,30,29
-101,31,30
-101,32,31
-101,33,32
-101,34,33
-101,35,34
-101,36,35
-101,37,36
-101,38,37
-101,39,38
-101,40,39
-101,41,40
-101,42,41
-101,43,42
-101,44,43
-101,45,44
-101,46,45
-101,47,46
-101,48,47
-101,49,48
-101,50,49
-101,51,50
-101,52,51
-101,53,52
-101,54,53
-101,55,54
-101,56,55
-101,57,56
-101,58,57
-101,59,58
-101,60,59
-101,61,60
-101,62,61
-101,63,62
-101,64,63
-101,65,64
-101,66,65
-101,67,66
-101,68,67
-101,69,68
-101,70,69
-101,71,70
-101,72,71
-101,73,72
-101,74,73
-101,75,74
-101,76,75
-101,77,76
-101,78,77
-101,79,78
-101,80,79
-101,81,80
-101,82,81
-101,83,82
-101,84,83
-101,85,84
-101,86,85
-101,87,86
-101,88,87
-101,89,88
-101,90,89
-101,91,90
-101,92,91
-101,93,92
-101,94,93
-101,95,94
-101,96,95
-101,97,96
-101,98,97
-101,99,98
-101,100,99
-101,101,100
-101,102,101
-101,103,102
-101,104,103
-101,105,104
-101,106,105
-101,107,106
-101,108,107
-101,109,108
-101,110,109
-101,111,110
-101,112,111
-101,113,112
-101,114,113
-101,115,114
-101,116,115
-101,117,116
-101,118,117
-101,119,118
-101,120,119
-101,121,120
-101,122,121
-101,123,122
-101,124,123
-101,125,124
-101,126,125
-101,127,126
-101,128,127
-101,129,128
-101,130,129
-101,131,130
-101,132,131
-101,133,132
-101,134,133
-101,135,134
-101,136,135
-101,137,136
-101,138,137
-101,139,138
-101,140,139
-101,141,140
-101,142,141
-101,143,142
-101,144,143
-101,145,144
-101,146,145
-101,147,146
-101,148,147
-101,149,148
-101,150,149
-101,151,150
-101,152,151
-101,153,152
-101,154,153
-101,155,154
-101,156,155
-101,157,156
-101,158,157
-101,159,158
-101,160,159
-101,161,160
-101,162,161
-101,163,162
-101,164,163
-101,165,164
-101,166,165
-101,167,166
-101,168,167
-101,169,168
-101,170,169
-101,171,170
-101,172,171
-101,173,172
-101,174,173
-101,175,174
-101,176,175
-101,177,176
-101,178,177
-101,179,178
-101,180,179
-101,181,180
-101,182,181
-101,183,182
-101,184,183
-101,185,184
-101,186,185
-101,187,186
-101,188,187
-101,189,188
-101,190,189
-101,191,190
-101,192,191
-101,193,192
-101,194,193
-101,195,194
-101,196,195
-101,197,196
-101,198,197
-101,199,198
-101,200,199
-101,201,200
-101,202,201
-101,203,202
-101,204,203
-101,205,204
-101,206,205
-101,207,206
-101,208,207
-101,209,208
-101,210,209
-101,211,210
-101,212,211
-101,213,212
-101,214,213
-101,215,214
-101,216,215
-101,217,216
-101,218,217
-101,219,218
-101,220,219
-101,221,220
-101,222,221
-101,223,222
-101,224,223
-101,225,224
-101,226,225
-101,227,226
-101,228,227
-101,229,228
-101,230,229
-101,231,230
-101,232,231
-101,233,232
-101,234,233
-101,235,234
-101,236,235
-101,237,236
-101,238,237
-101,239,238
-101,240,239
-101,241,240
-101,242,241
-101,243,242
-101,244,243
-101,245,244
-101,246,245
-101,247,246
-101,248,247
-101,249,248
-101,250,249
-101,251,250
-101,252,251
-101,253,252
-101,254,253
-101,255,254
-100,0,0
-100,1,0
-100,2,1
-100,3,2
-100,4,3
-100,5,4
-100,6,5
-100,7,6
-100,8,7
-100,9,8
-100,10,9
-100,11,10
-100,12,11
-100,13,12
-100,14,13
-100,15,14
-100,16,15
-100,17,16
-100,18,17
-100,19,18
-100,20,19
-100,21,20
-100,22,21
-100,23,22
-100,24,23
-100,25,24
-100,26,25
-100,27,26
-100,28,27
-100,29,28
-100,30,29
-100,31,30
-100,32,31
-100,33,32
-100,34,33
-100,35,34
-100,36,35
-100,37,36
-100,38,37
-100,39,38
-100,40,39
-100,41,40
-100,42,41
-100,43,42
-100,44,43
-100,45,44
-100,46,45
-100,47,46
-100,48,47
-100,49,48
-100,50,49
-100,51,50
-100,52,51
-100,53,52
-100,54,53
-100,55,54
-100,56,55
-100,57,56
-100,58,57
-100,59,58
-100,60,59
-100,61,60
-100,62,61
-100,63,62
-100,64,63
-100,65,64
-100,66,65
-100,67,66
-100,68,67
-100,69,68
-100,70,69
-100,71,70
-100,72,71
-100,73,72
-100,74,73
-100,75,74
-100,76,75
-100,77,76
-100,78,77
-100,79,78
-100,80,79
-100,81,80
-100,82,81
-100,83,82
-100,84,83
-100,85,84
-100,86,85
-100,87,86
-100,88,87
-100,89,88
-100,90,89
-100,91,90
-100,92,91
-100,93,92
-100,94,93
-100,95,94
-100,96,95
-100,97,96
-100,98,97
-100,99,98
-100,100,99
-100,101,100
-100,102,101
-100,103,102
-100,104,103
-100,105,104
-100,106,105
-100,107,106
-100,108,107
-100,109,108
-100,110,109
-100,111,110
-100,112,111
-100,113,112
-100,114,113
-100,115,114
-100,116,115
-100,117,116
-100,118,117
-100,119,118
-100,120,119
-100,121,120
-100,122,121
-100,123,122
-100,124,123
-100,125,124
-100,126,125
-100,127,126
-100,128,127
-100,129,128
-100,130,129
-100,131,130
-100,132,131
-100,133,132
-100,134,133
-100,135,134
-100,136,135
-100,137,136
-100,138,137
-100,139,138
-100,140,139
-100,141,140
-100,142,141
-100,143,142
-100,144,143
-100,145,144
-100,146,145
-100,147,146
-100,148,147
-100,149,148
-100,150,149
-100,151,150
-100,152,151
-100,153,152
-100,154,153
-100,155,154
-100,156,155
-100,157,156
-100,158,157
-100,159,158
-100,160,159
-100,161,160
-100,162,161
-100,163,162
-100,164,163
-100,165,164
-100,166,165
-100,167,166
-100,168,167
-100,169,168
-100,170,169
-100,171,170
-100,172,171
-100,173,172
-100,174,173
-100,175,174
-100,176,175
-100,177,176
-100,178,177
-100,179,178
-100,180,179
-100,181,180
-100,182,181
-100,183,182
-100,184,183
-100,185,184
-100,186,185
-100,187,186
-100,188,187
-100,189,188
-100,190,189
-100,191,190
-100,192,191
-100,193,192
-100,194,193
-100,195,194
-100,196,195
-100,197,196
-100,198,197
-100,199,198
-100,200,199
-100,201,200
-100,202,201
-100,203,202
-100,204,203
-100,205,204
-100,206,205
-100,207,206
-100,208,207
-100,209,208
-100,210,209
-100,211,210
-100,212,211
-100,213,212
-100,214,213
-100,215,214
-100,216,215
-100,217,216
-100,218,217
-100,219,218
-100,220,219
-100,221,220
-100,222,221
-100,223,222
-100,224,223
-100,225,224
-100,226,225
-100,227,226
-100,228,227
-100,229,228
-100,230,229
-100,231,230
-100,232,231
-100,233,232
-100,234,233
-100,235,234
-100,236,235
-100,237,236
-100,238,237
-100,239,238
-100,240,239
-100,241,240
-100,242,241
-100,243,242
-100,244,243
-100,245,244
-100,246,245
-100,247,246
-100,248,247
-100,249,248
-100,250,249
-100,251,250
-100,252,251
-100,253,252
-100,254,253
-100,255,254
-99,0,0
-99,1,0
-99,2,1
-99,3,2
-99,4,3
-99,5,4
-99,6,5
-99,7,6
-99,8,7
-99,9,8
-99,10,9
-99,11,10
-99,12,11
-99,13,12
-99,14,13
-99,15,14
-99,16,15
-99,17,16
-99,18,17
-99,19,18
-99,20,19
-99,21,20
-99,22,21
-99,23,22
-99,24,23
-99,25,24
-99,26,25
-99,27,26
-99,28,27
-99,29,28
-99,30,29
-99,31,30
-99,32,31
-99,33,32
-99,34,33
-99,35,34
-99,36,35
-99,37,36
-99,38,37
-99,39,38
-99,40,39
-99,41,40
-99,42,41
-99,43,42
-99,44,43
-99,45,44
-99,46,45
-99,47,46
-99,48,47
-99,49,48
-99,50,49
-99,51,50
-99,52,51
-99,53,52
-99,54,53
-99,55,54
-99,56,55
-99,57,56
-99,58,57
-99,59,58
-99,60,59
-99,61,60
-99,62,61
-99,63,62
-99,64,63
-99,65,64
-99,66,65
-99,67,66
-99,68,67
-99,69,68
-99,70,69
-99,71,70
-99,72,71
-99,73,72
-99,74,73
-99,75,74
-99,76,75
-99,77,76
-99,78,77
-99,79,78
-99,80,79
-99,81,80
-99,82,81
-99,83,82
-99,84,83
-99,85,84
-99,86,85
-99,87,86
-99,88,87
-99,89,88
-99,90,89
-99,91,90
-99,92,91
-99,93,92
-99,94,93
-99,95,94
-99,96,95
-99,97,96
-99,98,97
-99,99,98
-99,100,99
-99,101,100
-99,102,101
-99,103,102
-99,104,103
-99,105,104
-99,106,105
-99,107,106
-99,108,107
-99,109,108
-99,110,109
-99,111,110
-99,112,111
-99,113,112
-99,114,113
-99,115,114
-99,116,115
-99,117,116
-99,118,117
-99,119,118
-99,120,119
-99,121,120
-99,122,121
-99,123,122
-99,124,123
-99,125,124
-99,126,125
-99,127,126
-99,128,127
-99,129,128
-99,130,129
-99,131,130
-99,132,131
-99,133,132
-99,134,133
-99,135,134
-99,136,135
-99,137,136
-99,138,137
-99,139,138
-99,140,139
-99,141,140
-99,142,141
-99,143,142
-99,144,143
-99,145,144
-99,146,145
-99,147,146
-99,148,147
-99,149,148
-99,150,149
-99,151,150
-99,152,151
-99,153,152
-99,154,153
-99,155,154
-99,156,155
-99,157,156
-99,158,157
-99,159,158
-99,160,159
-99,161,160
-99,162,161
-99,163,162
-99,164,163
-99,165,164
-99,166,165
-99,167,166
-99,168,167
-99,169,168
-99,170,169
-99,171,170
-99,172,171
-99,173,172
-99,174,173
-99,175,174
-99,176,175
-99,177,176
-99,178,177
-99,179,178
-99,180,179
-99,181,180
-99,182,181
-99,183,182
-99,184,183
-99,185,184
-99,186,185
-99,187,186
-99,188,187
-99,189,188
-99,190,189
-99,191,190
-99,192,191
-99,193,192
-99,194,193
-99,195,194
-99,196,195
-99,197,196
-99,198,197
-99,199,198
-99,200,199
-99,201,200
-99,202,201
-99,203,202
-99,204,203
-99,205,204
-99,206,205
-99,207,206
-99,208,207
-99,209,208
-99,210,209
-99,211,210
-99,212,211
-99,213,212
-99,214,213
-99,215,214
-99,216,215
-99,217,216
-99,218,217
-99,219,218
-99,220,219
-99,221,220
-99,222,221
-99,223,222
-99,224,223
-99,225,224
-99,226,225
-99,227,226
-99,228,227
-99,229,228
-99,230,229
-99,231,230
-99,232,231
-99,233,232
-99,234,233
-99,235,234
-99,236,235
-99,237,236
-99,238,237
-99,239,238
-99,240,239
-99,241,240
-99,242,241
-99,243,242
-99,244,243
-99,245,244
-99,246,245
-99,247,246
-99,248,247
-99,249,248
-99,250,249
-99,251,250
-99,252,251
-99,253,252
-99,254,253
-99,255,254
-98,0,0
-98,1,0
-98,2,1
-98,3,2
-98,4,3
-98,5,4
-98,6,5
-98,7,6
-98,8,7
-98,9,8
-98,10,9
-98,11,10
-98,12,11
-98,13,12
-98,14,13
-98,15,14
-98,16,15
-98,17,16
-98,18,17
-98,19,18
-98,20,19
-98,21,20
-98,22,21
-98,23,22
-98,24,23
-98,25,24
-98,26,25
-98,27,26
-98,28,27
-98,29,28
-98,30,29
-98,31,30
-98,32,31
-98,33,32
-98,34,33
-98,35,34
-98,36,35
-98,37,36
-98,38,37
-98,39,38
-98,40,39
-98,41,40
-98,42,41
-98,43,42
-98,44,43
-98,45,44
-98,46,45
-98,47,46
-98,48,47
-98,49,48
-98,50,49
-98,51,50
-98,52,51
-98,53,52
-98,54,53
-98,55,54
-98,56,55
-98,57,56
-98,58,57
-98,59,58
-98,60,59
-98,61,60
-98,62,61
-98,63,62
-98,64,63
-98,65,64
-98,66,65
-98,67,66
-98,68,67
-98,69,68
-98,70,69
-98,71,70
-98,72,71
-98,73,72
-98,74,73
-98,75,74
-98,76,75
-98,77,76
-98,78,77
-98,79,78
-98,80,79
-98,81,80
-98,82,81
-98,83,82
-98,84,83
-98,85,84
-98,86,85
-98,87,86
-98,88,87
-98,89,88
-98,90,89
-98,91,90
-98,92,91
-98,93,92
-98,94,93
-98,95,94
-98,96,95
-98,97,96
-98,98,97
-98,99,98
-98,100,99
-98,101,100
-98,102,101
-98,103,102
-98,104,103
-98,105,104
-98,106,105
-98,107,106
-98,108,107
-98,109,108
-98,110,109
-98,111,110
-98,112,111
-98,113,112
-98,114,113
-98,115,114
-98,116,115
-98,117,116
-98,118,117
-98,119,118
-98,120,119
-98,121,120
-98,122,121
-98,123,122
-98,124,123
-98,125,124
-98,126,125
-98,127,126
-98,128,127
-98,129,128
-98,130,129
-98,131,130
-98,132,131
-98,133,132
-98,134,133
-98,135,134
-98,136,135
-98,137,136
-98,138,137
-98,139,138
-98,140,139
-98,141,140
-98,142,141
-98,143,142
-98,144,143
-98,145,144
-98,146,145
-98,147,146
-98,148,147
-98,149,148
-98,150,149
-98,151,150
-98,152,151
-98,153,152
-98,154,153
-98,155,154
-98,156,155
-98,157,156
-98,158,157
-98,159,158
-98,160,159
-98,161,160
-98,162,161
-98,163,162
-98,164,163
-98,165,164
-98,166,165
-98,167,166
-98,168,167
-98,169,168
-98,170,169
-98,171,170
-98,172,171
-98,173,172
-98,174,173
-98,175,174
-98,176,175
-98,177,176
-98,178,177
-98,179,178
-98,180,179
-98,181,180
-98,182,181
-98,183,182
-98,184,183
-98,185,184
-98,186,185
-98,187,186
-98,188,187
-98,189,188
-98,190,189
-98,191,190
-98,192,191
-98,193,192
-98,194,193
-98,195,194
-98,196,195
-98,197,196
-98,198,197
-98,199,198
-98,200,199
-98,201,200
-98,202,201
-98,203,202
-98,204,203
-98,205,204
-98,206,205
-98,207,206
-98,208,207
-98,209,208
-98,210,209
-98,211,210
-98,212,211
-98,213,212
-98,214,213
-98,215,214
-98,216,215
-98,217,216
-98,218,217
-98,219,218
-98,220,219
-98,221,220
-98,222,221
-98,223,222
-98,224,223
-98,225,224
-98,226,225
-98,227,226
-98,228,227
-98,229,228
-98,230,229
-98,231,230
-98,232,231
-98,233,232
-98,234,233
-98,235,234
-98,236,235
-98,237,236
-98,238,237
-98,239,238
-98,240,239
-98,241,240
-98,242,241
-98,243,242
-98,244,243
-98,245,244
-98,246,245
-98,247,246
-98,248,247
-98,249,248
-98,250,249
-98,251,250
-98,252,251
-98,253,252
-98,254,253
-98,255,254
-97,0,0
-97,1,0
-97,2,1
-97,3,2
-97,4,3
-97,5,4
-97,6,5
-97,7,6
-97,8,7
-97,9,8
-97,10,9
-97,11,10
-97,12,11
-97,13,12
-97,14,13
-97,15,14
-97,16,15
-97,17,16
-97,18,17
-97,19,18
-97,20,19
-97,21,20
-97,22,21
-97,23,22
-97,24,23
-97,25,24
-97,26,25
-97,27,26
-97,28,27
-97,29,28
-97,30,29
-97,31,30
-97,32,31
-97,33,32
-97,34,33
-97,35,34
-97,36,35
-97,37,36
-97,38,37
-97,39,38
-97,40,39
-97,41,40
-97,42,41
-97,43,42
-97,44,43
-97,45,44
-97,46,45
-97,47,46
-97,48,47
-97,49,48
-97,50,49
-97,51,50
-97,52,51
-97,53,52
-97,54,53
-97,55,54
-97,56,55
-97,57,56
-97,58,57
-97,59,58
-97,60,59
-97,61,60
-97,62,61
-97,63,62
-97,64,63
-97,65,64
-97,66,65
-97,67,66
-97,68,67
-97,69,68
-97,70,69
-97,71,70
-97,72,71
-97,73,72
-97,74,73
-97,75,74
-97,76,75
-97,77,76
-97,78,77
-97,79,78
-97,80,79
-97,81,80
-97,82,81
-97,83,82
-97,84,83
-97,85,84
-97,86,85
-97,87,86
-97,88,87
-97,89,88
-97,90,89
-97,91,90
-97,92,91
-97,93,92
-97,94,93
-97,95,94
-97,96,95
-97,97,96
-97,98,97
-97,99,98
-97,100,99
-97,101,100
-97,102,101
-97,103,102
-97,104,103
-97,105,104
-97,106,105
-97,107,106
-97,108,107
-97,109,108
-97,110,109
-97,111,110
-97,112,111
-97,113,112
-97,114,113
-97,115,114
-97,116,115
-97,117,116
-97,118,117
-97,119,118
-97,120,119
-97,121,120
-97,122,121
-97,123,122
-97,124,123
-97,125,124
-97,126,125
-97,127,126
-97,128,127
-97,129,128
-97,130,129
-97,131,130
-97,132,131
-97,133,132
-97,134,133
-97,135,134
-97,136,135
-97,137,136
-97,138,137
-97,139,138
-97,140,139
-97,141,140
-97,142,141
-97,143,142
-97,144,143
-97,145,144
-97,146,145
-97,147,146
-97,148,147
-97,149,148
-97,150,149
-97,151,150
-97,152,151
-97,153,152
-97,154,153
-97,155,154
-97,156,155
-97,157,156
-97,158,157
-97,159,158
-97,160,159
-97,161,160
-97,162,161
-97,163,162
-97,164,163
-97,165,164
-97,166,165
-97,167,166
-97,168,167
-97,169,168
-97,170,169
-97,171,170
-97,172,171
-97,173,172
-97,174,173
-97,175,174
-97,176,175
-97,177,176
-97,178,177
-97,179,178
-97,180,179
-97,181,180
-97,182,181
-97,183,182
-97,184,183
-97,185,184
-97,186,185
-97,187,186
-97,188,187
-97,189,188
-97,190,189
-97,191,190
-97,192,191
-97,193,192
-97,194,193
-97,195,194
-97,196,195
-97,197,196
-97,198,197
-97,199,198
-97,200,199
-97,201,200
-97,202,201
-97,203,202
-97,204,203
-97,205,204
-97,206,205
-97,207,206
-97,208,207
-97,209,208
-97,210,209
-97,211,210
-97,212,211
-97,213,212
-97,214,213
-97,215,214
-97,216,215
-97,217,216
-97,218,217
-97,219,218
-97,220,219
-97,221,220
-97,222,221
-97,223,222
-97,224,223
-97,225,224
-97,226,225
-97,227,226
-97,228,227
-97,229,228
-97,230,229
-97,231,230
-97,232,231
-97,233,232
-97,234,233
-97,235,234
-97,236,235
-97,237,236
-97,238,237
-97,239,238
-97,240,239
-97,241,240
-97,242,241
-97,243,242
-97,244,243
-97,245,244
-97,246,245
-97,247,246
-97,248,247
-97,249,248
-97,250,249
-97,251,250
-97,252,251
-97,253,252
-97,254,253
-97,255,254
-96,0,0
-96,1,0
-96,2,1
-96,3,2
-96,4,3
-96,5,4
-96,6,5
-96,7,6
-96,8,7
-96,9,8
-96,10,9
-96,11,10
-96,12,11
-96,13,12
-96,14,13
-96,15,14
-96,16,15
-96,17,16
-96,18,17
-96,19,18
-96,20,19
-96,21,20
-96,22,21
-96,23,22
-96,24,23
-96,25,24
-96,26,25
-96,27,26
-96,28,27
-96,29,28
-96,30,29
-96,31,30
-96,32,31
-96,33,32
-96,34,33
-96,35,34
-96,36,35
-96,37,36
-96,38,37
-96,39,38
-96,40,39
-96,41,40
-96,42,41
-96,43,42
-96,44,43
-96,45,44
-96,46,45
-96,47,46
-96,48,47
-96,49,48
-96,50,49
-96,51,50
-96,52,51
-96,53,52
-96,54,53
-96,55,54
-96,56,55
-96,57,56
-96,58,57
-96,59,58
-96,60,59
-96,61,60
-96,62,61
-96,63,62
-96,64,63
-96,65,64
-96,66,65
-96,67,66
-96,68,67
-96,69,68
-96,70,69
-96,71,70
-96,72,71
-96,73,72
-96,74,73
-96,75,74
-96,76,75
-96,77,76
-96,78,77
-96,79,78
-96,80,79
-96,81,80
-96,82,81
-96,83,82
-96,84,83
-96,85,84
-96,86,85
-96,87,86
-96,88,87
-96,89,88
-96,90,89
-96,91,90
-96,92,91
-96,93,92
-96,94,93
-96,95,94
-96,96,95
-96,97,96
-96,98,97
-96,99,98
-96,100,99
-96,101,100
-96,102,101
-96,103,102
-96,104,103
-96,105,104
-96,106,105
-96,107,106
-96,108,107
-96,109,108
-96,110,109
-96,111,110
-96,112,111
-96,113,112
-96,114,113
-96,115,114
-96,116,115
-96,117,116
-96,118,117
-96,119,118
-96,120,119
-96,121,120
-96,122,121
-96,123,122
-96,124,123
-96,125,124
-96,126,125
-96,127,126
-96,128,127
-96,129,128
-96,130,129
-96,131,130
-96,132,131
-96,133,132
-96,134,133
-96,135,134
-96,136,135
-96,137,136
-96,138,137
-96,139,138
-96,140,139
-96,141,140
-96,142,141
-96,143,142
-96,144,143
-96,145,144
-96,146,145
-96,147,146
-96,148,147
-96,149,148
-96,150,149
-96,151,150
-96,152,151
-96,153,152
-96,154,153
-96,155,154
-96,156,155
-96,157,156
-96,158,157
-96,159,158
-96,160,159
-96,161,160
-96,162,161
-96,163,162
-96,164,163
-96,165,164
-96,166,165
-96,167,166
-96,168,167
-96,169,168
-96,170,169
-96,171,170
-96,172,171
-96,173,172
-96,174,173
-96,175,174
-96,176,175
-96,177,176
-96,178,177
-96,179,178
-96,180,179
-96,181,180
-96,182,181
-96,183,182
-96,184,183
-96,185,184
-96,186,185
-96,187,186
-96,188,187
-96,189,188
-96,190,189
-96,191,190
-96,192,191
-96,193,192
-96,194,193
-96,195,194
-96,196,195
-96,197,196
-96,198,197
-96,199,198
-96,200,199
-96,201,200
-96,202,201
-96,203,202
-96,204,203
-96,205,204
-96,206,205
-96,207,206
-96,208,207
-96,209,208
-96,210,209
-96,211,210
-96,212,211
-96,213,212
-96,214,213
-96,215,214
-96,216,215
-96,217,216
-96,218,217
-96,219,218
-96,220,219
-96,221,220
-96,222,221
-96,223,222
-96,224,223
-96,225,224
-96,226,225
-96,227,226
-96,228,227
-96,229,228
-96,230,229
-96,231,230
-96,232,231
-96,233,232
-96,234,233
-96,235,234
-96,236,235
-96,237,236
-96,238,237
-96,239,238
-96,240,239
-96,241,240
-96,242,241
-96,243,242
-96,244,243
-96,245,244
-96,246,245
-96,247,246
-96,248,247
-96,249,248
-96,250,249
-96,251,250
-96,252,251
-96,253,252
-96,254,253
-96,255,254
-95,0,0
-95,1,0
-95,2,1
-95,3,2
-95,4,3
-95,5,4
-95,6,5
-95,7,6
-95,8,7
-95,9,8
-95,10,9
-95,11,10
-95,12,11
-95,13,12
-95,14,13
-95,15,14
-95,16,15
-95,17,16
-95,18,17
-95,19,18
-95,20,19
-95,21,20
-95,22,21
-95,23,22
-95,24,23
-95,25,24
-95,26,25
-95,27,26
-95,28,27
-95,29,28
-95,30,29
-95,31,30
-95,32,31
-95,33,32
-95,34,33
-95,35,34
-95,36,35
-95,37,36
-95,38,37
-95,39,38
-95,40,39
-95,41,40
-95,42,41
-95,43,42
-95,44,43
-95,45,44
-95,46,45
-95,47,46
-95,48,47
-95,49,48
-95,50,49
-95,51,50
-95,52,51
-95,53,52
-95,54,53
-95,55,54
-95,56,55
-95,57,56
-95,58,57
-95,59,58
-95,60,59
-95,61,60
-95,62,61
-95,63,62
-95,64,63
-95,65,64
-95,66,65
-95,67,66
-95,68,67
-95,69,68
-95,70,69
-95,71,70
-95,72,71
-95,73,72
-95,74,73
-95,75,74
-95,76,75
-95,77,76
-95,78,77
-95,79,78
-95,80,79
-95,81,80
-95,82,81
-95,83,82
-95,84,83
-95,85,84
-95,86,85
-95,87,86
-95,88,87
-95,89,88
-95,90,89
-95,91,90
-95,92,91
-95,93,92
-95,94,93
-95,95,94
-95,96,95
-95,97,96
-95,98,97
-95,99,98
-95,100,99
-95,101,100
-95,102,101
-95,103,102
-95,104,103
-95,105,104
-95,106,105
-95,107,106
-95,108,107
-95,109,108
-95,110,109
-95,111,110
-95,112,111
-95,113,112
-95,114,113
-95,115,114
-95,116,115
-95,117,116
-95,118,117
-95,119,118
-95,120,119
-95,121,120
-95,122,121
-95,123,122
-95,124,123
-95,125,124
-95,126,125
-95,127,126
-95,128,127
-95,129,128
-95,130,129
-95,131,130
-95,132,131
-95,133,132
-95,134,133
-95,135,134
-95,136,135
-95,137,136
-95,138,137
-95,139,138
-95,140,139
-95,141,140
-95,142,141
-95,143,142
-95,144,143
-95,145,144
-95,146,145
-95,147,146
-95,148,147
-95,149,148
-95,150,149
-95,151,150
-95,152,151
-95,153,152
-95,154,153
-95,155,154
-95,156,155
-95,157,156
-95,158,157
-95,159,158
-95,160,159
-95,161,160
-95,162,161
-95,163,162
-95,164,163
-95,165,164
-95,166,165
-95,167,166
-95,168,167
-95,169,168
-95,170,169
-95,171,170
-95,172,171
-95,173,172
-95,174,173
-95,175,174
-95,176,175
-95,177,176
-95,178,177
-95,179,178
-95,180,179
-95,181,180
-95,182,181
-95,183,182
-95,184,183
-95,185,184
-95,186,185
-95,187,186
-95,188,187
-95,189,188
-95,190,189
-95,191,190
-95,192,191
-95,193,192
-95,194,193
-95,195,194
-95,196,195
-95,197,196
-95,198,197
-95,199,198
-95,200,199
-95,201,200
-95,202,201
-95,203,202
-95,204,203
-95,205,204
-95,206,205
-95,207,206
-95,208,207
-95,209,208
-95,210,209
-95,211,210
-95,212,211
-95,213,212
-95,214,213
-95,215,214
-95,216,215
-95,217,216
-95,218,217
-95,219,218
-95,220,219
-95,221,220
-95,222,221
-95,223,222
-95,224,223
-95,225,224
-95,226,225
-95,227,226
-95,228,227
-95,229,228
-95,230,229
-95,231,230
-95,232,231
-95,233,232
-95,234,233
-95,235,234
-95,236,235
-95,237,236
-95,238,237
-95,239,238
-95,240,239
-95,241,240
-95,242,241
-95,243,242
-95,244,243
-95,245,244
-95,246,245
-95,247,246
-95,248,247
-95,249,248
-95,250,249
-95,251,250
-95,252,251
-95,253,252
-95,254,253
-95,255,254
-94,0,0
-94,1,0
-94,2,1
-94,3,2
-94,4,3
-94,5,4
-94,6,5
-94,7,6
-94,8,7
-94,9,8
-94,10,9
-94,11,10
-94,12,11
-94,13,12
-94,14,13
-94,15,14
-94,16,15
-94,17,16
-94,18,17
-94,19,18
-94,20,19
-94,21,20
-94,22,21
-94,23,22
-94,24,23
-94,25,24
-94,26,25
-94,27,26
-94,28,27
-94,29,28
-94,30,29
-94,31,30
-94,32,31
-94,33,32
-94,34,33
-94,35,34
-94,36,35
-94,37,36
-94,38,37
-94,39,38
-94,40,39
-94,41,40
-94,42,41
-94,43,42
-94,44,43
-94,45,44
-94,46,45
-94,47,46
-94,48,47
-94,49,48
-94,50,49
-94,51,50
-94,52,51
-94,53,52
-94,54,53
-94,55,54
-94,56,55
-94,57,56
-94,58,57
-94,59,58
-94,60,59
-94,61,60
-94,62,61
-94,63,62
-94,64,63
-94,65,64
-94,66,65
-94,67,66
-94,68,67
-94,69,68
-94,70,69
-94,71,70
-94,72,71
-94,73,72
-94,74,73
-94,75,74
-94,76,75
-94,77,76
-94,78,77
-94,79,78
-94,80,79
-94,81,80
-94,82,81
-94,83,82
-94,84,83
-94,85,84
-94,86,85
-94,87,86
-94,88,87
-94,89,88
-94,90,89
-94,91,90
-94,92,91
-94,93,92
-94,94,93
-94,95,94
-94,96,95
-94,97,96
-94,98,97
-94,99,98
-94,100,99
-94,101,100
-94,102,101
-94,103,102
-94,104,103
-94,105,104
-94,106,105
-94,107,106
-94,108,107
-94,109,108
-94,110,109
-94,111,110
-94,112,111
-94,113,112
-94,114,113
-94,115,114
-94,116,115
-94,117,116
-94,118,117
-94,119,118
-94,120,119
-94,121,120
-94,122,121
-94,123,122
-94,124,123
-94,125,124
-94,126,125
-94,127,126
-94,128,127
-94,129,128
-94,130,129
-94,131,130
-94,132,131
-94,133,132
-94,134,133
-94,135,134
-94,136,135
-94,137,136
-94,138,137
-94,139,138
-94,140,139
-94,141,140
-94,142,141
-94,143,142
-94,144,143
-94,145,144
-94,146,145
-94,147,146
-94,148,147
-94,149,148
-94,150,149
-94,151,150
-94,152,151
-94,153,152
-94,154,153
-94,155,154
-94,156,155
-94,157,156
-94,158,157
-94,159,158
-94,160,159
-94,161,160
-94,162,161
-94,163,162
-94,164,163
-94,165,164
-94,166,165
-94,167,166
-94,168,167
-94,169,168
-94,170,169
-94,171,170
-94,172,171
-94,173,172
-94,174,173
-94,175,174
-94,176,175
-94,177,176
-94,178,177
-94,179,178
-94,180,179
-94,181,180
-94,182,181
-94,183,182
-94,184,183
-94,185,184
-94,186,185
-94,187,186
-94,188,187
-94,189,188
-94,190,189
-94,191,190
-94,192,191
-94,193,192
-94,194,193
-94,195,194
-94,196,195
-94,197,196
-94,198,197
-94,199,198
-94,200,199
-94,201,200
-94,202,201
-94,203,202
-94,204,203
-94,205,204
-94,206,205
-94,207,206
-94,208,207
-94,209,208
-94,210,209
-94,211,210
-94,212,211
-94,213,212
-94,214,213
-94,215,214
-94,216,215
-94,217,216
-94,218,217
-94,219,218
-94,220,219
-94,221,220
-94,222,221
-94,223,222
-94,224,223
-94,225,224
-94,226,225
-94,227,226
-94,228,227
-94,229,228
-94,230,229
-94,231,230
-94,232,231
-94,233,232
-94,234,233
-94,235,234
-94,236,235
-94,237,236
-94,238,237
-94,239,238
-94,240,239
-94,241,240
-94,242,241
-94,243,242
-94,244,243
-94,245,244
-94,246,245
-94,247,246
-94,248,247
-94,249,248
-94,250,249
-94,251,250
-94,252,251
-94,253,252
-94,254,253
-94,255,254
-93,0,0
-93,1,0
-93,2,1
-93,3,2
-93,4,3
-93,5,4
-93,6,5
-93,7,6
-93,8,7
-93,9,8
-93,10,9
-93,11,10
-93,12,11
-93,13,12
-93,14,13
-93,15,14
-93,16,15
-93,17,16
-93,18,17
-93,19,18
-93,20,19
-93,21,20
-93,22,21
-93,23,22
-93,24,23
-93,25,24
-93,26,25
-93,27,26
-93,28,27
-93,29,28
-93,30,29
-93,31,30
-93,32,31
-93,33,32
-93,34,33
-93,35,34
-93,36,35
-93,37,36
-93,38,37
-93,39,38
-93,40,39
-93,41,40
-93,42,41
-93,43,42
-93,44,43
-93,45,44
-93,46,45
-93,47,46
-93,48,47
-93,49,48
-93,50,49
-93,51,50
-93,52,51
-93,53,52
-93,54,53
-93,55,54
-93,56,55
-93,57,56
-93,58,57
-93,59,58
-93,60,59
-93,61,60
-93,62,61
-93,63,62
-93,64,63
-93,65,64
-93,66,65
-93,67,66
-93,68,67
-93,69,68
-93,70,69
-93,71,70
-93,72,71
-93,73,72
-93,74,73
-93,75,74
-93,76,75
-93,77,76
-93,78,77
-93,79,78
-93,80,79
-93,81,80
-93,82,81
-93,83,82
-93,84,83
-93,85,84
-93,86,85
-93,87,86
-93,88,87
-93,89,88
-93,90,89
-93,91,90
-93,92,91
-93,93,92
-93,94,93
-93,95,94
-93,96,95
-93,97,96
-93,98,97
-93,99,98
-93,100,99
-93,101,100
-93,102,101
-93,103,102
-93,104,103
-93,105,104
-93,106,105
-93,107,106
-93,108,107
-93,109,108
-93,110,109
-93,111,110
-93,112,111
-93,113,112
-93,114,113
-93,115,114
-93,116,115
-93,117,116
-93,118,117
-93,119,118
-93,120,119
-93,121,120
-93,122,121
-93,123,122
-93,124,123
-93,125,124
-93,126,125
-93,127,126
-93,128,127
-93,129,128
-93,130,129
-93,131,130
-93,132,131
-93,133,132
-93,134,133
-93,135,134
-93,136,135
-93,137,136
-93,138,137
-93,139,138
-93,140,139
-93,141,140
-93,142,141
-93,143,142
-93,144,143
-93,145,144
-93,146,145
-93,147,146
-93,148,147
-93,149,148
-93,150,149
-93,151,150
-93,152,151
-93,153,152
-93,154,153
-93,155,154
-93,156,155
-93,157,156
-93,158,157
-93,159,158
-93,160,159
-93,161,160
-93,162,161
-93,163,162
-93,164,163
-93,165,164
-93,166,165
-93,167,166
-93,168,167
-93,169,168
-93,170,169
-93,171,170
-93,172,171
-93,173,172
-93,174,173
-93,175,174
-93,176,175
-93,177,176
-93,178,177
-93,179,178
-93,180,179
-93,181,180
-93,182,181
-93,183,182
-93,184,183
-93,185,184
-93,186,185
-93,187,186
-93,188,187
-93,189,188
-93,190,189
-93,191,190
-93,192,191
-93,193,192
-93,194,193
-93,195,194
-93,196,195
-93,197,196
-93,198,197
-93,199,198
-93,200,199
-93,201,200
-93,202,201
-93,203,202
-93,204,203
-93,205,204
-93,206,205
-93,207,206
-93,208,207
-93,209,208
-93,210,209
-93,211,210
-93,212,211
-93,213,212
-93,214,213
-93,215,214
-93,216,215
-93,217,216
-93,218,217
-93,219,218
-93,220,219
-93,221,220
-93,222,221
-93,223,222
-93,224,223
-93,225,224
-93,226,225
-93,227,226
-93,228,227
-93,229,228
-93,230,229
-93,231,230
-93,232,231
-93,233,232
-93,234,233
-93,235,234
-93,236,235
-93,237,236
-93,238,237
-93,239,238
-93,240,239
-93,241,240
-93,242,241
-93,243,242
-93,244,243
-93,245,244
-93,246,245
-93,247,246
-93,248,247
-93,249,248
-93,250,249
-93,251,250
-93,252,251
-93,253,252
-93,254,253
-93,255,254
-92,0,0
-92,1,0
-92,2,1
-92,3,2
-92,4,3
-92,5,4
-92,6,5
-92,7,6
-92,8,7
-92,9,8
-92,10,9
-92,11,10
-92,12,11
-92,13,12
-92,14,13
-92,15,14
-92,16,15
-92,17,16
-92,18,17
-92,19,18
-92,20,19
-92,21,20
-92,22,21
-92,23,22
-92,24,23
-92,25,24
-92,26,25
-92,27,26
-92,28,27
-92,29,28
-92,30,29
-92,31,30
-92,32,31
-92,33,32
-92,34,33
-92,35,34
-92,36,35
-92,37,36
-92,38,37
-92,39,38
-92,40,39
-92,41,40
-92,42,41
-92,43,42
-92,44,43
-92,45,44
-92,46,45
-92,47,46
-92,48,47
-92,49,48
-92,50,49
-92,51,50
-92,52,51
-92,53,52
-92,54,53
-92,55,54
-92,56,55
-92,57,56
-92,58,57
-92,59,58
-92,60,59
-92,61,60
-92,62,61
-92,63,62
-92,64,63
-92,65,64
-92,66,65
-92,67,66
-92,68,67
-92,69,68
-92,70,69
-92,71,70
-92,72,71
-92,73,72
-92,74,73
-92,75,74
-92,76,75
-92,77,76
-92,78,77
-92,79,78
-92,80,79
-92,81,80
-92,82,81
-92,83,82
-92,84,83
-92,85,84
-92,86,85
-92,87,86
-92,88,87
-92,89,88
-92,90,89
-92,91,90
-92,92,91
-92,93,92
-92,94,93
-92,95,94
-92,96,95
-92,97,96
-92,98,97
-92,99,98
-92,100,99
-92,101,100
-92,102,101
-92,103,102
-92,104,103
-92,105,104
-92,106,105
-92,107,106
-92,108,107
-92,109,108
-92,110,109
-92,111,110
-92,112,111
-92,113,112
-92,114,113
-92,115,114
-92,116,115
-92,117,116
-92,118,117
-92,119,118
-92,120,119
-92,121,120
-92,122,121
-92,123,122
-92,124,123
-92,125,124
-92,126,125
-92,127,126
-92,128,127
-92,129,128
-92,130,129
-92,131,130
-92,132,131
-92,133,132
-92,134,133
-92,135,134
-92,136,135
-92,137,136
-92,138,137
-92,139,138
-92,140,139
-92,141,140
-92,142,141
-92,143,142
-92,144,143
-92,145,144
-92,146,145
-92,147,146
-92,148,147
-92,149,148
-92,150,149
-92,151,150
-92,152,151
-92,153,152
-92,154,153
-92,155,154
-92,156,155
-92,157,156
-92,158,157
-92,159,158
-92,160,159
-92,161,160
-92,162,161
-92,163,162
-92,164,163
-92,165,164
-92,166,165
-92,167,166
-92,168,167
-92,169,168
-92,170,169
-92,171,170
-92,172,171
-92,173,172
-92,174,173
-92,175,174
-92,176,175
-92,177,176
-92,178,177
-92,179,178
-92,180,179
-92,181,180
-92,182,181
-92,183,182
-92,184,183
-92,185,184
-92,186,185
-92,187,186
-92,188,187
-92,189,188
-92,190,189
-92,191,190
-92,192,191
-92,193,192
-92,194,193
-92,195,194
-92,196,195
-92,197,196
-92,198,197
-92,199,198
-92,200,199
-92,201,200
-92,202,201
-92,203,202
-92,204,203
-92,205,204
-92,206,205
-92,207,206
-92,208,207
-92,209,208
-92,210,209
-92,211,210
-92,212,211
-92,213,212
-92,214,213
-92,215,214
-92,216,215
-92,217,216
-92,218,217
-92,219,218
-92,220,219
-92,221,220
-92,222,221
-92,223,222
-92,224,223
-92,225,224
-92,226,225
-92,227,226
-92,228,227
-92,229,228
-92,230,229
-92,231,230
-92,232,231
-92,233,232
-92,234,233
-92,235,234
-92,236,235
-92,237,236
-92,238,237
-92,239,238
-92,240,239
-92,241,240
-92,242,241
-92,243,242
-92,244,243
-92,245,244
-92,246,245
-92,247,246
-92,248,247
-92,249,248
-92,250,249
-92,251,250
-92,252,251
-92,253,252
-92,254,253
-92,255,254
-91,0,0
-91,1,0
-91,2,1
-91,3,2
-91,4,3
-91,5,4
-91,6,5
-91,7,6
-91,8,7
-91,9,8
-91,10,9
-91,11,10
-91,12,11
-91,13,12
-91,14,13
-91,15,14
-91,16,15
-91,17,16
-91,18,17
-91,19,18
-91,20,19
-91,21,20
-91,22,21
-91,23,22
-91,24,23
-91,25,24
-91,26,25
-91,27,26
-91,28,27
-91,29,28
-91,30,29
-91,31,30
-91,32,31
-91,33,32
-91,34,33
-91,35,34
-91,36,35
-91,37,36
-91,38,37
-91,39,38
-91,40,39
-91,41,40
-91,42,41
-91,43,42
-91,44,43
-91,45,44
-91,46,45
-91,47,46
-91,48,47
-91,49,48
-91,50,49
-91,51,50
-91,52,51
-91,53,52
-91,54,53
-91,55,54
-91,56,55
-91,57,56
-91,58,57
-91,59,58
-91,60,59
-91,61,60
-91,62,61
-91,63,62
-91,64,63
-91,65,64
-91,66,65
-91,67,66
-91,68,67
-91,69,68
-91,70,69
-91,71,70
-91,72,71
-91,73,72
-91,74,73
-91,75,74
-91,76,75
-91,77,76
-91,78,77
-91,79,78
-91,80,79
-91,81,80
-91,82,81
-91,83,82
-91,84,83
-91,85,84
-91,86,85
-91,87,86
-91,88,87
-91,89,88
-91,90,89
-91,91,90
-91,92,91
-91,93,92
-91,94,93
-91,95,94
-91,96,95
-91,97,96
-91,98,97
-91,99,98
-91,100,99
-91,101,100
-91,102,101
-91,103,102
-91,104,103
-91,105,104
-91,106,105
-91,107,106
-91,108,107
-91,109,108
-91,110,109
-91,111,110
-91,112,111
-91,113,112
-91,114,113
-91,115,114
-91,116,115
-91,117,116
-91,118,117
-91,119,118
-91,120,119
-91,121,120
-91,122,121
-91,123,122
-91,124,123
-91,125,124
-91,126,125
-91,127,126
-91,128,127
-91,129,128
-91,130,129
-91,131,130
-91,132,131
-91,133,132
-91,134,133
-91,135,134
-91,136,135
-91,137,136
-91,138,137
-91,139,138
-91,140,139
-91,141,140
-91,142,141
-91,143,142
-91,144,143
-91,145,144
-91,146,145
-91,147,146
-91,148,147
-91,149,148
-91,150,149
-91,151,150
-91,152,151
-91,153,152
-91,154,153
-91,155,154
-91,156,155
-91,157,156
-91,158,157
-91,159,158
-91,160,159
-91,161,160
-91,162,161
-91,163,162
-91,164,163
-91,165,164
-91,166,165
-91,167,166
-91,168,167
-91,169,168
-91,170,169
-91,171,170
-91,172,171
-91,173,172
-91,174,173
-91,175,174
-91,176,175
-91,177,176
-91,178,177
-91,179,178
-91,180,179
-91,181,180
-91,182,181
-91,183,182
-91,184,183
-91,185,184
-91,186,185
-91,187,186
-91,188,187
-91,189,188
-91,190,189
-91,191,190
-91,192,191
-91,193,192
-91,194,193
-91,195,194
-91,196,195
-91,197,196
-91,198,197
-91,199,198
-91,200,199
-91,201,200
-91,202,201
-91,203,202
-91,204,203
-91,205,204
-91,206,205
-91,207,206
-91,208,207
-91,209,208
-91,210,209
-91,211,210
-91,212,211
-91,213,212
-91,214,213
-91,215,214
-91,216,215
-91,217,216
-91,218,217
-91,219,218
-91,220,219
-91,221,220
-91,222,221
-91,223,222
-91,224,223
-91,225,224
-91,226,225
-91,227,226
-91,228,227
-91,229,228
-91,230,229
-91,231,230
-91,232,231
-91,233,232
-91,234,233
-91,235,234
-91,236,235
-91,237,236
-91,238,237
-91,239,238
-91,240,239
-91,241,240
-91,242,241
-91,243,242
-91,244,243
-91,245,244
-91,246,245
-91,247,246
-91,248,247
-91,249,248
-91,250,249
-91,251,250
-91,252,251
-91,253,252
-91,254,253
-91,255,254
-90,0,0
-90,1,0
-90,2,1
-90,3,2
-90,4,3
-90,5,4
-90,6,5
-90,7,6
-90,8,7
-90,9,8
-90,10,9
-90,11,10
-90,12,11
-90,13,12
-90,14,13
-90,15,14
-90,16,15
-90,17,16
-90,18,17
-90,19,18
-90,20,19
-90,21,20
-90,22,21
-90,23,22
-90,24,23
-90,25,24
-90,26,25
-90,27,26
-90,28,27
-90,29,28
-90,30,29
-90,31,30
-90,32,31
-90,33,32
-90,34,33
-90,35,34
-90,36,35
-90,37,36
-90,38,37
-90,39,38
-90,40,39
-90,41,40
-90,42,41
-90,43,42
-90,44,43
-90,45,44
-90,46,45
-90,47,46
-90,48,47
-90,49,48
-90,50,49
-90,51,50
-90,52,51
-90,53,52
-90,54,53
-90,55,54
-90,56,55
-90,57,56
-90,58,57
-90,59,58
-90,60,59
-90,61,60
-90,62,61
-90,63,62
-90,64,63
-90,65,64
-90,66,65
-90,67,66
-90,68,67
-90,69,68
-90,70,69
-90,71,70
-90,72,71
-90,73,72
-90,74,73
-90,75,74
-90,76,75
-90,77,76
-90,78,77
-90,79,78
-90,80,79
-90,81,80
-90,82,81
-90,83,82
-90,84,83
-90,85,84
-90,86,85
-90,87,86
-90,88,87
-90,89,88
-90,90,89
-90,91,90
-90,92,91
-90,93,92
-90,94,93
-90,95,94
-90,96,95
-90,97,96
-90,98,97
-90,99,98
-90,100,99
-90,101,100
-90,102,101
-90,103,102
-90,104,103
-90,105,104
-90,106,105
-90,107,106
-90,108,107
-90,109,108
-90,110,109
-90,111,110
-90,112,111
-90,113,112
-90,114,113
-90,115,114
-90,116,115
-90,117,116
-90,118,117
-90,119,118
-90,120,119
-90,121,120
-90,122,121
-90,123,122
-90,124,123
-90,125,124
-90,126,125
-90,127,126
-90,128,127
-90,129,128
-90,130,129
-90,131,130
-90,132,131
-90,133,132
-90,134,133
-90,135,134
-90,136,135
-90,137,136
-90,138,137
-90,139,138
-90,140,139
-90,141,140
-90,142,141
-90,143,142
-90,144,143
-90,145,144
-90,146,145
-90,147,146
-90,148,147
-90,149,148
-90,150,149
-90,151,150
-90,152,151
-90,153,152
-90,154,153
-90,155,154
-90,156,155
-90,157,156
-90,158,157
-90,159,158
-90,160,159
-90,161,160
-90,162,161
-90,163,162
-90,164,163
-90,165,164
-90,166,165
-90,167,166
-90,168,167
-90,169,168
-90,170,169
-90,171,170
-90,172,171
-90,173,172
-90,174,173
-90,175,174
-90,176,175
-90,177,176
-90,178,177
-90,179,178
-90,180,179
-90,181,180
-90,182,181
-90,183,182
-90,184,183
-90,185,184
-90,186,185
-90,187,186
-90,188,187
-90,189,188
-90,190,189
-90,191,190
-90,192,191
-90,193,192
-90,194,193
-90,195,194
-90,196,195
-90,197,196
-90,198,197
-90,199,198
-90,200,199
-90,201,200
-90,202,201
-90,203,202
-90,204,203
-90,205,204
-90,206,205
-90,207,206
-90,208,207
-90,209,208
-90,210,209
-90,211,210
-90,212,211
-90,213,212
-90,214,213
-90,215,214
-90,216,215
-90,217,216
-90,218,217
-90,219,218
-90,220,219
-90,221,220
-90,222,221
-90,223,222
-90,224,223
-90,225,224
-90,226,225
-90,227,226
-90,228,227
-90,229,228
-90,230,229
-90,231,230
-90,232,231
-90,233,232
-90,234,233
-90,235,234
-90,236,235
-90,237,236
-90,238,237
-90,239,238
-90,240,239
-90,241,240
-90,242,241
-90,243,242
-90,244,243
-90,245,244
-90,246,245
-90,247,246
-90,248,247
-90,249,248
-90,250,249
-90,251,250
-90,252,251
-90,253,252
-90,254,253
-90,255,254
-89,0,0
-89,1,0
-89,2,1
-89,3,2
-89,4,3
-89,5,4
-89,6,5
-89,7,6
-89,8,7
-89,9,8
-89,10,9
-89,11,10
-89,12,11
-89,13,12
-89,14,13
-89,15,14
-89,16,15
-89,17,16
-89,18,17
-89,19,18
-89,20,19
-89,21,20
-89,22,21
-89,23,22
-89,24,23
-89,25,24
-89,26,25
-89,27,26
-89,28,27
-89,29,28
-89,30,29
-89,31,30
-89,32,31
-89,33,32
-89,34,33
-89,35,34
-89,36,35
-89,37,36
-89,38,37
-89,39,38
-89,40,39
-89,41,40
-89,42,41
-89,43,42
-89,44,43
-89,45,44
-89,46,45
-89,47,46
-89,48,47
-89,49,48
-89,50,49
-89,51,50
-89,52,51
-89,53,52
-89,54,53
-89,55,54
-89,56,55
-89,57,56
-89,58,57
-89,59,58
-89,60,59
-89,61,60
-89,62,61
-89,63,62
-89,64,63
-89,65,64
-89,66,65
-89,67,66
-89,68,67
-89,69,68
-89,70,69
-89,71,70
-89,72,71
-89,73,72
-89,74,73
-89,75,74
-89,76,75
-89,77,76
-89,78,77
-89,79,78
-89,80,79
-89,81,80
-89,82,81
-89,83,82
-89,84,83
-89,85,84
-89,86,85
-89,87,86
-89,88,87
-89,89,88
-89,90,89
-89,91,90
-89,92,91
-89,93,92
-89,94,93
-89,95,94
-89,96,95
-89,97,96
-89,98,97
-89,99,98
-89,100,99
-89,101,100
-89,102,101
-89,103,102
-89,104,103
-89,105,104
-89,106,105
-89,107,106
-89,108,107
-89,109,108
-89,110,109
-89,111,110
-89,112,111
-89,113,112
-89,114,113
-89,115,114
-89,116,115
-89,117,116
-89,118,117
-89,119,118
-89,120,119
-89,121,120
-89,122,121
-89,123,122
-89,124,123
-89,125,124
-89,126,125
-89,127,126
-89,128,127
-89,129,128
-89,130,129
-89,131,130
-89,132,131
-89,133,132
-89,134,133
-89,135,134
-89,136,135
-89,137,136
-89,138,137
-89,139,138
-89,140,139
-89,141,140
-89,142,141
-89,143,142
-89,144,143
-89,145,144
-89,146,145
-89,147,146
-89,148,147
-89,149,148
-89,150,149
-89,151,150
-89,152,151
-89,153,152
-89,154,153
-89,155,154
-89,156,155
-89,157,156
-89,158,157
-89,159,158
-89,160,159
-89,161,160
-89,162,161
-89,163,162
-89,164,163
-89,165,164
-89,166,165
-89,167,166
-89,168,167
-89,169,168
-89,170,169
-89,171,170
-89,172,171
-89,173,172
-89,174,173
-89,175,174
-89,176,175
-89,177,176
-89,178,177
-89,179,178
-89,180,179
-89,181,180
-89,182,181
-89,183,182
-89,184,183
-89,185,184
-89,186,185
-89,187,186
-89,188,187
-89,189,188
-89,190,189
-89,191,190
-89,192,191
-89,193,192
-89,194,193
-89,195,194
-89,196,195
-89,197,196
-89,198,197
-89,199,198
-89,200,199
-89,201,200
-89,202,201
-89,203,202
-89,204,203
-89,205,204
-89,206,205
-89,207,206
-89,208,207
-89,209,208
-89,210,209
-89,211,210
-89,212,211
-89,213,212
-89,214,213
-89,215,214
-89,216,215
-89,217,216
-89,218,217
-89,219,218
-89,220,219
-89,221,220
-89,222,221
-89,223,222
-89,224,223
-89,225,224
-89,226,225
-89,227,226
-89,228,227
-89,229,228
-89,230,229
-89,231,230
-89,232,231
-89,233,232
-89,234,233
-89,235,234
-89,236,235
-89,237,236
-89,238,237
-89,239,238
-89,240,239
-89,241,240
-89,242,241
-89,243,242
-89,244,243
-89,245,244
-89,246,245
-89,247,246
-89,248,247
-89,249,248
-89,250,249
-89,251,250
-89,252,251
-89,253,252
-89,254,253
-89,255,254
-88,0,0
-88,1,0
-88,2,1
-88,3,2
-88,4,3
-88,5,4
-88,6,5
-88,7,6
-88,8,7
-88,9,8
-88,10,9
-88,11,10
-88,12,11
-88,13,12
-88,14,13
-88,15,14
-88,16,15
-88,17,16
-88,18,17
-88,19,18
-88,20,19
-88,21,20
-88,22,21
-88,23,22
-88,24,23
-88,25,24
-88,26,25
-88,27,26
-88,28,27
-88,29,28
-88,30,29
-88,31,30
-88,32,31
-88,33,32
-88,34,33
-88,35,34
-88,36,35
-88,37,36
-88,38,37
-88,39,38
-88,40,39
-88,41,40
-88,42,41
-88,43,42
-88,44,43
-88,45,44
-88,46,45
-88,47,46
-88,48,47
-88,49,48
-88,50,49
-88,51,50
-88,52,51
-88,53,52
-88,54,53
-88,55,54
-88,56,55
-88,57,56
-88,58,57
-88,59,58
-88,60,59
-88,61,60
-88,62,61
-88,63,62
-88,64,63
-88,65,64
-88,66,65
-88,67,66
-88,68,67
-88,69,68
-88,70,69
-88,71,70
-88,72,71
-88,73,72
-88,74,73
-88,75,74
-88,76,75
-88,77,76
-88,78,77
-88,79,78
-88,80,79
-88,81,80
-88,82,81
-88,83,82
-88,84,83
-88,85,84
-88,86,85
-88,87,86
-88,88,87
-88,89,88
-88,90,89
-88,91,90
-88,92,91
-88,93,92
-88,94,93
-88,95,94
-88,96,95
-88,97,96
-88,98,97
-88,99,98
-88,100,99
-88,101,100
-88,102,101
-88,103,102
-88,104,103
-88,105,104
-88,106,105
-88,107,106
-88,108,107
-88,109,108
-88,110,109
-88,111,110
-88,112,111
-88,113,112
-88,114,113
-88,115,114
-88,116,115
-88,117,116
-88,118,117
-88,119,118
-88,120,119
-88,121,120
-88,122,121
-88,123,122
-88,124,123
-88,125,124
-88,126,125
-88,127,126
-88,128,127
-88,129,128
-88,130,129
-88,131,130
-88,132,131
-88,133,132
-88,134,133
-88,135,134
-88,136,135
-88,137,136
-88,138,137
-88,139,138
-88,140,139
-88,141,140
-88,142,141
-88,143,142
-88,144,143
-88,145,144
-88,146,145
-88,147,146
-88,148,147
-88,149,148
-88,150,149
-88,151,150
-88,152,151
-88,153,152
-88,154,153
-88,155,154
-88,156,155
-88,157,156
-88,158,157
-88,159,158
-88,160,159
-88,161,160
-88,162,161
-88,163,162
-88,164,163
-88,165,164
-88,166,165
-88,167,166
-88,168,167
-88,169,168
-88,170,169
-88,171,170
-88,172,171
-88,173,172
-88,174,173
-88,175,174
-88,176,175
-88,177,176
-88,178,177
-88,179,178
-88,180,179
-88,181,180
-88,182,181
-88,183,182
-88,184,183
-88,185,184
-88,186,185
-88,187,186
-88,188,187
-88,189,188
-88,190,189
-88,191,190
-88,192,191
-88,193,192
-88,194,193
-88,195,194
-88,196,195
-88,197,196
-88,198,197
-88,199,198
-88,200,199
-88,201,200
-88,202,201
-88,203,202
-88,204,203
-88,205,204
-88,206,205
-88,207,206
-88,208,207
-88,209,208
-88,210,209
-88,211,210
-88,212,211
-88,213,212
-88,214,213
-88,215,214
-88,216,215
-88,217,216
-88,218,217
-88,219,218
-88,220,219
-88,221,220
-88,222,221
-88,223,222
-88,224,223
-88,225,224
-88,226,225
-88,227,226
-88,228,227
-88,229,228
-88,230,229
-88,231,230
-88,232,231
-88,233,232
-88,234,233
-88,235,234
-88,236,235
-88,237,236
-88,238,237
-88,239,238
-88,240,239
-88,241,240
-88,242,241
-88,243,242
-88,244,243
-88,245,244
-88,246,245
-88,247,246
-88,248,247
-88,249,248
-88,250,249
-88,251,250
-88,252,251
-88,253,252
-88,254,253
-88,255,254
-87,0,0
-87,1,0
-87,2,1
-87,3,2
-87,4,3
-87,5,4
-87,6,5
-87,7,6
-87,8,7
-87,9,8
-87,10,9
-87,11,10
-87,12,11
-87,13,12
-87,14,13
-87,15,14
-87,16,15
-87,17,16
-87,18,17
-87,19,18
-87,20,19
-87,21,20
-87,22,21
-87,23,22
-87,24,23
-87,25,24
-87,26,25
-87,27,26
-87,28,27
-87,29,28
-87,30,29
-87,31,30
-87,32,31
-87,33,32
-87,34,33
-87,35,34
-87,36,35
-87,37,36
-87,38,37
-87,39,38
-87,40,39
-87,41,40
-87,42,41
-87,43,42
-87,44,43
-87,45,44
-87,46,45
-87,47,46
-87,48,47
-87,49,48
-87,50,49
-87,51,50
-87,52,51
-87,53,52
-87,54,53
-87,55,54
-87,56,55
-87,57,56
-87,58,57
-87,59,58
-87,60,59
-87,61,60
-87,62,61
-87,63,62
-87,64,63
-87,65,64
-87,66,65
-87,67,66
-87,68,67
-87,69,68
-87,70,69
-87,71,70
-87,72,71
-87,73,72
-87,74,73
-87,75,74
-87,76,75
-87,77,76
-87,78,77
-87,79,78
-87,80,79
-87,81,80
-87,82,81
-87,83,82
-87,84,83
-87,85,84
-87,86,85
-87,87,86
-87,88,87
-87,89,88
-87,90,89
-87,91,90
-87,92,91
-87,93,92
-87,94,93
-87,95,94
-87,96,95
-87,97,96
-87,98,97
-87,99,98
-87,100,99
-87,101,100
-87,102,101
-87,103,102
-87,104,103
-87,105,104
-87,106,105
-87,107,106
-87,108,107
-87,109,108
-87,110,109
-87,111,110
-87,112,111
-87,113,112
-87,114,113
-87,115,114
-87,116,115
-87,117,116
-87,118,117
-87,119,118
-87,120,119
-87,121,120
-87,122,121
-87,123,122
-87,124,123
-87,125,124
-87,126,125
-87,127,126
-87,128,127
-87,129,128
-87,130,129
-87,131,130
-87,132,131
-87,133,132
-87,134,133
-87,135,134
-87,136,135
-87,137,136
-87,138,137
-87,139,138
-87,140,139
-87,141,140
-87,142,141
-87,143,142
-87,144,143
-87,145,144
-87,146,145
-87,147,146
-87,148,147
-87,149,148
-87,150,149
-87,151,150
-87,152,151
-87,153,152
-87,154,153
-87,155,154
-87,156,155
-87,157,156
-87,158,157
-87,159,158
-87,160,159
-87,161,160
-87,162,161
-87,163,162
-87,164,163
-87,165,164
-87,166,165
-87,167,166
-87,168,167
-87,169,168
-87,170,169
-87,171,170
-87,172,171
-87,173,172
-87,174,173
-87,175,174
-87,176,175
-87,177,176
-87,178,177
-87,179,178
-87,180,179
-87,181,180
-87,182,181
-87,183,182
-87,184,183
-87,185,184
-87,186,185
-87,187,186
-87,188,187
-87,189,188
-87,190,189
-87,191,190
-87,192,191
-87,193,192
-87,194,193
-87,195,194
-87,196,195
-87,197,196
-87,198,197
-87,199,198
-87,200,199
-87,201,200
-87,202,201
-87,203,202
-87,204,203
-87,205,204
-87,206,205
-87,207,206
-87,208,207
-87,209,208
-87,210,209
-87,211,210
-87,212,211
-87,213,212
-87,214,213
-87,215,214
-87,216,215
-87,217,216
-87,218,217
-87,219,218
-87,220,219
-87,221,220
-87,222,221
-87,223,222
-87,224,223
-87,225,224
-87,226,225
-87,227,226
-87,228,227
-87,229,228
-87,230,229
-87,231,230
-87,232,231
-87,233,232
-87,234,233
-87,235,234
-87,236,235
-87,237,236
-87,238,237
-87,239,238
-87,240,239
-87,241,240
-87,242,241
-87,243,242
-87,244,243
-87,245,244
-87,246,245
-87,247,246
-87,248,247
-87,249,248
-87,250,249
-87,251,250
-87,252,251
-87,253,252
-87,254,253
-87,255,254
-86,0,0
-86,1,0
-86,2,1
-86,3,2
-86,4,3
-86,5,4
-86,6,5
-86,7,6
-86,8,7
-86,9,8
-86,10,9
-86,11,10
-86,12,11
-86,13,12
-86,14,13
-86,15,14
-86,16,15
-86,17,16
-86,18,17
-86,19,18
-86,20,19
-86,21,20
-86,22,21
-86,23,22
-86,24,23
-86,25,24
-86,26,25
-86,27,26
-86,28,27
-86,29,28
-86,30,29
-86,31,30
-86,32,31
-86,33,32
-86,34,33
-86,35,34
-86,36,35
-86,37,36
-86,38,37
-86,39,38
-86,40,39
-86,41,40
-86,42,41
-86,43,42
-86,44,43
-86,45,44
-86,46,45
-86,47,46
-86,48,47
-86,49,48
-86,50,49
-86,51,50
-86,52,51
-86,53,52
-86,54,53
-86,55,54
-86,56,55
-86,57,56
-86,58,57
-86,59,58
-86,60,59
-86,61,60
-86,62,61
-86,63,62
-86,64,63
-86,65,64
-86,66,65
-86,67,66
-86,68,67
-86,69,68
-86,70,69
-86,71,70
-86,72,71
-86,73,72
-86,74,73
-86,75,74
-86,76,75
-86,77,76
-86,78,77
-86,79,78
-86,80,79
-86,81,80
-86,82,81
-86,83,82
-86,84,83
-86,85,84
-86,86,85
-86,87,86
-86,88,87
-86,89,88
-86,90,89
-86,91,90
-86,92,91
-86,93,92
-86,94,93
-86,95,94
-86,96,95
-86,97,96
-86,98,97
-86,99,98
-86,100,99
-86,101,100
-86,102,101
-86,103,102
-86,104,103
-86,105,104
-86,106,105
-86,107,106
-86,108,107
-86,109,108
-86,110,109
-86,111,110
-86,112,111
-86,113,112
-86,114,113
-86,115,114
-86,116,115
-86,117,116
-86,118,117
-86,119,118
-86,120,119
-86,121,120
-86,122,121
-86,123,122
-86,124,123
-86,125,124
-86,126,125
-86,127,126
-86,128,127
-86,129,128
-86,130,129
-86,131,130
-86,132,131
-86,133,132
-86,134,133
-86,135,134
-86,136,135
-86,137,136
-86,138,137
-86,139,138
-86,140,139
-86,141,140
-86,142,141
-86,143,142
-86,144,143
-86,145,144
-86,146,145
-86,147,146
-86,148,147
-86,149,148
-86,150,149
-86,151,150
-86,152,151
-86,153,152
-86,154,153
-86,155,154
-86,156,155
-86,157,156
-86,158,157
-86,159,158
-86,160,159
-86,161,160
-86,162,161
-86,163,162
-86,164,163
-86,165,164
-86,166,165
-86,167,166
-86,168,167
-86,169,168
-86,170,169
-86,171,170
-86,172,171
-86,173,172
-86,174,173
-86,175,174
-86,176,175
-86,177,176
-86,178,177
-86,179,178
-86,180,179
-86,181,180
-86,182,181
-86,183,182
-86,184,183
-86,185,184
-86,186,185
-86,187,186
-86,188,187
-86,189,188
-86,190,189
-86,191,190
-86,192,191
-86,193,192
-86,194,193
-86,195,194
-86,196,195
-86,197,196
-86,198,197
-86,199,198
-86,200,199
-86,201,200
-86,202,201
-86,203,202
-86,204,203
-86,205,204
-86,206,205
-86,207,206
-86,208,207
-86,209,208
-86,210,209
-86,211,210
-86,212,211
-86,213,212
-86,214,213
-86,215,214
-86,216,215
-86,217,216
-86,218,217
-86,219,218
-86,220,219
-86,221,220
-86,222,221
-86,223,222
-86,224,223
-86,225,224
-86,226,225
-86,227,226
-86,228,227
-86,229,228
-86,230,229
-86,231,230
-86,232,231
-86,233,232
-86,234,233
-86,235,234
-86,236,235
-86,237,236
-86,238,237
-86,239,238
-86,240,239
-86,241,240
-86,242,241
-86,243,242
-86,244,243
-86,245,244
-86,246,245
-86,247,246
-86,248,247
-86,249,248
-86,250,249
-86,251,250
-86,252,251
-86,253,252
-86,254,253
-86,255,254
-85,0,0
-85,1,0
-85,2,1
-85,3,2
-85,4,3
-85,5,4
-85,6,5
-85,7,6
-85,8,7
-85,9,8
-85,10,9
-85,11,10
-85,12,11
-85,13,12
-85,14,13
-85,15,14
-85,16,15
-85,17,16
-85,18,17
-85,19,18
-85,20,19
-85,21,20
-85,22,21
-85,23,22
-85,24,23
-85,25,24
-85,26,25
-85,27,26
-85,28,27
-85,29,28
-85,30,29
-85,31,30
-85,32,31
-85,33,32
-85,34,33
-85,35,34
-85,36,35
-85,37,36
-85,38,37
-85,39,38
-85,40,39
-85,41,40
-85,42,41
-85,43,42
-85,44,43
-85,45,44
-85,46,45
-85,47,46
-85,48,47
-85,49,48
-85,50,49
-85,51,50
-85,52,51
-85,53,52
-85,54,53
-85,55,54
-85,56,55
-85,57,56
-85,58,57
-85,59,58
-85,60,59
-85,61,60
-85,62,61
-85,63,62
-85,64,63
-85,65,64
-85,66,65
-85,67,66
-85,68,67
-85,69,68
-85,70,69
-85,71,70
-85,72,71
-85,73,72
-85,74,73
-85,75,74
-85,76,75
-85,77,76
-85,78,77
-85,79,78
-85,80,79
-85,81,80
-85,82,81
-85,83,82
-85,84,83
-85,85,84
-85,86,85
-85,87,86
-85,88,87
-85,89,88
-85,90,89
-85,91,90
-85,92,91
-85,93,92
-85,94,93
-85,95,94
-85,96,95
-85,97,96
-85,98,97
-85,99,98
-85,100,99
-85,101,100
-85,102,101
-85,103,102
-85,104,103
-85,105,104
-85,106,105
-85,107,106
-85,108,107
-85,109,108
-85,110,109
-85,111,110
-85,112,111
-85,113,112
-85,114,113
-85,115,114
-85,116,115
-85,117,116
-85,118,117
-85,119,118
-85,120,119
-85,121,120
-85,122,121
-85,123,122
-85,124,123
-85,125,124
-85,126,125
-85,127,126
-85,128,127
-85,129,128
-85,130,129
-85,131,130
-85,132,131
-85,133,132
-85,134,133
-85,135,134
-85,136,135
-85,137,136
-85,138,137
-85,139,138
-85,140,139
-85,141,140
-85,142,141
-85,143,142
-85,144,143
-85,145,144
-85,146,145
-85,147,146
-85,148,147
-85,149,148
-85,150,149
-85,151,150
-85,152,151
-85,153,152
-85,154,153
-85,155,154
-85,156,155
-85,157,156
-85,158,157
-85,159,158
-85,160,159
-85,161,160
-85,162,161
-85,163,162
-85,164,163
-85,165,164
-85,166,165
-85,167,166
-85,168,167
-85,169,168
-85,170,169
-85,171,170
-85,172,171
-85,173,172
-85,174,173
-85,175,174
-85,176,175
-85,177,176
-85,178,177
-85,179,178
-85,180,179
-85,181,180
-85,182,181
-85,183,182
-85,184,183
-85,185,184
-85,186,185
-85,187,186
-85,188,187
-85,189,188
-85,190,189
-85,191,190
-85,192,191
-85,193,192
-85,194,193
-85,195,194
-85,196,195
-85,197,196
-85,198,197
-85,199,198
-85,200,199
-85,201,200
-85,202,201
-85,203,202
-85,204,203
-85,205,204
-85,206,205
-85,207,206
-85,208,207
-85,209,208
-85,210,209
-85,211,210
-85,212,211
-85,213,212
-85,214,213
-85,215,214
-85,216,215
-85,217,216
-85,218,217
-85,219,218
-85,220,219
-85,221,220
-85,222,221
-85,223,222
-85,224,223
-85,225,224
-85,226,225
-85,227,226
-85,228,227
-85,229,228
-85,230,229
-85,231,230
-85,232,231
-85,233,232
-85,234,233
-85,235,234
-85,236,235
-85,237,236
-85,238,237
-85,239,238
-85,240,239
-85,241,240
-85,242,241
-85,243,242
-85,244,243
-85,245,244
-85,246,245
-85,247,246
-85,248,247
-85,249,248
-85,250,249
-85,251,250
-85,252,251
-85,253,252
-85,254,253
-85,255,254
-84,0,0
-84,1,0
-84,2,1
-84,3,2
-84,4,3
-84,5,4
-84,6,5
-84,7,6
-84,8,7
-84,9,8
-84,10,9
-84,11,10
-84,12,11
-84,13,12
-84,14,13
-84,15,14
-84,16,15
-84,17,16
-84,18,17
-84,19,18
-84,20,19
-84,21,20
-84,22,21
-84,23,22
-84,24,23
-84,25,24
-84,26,25
-84,27,26
-84,28,27
-84,29,28
-84,30,29
-84,31,30
-84,32,31
-84,33,32
-84,34,33
-84,35,34
-84,36,35
-84,37,36
-84,38,37
-84,39,38
-84,40,39
-84,41,40
-84,42,41
-84,43,42
-84,44,43
-84,45,44
-84,46,45
-84,47,46
-84,48,47
-84,49,48
-84,50,49
-84,51,50
-84,52,51
-84,53,52
-84,54,53
-84,55,54
-84,56,55
-84,57,56
-84,58,57
-84,59,58
-84,60,59
-84,61,60
-84,62,61
-84,63,62
-84,64,63
-84,65,64
-84,66,65
-84,67,66
-84,68,67
-84,69,68
-84,70,69
-84,71,70
-84,72,71
-84,73,72
-84,74,73
-84,75,74
-84,76,75
-84,77,76
-84,78,77
-84,79,78
-84,80,79
-84,81,80
-84,82,81
-84,83,82
-84,84,83
-84,85,84
-84,86,85
-84,87,86
-84,88,87
-84,89,88
-84,90,89
-84,91,90
-84,92,91
-84,93,92
-84,94,93
-84,95,94
-84,96,95
-84,97,96
-84,98,97
-84,99,98
-84,100,99
-84,101,100
-84,102,101
-84,103,102
-84,104,103
-84,105,104
-84,106,105
-84,107,106
-84,108,107
-84,109,108
-84,110,109
-84,111,110
-84,112,111
-84,113,112
-84,114,113
-84,115,114
-84,116,115
-84,117,116
-84,118,117
-84,119,118
-84,120,119
-84,121,120
-84,122,121
-84,123,122
-84,124,123
-84,125,124
-84,126,125
-84,127,126
-84,128,127
-84,129,128
-84,130,129
-84,131,130
-84,132,131
-84,133,132
-84,134,133
-84,135,134
-84,136,135
-84,137,136
-84,138,137
-84,139,138
-84,140,139
-84,141,140
-84,142,141
-84,143,142
-84,144,143
-84,145,144
-84,146,145
-84,147,146
-84,148,147
-84,149,148
-84,150,149
-84,151,150
-84,152,151
-84,153,152
-84,154,153
-84,155,154
-84,156,155
-84,157,156
-84,158,157
-84,159,158
-84,160,159
-84,161,160
-84,162,161
-84,163,162
-84,164,163
-84,165,164
-84,166,165
-84,167,166
-84,168,167
-84,169,168
-84,170,169
-84,171,170
-84,172,171
-84,173,172
-84,174,173
-84,175,174
-84,176,175
-84,177,176
-84,178,177
-84,179,178
-84,180,179
-84,181,180
-84,182,181
-84,183,182
-84,184,183
-84,185,184
-84,186,185
-84,187,186
-84,188,187
-84,189,188
-84,190,189
-84,191,190
-84,192,191
-84,193,192
-84,194,193
-84,195,194
-84,196,195
-84,197,196
-84,198,197
-84,199,198
-84,200,199
-84,201,200
-84,202,201
-84,203,202
-84,204,203
-84,205,204
-84,206,205
-84,207,206
-84,208,207
-84,209,208
-84,210,209
-84,211,210
-84,212,211
-84,213,212
-84,214,213
-84,215,214
-84,216,215
-84,217,216
-84,218,217
-84,219,218
-84,220,219
-84,221,220
-84,222,221
-84,223,222
-84,224,223
-84,225,224
-84,226,225
-84,227,226
-84,228,227
-84,229,228
-84,230,229
-84,231,230
-84,232,231
-84,233,232
-84,234,233
-84,235,234
-84,236,235
-84,237,236
-84,238,237
-84,239,238
-84,240,239
-84,241,240
-84,242,241
-84,243,242
-84,244,243
-84,245,244
-84,246,245
-84,247,246
-84,248,247
-84,249,248
-84,250,249
-84,251,250
-84,252,251
-84,253,252
-84,254,253
-84,255,254
-83,0,0
-83,1,0
-83,2,1
-83,3,2
-83,4,3
-83,5,4
-83,6,5
-83,7,6
-83,8,7
-83,9,8
-83,10,9
-83,11,10
-83,12,11
-83,13,12
-83,14,13
-83,15,14
-83,16,15
-83,17,16
-83,18,17
-83,19,18
-83,20,19
-83,21,20
-83,22,21
-83,23,22
-83,24,23
-83,25,24
-83,26,25
-83,27,26
-83,28,27
-83,29,28
-83,30,29
-83,31,30
-83,32,31
-83,33,32
-83,34,33
-83,35,34
-83,36,35
-83,37,36
-83,38,37
-83,39,38
-83,40,39
-83,41,40
-83,42,41
-83,43,42
-83,44,43
-83,45,44
-83,46,45
-83,47,46
-83,48,47
-83,49,48
-83,50,49
-83,51,50
-83,52,51
-83,53,52
-83,54,53
-83,55,54
-83,56,55
-83,57,56
-83,58,57
-83,59,58
-83,60,59
-83,61,60
-83,62,61
-83,63,62
-83,64,63
-83,65,64
-83,66,65
-83,67,66
-83,68,67
-83,69,68
-83,70,69
-83,71,70
-83,72,71
-83,73,72
-83,74,73
-83,75,74
-83,76,75
-83,77,76
-83,78,77
-83,79,78
-83,80,79
-83,81,80
-83,82,81
-83,83,82
-83,84,83
-83,85,84
-83,86,85
-83,87,86
-83,88,87
-83,89,88
-83,90,89
-83,91,90
-83,92,91
-83,93,92
-83,94,93
-83,95,94
-83,96,95
-83,97,96
-83,98,97
-83,99,98
-83,100,99
-83,101,100
-83,102,101
-83,103,102
-83,104,103
-83,105,104
-83,106,105
-83,107,106
-83,108,107
-83,109,108
-83,110,109
-83,111,110
-83,112,111
-83,113,112
-83,114,113
-83,115,114
-83,116,115
-83,117,116
-83,118,117
-83,119,118
-83,120,119
-83,121,120
-83,122,121
-83,123,122
-83,124,123
-83,125,124
-83,126,125
-83,127,126
-83,128,127
-83,129,128
-83,130,129
-83,131,130
-83,132,131
-83,133,132
-83,134,133
-83,135,134
-83,136,135
-83,137,136
-83,138,137
-83,139,138
-83,140,139
-83,141,140
-83,142,141
-83,143,142
-83,144,143
-83,145,144
-83,146,145
-83,147,146
-83,148,147
-83,149,148
-83,150,149
-83,151,150
-83,152,151
-83,153,152
-83,154,153
-83,155,154
-83,156,155
-83,157,156
-83,158,157
-83,159,158
-83,160,159
-83,161,160
-83,162,161
-83,163,162
-83,164,163
-83,165,164
-83,166,165
-83,167,166
-83,168,167
-83,169,168
-83,170,169
-83,171,170
-83,172,171
-83,173,172
-83,174,173
-83,175,174
-83,176,175
-83,177,176
-83,178,177
-83,179,178
-83,180,179
-83,181,180
-83,182,181
-83,183,182
-83,184,183
-83,185,184
-83,186,185
-83,187,186
-83,188,187
-83,189,188
-83,190,189
-83,191,190
-83,192,191
-83,193,192
-83,194,193
-83,195,194
-83,196,195
-83,197,196
-83,198,197
-83,199,198
-83,200,199
-83,201,200
-83,202,201
-83,203,202
-83,204,203
-83,205,204
-83,206,205
-83,207,206
-83,208,207
-83,209,208
-83,210,209
-83,211,210
-83,212,211
-83,213,212
-83,214,213
-83,215,214
-83,216,215
-83,217,216
-83,218,217
-83,219,218
-83,220,219
-83,221,220
-83,222,221
-83,223,222
-83,224,223
-83,225,224
-83,226,225
-83,227,226
-83,228,227
-83,229,228
-83,230,229
-83,231,230
-83,232,231
-83,233,232
-83,234,233
-83,235,234
-83,236,235
-83,237,236
-83,238,237
-83,239,238
-83,240,239
-83,241,240
-83,242,241
-83,243,242
-83,244,243
-83,245,244
-83,246,245
-83,247,246
-83,248,247
-83,249,248
-83,250,249
-83,251,250
-83,252,251
-83,253,252
-83,254,253
-83,255,254
-82,0,0
-82,1,0
-82,2,1
-82,3,2
-82,4,3
-82,5,4
-82,6,5
-82,7,6
-82,8,7
-82,9,8
-82,10,9
-82,11,10
-82,12,11
-82,13,12
-82,14,13
-82,15,14
-82,16,15
-82,17,16
-82,18,17
-82,19,18
-82,20,19
-82,21,20
-82,22,21
-82,23,22
-82,24,23
-82,25,24
-82,26,25
-82,27,26
-82,28,27
-82,29,28
-82,30,29
-82,31,30
-82,32,31
-82,33,32
-82,34,33
-82,35,34
-82,36,35
-82,37,36
-82,38,37
-82,39,38
-82,40,39
-82,41,40
-82,42,41
-82,43,42
-82,44,43
-82,45,44
-82,46,45
-82,47,46
-82,48,47
-82,49,48
-82,50,49
-82,51,50
-82,52,51
-82,53,52
-82,54,53
-82,55,54
-82,56,55
-82,57,56
-82,58,57
-82,59,58
-82,60,59
-82,61,60
-82,62,61
-82,63,62
-82,64,63
-82,65,64
-82,66,65
-82,67,66
-82,68,67
-82,69,68
-82,70,69
-82,71,70
-82,72,71
-82,73,72
-82,74,73
-82,75,74
-82,76,75
-82,77,76
-82,78,77
-82,79,78
-82,80,79
-82,81,80
-82,82,81
-82,83,82
-82,84,83
-82,85,84
-82,86,85
-82,87,86
-82,88,87
-82,89,88
-82,90,89
-82,91,90
-82,92,91
-82,93,92
-82,94,93
-82,95,94
-82,96,95
-82,97,96
-82,98,97
-82,99,98
-82,100,99
-82,101,100
-82,102,101
-82,103,102
-82,104,103
-82,105,104
-82,106,105
-82,107,106
-82,108,107
-82,109,108
-82,110,109
-82,111,110
-82,112,111
-82,113,112
-82,114,113
-82,115,114
-82,116,115
-82,117,116
-82,118,117
-82,119,118
-82,120,119
-82,121,120
-82,122,121
-82,123,122
-82,124,123
-82,125,124
-82,126,125
-82,127,126
-82,128,127
-82,129,128
-82,130,129
-82,131,130
-82,132,131
-82,133,132
-82,134,133
-82,135,134
-82,136,135
-82,137,136
-82,138,137
-82,139,138
-82,140,139
-82,141,140
-82,142,141
-82,143,142
-82,144,143
-82,145,144
-82,146,145
-82,147,146
-82,148,147
-82,149,148
-82,150,149
-82,151,150
-82,152,151
-82,153,152
-82,154,153
-82,155,154
-82,156,155
-82,157,156
-82,158,157
-82,159,158
-82,160,159
-82,161,160
-82,162,161
-82,163,162
-82,164,163
-82,165,164
-82,166,165
-82,167,166
-82,168,167
-82,169,168
-82,170,169
-82,171,170
-82,172,171
-82,173,172
-82,174,173
-82,175,174
-82,176,175
-82,177,176
-82,178,177
-82,179,178
-82,180,179
-82,181,180
-82,182,181
-82,183,182
-82,184,183
-82,185,184
-82,186,185
-82,187,186
-82,188,187
-82,189,188
-82,190,189
-82,191,190
-82,192,191
-82,193,192
-82,194,193
-82,195,194
-82,196,195
-82,197,196
-82,198,197
-82,199,198
-82,200,199
-82,201,200
-82,202,201
-82,203,202
-82,204,203
-82,205,204
-82,206,205
-82,207,206
-82,208,207
-82,209,208
-82,210,209
-82,211,210
-82,212,211
-82,213,212
-82,214,213
-82,215,214
-82,216,215
-82,217,216
-82,218,217
-82,219,218
-82,220,219
-82,221,220
-82,222,221
-82,223,222
-82,224,223
-82,225,224
-82,226,225
-82,227,226
-82,228,227
-82,229,228
-82,230,229
-82,231,230
-82,232,231
-82,233,232
-82,234,233
-82,235,234
-82,236,235
-82,237,236
-82,238,237
-82,239,238
-82,240,239
-82,241,240
-82,242,241
-82,243,242
-82,244,243
-82,245,244
-82,246,245
-82,247,246
-82,248,247
-82,249,248
-82,250,249
-82,251,250
-82,252,251
-82,253,252
-82,254,253
-82,255,254
-81,0,0
-81,1,0
-81,2,1
-81,3,2
-81,4,3
-81,5,4
-81,6,5
-81,7,6
-81,8,7
-81,9,8
-81,10,9
-81,11,10
-81,12,11
-81,13,12
-81,14,13
-81,15,14
-81,16,15
-81,17,16
-81,18,17
-81,19,18
-81,20,19
-81,21,20
-81,22,21
-81,23,22
-81,24,23
-81,25,24
-81,26,25
-81,27,26
-81,28,27
-81,29,28
-81,30,29
-81,31,30
-81,32,31
-81,33,32
-81,34,33
-81,35,34
-81,36,35
-81,37,36
-81,38,37
-81,39,38
-81,40,39
-81,41,40
-81,42,41
-81,43,42
-81,44,43
-81,45,44
-81,46,45
-81,47,46
-81,48,47
-81,49,48
-81,50,49
-81,51,50
-81,52,51
-81,53,52
-81,54,53
-81,55,54
-81,56,55
-81,57,56
-81,58,57
-81,59,58
-81,60,59
-81,61,60
-81,62,61
-81,63,62
-81,64,63
-81,65,64
-81,66,65
-81,67,66
-81,68,67
-81,69,68
-81,70,69
-81,71,70
-81,72,71
-81,73,72
-81,74,73
-81,75,74
-81,76,75
-81,77,76
-81,78,77
-81,79,78
-81,80,79
-81,81,80
-81,82,81
-81,83,82
-81,84,83
-81,85,84
-81,86,85
-81,87,86
-81,88,87
-81,89,88
-81,90,89
-81,91,90
-81,92,91
-81,93,92
-81,94,93
-81,95,94
-81,96,95
-81,97,96
-81,98,97
-81,99,98
-81,100,99
-81,101,100
-81,102,101
-81,103,102
-81,104,103
-81,105,104
-81,106,105
-81,107,106
-81,108,107
-81,109,108
-81,110,109
-81,111,110
-81,112,111
-81,113,112
-81,114,113
-81,115,114
-81,116,115
-81,117,116
-81,118,117
-81,119,118
-81,120,119
-81,121,120
-81,122,121
-81,123,122
-81,124,123
-81,125,124
-81,126,125
-81,127,126
-81,128,127
-81,129,128
-81,130,129
-81,131,130
-81,132,131
-81,133,132
-81,134,133
-81,135,134
-81,136,135
-81,137,136
-81,138,137
-81,139,138
-81,140,139
-81,141,140
-81,142,141
-81,143,142
-81,144,143
-81,145,144
-81,146,145
-81,147,146
-81,148,147
-81,149,148
-81,150,149
-81,151,150
-81,152,151
-81,153,152
-81,154,153
-81,155,154
-81,156,155
-81,157,156
-81,158,157
-81,159,158
-81,160,159
-81,161,160
-81,162,161
-81,163,162
-81,164,163
-81,165,164
-81,166,165
-81,167,166
-81,168,167
-81,169,168
-81,170,169
-81,171,170
-81,172,171
-81,173,172
-81,174,173
-81,175,174
-81,176,175
-81,177,176
-81,178,177
-81,179,178
-81,180,179
-81,181,180
-81,182,181
-81,183,182
-81,184,183
-81,185,184
-81,186,185
-81,187,186
-81,188,187
-81,189,188
-81,190,189
-81,191,190
-81,192,191
-81,193,192
-81,194,193
-81,195,194
-81,196,195
-81,197,196
-81,198,197
-81,199,198
-81,200,199
-81,201,200
-81,202,201
-81,203,202
-81,204,203
-81,205,204
-81,206,205
-81,207,206
-81,208,207
-81,209,208
-81,210,209
-81,211,210
-81,212,211
-81,213,212
-81,214,213
-81,215,214
-81,216,215
-81,217,216
-81,218,217
-81,219,218
-81,220,219
-81,221,220
-81,222,221
-81,223,222
-81,224,223
-81,225,224
-81,226,225
-81,227,226
-81,228,227
-81,229,228
-81,230,229
-81,231,230
-81,232,231
-81,233,232
-81,234,233
-81,235,234
-81,236,235
-81,237,236
-81,238,237
-81,239,238
-81,240,239
-81,241,240
-81,242,241
-81,243,242
-81,244,243
-81,245,244
-81,246,245
-81,247,246
-81,248,247
-81,249,248
-81,250,249
-81,251,250
-81,252,251
-81,253,252
-81,254,253
-81,255,254
-80,0,0
-80,1,0
-80,2,1
-80,3,2
-80,4,3
-80,5,4
-80,6,5
-80,7,6
-80,8,7
-80,9,8
-80,10,9
-80,11,10
-80,12,11
-80,13,12
-80,14,13
-80,15,14
-80,16,15
-80,17,16
-80,18,17
-80,19,18
-80,20,19
-80,21,20
-80,22,21
-80,23,22
-80,24,23
-80,25,24
-80,26,25
-80,27,26
-80,28,27
-80,29,28
-80,30,29
-80,31,30
-80,32,31
-80,33,32
-80,34,33
-80,35,34
-80,36,35
-80,37,36
-80,38,37
-80,39,38
-80,40,39
-80,41,40
-80,42,41
-80,43,42
-80,44,43
-80,45,44
-80,46,45
-80,47,46
-80,48,47
-80,49,48
-80,50,49
-80,51,50
-80,52,51
-80,53,52
-80,54,53
-80,55,54
-80,56,55
-80,57,56
-80,58,57
-80,59,58
-80,60,59
-80,61,60
-80,62,61
-80,63,62
-80,64,63
-80,65,64
-80,66,65
-80,67,66
-80,68,67
-80,69,68
-80,70,69
-80,71,70
-80,72,71
-80,73,72
-80,74,73
-80,75,74
-80,76,75
-80,77,76
-80,78,77
-80,79,78
-80,80,79
-80,81,80
-80,82,81
-80,83,82
-80,84,83
-80,85,84
-80,86,85
-80,87,86
-80,88,87
-80,89,88
-80,90,89
-80,91,90
-80,92,91
-80,93,92
-80,94,93
-80,95,94
-80,96,95
-80,97,96
-80,98,97
-80,99,98
-80,100,99
-80,101,100
-80,102,101
-80,103,102
-80,104,103
-80,105,104
-80,106,105
-80,107,106
-80,108,107
-80,109,108
-80,110,109
-80,111,110
-80,112,111
-80,113,112
-80,114,113
-80,115,114
-80,116,115
-80,117,116
-80,118,117
-80,119,118
-80,120,119
-80,121,120
-80,122,121
-80,123,122
-80,124,123
-80,125,124
-80,126,125
-80,127,126
-80,128,127
-80,129,128
-80,130,129
-80,131,130
-80,132,131
-80,133,132
-80,134,133
-80,135,134
-80,136,135
-80,137,136
-80,138,137
-80,139,138
-80,140,139
-80,141,140
-80,142,141
-80,143,142
-80,144,143
-80,145,144
-80,146,145
-80,147,146
-80,148,147
-80,149,148
-80,150,149
-80,151,150
-80,152,151
-80,153,152
-80,154,153
-80,155,154
-80,156,155
-80,157,156
-80,158,157
-80,159,158
-80,160,159
-80,161,160
-80,162,161
-80,163,162
-80,164,163
-80,165,164
-80,166,165
-80,167,166
-80,168,167
-80,169,168
-80,170,169
-80,171,170
-80,172,171
-80,173,172
-80,174,173
-80,175,174
-80,176,175
-80,177,176
-80,178,177
-80,179,178
-80,180,179
-80,181,180
-80,182,181
-80,183,182
-80,184,183
-80,185,184
-80,186,185
-80,187,186
-80,188,187
-80,189,188
-80,190,189
-80,191,190
-80,192,191
-80,193,192
-80,194,193
-80,195,194
-80,196,195
-80,197,196
-80,198,197
-80,199,198
-80,200,199
-80,201,200
-80,202,201
-80,203,202
-80,204,203
-80,205,204
-80,206,205
-80,207,206
-80,208,207
-80,209,208
-80,210,209
-80,211,210
-80,212,211
-80,213,212
-80,214,213
-80,215,214
-80,216,215
-80,217,216
-80,218,217
-80,219,218
-80,220,219
-80,221,220
-80,222,221
-80,223,222
-80,224,223
-80,225,224
-80,226,225
-80,227,226
-80,228,227
-80,229,228
-80,230,229
-80,231,230
-80,232,231
-80,233,232
-80,234,233
-80,235,234
-80,236,235
-80,237,236
-80,238,237
-80,239,238
-80,240,239
-80,241,240
-80,242,241
-80,243,242
-80,244,243
-80,245,244
-80,246,245
-80,247,246
-80,248,247
-80,249,248
-80,250,249
-80,251,250
-80,252,251
-80,253,252
-80,254,253
-80,255,254
-79,0,0
-79,1,0
-79,2,1
-79,3,2
-79,4,3
-79,5,4
-79,6,5
-79,7,6
-79,8,7
-79,9,8
-79,10,9
-79,11,10
-79,12,11
-79,13,12
-79,14,13
-79,15,14
-79,16,15
-79,17,16
-79,18,17
-79,19,18
-79,20,19
-79,21,20
-79,22,21
-79,23,22
-79,24,23
-79,25,24
-79,26,25
-79,27,26
-79,28,27
-79,29,28
-79,30,29
-79,31,30
-79,32,31
-79,33,32
-79,34,33
-79,35,34
-79,36,35
-79,37,36
-79,38,37
-79,39,38
-79,40,39
-79,41,40
-79,42,41
-79,43,42
-79,44,43
-79,45,44
-79,46,45
-79,47,46
-79,48,47
-79,49,48
-79,50,49
-79,51,50
-79,52,51
-79,53,52
-79,54,53
-79,55,54
-79,56,55
-79,57,56
-79,58,57
-79,59,58
-79,60,59
-79,61,60
-79,62,61
-79,63,62
-79,64,63
-79,65,64
-79,66,65
-79,67,66
-79,68,67
-79,69,68
-79,70,69
-79,71,70
-79,72,71
-79,73,72
-79,74,73
-79,75,74
-79,76,75
-79,77,76
-79,78,77
-79,79,78
-79,80,79
-79,81,80
-79,82,81
-79,83,82
-79,84,83
-79,85,84
-79,86,85
-79,87,86
-79,88,87
-79,89,88
-79,90,89
-79,91,90
-79,92,91
-79,93,92
-79,94,93
-79,95,94
-79,96,95
-79,97,96
-79,98,97
-79,99,98
-79,100,99
-79,101,100
-79,102,101
-79,103,102
-79,104,103
-79,105,104
-79,106,105
-79,107,106
-79,108,107
-79,109,108
-79,110,109
-79,111,110
-79,112,111
-79,113,112
-79,114,113
-79,115,114
-79,116,115
-79,117,116
-79,118,117
-79,119,118
-79,120,119
-79,121,120
-79,122,121
-79,123,122
-79,124,123
-79,125,124
-79,126,125
-79,127,126
-79,128,127
-79,129,128
-79,130,129
-79,131,130
-79,132,131
-79,133,132
-79,134,133
-79,135,134
-79,136,135
-79,137,136
-79,138,137
-79,139,138
-79,140,139
-79,141,140
-79,142,141
-79,143,142
-79,144,143
-79,145,144
-79,146,145
-79,147,146
-79,148,147
-79,149,148
-79,150,149
-79,151,150
-79,152,151
-79,153,152
-79,154,153
-79,155,154
-79,156,155
-79,157,156
-79,158,157
-79,159,158
-79,160,159
-79,161,160
-79,162,161
-79,163,162
-79,164,163
-79,165,164
-79,166,165
-79,167,166
-79,168,167
-79,169,168
-79,170,169
-79,171,170
-79,172,171
-79,173,172
-79,174,173
-79,175,174
-79,176,175
-79,177,176
-79,178,177
-79,179,178
-79,180,179
-79,181,180
-79,182,181
-79,183,182
-79,184,183
-79,185,184
-79,186,185
-79,187,186
-79,188,187
-79,189,188
-79,190,189
-79,191,190
-79,192,191
-79,193,192
-79,194,193
-79,195,194
-79,196,195
-79,197,196
-79,198,197
-79,199,198
-79,200,199
-79,201,200
-79,202,201
-79,203,202
-79,204,203
-79,205,204
-79,206,205
-79,207,206
-79,208,207
-79,209,208
-79,210,209
-79,211,210
-79,212,211
-79,213,212
-79,214,213
-79,215,214
-79,216,215
-79,217,216
-79,218,217
-79,219,218
-79,220,219
-79,221,220
-79,222,221
-79,223,222
-79,224,223
-79,225,224
-79,226,225
-79,227,226
-79,228,227
-79,229,228
-79,230,229
-79,231,230
-79,232,231
-79,233,232
-79,234,233
-79,235,234
-79,236,235
-79,237,236
-79,238,237
-79,239,238
-79,240,239
-79,241,240
-79,242,241
-79,243,242
-79,244,243
-79,245,244
-79,246,245
-79,247,246
-79,248,247
-79,249,248
-79,250,249
-79,251,250
-79,252,251
-79,253,252
-79,254,253
-79,255,254
-78,0,0
-78,1,0
-78,2,1
-78,3,2
-78,4,3
-78,5,4
-78,6,5
-78,7,6
-78,8,7
-78,9,8
-78,10,9
-78,11,10
-78,12,11
-78,13,12
-78,14,13
-78,15,14
-78,16,15
-78,17,16
-78,18,17
-78,19,18
-78,20,19
-78,21,20
-78,22,21
-78,23,22
-78,24,23
-78,25,24
-78,26,25
-78,27,26
-78,28,27
-78,29,28
-78,30,29
-78,31,30
-78,32,31
-78,33,32
-78,34,33
-78,35,34
-78,36,35
-78,37,36
-78,38,37
-78,39,38
-78,40,39
-78,41,40
-78,42,41
-78,43,42
-78,44,43
-78,45,44
-78,46,45
-78,47,46
-78,48,47
-78,49,48
-78,50,49
-78,51,50
-78,52,51
-78,53,52
-78,54,53
-78,55,54
-78,56,55
-78,57,56
-78,58,57
-78,59,58
-78,60,59
-78,61,60
-78,62,61
-78,63,62
-78,64,63
-78,65,64
-78,66,65
-78,67,66
-78,68,67
-78,69,68
-78,70,69
-78,71,70
-78,72,71
-78,73,72
-78,74,73
-78,75,74
-78,76,75
-78,77,76
-78,78,77
-78,79,78
-78,80,79
-78,81,80
-78,82,81
-78,83,82
-78,84,83
-78,85,84
-78,86,85
-78,87,86
-78,88,87
-78,89,88
-78,90,89
-78,91,90
-78,92,91
-78,93,92
-78,94,93
-78,95,94
-78,96,95
-78,97,96
-78,98,97
-78,99,98
-78,100,99
-78,101,100
-78,102,101
-78,103,102
-78,104,103
-78,105,104
-78,106,105
-78,107,106
-78,108,107
-78,109,108
-78,110,109
-78,111,110
-78,112,111
-78,113,112
-78,114,113
-78,115,114
-78,116,115
-78,117,116
-78,118,117
-78,119,118
-78,120,119
-78,121,120
-78,122,121
-78,123,122
-78,124,123
-78,125,124
-78,126,125
-78,127,126
-78,128,127
-78,129,128
-78,130,129
-78,131,130
-78,132,131
-78,133,132
-78,134,133
-78,135,134
-78,136,135
-78,137,136
-78,138,137
-78,139,138
-78,140,139
-78,141,140
-78,142,141
-78,143,142
-78,144,143
-78,145,144
-78,146,145
-78,147,146
-78,148,147
-78,149,148
-78,150,149
-78,151,150
-78,152,151
-78,153,152
-78,154,153
-78,155,154
-78,156,155
-78,157,156
-78,158,157
-78,159,158
-78,160,159
-78,161,160
-78,162,161
-78,163,162
-78,164,163
-78,165,164
-78,166,165
-78,167,166
-78,168,167
-78,169,168
-78,170,169
-78,171,170
-78,172,171
-78,173,172
-78,174,173
-78,175,174
-78,176,175
-78,177,176
-78,178,177
-78,179,178
-78,180,179
-78,181,180
-78,182,181
-78,183,182
-78,184,183
-78,185,184
-78,186,185
-78,187,186
-78,188,187
-78,189,188
-78,190,189
-78,191,190
-78,192,191
-78,193,192
-78,194,193
-78,195,194
-78,196,195
-78,197,196
-78,198,197
-78,199,198
-78,200,199
-78,201,200
-78,202,201
-78,203,202
-78,204,203
-78,205,204
-78,206,205
-78,207,206
-78,208,207
-78,209,208
-78,210,209
-78,211,210
-78,212,211
-78,213,212
-78,214,213
-78,215,214
-78,216,215
-78,217,216
-78,218,217
-78,219,218
-78,220,219
-78,221,220
-78,222,221
-78,223,222
-78,224,223
-78,225,224
-78,226,225
-78,227,226
-78,228,227
-78,229,228
-78,230,229
-78,231,230
-78,232,231
-78,233,232
-78,234,233
-78,235,234
-78,236,235
-78,237,236
-78,238,237
-78,239,238
-78,240,239
-78,241,240
-78,242,241
-78,243,242
-78,244,243
-78,245,244
-78,246,245
-78,247,246
-78,248,247
-78,249,248
-78,250,249
-78,251,250
-78,252,251
-78,253,252
-78,254,253
-78,255,254
-77,0,0
-77,1,0
-77,2,1
-77,3,2
-77,4,3
-77,5,4
-77,6,5
-77,7,6
-77,8,7
-77,9,8
-77,10,9
-77,11,10
-77,12,11
-77,13,12
-77,14,13
-77,15,14
-77,16,15
-77,17,16
-77,18,17
-77,19,18
-77,20,19
-77,21,20
-77,22,21
-77,23,22
-77,24,23
-77,25,24
-77,26,25
-77,27,26
-77,28,27
-77,29,28
-77,30,29
-77,31,30
-77,32,31
-77,33,32
-77,34,33
-77,35,34
-77,36,35
-77,37,36
-77,38,37
-77,39,38
-77,40,39
-77,41,40
-77,42,41
-77,43,42
-77,44,43
-77,45,44
-77,46,45
-77,47,46
-77,48,47
-77,49,48
-77,50,49
-77,51,50
-77,52,51
-77,53,52
-77,54,53
-77,55,54
-77,56,55
-77,57,56
-77,58,57
-77,59,58
-77,60,59
-77,61,60
-77,62,61
-77,63,62
-77,64,63
-77,65,64
-77,66,65
-77,67,66
-77,68,67
-77,69,68
-77,70,69
-77,71,70
-77,72,71
-77,73,72
-77,74,73
-77,75,74
-77,76,75
-77,77,76
-77,78,77
-77,79,78
-77,80,79
-77,81,80
-77,82,81
-77,83,82
-77,84,83
-77,85,84
-77,86,85
-77,87,86
-77,88,87
-77,89,88
-77,90,89
-77,91,90
-77,92,91
-77,93,92
-77,94,93
-77,95,94
-77,96,95
-77,97,96
-77,98,97
-77,99,98
-77,100,99
-77,101,100
-77,102,101
-77,103,102
-77,104,103
-77,105,104
-77,106,105
-77,107,106
-77,108,107
-77,109,108
-77,110,109
-77,111,110
-77,112,111
-77,113,112
-77,114,113
-77,115,114
-77,116,115
-77,117,116
-77,118,117
-77,119,118
-77,120,119
-77,121,120
-77,122,121
-77,123,122
-77,124,123
-77,125,124
-77,126,125
-77,127,126
-77,128,127
-77,129,128
-77,130,129
-77,131,130
-77,132,131
-77,133,132
-77,134,133
-77,135,134
-77,136,135
-77,137,136
-77,138,137
-77,139,138
-77,140,139
-77,141,140
-77,142,141
-77,143,142
-77,144,143
-77,145,144
-77,146,145
-77,147,146
-77,148,147
-77,149,148
-77,150,149
-77,151,150
-77,152,151
-77,153,152
-77,154,153
-77,155,154
-77,156,155
-77,157,156
-77,158,157
-77,159,158
-77,160,159
-77,161,160
-77,162,161
-77,163,162
-77,164,163
-77,165,164
-77,166,165
-77,167,166
-77,168,167
-77,169,168
-77,170,169
-77,171,170
-77,172,171
-77,173,172
-77,174,173
-77,175,174
-77,176,175
-77,177,176
-77,178,177
-77,179,178
-77,180,179
-77,181,180
-77,182,181
-77,183,182
-77,184,183
-77,185,184
-77,186,185
-77,187,186
-77,188,187
-77,189,188
-77,190,189
-77,191,190
-77,192,191
-77,193,192
-77,194,193
-77,195,194
-77,196,195
-77,197,196
-77,198,197
-77,199,198
-77,200,199
-77,201,200
-77,202,201
-77,203,202
-77,204,203
-77,205,204
-77,206,205
-77,207,206
-77,208,207
-77,209,208
-77,210,209
-77,211,210
-77,212,211
-77,213,212
-77,214,213
-77,215,214
-77,216,215
-77,217,216
-77,218,217
-77,219,218
-77,220,219
-77,221,220
-77,222,221
-77,223,222
-77,224,223
-77,225,224
-77,226,225
-77,227,226
-77,228,227
-77,229,228
-77,230,229
-77,231,230
-77,232,231
-77,233,232
-77,234,233
-77,235,234
-77,236,235
-77,237,236
-77,238,237
-77,239,238
-77,240,239
-77,241,240
-77,242,241
-77,243,242
-77,244,243
-77,245,244
-77,246,245
-77,247,246
-77,248,247
-77,249,248
-77,250,249
-77,251,250
-77,252,251
-77,253,252
-77,254,253
-77,255,254
-76,0,0
-76,1,0
-76,2,1
-76,3,2
-76,4,3
-76,5,4
-76,6,5
-76,7,6
-76,8,7
-76,9,8
-76,10,9
-76,11,10
-76,12,11
-76,13,12
-76,14,13
-76,15,14
-76,16,15
-76,17,16
-76,18,17
-76,19,18
-76,20,19
-76,21,20
-76,22,21
-76,23,22
-76,24,23
-76,25,24
-76,26,25
-76,27,26
-76,28,27
-76,29,28
-76,30,29
-76,31,30
-76,32,31
-76,33,32
-76,34,33
-76,35,34
-76,36,35
-76,37,36
-76,38,37
-76,39,38
-76,40,39
-76,41,40
-76,42,41
-76,43,42
-76,44,43
-76,45,44
-76,46,45
-76,47,46
-76,48,47
-76,49,48
-76,50,49
-76,51,50
-76,52,51
-76,53,52
-76,54,53
-76,55,54
-76,56,55
-76,57,56
-76,58,57
-76,59,58
-76,60,59
-76,61,60
-76,62,61
-76,63,62
-76,64,63
-76,65,64
-76,66,65
-76,67,66
-76,68,67
-76,69,68
-76,70,69
-76,71,70
-76,72,71
-76,73,72
-76,74,73
-76,75,74
-76,76,75
-76,77,76
-76,78,77
-76,79,78
-76,80,79
-76,81,80
-76,82,81
-76,83,82
-76,84,83
-76,85,84
-76,86,85
-76,87,86
-76,88,87
-76,89,88
-76,90,89
-76,91,90
-76,92,91
-76,93,92
-76,94,93
-76,95,94
-76,96,95
-76,97,96
-76,98,97
-76,99,98
-76,100,99
-76,101,100
-76,102,101
-76,103,102
-76,104,103
-76,105,104
-76,106,105
-76,107,106
-76,108,107
-76,109,108
-76,110,109
-76,111,110
-76,112,111
-76,113,112
-76,114,113
-76,115,114
-76,116,115
-76,117,116
-76,118,117
-76,119,118
-76,120,119
-76,121,120
-76,122,121
-76,123,122
-76,124,123
-76,125,124
-76,126,125
-76,127,126
-76,128,127
-76,129,128
-76,130,129
-76,131,130
-76,132,131
-76,133,132
-76,134,133
-76,135,134
-76,136,135
-76,137,136
-76,138,137
-76,139,138
-76,140,139
-76,141,140
-76,142,141
-76,143,142
-76,144,143
-76,145,144
-76,146,145
-76,147,146
-76,148,147
-76,149,148
-76,150,149
-76,151,150
-76,152,151
-76,153,152
-76,154,153
-76,155,154
-76,156,155
-76,157,156
-76,158,157
-76,159,158
-76,160,159
-76,161,160
-76,162,161
-76,163,162
-76,164,163
-76,165,164
-76,166,165
-76,167,166
-76,168,167
-76,169,168
-76,170,169
-76,171,170
-76,172,171
-76,173,172
-76,174,173
-76,175,174
-76,176,175
-76,177,176
-76,178,177
-76,179,178
-76,180,179
-76,181,180
-76,182,181
-76,183,182
-76,184,183
-76,185,184
-76,186,185
-76,187,186
-76,188,187
-76,189,188
-76,190,189
-76,191,190
-76,192,191
-76,193,192
-76,194,193
-76,195,194
-76,196,195
-76,197,196
-76,198,197
-76,199,198
-76,200,199
-76,201,200
-76,202,201
-76,203,202
-76,204,203
-76,205,204
-76,206,205
-76,207,206
-76,208,207
-76,209,208
-76,210,209
-76,211,210
-76,212,211
-76,213,212
-76,214,213
-76,215,214
-76,216,215
-76,217,216
-76,218,217
-76,219,218
-76,220,219
-76,221,220
-76,222,221
-76,223,222
-76,224,223
-76,225,224
-76,226,225
-76,227,226
-76,228,227
-76,229,228
-76,230,229
-76,231,230
-76,232,231
-76,233,232
-76,234,233
-76,235,234
-76,236,235
-76,237,236
-76,238,237
-76,239,238
-76,240,239
-76,241,240
-76,242,241
-76,243,242
-76,244,243
-76,245,244
-76,246,245
-76,247,246
-76,248,247
-76,249,248
-76,250,249
-76,251,250
-76,252,251
-76,253,252
-76,254,253
-76,255,254
-75,0,0
-75,1,0
-75,2,1
-75,3,2
-75,4,3
-75,5,4
-75,6,5
-75,7,6
-75,8,7
-75,9,8
-75,10,9
-75,11,10
-75,12,11
-75,13,12
-75,14,13
-75,15,14
-75,16,15
-75,17,16
-75,18,17
-75,19,18
-75,20,19
-75,21,20
-75,22,21
-75,23,22
-75,24,23
-75,25,24
-75,26,25
-75,27,26
-75,28,27
-75,29,28
-75,30,29
-75,31,30
-75,32,31
-75,33,32
-75,34,33
-75,35,34
-75,36,35
-75,37,36
-75,38,37
-75,39,38
-75,40,39
-75,41,40
-75,42,41
-75,43,42
-75,44,43
-75,45,44
-75,46,45
-75,47,46
-75,48,47
-75,49,48
-75,50,49
-75,51,50
-75,52,51
-75,53,52
-75,54,53
-75,55,54
-75,56,55
-75,57,56
-75,58,57
-75,59,58
-75,60,59
-75,61,60
-75,62,61
-75,63,62
-75,64,63
-75,65,64
-75,66,65
-75,67,66
-75,68,67
-75,69,68
-75,70,69
-75,71,70
-75,72,71
-75,73,72
-75,74,73
-75,75,74
-75,76,75
-75,77,76
-75,78,77
-75,79,78
-75,80,79
-75,81,80
-75,82,81
-75,83,82
-75,84,83
-75,85,84
-75,86,85
-75,87,86
-75,88,87
-75,89,88
-75,90,89
-75,91,90
-75,92,91
-75,93,92
-75,94,93
-75,95,94
-75,96,95
-75,97,96
-75,98,97
-75,99,98
-75,100,99
-75,101,100
-75,102,101
-75,103,102
-75,104,103
-75,105,104
-75,106,105
-75,107,106
-75,108,107
-75,109,108
-75,110,109
-75,111,110
-75,112,111
-75,113,112
-75,114,113
-75,115,114
-75,116,115
-75,117,116
-75,118,117
-75,119,118
-75,120,119
-75,121,120
-75,122,121
-75,123,122
-75,124,123
-75,125,124
-75,126,125
-75,127,126
-75,128,127
-75,129,128
-75,130,129
-75,131,130
-75,132,131
-75,133,132
-75,134,133
-75,135,134
-75,136,135
-75,137,136
-75,138,137
-75,139,138
-75,140,139
-75,141,140
-75,142,141
-75,143,142
-75,144,143
-75,145,144
-75,146,145
-75,147,146
-75,148,147
-75,149,148
-75,150,149
-75,151,150
-75,152,151
-75,153,152
-75,154,153
-75,155,154
-75,156,155
-75,157,156
-75,158,157
-75,159,158
-75,160,159
-75,161,160
-75,162,161
-75,163,162
-75,164,163
-75,165,164
-75,166,165
-75,167,166
-75,168,167
-75,169,168
-75,170,169
-75,171,170
-75,172,171
-75,173,172
-75,174,173
-75,175,174
-75,176,175
-75,177,176
-75,178,177
-75,179,178
-75,180,179
-75,181,180
-75,182,181
-75,183,182
-75,184,183
-75,185,184
-75,186,185
-75,187,186
-75,188,187
-75,189,188
-75,190,189
-75,191,190
-75,192,191
-75,193,192
-75,194,193
-75,195,194
-75,196,195
-75,197,196
-75,198,197
-75,199,198
-75,200,199
-75,201,200
-75,202,201
-75,203,202
-75,204,203
-75,205,204
-75,206,205
-75,207,206
-75,208,207
-75,209,208
-75,210,209
-75,211,210
-75,212,211
-75,213,212
-75,214,213
-75,215,214
-75,216,215
-75,217,216
-75,218,217
-75,219,218
-75,220,219
-75,221,220
-75,222,221
-75,223,222
-75,224,223
-75,225,224
-75,226,225
-75,227,226
-75,228,227
-75,229,228
-75,230,229
-75,231,230
-75,232,231
-75,233,232
-75,234,233
-75,235,234
-75,236,235
-75,237,236
-75,238,237
-75,239,238
-75,240,239
-75,241,240
-75,242,241
-75,243,242
-75,244,243
-75,245,244
-75,246,245
-75,247,246
-75,248,247
-75,249,248
-75,250,249
-75,251,250
-75,252,251
-75,253,252
-75,254,253
-75,255,254
-74,0,0
-74,1,0
-74,2,1
-74,3,2
-74,4,3
-74,5,4
-74,6,5
-74,7,6
-74,8,7
-74,9,8
-74,10,9
-74,11,10
-74,12,11
-74,13,12
-74,14,13
-74,15,14
-74,16,15
-74,17,16
-74,18,17
-74,19,18
-74,20,19
-74,21,20
-74,22,21
-74,23,22
-74,24,23
-74,25,24
-74,26,25
-74,27,26
-74,28,27
-74,29,28
-74,30,29
-74,31,30
-74,32,31
-74,33,32
-74,34,33
-74,35,34
-74,36,35
-74,37,36
-74,38,37
-74,39,38
-74,40,39
-74,41,40
-74,42,41
-74,43,42
-74,44,43
-74,45,44
-74,46,45
-74,47,46
-74,48,47
-74,49,48
-74,50,49
-74,51,50
-74,52,51
-74,53,52
-74,54,53
-74,55,54
-74,56,55
-74,57,56
-74,58,57
-74,59,58
-74,60,59
-74,61,60
-74,62,61
-74,63,62
-74,64,63
-74,65,64
-74,66,65
-74,67,66
-74,68,67
-74,69,68
-74,70,69
-74,71,70
-74,72,71
-74,73,72
-74,74,73
-74,75,74
-74,76,75
-74,77,76
-74,78,77
-74,79,78
-74,80,79
-74,81,80
-74,82,81
-74,83,82
-74,84,83
-74,85,84
-74,86,85
-74,87,86
-74,88,87
-74,89,88
-74,90,89
-74,91,90
-74,92,91
-74,93,92
-74,94,93
-74,95,94
-74,96,95
-74,97,96
-74,98,97
-74,99,98
-74,100,99
-74,101,100
-74,102,101
-74,103,102
-74,104,103
-74,105,104
-74,106,105
-74,107,106
-74,108,107
-74,109,108
-74,110,109
-74,111,110
-74,112,111
-74,113,112
-74,114,113
-74,115,114
-74,116,115
-74,117,116
-74,118,117
-74,119,118
-74,120,119
-74,121,120
-74,122,121
-74,123,122
-74,124,123
-74,125,124
-74,126,125
-74,127,126
-74,128,127
-74,129,128
-74,130,129
-74,131,130
-74,132,131
-74,133,132
-74,134,133
-74,135,134
-74,136,135
-74,137,136
-74,138,137
-74,139,138
-74,140,139
-74,141,140
-74,142,141
-74,143,142
-74,144,143
-74,145,144
-74,146,145
-74,147,146
-74,148,147
-74,149,148
-74,150,149
-74,151,150
-74,152,151
-74,153,152
-74,154,153
-74,155,154
-74,156,155
-74,157,156
-74,158,157
-74,159,158
-74,160,159
-74,161,160
-74,162,161
-74,163,162
-74,164,163
-74,165,164
-74,166,165
-74,167,166
-74,168,167
-74,169,168
-74,170,169
-74,171,170
-74,172,171
-74,173,172
-74,174,173
-74,175,174
-74,176,175
-74,177,176
-74,178,177
-74,179,178
-74,180,179
-74,181,180
-74,182,181
-74,183,182
-74,184,183
-74,185,184
-74,186,185
-74,187,186
-74,188,187
-74,189,188
-74,190,189
-74,191,190
-74,192,191
-74,193,192
-74,194,193
-74,195,194
-74,196,195
-74,197,196
-74,198,197
-74,199,198
-74,200,199
-74,201,200
-74,202,201
-74,203,202
-74,204,203
-74,205,204
-74,206,205
-74,207,206
-74,208,207
-74,209,208
-74,210,209
-74,211,210
-74,212,211
-74,213,212
-74,214,213
-74,215,214
-74,216,215
-74,217,216
-74,218,217
-74,219,218
-74,220,219
-74,221,220
-74,222,221
-74,223,222
-74,224,223
-74,225,224
-74,226,225
-74,227,226
-74,228,227
-74,229,228
-74,230,229
-74,231,230
-74,232,231
-74,233,232
-74,234,233
-74,235,234
-74,236,235
-74,237,236
-74,238,237
-74,239,238
-74,240,239
-74,241,240
-74,242,241
-74,243,242
-74,244,243
-74,245,244
-74,246,245
-74,247,246
-74,248,247
-74,249,248
-74,250,249
-74,251,250
-74,252,251
-74,253,252
-74,254,253
-74,255,254
-73,0,0
-73,1,0
-73,2,1
-73,3,2
-73,4,3
-73,5,4
-73,6,5
-73,7,6
-73,8,7
-73,9,8
-73,10,9
-73,11,10
-73,12,11
-73,13,12
-73,14,13
-73,15,14
-73,16,15
-73,17,16
-73,18,17
-73,19,18
-73,20,19
-73,21,20
-73,22,21
-73,23,22
-73,24,23
-73,25,24
-73,26,25
-73,27,26
-73,28,27
-73,29,28
-73,30,29
-73,31,30
-73,32,31
-73,33,32
-73,34,33
-73,35,34
-73,36,35
-73,37,36
-73,38,37
-73,39,38
-73,40,39
-73,41,40
-73,42,41
-73,43,42
-73,44,43
-73,45,44
-73,46,45
-73,47,46
-73,48,47
-73,49,48
-73,50,49
-73,51,50
-73,52,51
-73,53,52
-73,54,53
-73,55,54
-73,56,55
-73,57,56
-73,58,57
-73,59,58
-73,60,59
-73,61,60
-73,62,61
-73,63,62
-73,64,63
-73,65,64
-73,66,65
-73,67,66
-73,68,67
-73,69,68
-73,70,69
-73,71,70
-73,72,71
-73,73,72
-73,74,73
-73,75,74
-73,76,75
-73,77,76
-73,78,77
-73,79,78
-73,80,79
-73,81,80
-73,82,81
-73,83,82
-73,84,83
-73,85,84
-73,86,85
-73,87,86
-73,88,87
-73,89,88
-73,90,89
-73,91,90
-73,92,91
-73,93,92
-73,94,93
-73,95,94
-73,96,95
-73,97,96
-73,98,97
-73,99,98
-73,100,99
-73,101,100
-73,102,101
-73,103,102
-73,104,103
-73,105,104
-73,106,105
-73,107,106
-73,108,107
-73,109,108
-73,110,109
-73,111,110
-73,112,111
-73,113,112
-73,114,113
-73,115,114
-73,116,115
-73,117,116
-73,118,117
-73,119,118
-73,120,119
-73,121,120
-73,122,121
-73,123,122
-73,124,123
-73,125,124
-73,126,125
-73,127,126
-73,128,127
-73,129,128
-73,130,129
-73,131,130
-73,132,131
-73,133,132
-73,134,133
-73,135,134
-73,136,135
-73,137,136
-73,138,137
-73,139,138
-73,140,139
-73,141,140
-73,142,141
-73,143,142
-73,144,143
-73,145,144
-73,146,145
-73,147,146
-73,148,147
-73,149,148
-73,150,149
-73,151,150
-73,152,151
-73,153,152
-73,154,153
-73,155,154
-73,156,155
-73,157,156
-73,158,157
-73,159,158
-73,160,159
-73,161,160
-73,162,161
-73,163,162
-73,164,163
-73,165,164
-73,166,165
-73,167,166
-73,168,167
-73,169,168
-73,170,169
-73,171,170
-73,172,171
-73,173,172
-73,174,173
-73,175,174
-73,176,175
-73,177,176
-73,178,177
-73,179,178
-73,180,179
-73,181,180
-73,182,181
-73,183,182
-73,184,183
-73,185,184
-73,186,185
-73,187,186
-73,188,187
-73,189,188
-73,190,189
-73,191,190
-73,192,191
-73,193,192
-73,194,193
-73,195,194
-73,196,195
-73,197,196
-73,198,197
-73,199,198
-73,200,199
-73,201,200
-73,202,201
-73,203,202
-73,204,203
-73,205,204
-73,206,205
-73,207,206
-73,208,207
-73,209,208
-73,210,209
-73,211,210
-73,212,211
-73,213,212
-73,214,213
-73,215,214
-73,216,215
-73,217,216
-73,218,217
-73,219,218
-73,220,219
-73,221,220
-73,222,221
-73,223,222
-73,224,223
-73,225,224
-73,226,225
-73,227,226
-73,228,227
-73,229,228
-73,230,229
-73,231,230
-73,232,231
-73,233,232
-73,234,233
-73,235,234
-73,236,235
-73,237,236
-73,238,237
-73,239,238
-73,240,239
-73,241,240
-73,242,241
-73,243,242
-73,244,243
-73,245,244
-73,246,245
-73,247,246
-73,248,247
-73,249,248
-73,250,249
-73,251,250
-73,252,251
-73,253,252
-73,254,253
-73,255,254
-72,0,0
-72,1,0
-72,2,1
-72,3,2
-72,4,3
-72,5,4
-72,6,5
-72,7,6
-72,8,7
-72,9,8
-72,10,9
-72,11,10
-72,12,11
-72,13,12
-72,14,13
-72,15,14
-72,16,15
-72,17,16
-72,18,17
-72,19,18
-72,20,19
-72,21,20
-72,22,21
-72,23,22
-72,24,23
-72,25,24
-72,26,25
-72,27,26
-72,28,27
-72,29,28
-72,30,29
-72,31,30
-72,32,31
-72,33,32
-72,34,33
-72,35,34
-72,36,35
-72,37,36
-72,38,37
-72,39,38
-72,40,39
-72,41,40
-72,42,41
-72,43,42
-72,44,43
-72,45,44
-72,46,45
-72,47,46
-72,48,47
-72,49,48
-72,50,49
-72,51,50
-72,52,51
-72,53,52
-72,54,53
-72,55,54
-72,56,55
-72,57,56
-72,58,57
-72,59,58
-72,60,59
-72,61,60
-72,62,61
-72,63,62
-72,64,63
-72,65,64
-72,66,65
-72,67,66
-72,68,67
-72,69,68
-72,70,69
-72,71,70
-72,72,71
-72,73,72
-72,74,73
-72,75,74
-72,76,75
-72,77,76
-72,78,77
-72,79,78
-72,80,79
-72,81,80
-72,82,81
-72,83,82
-72,84,83
-72,85,84
-72,86,85
-72,87,86
-72,88,87
-72,89,88
-72,90,89
-72,91,90
-72,92,91
-72,93,92
-72,94,93
-72,95,94
-72,96,95
-72,97,96
-72,98,97
-72,99,98
-72,100,99
-72,101,100
-72,102,101
-72,103,102
-72,104,103
-72,105,104
-72,106,105
-72,107,106
-72,108,107
-72,109,108
-72,110,109
-72,111,110
-72,112,111
-72,113,112
-72,114,113
-72,115,114
-72,116,115
-72,117,116
-72,118,117
-72,119,118
-72,120,119
-72,121,120
-72,122,121
-72,123,122
-72,124,123
-72,125,124
-72,126,125
-72,127,126
-72,128,127
-72,129,128
-72,130,129
-72,131,130
-72,132,131
-72,133,132
-72,134,133
-72,135,134
-72,136,135
-72,137,136
-72,138,137
-72,139,138
-72,140,139
-72,141,140
-72,142,141
-72,143,142
-72,144,143
-72,145,144
-72,146,145
-72,147,146
-72,148,147
-72,149,148
-72,150,149
-72,151,150
-72,152,151
-72,153,152
-72,154,153
-72,155,154
-72,156,155
-72,157,156
-72,158,157
-72,159,158
-72,160,159
-72,161,160
-72,162,161
-72,163,162
-72,164,163
-72,165,164
-72,166,165
-72,167,166
-72,168,167
-72,169,168
-72,170,169
-72,171,170
-72,172,171
-72,173,172
-72,174,173
-72,175,174
-72,176,175
-72,177,176
-72,178,177
-72,179,178
-72,180,179
-72,181,180
-72,182,181
-72,183,182
-72,184,183
-72,185,184
-72,186,185
-72,187,186
-72,188,187
-72,189,188
-72,190,189
-72,191,190
-72,192,191
-72,193,192
-72,194,193
-72,195,194
-72,196,195
-72,197,196
-72,198,197
-72,199,198
-72,200,199
-72,201,200
-72,202,201
-72,203,202
-72,204,203
-72,205,204
-72,206,205
-72,207,206
-72,208,207
-72,209,208
-72,210,209
-72,211,210
-72,212,211
-72,213,212
-72,214,213
-72,215,214
-72,216,215
-72,217,216
-72,218,217
-72,219,218
-72,220,219
-72,221,220
-72,222,221
-72,223,222
-72,224,223
-72,225,224
-72,226,225
-72,227,226
-72,228,227
-72,229,228
-72,230,229
-72,231,230
-72,232,231
-72,233,232
-72,234,233
-72,235,234
-72,236,235
-72,237,236
-72,238,237
-72,239,238
-72,240,239
-72,241,240
-72,242,241
-72,243,242
-72,244,243
-72,245,244
-72,246,245
-72,247,246
-72,248,247
-72,249,248
-72,250,249
-72,251,250
-72,252,251
-72,253,252
-72,254,253
-72,255,254
-71,0,0
-71,1,0
-71,2,1
-71,3,2
-71,4,3
-71,5,4
-71,6,5
-71,7,6
-71,8,7
-71,9,8
-71,10,9
-71,11,10
-71,12,11
-71,13,12
-71,14,13
-71,15,14
-71,16,15
-71,17,16
-71,18,17
-71,19,18
-71,20,19
-71,21,20
-71,22,21
-71,23,22
-71,24,23
-71,25,24
-71,26,25
-71,27,26
-71,28,27
-71,29,28
-71,30,29
-71,31,30
-71,32,31
-71,33,32
-71,34,33
-71,35,34
-71,36,35
-71,37,36
-71,38,37
-71,39,38
-71,40,39
-71,41,40
-71,42,41
-71,43,42
-71,44,43
-71,45,44
-71,46,45
-71,47,46
-71,48,47
-71,49,48
-71,50,49
-71,51,50
-71,52,51
-71,53,52
-71,54,53
-71,55,54
-71,56,55
-71,57,56
-71,58,57
-71,59,58
-71,60,59
-71,61,60
-71,62,61
-71,63,62
-71,64,63
-71,65,64
-71,66,65
-71,67,66
-71,68,67
-71,69,68
-71,70,69
-71,71,70
-71,72,71
-71,73,72
-71,74,73
-71,75,74
-71,76,75
-71,77,76
-71,78,77
-71,79,78
-71,80,79
-71,81,80
-71,82,81
-71,83,82
-71,84,83
-71,85,84
-71,86,85
-71,87,86
-71,88,87
-71,89,88
-71,90,89
-71,91,90
-71,92,91
-71,93,92
-71,94,93
-71,95,94
-71,96,95
-71,97,96
-71,98,97
-71,99,98
-71,100,99
-71,101,100
-71,102,101
-71,103,102
-71,104,103
-71,105,104
-71,106,105
-71,107,106
-71,108,107
-71,109,108
-71,110,109
-71,111,110
-71,112,111
-71,113,112
-71,114,113
-71,115,114
-71,116,115
-71,117,116
-71,118,117
-71,119,118
-71,120,119
-71,121,120
-71,122,121
-71,123,122
-71,124,123
-71,125,124
-71,126,125
-71,127,126
-71,128,127
-71,129,128
-71,130,129
-71,131,130
-71,132,131
-71,133,132
-71,134,133
-71,135,134
-71,136,135
-71,137,136
-71,138,137
-71,139,138
-71,140,139
-71,141,140
-71,142,141
-71,143,142
-71,144,143
-71,145,144
-71,146,145
-71,147,146
-71,148,147
-71,149,148
-71,150,149
-71,151,150
-71,152,151
-71,153,152
-71,154,153
-71,155,154
-71,156,155
-71,157,156
-71,158,157
-71,159,158
-71,160,159
-71,161,160
-71,162,161
-71,163,162
-71,164,163
-71,165,164
-71,166,165
-71,167,166
-71,168,167
-71,169,168
-71,170,169
-71,171,170
-71,172,171
-71,173,172
-71,174,173
-71,175,174
-71,176,175
-71,177,176
-71,178,177
-71,179,178
-71,180,179
-71,181,180
-71,182,181
-71,183,182
-71,184,183
-71,185,184
-71,186,185
-71,187,186
-71,188,187
-71,189,188
-71,190,189
-71,191,190
-71,192,191
-71,193,192
-71,194,193
-71,195,194
-71,196,195
-71,197,196
-71,198,197
-71,199,198
-71,200,199
-71,201,200
-71,202,201
-71,203,202
-71,204,203
-71,205,204
-71,206,205
-71,207,206
-71,208,207
-71,209,208
-71,210,209
-71,211,210
-71,212,211
-71,213,212
-71,214,213
-71,215,214
-71,216,215
-71,217,216
-71,218,217
-71,219,218
-71,220,219
-71,221,220
-71,222,221
-71,223,222
-71,224,223
-71,225,224
-71,226,225
-71,227,226
-71,228,227
-71,229,228
-71,230,229
-71,231,230
-71,232,231
-71,233,232
-71,234,233
-71,235,234
-71,236,235
-71,237,236
-71,238,237
-71,239,238
-71,240,239
-71,241,240
-71,242,241
-71,243,242
-71,244,243
-71,245,244
-71,246,245
-71,247,246
-71,248,247
-71,249,248
-71,250,249
-71,251,250
-71,252,251
-71,253,252
-71,254,253
-71,255,254
-70,0,0
-70,1,0
-70,2,1
-70,3,2
-70,4,3
-70,5,4
-70,6,5
-70,7,6
-70,8,7
-70,9,8
-70,10,9
-70,11,10
-70,12,11
-70,13,12
-70,14,13
-70,15,14
-70,16,15
-70,17,16
-70,18,17
-70,19,18
-70,20,19
-70,21,20
-70,22,21
-70,23,22
-70,24,23
-70,25,24
-70,26,25
-70,27,26
-70,28,27
-70,29,28
-70,30,29
-70,31,30
-70,32,31
-70,33,32
-70,34,33
-70,35,34
-70,36,35
-70,37,36
-70,38,37
-70,39,38
-70,40,39
-70,41,40
-70,42,41
-70,43,42
-70,44,43
-70,45,44
-70,46,45
-70,47,46
-70,48,47
-70,49,48
-70,50,49
-70,51,50
-70,52,51
-70,53,52
-70,54,53
-70,55,54
-70,56,55
-70,57,56
-70,58,57
-70,59,58
-70,60,59
-70,61,60
-70,62,61
-70,63,62
-70,64,63
-70,65,64
-70,66,65
-70,67,66
-70,68,67
-70,69,68
-70,70,69
-70,71,70
-70,72,71
-70,73,72
-70,74,73
-70,75,74
-70,76,75
-70,77,76
-70,78,77
-70,79,78
-70,80,79
-70,81,80
-70,82,81
-70,83,82
-70,84,83
-70,85,84
-70,86,85
-70,87,86
-70,88,87
-70,89,88
-70,90,89
-70,91,90
-70,92,91
-70,93,92
-70,94,93
-70,95,94
-70,96,95
-70,97,96
-70,98,97
-70,99,98
-70,100,99
-70,101,100
-70,102,101
-70,103,102
-70,104,103
-70,105,104
-70,106,105
-70,107,106
-70,108,107
-70,109,108
-70,110,109
-70,111,110
-70,112,111
-70,113,112
-70,114,113
-70,115,114
-70,116,115
-70,117,116
-70,118,117
-70,119,118
-70,120,119
-70,121,120
-70,122,121
-70,123,122
-70,124,123
-70,125,124
-70,126,125
-70,127,126
-70,128,127
-70,129,128
-70,130,129
-70,131,130
-70,132,131
-70,133,132
-70,134,133
-70,135,134
-70,136,135
-70,137,136
-70,138,137
-70,139,138
-70,140,139
-70,141,140
-70,142,141
-70,143,142
-70,144,143
-70,145,144
-70,146,145
-70,147,146
-70,148,147
-70,149,148
-70,150,149
-70,151,150
-70,152,151
-70,153,152
-70,154,153
-70,155,154
-70,156,155
-70,157,156
-70,158,157
-70,159,158
-70,160,159
-70,161,160
-70,162,161
-70,163,162
-70,164,163
-70,165,164
-70,166,165
-70,167,166
-70,168,167
-70,169,168
-70,170,169
-70,171,170
-70,172,171
-70,173,172
-70,174,173
-70,175,174
-70,176,175
-70,177,176
-70,178,177
-70,179,178
-70,180,179
-70,181,180
-70,182,181
-70,183,182
-70,184,183
-70,185,184
-70,186,185
-70,187,186
-70,188,187
-70,189,188
-70,190,189
-70,191,190
-70,192,191
-70,193,192
-70,194,193
-70,195,194
-70,196,195
-70,197,196
-70,198,197
-70,199,198
-70,200,199
-70,201,200
-70,202,201
-70,203,202
-70,204,203
-70,205,204
-70,206,205
-70,207,206
-70,208,207
-70,209,208
-70,210,209
-70,211,210
-70,212,211
-70,213,212
-70,214,213
-70,215,214
-70,216,215
-70,217,216
-70,218,217
-70,219,218
-70,220,219
-70,221,220
-70,222,221
-70,223,222
-70,224,223
-70,225,224
-70,226,225
-70,227,226
-70,228,227
-70,229,228
-70,230,229
-70,231,230
-70,232,231
-70,233,232
-70,234,233
-70,235,234
-70,236,235
-70,237,236
-70,238,237
-70,239,238
-70,240,239
-70,241,240
-70,242,241
-70,243,242
-70,244,243
-70,245,244
-70,246,245
-70,247,246
-70,248,247
-70,249,248
-70,250,249
-70,251,250
-70,252,251
-70,253,252
-70,254,253
-70,255,254
-69,0,0
-69,1,0
-69,2,1
-69,3,2
-69,4,3
-69,5,4
-69,6,5
-69,7,6
-69,8,7
-69,9,8
-69,10,9
-69,11,10
-69,12,11
-69,13,12
-69,14,13
-69,15,14
-69,16,15
-69,17,16
-69,18,17
-69,19,18
-69,20,19
-69,21,20
-69,22,21
-69,23,22
-69,24,23
-69,25,24
-69,26,25
-69,27,26
-69,28,27
-69,29,28
-69,30,29
-69,31,30
-69,32,31
-69,33,32
-69,34,33
-69,35,34
-69,36,35
-69,37,36
-69,38,37
-69,39,38
-69,40,39
-69,41,40
-69,42,41
-69,43,42
-69,44,43
-69,45,44
-69,46,45
-69,47,46
-69,48,47
-69,49,48
-69,50,49
-69,51,50
-69,52,51
-69,53,52
-69,54,53
-69,55,54
-69,56,55
-69,57,56
-69,58,57
-69,59,58
-69,60,59
-69,61,60
-69,62,61
-69,63,62
-69,64,63
-69,65,64
-69,66,65
-69,67,66
-69,68,67
-69,69,68
-69,70,69
-69,71,70
-69,72,71
-69,73,72
-69,74,73
-69,75,74
-69,76,75
-69,77,76
-69,78,77
-69,79,78
-69,80,79
-69,81,80
-69,82,81
-69,83,82
-69,84,83
-69,85,84
-69,86,85
-69,87,86
-69,88,87
-69,89,88
-69,90,89
-69,91,90
-69,92,91
-69,93,92
-69,94,93
-69,95,94
-69,96,95
-69,97,96
-69,98,97
-69,99,98
-69,100,99
-69,101,100
-69,102,101
-69,103,102
-69,104,103
-69,105,104
-69,106,105
-69,107,106
-69,108,107
-69,109,108
-69,110,109
-69,111,110
-69,112,111
-69,113,112
-69,114,113
-69,115,114
-69,116,115
-69,117,116
-69,118,117
-69,119,118
-69,120,119
-69,121,120
-69,122,121
-69,123,122
-69,124,123
-69,125,124
-69,126,125
-69,127,126
-69,128,127
-69,129,128
-69,130,129
-69,131,130
-69,132,131
-69,133,132
-69,134,133
-69,135,134
-69,136,135
-69,137,136
-69,138,137
-69,139,138
-69,140,139
-69,141,140
-69,142,141
-69,143,142
-69,144,143
-69,145,144
-69,146,145
-69,147,146
-69,148,147
-69,149,148
-69,150,149
-69,151,150
-69,152,151
-69,153,152
-69,154,153
-69,155,154
-69,156,155
-69,157,156
-69,158,157
-69,159,158
-69,160,159
-69,161,160
-69,162,161
-69,163,162
-69,164,163
-69,165,164
-69,166,165
-69,167,166
-69,168,167
-69,169,168
-69,170,169
-69,171,170
-69,172,171
-69,173,172
-69,174,173
-69,175,174
-69,176,175
-69,177,176
-69,178,177
-69,179,178
-69,180,179
-69,181,180
-69,182,181
-69,183,182
-69,184,183
-69,185,184
-69,186,185
-69,187,186
-69,188,187
-69,189,188
-69,190,189
-69,191,190
-69,192,191
-69,193,192
-69,194,193
-69,195,194
-69,196,195
-69,197,196
-69,198,197
-69,199,198
-69,200,199
-69,201,200
-69,202,201
-69,203,202
-69,204,203
-69,205,204
-69,206,205
-69,207,206
-69,208,207
-69,209,208
-69,210,209
-69,211,210
-69,212,211
-69,213,212
-69,214,213
-69,215,214
-69,216,215
-69,217,216
-69,218,217
-69,219,218
-69,220,219
-69,221,220
-69,222,221
-69,223,222
-69,224,223
-69,225,224
-69,226,225
-69,227,226
-69,228,227
-69,229,228
-69,230,229
-69,231,230
-69,232,231
-69,233,232
-69,234,233
-69,235,234
-69,236,235
-69,237,236
-69,238,237
-69,239,238
-69,240,239
-69,241,240
-69,242,241
-69,243,242
-69,244,243
-69,245,244
-69,246,245
-69,247,246
-69,248,247
-69,249,248
-69,250,249
-69,251,250
-69,252,251
-69,253,252
-69,254,253
-69,255,254
-68,0,0
-68,1,0
-68,2,1
-68,3,2
-68,4,3
-68,5,4
-68,6,5
-68,7,6
-68,8,7
-68,9,8
-68,10,9
-68,11,10
-68,12,11
-68,13,12
-68,14,13
-68,15,14
-68,16,15
-68,17,16
-68,18,17
-68,19,18
-68,20,19
-68,21,20
-68,22,21
-68,23,22
-68,24,23
-68,25,24
-68,26,25
-68,27,26
-68,28,27
-68,29,28
-68,30,29
-68,31,30
-68,32,31
-68,33,32
-68,34,33
-68,35,34
-68,36,35
-68,37,36
-68,38,37
-68,39,38
-68,40,39
-68,41,40
-68,42,41
-68,43,42
-68,44,43
-68,45,44
-68,46,45
-68,47,46
-68,48,47
-68,49,48
-68,50,49
-68,51,50
-68,52,51
-68,53,52
-68,54,53
-68,55,54
-68,56,55
-68,57,56
-68,58,57
-68,59,58
-68,60,59
-68,61,60
-68,62,61
-68,63,62
-68,64,63
-68,65,64
-68,66,65
-68,67,66
-68,68,67
-68,69,68
-68,70,69
-68,71,70
-68,72,71
-68,73,72
-68,74,73
-68,75,74
-68,76,75
-68,77,76
-68,78,77
-68,79,78
-68,80,79
-68,81,80
-68,82,81
-68,83,82
-68,84,83
-68,85,84
-68,86,85
-68,87,86
-68,88,87
-68,89,88
-68,90,89
-68,91,90
-68,92,91
-68,93,92
-68,94,93
-68,95,94
-68,96,95
-68,97,96
-68,98,97
-68,99,98
-68,100,99
-68,101,100
-68,102,101
-68,103,102
-68,104,103
-68,105,104
-68,106,105
-68,107,106
-68,108,107
-68,109,108
-68,110,109
-68,111,110
-68,112,111
-68,113,112
-68,114,113
-68,115,114
-68,116,115
-68,117,116
-68,118,117
-68,119,118
-68,120,119
-68,121,120
-68,122,121
-68,123,122
-68,124,123
-68,125,124
-68,126,125
-68,127,126
-68,128,127
-68,129,128
-68,130,129
-68,131,130
-68,132,131
-68,133,132
-68,134,133
-68,135,134
-68,136,135
-68,137,136
-68,138,137
-68,139,138
-68,140,139
-68,141,140
-68,142,141
-68,143,142
-68,144,143
-68,145,144
-68,146,145
-68,147,146
-68,148,147
-68,149,148
-68,150,149
-68,151,150
-68,152,151
-68,153,152
-68,154,153
-68,155,154
-68,156,155
-68,157,156
-68,158,157
-68,159,158
-68,160,159
-68,161,160
-68,162,161
-68,163,162
-68,164,163
-68,165,164
-68,166,165
-68,167,166
-68,168,167
-68,169,168
-68,170,169
-68,171,170
-68,172,171
-68,173,172
-68,174,173
-68,175,174
-68,176,175
-68,177,176
-68,178,177
-68,179,178
-68,180,179
-68,181,180
-68,182,181
-68,183,182
-68,184,183
-68,185,184
-68,186,185
-68,187,186
-68,188,187
-68,189,188
-68,190,189
-68,191,190
-68,192,191
-68,193,192
-68,194,193
-68,195,194
-68,196,195
-68,197,196
-68,198,197
-68,199,198
-68,200,199
-68,201,200
-68,202,201
-68,203,202
-68,204,203
-68,205,204
-68,206,205
-68,207,206
-68,208,207
-68,209,208
-68,210,209
-68,211,210
-68,212,211
-68,213,212
-68,214,213
-68,215,214
-68,216,215
-68,217,216
-68,218,217
-68,219,218
-68,220,219
-68,221,220
-68,222,221
-68,223,222
-68,224,223
-68,225,224
-68,226,225
-68,227,226
-68,228,227
-68,229,228
-68,230,229
-68,231,230
-68,232,231
-68,233,232
-68,234,233
-68,235,234
-68,236,235
-68,237,236
-68,238,237
-68,239,238
-68,240,239
-68,241,240
-68,242,241
-68,243,242
-68,244,243
-68,245,244
-68,246,245
-68,247,246
-68,248,247
-68,249,248
-68,250,249
-68,251,250
-68,252,251
-68,253,252
-68,254,253
-68,255,254
-67,0,0
-67,1,0
-67,2,1
-67,3,2
-67,4,3
-67,5,4
-67,6,5
-67,7,6
-67,8,7
-67,9,8
-67,10,9
-67,11,10
-67,12,11
-67,13,12
-67,14,13
-67,15,14
-67,16,15
-67,17,16
-67,18,17
-67,19,18
-67,20,19
-67,21,20
-67,22,21
-67,23,22
-67,24,23
-67,25,24
-67,26,25
-67,27,26
-67,28,27
-67,29,28
-67,30,29
-67,31,30
-67,32,31
-67,33,32
-67,34,33
-67,35,34
-67,36,35
-67,37,36
-67,38,37
-67,39,38
-67,40,39
-67,41,40
-67,42,41
-67,43,42
-67,44,43
-67,45,44
-67,46,45
-67,47,46
-67,48,47
-67,49,48
-67,50,49
-67,51,50
-67,52,51
-67,53,52
-67,54,53
-67,55,54
-67,56,55
-67,57,56
-67,58,57
-67,59,58
-67,60,59
-67,61,60
-67,62,61
-67,63,62
-67,64,63
-67,65,64
-67,66,65
-67,67,66
-67,68,67
-67,69,68
-67,70,69
-67,71,70
-67,72,71
-67,73,72
-67,74,73
-67,75,74
-67,76,75
-67,77,76
-67,78,77
-67,79,78
-67,80,79
-67,81,80
-67,82,81
-67,83,82
-67,84,83
-67,85,84
-67,86,85
-67,87,86
-67,88,87
-67,89,88
-67,90,89
-67,91,90
-67,92,91
-67,93,92
-67,94,93
-67,95,94
-67,96,95
-67,97,96
-67,98,97
-67,99,98
-67,100,99
-67,101,100
-67,102,101
-67,103,102
-67,104,103
-67,105,104
-67,106,105
-67,107,106
-67,108,107
-67,109,108
-67,110,109
-67,111,110
-67,112,111
-67,113,112
-67,114,113
-67,115,114
-67,116,115
-67,117,116
-67,118,117
-67,119,118
-67,120,119
-67,121,120
-67,122,121
-67,123,122
-67,124,123
-67,125,124
-67,126,125
-67,127,126
-67,128,127
-67,129,128
-67,130,129
-67,131,130
-67,132,131
-67,133,132
-67,134,133
-67,135,134
-67,136,135
-67,137,136
-67,138,137
-67,139,138
-67,140,139
-67,141,140
-67,142,141
-67,143,142
-67,144,143
-67,145,144
-67,146,145
-67,147,146
-67,148,147
-67,149,148
-67,150,149
-67,151,150
-67,152,151
-67,153,152
-67,154,153
-67,155,154
-67,156,155
-67,157,156
-67,158,157
-67,159,158
-67,160,159
-67,161,160
-67,162,161
-67,163,162
-67,164,163
-67,165,164
-67,166,165
-67,167,166
-67,168,167
-67,169,168
-67,170,169
-67,171,170
-67,172,171
-67,173,172
-67,174,173
-67,175,174
-67,176,175
-67,177,176
-67,178,177
-67,179,178
-67,180,179
-67,181,180
-67,182,181
-67,183,182
-67,184,183
-67,185,184
-67,186,185
-67,187,186
-67,188,187
-67,189,188
-67,190,189
-67,191,190
-67,192,191
-67,193,192
-67,194,193
-67,195,194
-67,196,195
-67,197,196
-67,198,197
-67,199,198
-67,200,199
-67,201,200
-67,202,201
-67,203,202
-67,204,203
-67,205,204
-67,206,205
-67,207,206
-67,208,207
-67,209,208
-67,210,209
-67,211,210
-67,212,211
-67,213,212
-67,214,213
-67,215,214
-67,216,215
-67,217,216
-67,218,217
-67,219,218
-67,220,219
-67,221,220
-67,222,221
-67,223,222
-67,224,223
-67,225,224
-67,226,225
-67,227,226
-67,228,227
-67,229,228
-67,230,229
-67,231,230
-67,232,231
-67,233,232
-67,234,233
-67,235,234
-67,236,235
-67,237,236
-67,238,237
-67,239,238
-67,240,239
-67,241,240
-67,242,241
-67,243,242
-67,244,243
-67,245,244
-67,246,245
-67,247,246
-67,248,247
-67,249,248
-67,250,249
-67,251,250
-67,252,251
-67,253,252
-67,254,253
-67,255,254
-66,0,0
-66,1,0
-66,2,1
-66,3,2
-66,4,3
-66,5,4
-66,6,5
-66,7,6
-66,8,7
-66,9,8
-66,10,9
-66,11,10
-66,12,11
-66,13,12
-66,14,13
-66,15,14
-66,16,15
-66,17,16
-66,18,17
-66,19,18
-66,20,19
-66,21,20
-66,22,21
-66,23,22
-66,24,23
-66,25,24
-66,26,25
-66,27,26
-66,28,27
-66,29,28
-66,30,29
-66,31,30
-66,32,31
-66,33,32
-66,34,33
-66,35,34
-66,36,35
-66,37,36
-66,38,37
-66,39,38
-66,40,39
-66,41,40
-66,42,41
-66,43,42
-66,44,43
-66,45,44
-66,46,45
-66,47,46
-66,48,47
-66,49,48
-66,50,49
-66,51,50
-66,52,51
-66,53,52
-66,54,53
-66,55,54
-66,56,55
-66,57,56
-66,58,57
-66,59,58
-66,60,59
-66,61,60
-66,62,61
-66,63,62
-66,64,63
-66,65,64
-66,66,65
-66,67,66
-66,68,67
-66,69,68
-66,70,69
-66,71,70
-66,72,71
-66,73,72
-66,74,73
-66,75,74
-66,76,75
-66,77,76
-66,78,77
-66,79,78
-66,80,79
-66,81,80
-66,82,81
-66,83,82
-66,84,83
-66,85,84
-66,86,85
-66,87,86
-66,88,87
-66,89,88
-66,90,89
-66,91,90
-66,92,91
-66,93,92
-66,94,93
-66,95,94
-66,96,95
-66,97,96
-66,98,97
-66,99,98
-66,100,99
-66,101,100
-66,102,101
-66,103,102
-66,104,103
-66,105,104
-66,106,105
-66,107,106
-66,108,107
-66,109,108
-66,110,109
-66,111,110
-66,112,111
-66,113,112
-66,114,113
-66,115,114
-66,116,115
-66,117,116
-66,118,117
-66,119,118
-66,120,119
-66,121,120
-66,122,121
-66,123,122
-66,124,123
-66,125,124
-66,126,125
-66,127,126
-66,128,127
-66,129,128
-66,130,129
-66,131,130
-66,132,131
-66,133,132
-66,134,133
-66,135,134
-66,136,135
-66,137,136
-66,138,137
-66,139,138
-66,140,139
-66,141,140
-66,142,141
-66,143,142
-66,144,143
-66,145,144
-66,146,145
-66,147,146
-66,148,147
-66,149,148
-66,150,149
-66,151,150
-66,152,151
-66,153,152
-66,154,153
-66,155,154
-66,156,155
-66,157,156
-66,158,157
-66,159,158
-66,160,159
-66,161,160
-66,162,161
-66,163,162
-66,164,163
-66,165,164
-66,166,165
-66,167,166
-66,168,167
-66,169,168
-66,170,169
-66,171,170
-66,172,171
-66,173,172
-66,174,173
-66,175,174
-66,176,175
-66,177,176
-66,178,177
-66,179,178
-66,180,179
-66,181,180
-66,182,181
-66,183,182
-66,184,183
-66,185,184
-66,186,185
-66,187,186
-66,188,187
-66,189,188
-66,190,189
-66,191,190
-66,192,191
-66,193,192
-66,194,193
-66,195,194
-66,196,195
-66,197,196
-66,198,197
-66,199,198
-66,200,199
-66,201,200
-66,202,201
-66,203,202
-66,204,203
-66,205,204
-66,206,205
-66,207,206
-66,208,207
-66,209,208
-66,210,209
-66,211,210
-66,212,211
-66,213,212
-66,214,213
-66,215,214
-66,216,215
-66,217,216
-66,218,217
-66,219,218
-66,220,219
-66,221,220
-66,222,221
-66,223,222
-66,224,223
-66,225,224
-66,226,225
-66,227,226
-66,228,227
-66,229,228
-66,230,229
-66,231,230
-66,232,231
-66,233,232
-66,234,233
-66,235,234
-66,236,235
-66,237,236
-66,238,237
-66,239,238
-66,240,239
-66,241,240
-66,242,241
-66,243,242
-66,244,243
-66,245,244
-66,246,245
-66,247,246
-66,248,247
-66,249,248
-66,250,249
-66,251,250
-66,252,251
-66,253,252
-66,254,253
-66,255,254
-65,0,0
-65,1,0
-65,2,1
-65,3,2
-65,4,3
-65,5,4
-65,6,5
-65,7,6
-65,8,7
-65,9,8
-65,10,9
-65,11,10
-65,12,11
-65,13,12
-65,14,13
-65,15,14
-65,16,15
-65,17,16
-65,18,17
-65,19,18
-65,20,19
-65,21,20
-65,22,21
-65,23,22
-65,24,23
-65,25,24
-65,26,25
-65,27,26
-65,28,27
-65,29,28
-65,30,29
-65,31,30
-65,32,31
-65,33,32
-65,34,33
-65,35,34
-65,36,35
-65,37,36
-65,38,37
-65,39,38
-65,40,39
-65,41,40
-65,42,41
-65,43,42
-65,44,43
-65,45,44
-65,46,45
-65,47,46
-65,48,47
-65,49,48
-65,50,49
-65,51,50
-65,52,51
-65,53,52
-65,54,53
-65,55,54
-65,56,55
-65,57,56
-65,58,57
-65,59,58
-65,60,59
-65,61,60
-65,62,61
-65,63,62
-65,64,63
-65,65,64
-65,66,65
-65,67,66
-65,68,67
-65,69,68
-65,70,69
-65,71,70
-65,72,71
-65,73,72
-65,74,73
-65,75,74
-65,76,75
-65,77,76
-65,78,77
-65,79,78
-65,80,79
-65,81,80
-65,82,81
-65,83,82
-65,84,83
-65,85,84
-65,86,85
-65,87,86
-65,88,87
-65,89,88
-65,90,89
-65,91,90
-65,92,91
-65,93,92
-65,94,93
-65,95,94
-65,96,95
-65,97,96
-65,98,97
-65,99,98
-65,100,99
-65,101,100
-65,102,101
-65,103,102
-65,104,103
-65,105,104
-65,106,105
-65,107,106
-65,108,107
-65,109,108
-65,110,109
-65,111,110
-65,112,111
-65,113,112
-65,114,113
-65,115,114
-65,116,115
-65,117,116
-65,118,117
-65,119,118
-65,120,119
-65,121,120
-65,122,121
-65,123,122
-65,124,123
-65,125,124
-65,126,125
-65,127,126
-65,128,127
-65,129,128
-65,130,129
-65,131,130
-65,132,131
-65,133,132
-65,134,133
-65,135,134
-65,136,135
-65,137,136
-65,138,137
-65,139,138
-65,140,139
-65,141,140
-65,142,141
-65,143,142
-65,144,143
-65,145,144
-65,146,145
-65,147,146
-65,148,147
-65,149,148
-65,150,149
-65,151,150
-65,152,151
-65,153,152
-65,154,153
-65,155,154
-65,156,155
-65,157,156
-65,158,157
-65,159,158
-65,160,159
-65,161,160
-65,162,161
-65,163,162
-65,164,163
-65,165,164
-65,166,165
-65,167,166
-65,168,167
-65,169,168
-65,170,169
-65,171,170
-65,172,171
-65,173,172
-65,174,173
-65,175,174
-65,176,175
-65,177,176
-65,178,177
-65,179,178
-65,180,179
-65,181,180
-65,182,181
-65,183,182
-65,184,183
-65,185,184
-65,186,185
-65,187,186
-65,188,187
-65,189,188
-65,190,189
-65,191,190
-65,192,191
-65,193,192
-65,194,193
-65,195,194
-65,196,195
-65,197,196
-65,198,197
-65,199,198
-65,200,199
-65,201,200
-65,202,201
-65,203,202
-65,204,203
-65,205,204
-65,206,205
-65,207,206
-65,208,207
-65,209,208
-65,210,209
-65,211,210
-65,212,211
-65,213,212
-65,214,213
-65,215,214
-65,216,215
-65,217,216
-65,218,217
-65,219,218
-65,220,219
-65,221,220
-65,222,221
-65,223,222
-65,224,223
-65,225,224
-65,226,225
-65,227,226
-65,228,227
-65,229,228
-65,230,229
-65,231,230
-65,232,231
-65,233,232
-65,234,233
-65,235,234
-65,236,235
-65,237,236
-65,238,237
-65,239,238
-65,240,239
-65,241,240
-65,242,241
-65,243,242
-65,244,243
-65,245,244
-65,246,245
-65,247,246
-65,248,247
-65,249,248
-65,250,249
-65,251,250
-65,252,251
-65,253,252
-65,254,253
-65,255,254
-64,0,0
-64,1,0
-64,2,1
-64,3,2
-64,4,3
-64,5,4
-64,6,5
-64,7,6
-64,8,7
-64,9,8
-64,10,9
-64,11,10
-64,12,11
-64,13,12
-64,14,13
-64,15,14
-64,16,15
-64,17,16
-64,18,17
-64,19,18
-64,20,19
-64,21,20
-64,22,21
-64,23,22
-64,24,23
-64,25,24
-64,26,25
-64,27,26
-64,28,27
-64,29,28
-64,30,29
-64,31,30
-64,32,31
-64,33,32
-64,34,33
-64,35,34
-64,36,35
-64,37,36
-64,38,37
-64,39,38
-64,40,39
-64,41,40
-64,42,41
-64,43,42
-64,44,43
-64,45,44
-64,46,45
-64,47,46
-64,48,47
-64,49,48
-64,50,49
-64,51,50
-64,52,51
-64,53,52
-64,54,53
-64,55,54
-64,56,55
-64,57,56
-64,58,57
-64,59,58
-64,60,59
-64,61,60
-64,62,61
-64,63,62
-64,64,63
-64,65,64
-64,66,65
-64,67,66
-64,68,67
-64,69,68
-64,70,69
-64,71,70
-64,72,71
-64,73,72
-64,74,73
-64,75,74
-64,76,75
-64,77,76
-64,78,77
-64,79,78
-64,80,79
-64,81,80
-64,82,81
-64,83,82
-64,84,83
-64,85,84
-64,86,85
-64,87,86
-64,88,87
-64,89,88
-64,90,89
-64,91,90
-64,92,91
-64,93,92
-64,94,93
-64,95,94
-64,96,95
-64,97,96
-64,98,97
-64,99,98
-64,100,99
-64,101,100
-64,102,101
-64,103,102
-64,104,103
-64,105,104
-64,106,105
-64,107,106
-64,108,107
-64,109,108
-64,110,109
-64,111,110
-64,112,111
-64,113,112
-64,114,113
-64,115,114
-64,116,115
-64,117,116
-64,118,117
-64,119,118
-64,120,119
-64,121,120
-64,122,121
-64,123,122
-64,124,123
-64,125,124
-64,126,125
-64,127,126
-64,128,127
-64,129,128
-64,130,129
-64,131,130
-64,132,131
-64,133,132
-64,134,133
-64,135,134
-64,136,135
-64,137,136
-64,138,137
-64,139,138
-64,140,139
-64,141,140
-64,142,141
-64,143,142
-64,144,143
-64,145,144
-64,146,145
-64,147,146
-64,148,147
-64,149,148
-64,150,149
-64,151,150
-64,152,151
-64,153,152
-64,154,153
-64,155,154
-64,156,155
-64,157,156
-64,158,157
-64,159,158
-64,160,159
-64,161,160
-64,162,161
-64,163,162
-64,164,163
-64,165,164
-64,166,165
-64,167,166
-64,168,167
-64,169,168
-64,170,169
-64,171,170
-64,172,171
-64,173,172
-64,174,173
-64,175,174
-64,176,175
-64,177,176
-64,178,177
-64,179,178
-64,180,179
-64,181,180
-64,182,181
-64,183,182
-64,184,183
-64,185,184
-64,186,185
-64,187,186
-64,188,187
-64,189,188
-64,190,189
-64,191,190
-64,192,191
-64,193,192
-64,194,193
-64,195,194
-64,196,195
-64,197,196
-64,198,197
-64,199,198
-64,200,199
-64,201,200
-64,202,201
-64,203,202
-64,204,203
-64,205,204
-64,206,205
-64,207,206
-64,208,207
-64,209,208
-64,210,209
-64,211,210
-64,212,211
-64,213,212
-64,214,213
-64,215,214
-64,216,215
-64,217,216
-64,218,217
-64,219,218
-64,220,219
-64,221,220
-64,222,221
-64,223,222
-64,224,223
-64,225,224
-64,226,225
-64,227,226
-64,228,227
-64,229,228
-64,230,229
-64,231,230
-64,232,231
-64,233,232
-64,234,233
-64,235,234
-64,236,235
-64,237,236
-64,238,237
-64,239,238
-64,240,239
-64,241,240
-64,242,241
-64,243,242
-64,244,243
-64,245,244
-64,246,245
-64,247,246
-64,248,247
-64,249,248
-64,250,249
-64,251,250
-64,252,251
-64,253,252
-64,254,253
-64,255,254
-63,0,0
-63,1,0
-63,2,1
-63,3,2
-63,4,3
-63,5,4
-63,6,5
-63,7,6
-63,8,7
-63,9,8
-63,10,9
-63,11,10
-63,12,11
-63,13,12
-63,14,13
-63,15,14
-63,16,15
-63,17,16
-63,18,17
-63,19,18
-63,20,19
-63,21,20
-63,22,21
-63,23,22
-63,24,23
-63,25,24
-63,26,25
-63,27,26
-63,28,27
-63,29,28
-63,30,29
-63,31,30
-63,32,31
-63,33,32
-63,34,33
-63,35,34
-63,36,35
-63,37,36
-63,38,37
-63,39,38
-63,40,39
-63,41,40
-63,42,41
-63,43,42
-63,44,43
-63,45,44
-63,46,45
-63,47,46
-63,48,47
-63,49,48
-63,50,49
-63,51,50
-63,52,51
-63,53,52
-63,54,53
-63,55,54
-63,56,55
-63,57,56
-63,58,57
-63,59,58
-63,60,59
-63,61,60
-63,62,61
-63,63,62
-63,64,63
-63,65,64
-63,66,65
-63,67,66
-63,68,67
-63,69,68
-63,70,69
-63,71,70
-63,72,71
-63,73,72
-63,74,73
-63,75,74
-63,76,75
-63,77,76
-63,78,77
-63,79,78
-63,80,79
-63,81,80
-63,82,81
-63,83,82
-63,84,83
-63,85,84
-63,86,85
-63,87,86
-63,88,87
-63,89,88
-63,90,89
-63,91,90
-63,92,91
-63,93,92
-63,94,93
-63,95,94
-63,96,95
-63,97,96
-63,98,97
-63,99,98
-63,100,99
-63,101,100
-63,102,101
-63,103,102
-63,104,103
-63,105,104
-63,106,105
-63,107,106
-63,108,107
-63,109,108
-63,110,109
-63,111,110
-63,112,111
-63,113,112
-63,114,113
-63,115,114
-63,116,115
-63,117,116
-63,118,117
-63,119,118
-63,120,119
-63,121,120
-63,122,121
-63,123,122
-63,124,123
-63,125,124
-63,126,125
-63,127,126
-63,128,127
-63,129,128
-63,130,129
-63,131,130
-63,132,131
-63,133,132
-63,134,133
-63,135,134
-63,136,135
-63,137,136
-63,138,137
-63,139,138
-63,140,139
-63,141,140
-63,142,141
-63,143,142
-63,144,143
-63,145,144
-63,146,145
-63,147,146
-63,148,147
-63,149,148
-63,150,149
-63,151,150
-63,152,151
-63,153,152
-63,154,153
-63,155,154
-63,156,155
-63,157,156
-63,158,157
-63,159,158
-63,160,159
-63,161,160
-63,162,161
-63,163,162
-63,164,163
-63,165,164
-63,166,165
-63,167,166
-63,168,167
-63,169,168
-63,170,169
-63,171,170
-63,172,171
-63,173,172
-63,174,173
-63,175,174
-63,176,175
-63,177,176
-63,178,177
-63,179,178
-63,180,179
-63,181,180
-63,182,181
-63,183,182
-63,184,183
-63,185,184
-63,186,185
-63,187,186
-63,188,187
-63,189,188
-63,190,189
-63,191,190
-63,192,191
-63,193,192
-63,194,193
-63,195,194
-63,196,195
-63,197,196
-63,198,197
-63,199,198
-63,200,199
-63,201,200
-63,202,201
-63,203,202
-63,204,203
-63,205,204
-63,206,205
-63,207,206
-63,208,207
-63,209,208
-63,210,209
-63,211,210
-63,212,211
-63,213,212
-63,214,213
-63,215,214
-63,216,215
-63,217,216
-63,218,217
-63,219,218
-63,220,219
-63,221,220
-63,222,221
-63,223,222
-63,224,223
-63,225,224
-63,226,225
-63,227,226
-63,228,227
-63,229,228
-63,230,229
-63,231,230
-63,232,231
-63,233,232
-63,234,233
-63,235,234
-63,236,235
-63,237,236
-63,238,237
-63,239,238
-63,240,239
-63,241,240
-63,242,241
-63,243,242
-63,244,243
-63,245,244
-63,246,245
-63,247,246
-63,248,247
-63,249,248
-63,250,249
-63,251,250
-63,252,251
-63,253,252
-63,254,253
-63,255,254
-62,0,0
-62,1,0
-62,2,1
-62,3,2
-62,4,3
-62,5,4
-62,6,5
-62,7,6
-62,8,7
-62,9,8
-62,10,9
-62,11,10
-62,12,11
-62,13,12
-62,14,13
-62,15,14
-62,16,15
-62,17,16
-62,18,17
-62,19,18
-62,20,19
-62,21,20
-62,22,21
-62,23,22
-62,24,23
-62,25,24
-62,26,25
-62,27,26
-62,28,27
-62,29,28
-62,30,29
-62,31,30
-62,32,31
-62,33,32
-62,34,33
-62,35,34
-62,36,35
-62,37,36
-62,38,37
-62,39,38
-62,40,39
-62,41,40
-62,42,41
-62,43,42
-62,44,43
-62,45,44
-62,46,45
-62,47,46
-62,48,47
-62,49,48
-62,50,49
-62,51,50
-62,52,51
-62,53,52
-62,54,53
-62,55,54
-62,56,55
-62,57,56
-62,58,57
-62,59,58
-62,60,59
-62,61,60
-62,62,61
-62,63,62
-62,64,63
-62,65,64
-62,66,65
-62,67,66
-62,68,67
-62,69,68
-62,70,69
-62,71,70
-62,72,71
-62,73,72
-62,74,73
-62,75,74
-62,76,75
-62,77,76
-62,78,77
-62,79,78
-62,80,79
-62,81,80
-62,82,81
-62,83,82
-62,84,83
-62,85,84
-62,86,85
-62,87,86
-62,88,87
-62,89,88
-62,90,89
-62,91,90
-62,92,91
-62,93,92
-62,94,93
-62,95,94
-62,96,95
-62,97,96
-62,98,97
-62,99,98
-62,100,99
-62,101,100
-62,102,101
-62,103,102
-62,104,103
-62,105,104
-62,106,105
-62,107,106
-62,108,107
-62,109,108
-62,110,109
-62,111,110
-62,112,111
-62,113,112
-62,114,113
-62,115,114
-62,116,115
-62,117,116
-62,118,117
-62,119,118
-62,120,119
-62,121,120
-62,122,121
-62,123,122
-62,124,123
-62,125,124
-62,126,125
-62,127,126
-62,128,127
-62,129,128
-62,130,129
-62,131,130
-62,132,131
-62,133,132
-62,134,133
-62,135,134
-62,136,135
-62,137,136
-62,138,137
-62,139,138
-62,140,139
-62,141,140
-62,142,141
-62,143,142
-62,144,143
-62,145,144
-62,146,145
-62,147,146
-62,148,147
-62,149,148
-62,150,149
-62,151,150
-62,152,151
-62,153,152
-62,154,153
-62,155,154
-62,156,155
-62,157,156
-62,158,157
-62,159,158
-62,160,159
-62,161,160
-62,162,161
-62,163,162
-62,164,163
-62,165,164
-62,166,165
-62,167,166
-62,168,167
-62,169,168
-62,170,169
-62,171,170
-62,172,171
-62,173,172
-62,174,173
-62,175,174
-62,176,175
-62,177,176
-62,178,177
-62,179,178
-62,180,179
-62,181,180
-62,182,181
-62,183,182
-62,184,183
-62,185,184
-62,186,185
-62,187,186
-62,188,187
-62,189,188
-62,190,189
-62,191,190
-62,192,191
-62,193,192
-62,194,193
-62,195,194
-62,196,195
-62,197,196
-62,198,197
-62,199,198
-62,200,199
-62,201,200
-62,202,201
-62,203,202
-62,204,203
-62,205,204
-62,206,205
-62,207,206
-62,208,207
-62,209,208
-62,210,209
-62,211,210
-62,212,211
-62,213,212
-62,214,213
-62,215,214
-62,216,215
-62,217,216
-62,218,217
-62,219,218
-62,220,219
-62,221,220
-62,222,221
-62,223,222
-62,224,223
-62,225,224
-62,226,225
-62,227,226
-62,228,227
-62,229,228
-62,230,229
-62,231,230
-62,232,231
-62,233,232
-62,234,233
-62,235,234
-62,236,235
-62,237,236
-62,238,237
-62,239,238
-62,240,239
-62,241,240
-62,242,241
-62,243,242
-62,244,243
-62,245,244
-62,246,245
-62,247,246
-62,248,247
-62,249,248
-62,250,249
-62,251,250
-62,252,251
-62,253,252
-62,254,253
-62,255,254
-61,0,0
-61,1,0
-61,2,1
-61,3,2
-61,4,3
-61,5,4
-61,6,5
-61,7,6
-61,8,7
-61,9,8
-61,10,9
-61,11,10
-61,12,11
-61,13,12
-61,14,13
-61,15,14
-61,16,15
-61,17,16
-61,18,17
-61,19,18
-61,20,19
-61,21,20
-61,22,21
-61,23,22
-61,24,23
-61,25,24
-61,26,25
-61,27,26
-61,28,27
-61,29,28
-61,30,29
-61,31,30
-61,32,31
-61,33,32
-61,34,33
-61,35,34
-61,36,35
-61,37,36
-61,38,37
-61,39,38
-61,40,39
-61,41,40
-61,42,41
-61,43,42
-61,44,43
-61,45,44
-61,46,45
-61,47,46
-61,48,47
-61,49,48
-61,50,49
-61,51,50
-61,52,51
-61,53,52
-61,54,53
-61,55,54
-61,56,55
-61,57,56
-61,58,57
-61,59,58
-61,60,59
-61,61,60
-61,62,61
-61,63,62
-61,64,63
-61,65,64
-61,66,65
-61,67,66
-61,68,67
-61,69,68
-61,70,69
-61,71,70
-61,72,71
-61,73,72
-61,74,73
-61,75,74
-61,76,75
-61,77,76
-61,78,77
-61,79,78
-61,80,79
-61,81,80
-61,82,81
-61,83,82
-61,84,83
-61,85,84
-61,86,85
-61,87,86
-61,88,87
-61,89,88
-61,90,89
-61,91,90
-61,92,91
-61,93,92
-61,94,93
-61,95,94
-61,96,95
-61,97,96
-61,98,97
-61,99,98
-61,100,99
-61,101,100
-61,102,101
-61,103,102
-61,104,103
-61,105,104
-61,106,105
-61,107,106
-61,108,107
-61,109,108
-61,110,109
-61,111,110
-61,112,111
-61,113,112
-61,114,113
-61,115,114
-61,116,115
-61,117,116
-61,118,117
-61,119,118
-61,120,119
-61,121,120
-61,122,121
-61,123,122
-61,124,123
-61,125,124
-61,126,125
-61,127,126
-61,128,127
-61,129,128
-61,130,129
-61,131,130
-61,132,131
-61,133,132
-61,134,133
-61,135,134
-61,136,135
-61,137,136
-61,138,137
-61,139,138
-61,140,139
-61,141,140
-61,142,141
-61,143,142
-61,144,143
-61,145,144
-61,146,145
-61,147,146
-61,148,147
-61,149,148
-61,150,149
-61,151,150
-61,152,151
-61,153,152
-61,154,153
-61,155,154
-61,156,155
-61,157,156
-61,158,157
-61,159,158
-61,160,159
-61,161,160
-61,162,161
-61,163,162
-61,164,163
-61,165,164
-61,166,165
-61,167,166
-61,168,167
-61,169,168
-61,170,169
-61,171,170
-61,172,171
-61,173,172
-61,174,173
-61,175,174
-61,176,175
-61,177,176
-61,178,177
-61,179,178
-61,180,179
-61,181,180
-61,182,181
-61,183,182
-61,184,183
-61,185,184
-61,186,185
-61,187,186
-61,188,187
-61,189,188
-61,190,189
-61,191,190
-61,192,191
-61,193,192
-61,194,193
-61,195,194
-61,196,195
-61,197,196
-61,198,197
-61,199,198
-61,200,199
-61,201,200
-61,202,201
-61,203,202
-61,204,203
-61,205,204
-61,206,205
-61,207,206
-61,208,207
-61,209,208
-61,210,209
-61,211,210
-61,212,211
-61,213,212
-61,214,213
-61,215,214
-61,216,215
-61,217,216
-61,218,217
-61,219,218
-61,220,219
-61,221,220
-61,222,221
-61,223,222
-61,224,223
-61,225,224
-61,226,225
-61,227,226
-61,228,227
-61,229,228
-61,230,229
-61,231,230
-61,232,231
-61,233,232
-61,234,233
-61,235,234
-61,236,235
-61,237,236
-61,238,237
-61,239,238
-61,240,239
-61,241,240
-61,242,241
-61,243,242
-61,244,243
-61,245,244
-61,246,245
-61,247,246
-61,248,247
-61,249,248
-61,250,249
-61,251,250
-61,252,251
-61,253,252
-61,254,253
-61,255,254
-60,0,0
-60,1,0
-60,2,1
-60,3,2
-60,4,3
-60,5,4
-60,6,5
-60,7,6
-60,8,7
-60,9,8
-60,10,9
-60,11,10
-60,12,11
-60,13,12
-60,14,13
-60,15,14
-60,16,15
-60,17,16
-60,18,17
-60,19,18
-60,20,19
-60,21,20
-60,22,21
-60,23,22
-60,24,23
-60,25,24
-60,26,25
-60,27,26
-60,28,27
-60,29,28
-60,30,29
-60,31,30
-60,32,31
-60,33,32
-60,34,33
-60,35,34
-60,36,35
-60,37,36
-60,38,37
-60,39,38
-60,40,39
-60,41,40
-60,42,41
-60,43,42
-60,44,43
-60,45,44
-60,46,45
-60,47,46
-60,48,47
-60,49,48
-60,50,49
-60,51,50
-60,52,51
-60,53,52
-60,54,53
-60,55,54
-60,56,55
-60,57,56
-60,58,57
-60,59,58
-60,60,59
-60,61,60
-60,62,61
-60,63,62
-60,64,63
-60,65,64
-60,66,65
-60,67,66
-60,68,67
-60,69,68
-60,70,69
-60,71,70
-60,72,71
-60,73,72
-60,74,73
-60,75,74
-60,76,75
-60,77,76
-60,78,77
-60,79,78
-60,80,79
-60,81,80
-60,82,81
-60,83,82
-60,84,83
-60,85,84
-60,86,85
-60,87,86
-60,88,87
-60,89,88
-60,90,89
-60,91,90
-60,92,91
-60,93,92
-60,94,93
-60,95,94
-60,96,95
-60,97,96
-60,98,97
-60,99,98
-60,100,99
-60,101,100
-60,102,101
-60,103,102
-60,104,103
-60,105,104
-60,106,105
-60,107,106
-60,108,107
-60,109,108
-60,110,109
-60,111,110
-60,112,111
-60,113,112
-60,114,113
-60,115,114
-60,116,115
-60,117,116
-60,118,117
-60,119,118
-60,120,119
-60,121,120
-60,122,121
-60,123,122
-60,124,123
-60,125,124
-60,126,125
-60,127,126
-60,128,127
-60,129,128
-60,130,129
-60,131,130
-60,132,131
-60,133,132
-60,134,133
-60,135,134
-60,136,135
-60,137,136
-60,138,137
-60,139,138
-60,140,139
-60,141,140
-60,142,141
-60,143,142
-60,144,143
-60,145,144
-60,146,145
-60,147,146
-60,148,147
-60,149,148
-60,150,149
-60,151,150
-60,152,151
-60,153,152
-60,154,153
-60,155,154
-60,156,155
-60,157,156
-60,158,157
-60,159,158
-60,160,159
-60,161,160
-60,162,161
-60,163,162
-60,164,163
-60,165,164
-60,166,165
-60,167,166
-60,168,167
-60,169,168
-60,170,169
-60,171,170
-60,172,171
-60,173,172
-60,174,173
-60,175,174
-60,176,175
-60,177,176
-60,178,177
-60,179,178
-60,180,179
-60,181,180
-60,182,181
-60,183,182
-60,184,183
-60,185,184
-60,186,185
-60,187,186
-60,188,187
-60,189,188
-60,190,189
-60,191,190
-60,192,191
-60,193,192
-60,194,193
-60,195,194
-60,196,195
-60,197,196
-60,198,197
-60,199,198
-60,200,199
-60,201,200
-60,202,201
-60,203,202
-60,204,203
-60,205,204
-60,206,205
-60,207,206
-60,208,207
-60,209,208
-60,210,209
-60,211,210
-60,212,211
-60,213,212
-60,214,213
-60,215,214
-60,216,215
-60,217,216
-60,218,217
-60,219,218
-60,220,219
-60,221,220
-60,222,221
-60,223,222
-60,224,223
-60,225,224
-60,226,225
-60,227,226
-60,228,227
-60,229,228
-60,230,229
-60,231,230
-60,232,231
-60,233,232
-60,234,233
-60,235,234
-60,236,235
-60,237,236
-60,238,237
-60,239,238
-60,240,239
-60,241,240
-60,242,241
-60,243,242
-60,244,243
-60,245,244
-60,246,245
-60,247,246
-60,248,247
-60,249,248
-60,250,249
-60,251,250
-60,252,251
-60,253,252
-60,254,253
-60,255,254
-59,0,0
-59,1,0
-59,2,1
-59,3,2
-59,4,3
-59,5,4
-59,6,5
-59,7,6
-59,8,7
-59,9,8
-59,10,9
-59,11,10
-59,12,11
-59,13,12
-59,14,13
-59,15,14
-59,16,15
-59,17,16
-59,18,17
-59,19,18
-59,20,19
-59,21,20
-59,22,21
-59,23,22
-59,24,23
-59,25,24
-59,26,25
-59,27,26
-59,28,27
-59,29,28
-59,30,29
-59,31,30
-59,32,31
-59,33,32
-59,34,33
-59,35,34
-59,36,35
-59,37,36
-59,38,37
-59,39,38
-59,40,39
-59,41,40
-59,42,41
-59,43,42
-59,44,43
-59,45,44
-59,46,45
-59,47,46
-59,48,47
-59,49,48
-59,50,49
-59,51,50
-59,52,51
-59,53,52
-59,54,53
-59,55,54
-59,56,55
-59,57,56
-59,58,57
-59,59,58
-59,60,59
-59,61,60
-59,62,61
-59,63,62
-59,64,63
-59,65,64
-59,66,65
-59,67,66
-59,68,67
-59,69,68
-59,70,69
-59,71,70
-59,72,71
-59,73,72
-59,74,73
-59,75,74
-59,76,75
-59,77,76
-59,78,77
-59,79,78
-59,80,79
-59,81,80
-59,82,81
-59,83,82
-59,84,83
-59,85,84
-59,86,85
-59,87,86
-59,88,87
-59,89,88
-59,90,89
-59,91,90
-59,92,91
-59,93,92
-59,94,93
-59,95,94
-59,96,95
-59,97,96
-59,98,97
-59,99,98
-59,100,99
-59,101,100
-59,102,101
-59,103,102
-59,104,103
-59,105,104
-59,106,105
-59,107,106
-59,108,107
-59,109,108
-59,110,109
-59,111,110
-59,112,111
-59,113,112
-59,114,113
-59,115,114
-59,116,115
-59,117,116
-59,118,117
-59,119,118
-59,120,119
-59,121,120
-59,122,121
-59,123,122
-59,124,123
-59,125,124
-59,126,125
-59,127,126
-59,128,127
-59,129,128
-59,130,129
-59,131,130
-59,132,131
-59,133,132
-59,134,133
-59,135,134
-59,136,135
-59,137,136
-59,138,137
-59,139,138
-59,140,139
-59,141,140
-59,142,141
-59,143,142
-59,144,143
-59,145,144
-59,146,145
-59,147,146
-59,148,147
-59,149,148
-59,150,149
-59,151,150
-59,152,151
-59,153,152
-59,154,153
-59,155,154
-59,156,155
-59,157,156
-59,158,157
-59,159,158
-59,160,159
-59,161,160
-59,162,161
-59,163,162
-59,164,163
-59,165,164
-59,166,165
-59,167,166
-59,168,167
-59,169,168
-59,170,169
-59,171,170
-59,172,171
-59,173,172
-59,174,173
-59,175,174
-59,176,175
-59,177,176
-59,178,177
-59,179,178
-59,180,179
-59,181,180
-59,182,181
-59,183,182
-59,184,183
-59,185,184
-59,186,185
-59,187,186
-59,188,187
-59,189,188
-59,190,189
-59,191,190
-59,192,191
-59,193,192
-59,194,193
-59,195,194
-59,196,195
-59,197,196
-59,198,197
-59,199,198
-59,200,199
-59,201,200
-59,202,201
-59,203,202
-59,204,203
-59,205,204
-59,206,205
-59,207,206
-59,208,207
-59,209,208
-59,210,209
-59,211,210
-59,212,211
-59,213,212
-59,214,213
-59,215,214
-59,216,215
-59,217,216
-59,218,217
-59,219,218
-59,220,219
-59,221,220
-59,222,221
-59,223,222
-59,224,223
-59,225,224
-59,226,225
-59,227,226
-59,228,227
-59,229,228
-59,230,229
-59,231,230
-59,232,231
-59,233,232
-59,234,233
-59,235,234
-59,236,235
-59,237,236
-59,238,237
-59,239,238
-59,240,239
-59,241,240
-59,242,241
-59,243,242
-59,244,243
-59,245,244
-59,246,245
-59,247,246
-59,248,247
-59,249,248
-59,250,249
-59,251,250
-59,252,251
-59,253,252
-59,254,253
-59,255,254
-58,0,0
-58,1,0
-58,2,1
-58,3,2
-58,4,3
-58,5,4
-58,6,5
-58,7,6
-58,8,7
-58,9,8
-58,10,9
-58,11,10
-58,12,11
-58,13,12
-58,14,13
-58,15,14
-58,16,15
-58,17,16
-58,18,17
-58,19,18
-58,20,19
-58,21,20
-58,22,21
-58,23,22
-58,24,23
-58,25,24
-58,26,25
-58,27,26
-58,28,27
-58,29,28
-58,30,29
-58,31,30
-58,32,31
-58,33,32
-58,34,33
-58,35,34
-58,36,35
-58,37,36
-58,38,37
-58,39,38
-58,40,39
-58,41,40
-58,42,41
-58,43,42
-58,44,43
-58,45,44
-58,46,45
-58,47,46
-58,48,47
-58,49,48
-58,50,49
-58,51,50
-58,52,51
-58,53,52
-58,54,53
-58,55,54
-58,56,55
-58,57,56
-58,58,57
-58,59,58
-58,60,59
-58,61,60
-58,62,61
-58,63,62
-58,64,63
-58,65,64
-58,66,65
-58,67,66
-58,68,67
-58,69,68
-58,70,69
-58,71,70
-58,72,71
-58,73,72
-58,74,73
-58,75,74
-58,76,75
-58,77,76
-58,78,77
-58,79,78
-58,80,79
-58,81,80
-58,82,81
-58,83,82
-58,84,83
-58,85,84
-58,86,85
-58,87,86
-58,88,87
-58,89,88
-58,90,89
-58,91,90
-58,92,91
-58,93,92
-58,94,93
-58,95,94
-58,96,95
-58,97,96
-58,98,97
-58,99,98
-58,100,99
-58,101,100
-58,102,101
-58,103,102
-58,104,103
-58,105,104
-58,106,105
-58,107,106
-58,108,107
-58,109,108
-58,110,109
-58,111,110
-58,112,111
-58,113,112
-58,114,113
-58,115,114
-58,116,115
-58,117,116
-58,118,117
-58,119,118
-58,120,119
-58,121,120
-58,122,121
-58,123,122
-58,124,123
-58,125,124
-58,126,125
-58,127,126
-58,128,127
-58,129,128
-58,130,129
-58,131,130
-58,132,131
-58,133,132
-58,134,133
-58,135,134
-58,136,135
-58,137,136
-58,138,137
-58,139,138
-58,140,139
-58,141,140
-58,142,141
-58,143,142
-58,144,143
-58,145,144
-58,146,145
-58,147,146
-58,148,147
-58,149,148
-58,150,149
-58,151,150
-58,152,151
-58,153,152
-58,154,153
-58,155,154
-58,156,155
-58,157,156
-58,158,157
-58,159,158
-58,160,159
-58,161,160
-58,162,161
-58,163,162
-58,164,163
-58,165,164
-58,166,165
-58,167,166
-58,168,167
-58,169,168
-58,170,169
-58,171,170
-58,172,171
-58,173,172
-58,174,173
-58,175,174
-58,176,175
-58,177,176
-58,178,177
-58,179,178
-58,180,179
-58,181,180
-58,182,181
-58,183,182
-58,184,183
-58,185,184
-58,186,185
-58,187,186
-58,188,187
-58,189,188
-58,190,189
-58,191,190
-58,192,191
-58,193,192
-58,194,193
-58,195,194
-58,196,195
-58,197,196
-58,198,197
-58,199,198
-58,200,199
-58,201,200
-58,202,201
-58,203,202
-58,204,203
-58,205,204
-58,206,205
-58,207,206
-58,208,207
-58,209,208
-58,210,209
-58,211,210
-58,212,211
-58,213,212
-58,214,213
-58,215,214
-58,216,215
-58,217,216
-58,218,217
-58,219,218
-58,220,219
-58,221,220
-58,222,221
-58,223,222
-58,224,223
-58,225,224
-58,226,225
-58,227,226
-58,228,227
-58,229,228
-58,230,229
-58,231,230
-58,232,231
-58,233,232
-58,234,233
-58,235,234
-58,236,235
-58,237,236
-58,238,237
-58,239,238
-58,240,239
-58,241,240
-58,242,241
-58,243,242
-58,244,243
-58,245,244
-58,246,245
-58,247,246
-58,248,247
-58,249,248
-58,250,249
-58,251,250
-58,252,251
-58,253,252
-58,254,253
-58,255,254
-57,0,0
-57,1,0
-57,2,1
-57,3,2
-57,4,3
-57,5,4
-57,6,5
-57,7,6
-57,8,7
-57,9,8
-57,10,9
-57,11,10
-57,12,11
-57,13,12
-57,14,13
-57,15,14
-57,16,15
-57,17,16
-57,18,17
-57,19,18
-57,20,19
-57,21,20
-57,22,21
-57,23,22
-57,24,23
-57,25,24
-57,26,25
-57,27,26
-57,28,27
-57,29,28
-57,30,29
-57,31,30
-57,32,31
-57,33,32
-57,34,33
-57,35,34
-57,36,35
-57,37,36
-57,38,37
-57,39,38
-57,40,39
-57,41,40
-57,42,41
-57,43,42
-57,44,43
-57,45,44
-57,46,45
-57,47,46
-57,48,47
-57,49,48
-57,50,49
-57,51,50
-57,52,51
-57,53,52
-57,54,53
-57,55,54
-57,56,55
-57,57,56
-57,58,57
-57,59,58
-57,60,59
-57,61,60
-57,62,61
-57,63,62
-57,64,63
-57,65,64
-57,66,65
-57,67,66
-57,68,67
-57,69,68
-57,70,69
-57,71,70
-57,72,71
-57,73,72
-57,74,73
-57,75,74
-57,76,75
-57,77,76
-57,78,77
-57,79,78
-57,80,79
-57,81,80
-57,82,81
-57,83,82
-57,84,83
-57,85,84
-57,86,85
-57,87,86
-57,88,87
-57,89,88
-57,90,89
-57,91,90
-57,92,91
-57,93,92
-57,94,93
-57,95,94
-57,96,95
-57,97,96
-57,98,97
-57,99,98
-57,100,99
-57,101,100
-57,102,101
-57,103,102
-57,104,103
-57,105,104
-57,106,105
-57,107,106
-57,108,107
-57,109,108
-57,110,109
-57,111,110
-57,112,111
-57,113,112
-57,114,113
-57,115,114
-57,116,115
-57,117,116
-57,118,117
-57,119,118
-57,120,119
-57,121,120
-57,122,121
-57,123,122
-57,124,123
-57,125,124
-57,126,125
-57,127,126
-57,128,127
-57,129,128
-57,130,129
-57,131,130
-57,132,131
-57,133,132
-57,134,133
-57,135,134
-57,136,135
-57,137,136
-57,138,137
-57,139,138
-57,140,139
-57,141,140
-57,142,141
-57,143,142
-57,144,143
-57,145,144
-57,146,145
-57,147,146
-57,148,147
-57,149,148
-57,150,149
-57,151,150
-57,152,151
-57,153,152
-57,154,153
-57,155,154
-57,156,155
-57,157,156
-57,158,157
-57,159,158
-57,160,159
-57,161,160
-57,162,161
-57,163,162
-57,164,163
-57,165,164
-57,166,165
-57,167,166
-57,168,167
-57,169,168
-57,170,169
-57,171,170
-57,172,171
-57,173,172
-57,174,173
-57,175,174
-57,176,175
-57,177,176
-57,178,177
-57,179,178
-57,180,179
-57,181,180
-57,182,181
-57,183,182
-57,184,183
-57,185,184
-57,186,185
-57,187,186
-57,188,187
-57,189,188
-57,190,189
-57,191,190
-57,192,191
-57,193,192
-57,194,193
-57,195,194
-57,196,195
-57,197,196
-57,198,197
-57,199,198
-57,200,199
-57,201,200
-57,202,201
-57,203,202
-57,204,203
-57,205,204
-57,206,205
-57,207,206
-57,208,207
-57,209,208
-57,210,209
-57,211,210
-57,212,211
-57,213,212
-57,214,213
-57,215,214
-57,216,215
-57,217,216
-57,218,217
-57,219,218
-57,220,219
-57,221,220
-57,222,221
-57,223,222
-57,224,223
-57,225,224
-57,226,225
-57,227,226
-57,228,227
-57,229,228
-57,230,229
-57,231,230
-57,232,231
-57,233,232
-57,234,233
-57,235,234
-57,236,235
-57,237,236
-57,238,237
-57,239,238
-57,240,239
-57,241,240
-57,242,241
-57,243,242
-57,244,243
-57,245,244
-57,246,245
-57,247,246
-57,248,247
-57,249,248
-57,250,249
-57,251,250
-57,252,251
-57,253,252
-57,254,253
-57,255,254
-56,0,0
-56,1,0
-56,2,1
-56,3,2
-56,4,3
-56,5,4
-56,6,5
-56,7,6
-56,8,7
-56,9,8
-56,10,9
-56,11,10
-56,12,11
-56,13,12
-56,14,13
-56,15,14
-56,16,15
-56,17,16
-56,18,17
-56,19,18
-56,20,19
-56,21,20
-56,22,21
-56,23,22
-56,24,23
-56,25,24
-56,26,25
-56,27,26
-56,28,27
-56,29,28
-56,30,29
-56,31,30
-56,32,31
-56,33,32
-56,34,33
-56,35,34
-56,36,35
-56,37,36
-56,38,37
-56,39,38
-56,40,39
-56,41,40
-56,42,41
-56,43,42
-56,44,43
-56,45,44
-56,46,45
-56,47,46
-56,48,47
-56,49,48
-56,50,49
-56,51,50
-56,52,51
-56,53,52
-56,54,53
-56,55,54
-56,56,55
-56,57,56
-56,58,57
-56,59,58
-56,60,59
-56,61,60
-56,62,61
-56,63,62
-56,64,63
-56,65,64
-56,66,65
-56,67,66
-56,68,67
-56,69,68
-56,70,69
-56,71,70
-56,72,71
-56,73,72
-56,74,73
-56,75,74
-56,76,75
-56,77,76
-56,78,77
-56,79,78
-56,80,79
-56,81,80
-56,82,81
-56,83,82
-56,84,83
-56,85,84
-56,86,85
-56,87,86
-56,88,87
-56,89,88
-56,90,89
-56,91,90
-56,92,91
-56,93,92
-56,94,93
-56,95,94
-56,96,95
-56,97,96
-56,98,97
-56,99,98
-56,100,99
-56,101,100
-56,102,101
-56,103,102
-56,104,103
-56,105,104
-56,106,105
-56,107,106
-56,108,107
-56,109,108
-56,110,109
-56,111,110
-56,112,111
-56,113,112
-56,114,113
-56,115,114
-56,116,115
-56,117,116
-56,118,117
-56,119,118
-56,120,119
-56,121,120
-56,122,121
-56,123,122
-56,124,123
-56,125,124
-56,126,125
-56,127,126
-56,128,127
-56,129,128
-56,130,129
-56,131,130
-56,132,131
-56,133,132
-56,134,133
-56,135,134
-56,136,135
-56,137,136
-56,138,137
-56,139,138
-56,140,139
-56,141,140
-56,142,141
-56,143,142
-56,144,143
-56,145,144
-56,146,145
-56,147,146
-56,148,147
-56,149,148
-56,150,149
-56,151,150
-56,152,151
-56,153,152
-56,154,153
-56,155,154
-56,156,155
-56,157,156
-56,158,157
-56,159,158
-56,160,159
-56,161,160
-56,162,161
-56,163,162
-56,164,163
-56,165,164
-56,166,165
-56,167,166
-56,168,167
-56,169,168
-56,170,169
-56,171,170
-56,172,171
-56,173,172
-56,174,173
-56,175,174
-56,176,175
-56,177,176
-56,178,177
-56,179,178
-56,180,179
-56,181,180
-56,182,181
-56,183,182
-56,184,183
-56,185,184
-56,186,185
-56,187,186
-56,188,187
-56,189,188
-56,190,189
-56,191,190
-56,192,191
-56,193,192
-56,194,193
-56,195,194
-56,196,195
-56,197,196
-56,198,197
-56,199,198
-56,200,199
-56,201,200
-56,202,201
-56,203,202
-56,204,203
-56,205,204
-56,206,205
-56,207,206
-56,208,207
-56,209,208
-56,210,209
-56,211,210
-56,212,211
-56,213,212
-56,214,213
-56,215,214
-56,216,215
-56,217,216
-56,218,217
-56,219,218
-56,220,219
-56,221,220
-56,222,221
-56,223,222
-56,224,223
-56,225,224
-56,226,225
-56,227,226
-56,228,227
-56,229,228
-56,230,229
-56,231,230
-56,232,231
-56,233,232
-56,234,233
-56,235,234
-56,236,235
-56,237,236
-56,238,237
-56,239,238
-56,240,239
-56,241,240
-56,242,241
-56,243,242
-56,244,243
-56,245,244
-56,246,245
-56,247,246
-56,248,247
-56,249,248
-56,250,249
-56,251,250
-56,252,251
-56,253,252
-56,254,253
-56,255,254
-55,0,0
-55,1,0
-55,2,1
-55,3,2
-55,4,3
-55,5,4
-55,6,5
-55,7,6
-55,8,7
-55,9,8
-55,10,9
-55,11,10
-55,12,11
-55,13,12
-55,14,13
-55,15,14
-55,16,15
-55,17,16
-55,18,17
-55,19,18
-55,20,19
-55,21,20
-55,22,21
-55,23,22
-55,24,23
-55,25,24
-55,26,25
-55,27,26
-55,28,27
-55,29,28
-55,30,29
-55,31,30
-55,32,31
-55,33,32
-55,34,33
-55,35,34
-55,36,35
-55,37,36
-55,38,37
-55,39,38
-55,40,39
-55,41,40
-55,42,41
-55,43,42
-55,44,43
-55,45,44
-55,46,45
-55,47,46
-55,48,47
-55,49,48
-55,50,49
-55,51,50
-55,52,51
-55,53,52
-55,54,53
-55,55,54
-55,56,55
-55,57,56
-55,58,57
-55,59,58
-55,60,59
-55,61,60
-55,62,61
-55,63,62
-55,64,63
-55,65,64
-55,66,65
-55,67,66
-55,68,67
-55,69,68
-55,70,69
-55,71,70
-55,72,71
-55,73,72
-55,74,73
-55,75,74
-55,76,75
-55,77,76
-55,78,77
-55,79,78
-55,80,79
-55,81,80
-55,82,81
-55,83,82
-55,84,83
-55,85,84
-55,86,85
-55,87,86
-55,88,87
-55,89,88
-55,90,89
-55,91,90
-55,92,91
-55,93,92
-55,94,93
-55,95,94
-55,96,95
-55,97,96
-55,98,97
-55,99,98
-55,100,99
-55,101,100
-55,102,101
-55,103,102
-55,104,103
-55,105,104
-55,106,105
-55,107,106
-55,108,107
-55,109,108
-55,110,109
-55,111,110
-55,112,111
-55,113,112
-55,114,113
-55,115,114
-55,116,115
-55,117,116
-55,118,117
-55,119,118
-55,120,119
-55,121,120
-55,122,121
-55,123,122
-55,124,123
-55,125,124
-55,126,125
-55,127,126
-55,128,127
-55,129,128
-55,130,129
-55,131,130
-55,132,131
-55,133,132
-55,134,133
-55,135,134
-55,136,135
-55,137,136
-55,138,137
-55,139,138
-55,140,139
-55,141,140
-55,142,141
-55,143,142
-55,144,143
-55,145,144
-55,146,145
-55,147,146
-55,148,147
-55,149,148
-55,150,149
-55,151,150
-55,152,151
-55,153,152
-55,154,153
-55,155,154
-55,156,155
-55,157,156
-55,158,157
-55,159,158
-55,160,159
-55,161,160
-55,162,161
-55,163,162
-55,164,163
-55,165,164
-55,166,165
-55,167,166
-55,168,167
-55,169,168
-55,170,169
-55,171,170
-55,172,171
-55,173,172
-55,174,173
-55,175,174
-55,176,175
-55,177,176
-55,178,177
-55,179,178
-55,180,179
-55,181,180
-55,182,181
-55,183,182
-55,184,183
-55,185,184
-55,186,185
-55,187,186
-55,188,187
-55,189,188
-55,190,189
-55,191,190
-55,192,191
-55,193,192
-55,194,193
-55,195,194
-55,196,195
-55,197,196
-55,198,197
-55,199,198
-55,200,199
-55,201,200
-55,202,201
-55,203,202
-55,204,203
-55,205,204
-55,206,205
-55,207,206
-55,208,207
-55,209,208
-55,210,209
-55,211,210
-55,212,211
-55,213,212
-55,214,213
-55,215,214
-55,216,215
-55,217,216
-55,218,217
-55,219,218
-55,220,219
-55,221,220
-55,222,221
-55,223,222
-55,224,223
-55,225,224
-55,226,225
-55,227,226
-55,228,227
-55,229,228
-55,230,229
-55,231,230
-55,232,231
-55,233,232
-55,234,233
-55,235,234
-55,236,235
-55,237,236
-55,238,237
-55,239,238
-55,240,239
-55,241,240
-55,242,241
-55,243,242
-55,244,243
-55,245,244
-55,246,245
-55,247,246
-55,248,247
-55,249,248
-55,250,249
-55,251,250
-55,252,251
-55,253,252
-55,254,253
-55,255,254
-54,0,0
-54,1,0
-54,2,1
-54,3,2
-54,4,3
-54,5,4
-54,6,5
-54,7,6
-54,8,7
-54,9,8
-54,10,9
-54,11,10
-54,12,11
-54,13,12
-54,14,13
-54,15,14
-54,16,15
-54,17,16
-54,18,17
-54,19,18
-54,20,19
-54,21,20
-54,22,21
-54,23,22
-54,24,23
-54,25,24
-54,26,25
-54,27,26
-54,28,27
-54,29,28
-54,30,29
-54,31,30
-54,32,31
-54,33,32
-54,34,33
-54,35,34
-54,36,35
-54,37,36
-54,38,37
-54,39,38
-54,40,39
-54,41,40
-54,42,41
-54,43,42
-54,44,43
-54,45,44
-54,46,45
-54,47,46
-54,48,47
-54,49,48
-54,50,49
-54,51,50
-54,52,51
-54,53,52
-54,54,53
-54,55,54
-54,56,55
-54,57,56
-54,58,57
-54,59,58
-54,60,59
-54,61,60
-54,62,61
-54,63,62
-54,64,63
-54,65,64
-54,66,65
-54,67,66
-54,68,67
-54,69,68
-54,70,69
-54,71,70
-54,72,71
-54,73,72
-54,74,73
-54,75,74
-54,76,75
-54,77,76
-54,78,77
-54,79,78
-54,80,79
-54,81,80
-54,82,81
-54,83,82
-54,84,83
-54,85,84
-54,86,85
-54,87,86
-54,88,87
-54,89,88
-54,90,89
-54,91,90
-54,92,91
-54,93,92
-54,94,93
-54,95,94
-54,96,95
-54,97,96
-54,98,97
-54,99,98
-54,100,99
-54,101,100
-54,102,101
-54,103,102
-54,104,103
-54,105,104
-54,106,105
-54,107,106
-54,108,107
-54,109,108
-54,110,109
-54,111,110
-54,112,111
-54,113,112
-54,114,113
-54,115,114
-54,116,115
-54,117,116
-54,118,117
-54,119,118
-54,120,119
-54,121,120
-54,122,121
-54,123,122
-54,124,123
-54,125,124
-54,126,125
-54,127,126
-54,128,127
-54,129,128
-54,130,129
-54,131,130
-54,132,131
-54,133,132
-54,134,133
-54,135,134
-54,136,135
-54,137,136
-54,138,137
-54,139,138
-54,140,139
-54,141,140
-54,142,141
-54,143,142
-54,144,143
-54,145,144
-54,146,145
-54,147,146
-54,148,147
-54,149,148
-54,150,149
-54,151,150
-54,152,151
-54,153,152
-54,154,153
-54,155,154
-54,156,155
-54,157,156
-54,158,157
-54,159,158
-54,160,159
-54,161,160
-54,162,161
-54,163,162
-54,164,163
-54,165,164
-54,166,165
-54,167,166
-54,168,167
-54,169,168
-54,170,169
-54,171,170
-54,172,171
-54,173,172
-54,174,173
-54,175,174
-54,176,175
-54,177,176
-54,178,177
-54,179,178
-54,180,179
-54,181,180
-54,182,181
-54,183,182
-54,184,183
-54,185,184
-54,186,185
-54,187,186
-54,188,187
-54,189,188
-54,190,189
-54,191,190
-54,192,191
-54,193,192
-54,194,193
-54,195,194
-54,196,195
-54,197,196
-54,198,197
-54,199,198
-54,200,199
-54,201,200
-54,202,201
-54,203,202
-54,204,203
-54,205,204
-54,206,205
-54,207,206
-54,208,207
-54,209,208
-54,210,209
-54,211,210
-54,212,211
-54,213,212
-54,214,213
-54,215,214
-54,216,215
-54,217,216
-54,218,217
-54,219,218
-54,220,219
-54,221,220
-54,222,221
-54,223,222
-54,224,223
-54,225,224
-54,226,225
-54,227,226
-54,228,227
-54,229,228
-54,230,229
-54,231,230
-54,232,231
-54,233,232
-54,234,233
-54,235,234
-54,236,235
-54,237,236
-54,238,237
-54,239,238
-54,240,239
-54,241,240
-54,242,241
-54,243,242
-54,244,243
-54,245,244
-54,246,245
-54,247,246
-54,248,247
-54,249,248
-54,250,249
-54,251,250
-54,252,251
-54,253,252
-54,254,253
-54,255,254
-53,0,0
-53,1,0
-53,2,1
-53,3,2
-53,4,3
-53,5,4
-53,6,5
-53,7,6
-53,8,7
-53,9,8
-53,10,9
-53,11,10
-53,12,11
-53,13,12
-53,14,13
-53,15,14
-53,16,15
-53,17,16
-53,18,17
-53,19,18
-53,20,19
-53,21,20
-53,22,21
-53,23,22
-53,24,23
-53,25,24
-53,26,25
-53,27,26
-53,28,27
-53,29,28
-53,30,29
-53,31,30
-53,32,31
-53,33,32
-53,34,33
-53,35,34
-53,36,35
-53,37,36
-53,38,37
-53,39,38
-53,40,39
-53,41,40
-53,42,41
-53,43,42
-53,44,43
-53,45,44
-53,46,45
-53,47,46
-53,48,47
-53,49,48
-53,50,49
-53,51,50
-53,52,51
-53,53,52
-53,54,53
-53,55,54
-53,56,55
-53,57,56
-53,58,57
-53,59,58
-53,60,59
-53,61,60
-53,62,61
-53,63,62
-53,64,63
-53,65,64
-53,66,65
-53,67,66
-53,68,67
-53,69,68
-53,70,69
-53,71,70
-53,72,71
-53,73,72
-53,74,73
-53,75,74
-53,76,75
-53,77,76
-53,78,77
-53,79,78
-53,80,79
-53,81,80
-53,82,81
-53,83,82
-53,84,83
-53,85,84
-53,86,85
-53,87,86
-53,88,87
-53,89,88
-53,90,89
-53,91,90
-53,92,91
-53,93,92
-53,94,93
-53,95,94
-53,96,95
-53,97,96
-53,98,97
-53,99,98
-53,100,99
-53,101,100
-53,102,101
-53,103,102
-53,104,103
-53,105,104
-53,106,105
-53,107,106
-53,108,107
-53,109,108
-53,110,109
-53,111,110
-53,112,111
-53,113,112
-53,114,113
-53,115,114
-53,116,115
-53,117,116
-53,118,117
-53,119,118
-53,120,119
-53,121,120
-53,122,121
-53,123,122
-53,124,123
-53,125,124
-53,126,125
-53,127,126
-53,128,127
-53,129,128
-53,130,129
-53,131,130
-53,132,131
-53,133,132
-53,134,133
-53,135,134
-53,136,135
-53,137,136
-53,138,137
-53,139,138
-53,140,139
-53,141,140
-53,142,141
-53,143,142
-53,144,143
-53,145,144
-53,146,145
-53,147,146
-53,148,147
-53,149,148
-53,150,149
-53,151,150
-53,152,151
-53,153,152
-53,154,153
-53,155,154
-53,156,155
-53,157,156
-53,158,157
-53,159,158
-53,160,159
-53,161,160
-53,162,161
-53,163,162
-53,164,163
-53,165,164
-53,166,165
-53,167,166
-53,168,167
-53,169,168
-53,170,169
-53,171,170
-53,172,171
-53,173,172
-53,174,173
-53,175,174
-53,176,175
-53,177,176
-53,178,177
-53,179,178
-53,180,179
-53,181,180
-53,182,181
-53,183,182
-53,184,183
-53,185,184
-53,186,185
-53,187,186
-53,188,187
-53,189,188
-53,190,189
-53,191,190
-53,192,191
-53,193,192
-53,194,193
-53,195,194
-53,196,195
-53,197,196
-53,198,197
-53,199,198
-53,200,199
-53,201,200
-53,202,201
-53,203,202
-53,204,203
-53,205,204
-53,206,205
-53,207,206
-53,208,207
-53,209,208
-53,210,209
-53,211,210
-53,212,211
-53,213,212
-53,214,213
-53,215,214
-53,216,215
-53,217,216
-53,218,217
-53,219,218
-53,220,219
-53,221,220
-53,222,221
-53,223,222
-53,224,223
-53,225,224
-53,226,225
-53,227,226
-53,228,227
-53,229,228
-53,230,229
-53,231,230
-53,232,231
-53,233,232
-53,234,233
-53,235,234
-53,236,235
-53,237,236
-53,238,237
-53,239,238
-53,240,239
-53,241,240
-53,242,241
-53,243,242
-53,244,243
-53,245,244
-53,246,245
-53,247,246
-53,248,247
-53,249,248
-53,250,249
-53,251,250
-53,252,251
-53,253,252
-53,254,253
-53,255,254
-52,0,0
-52,1,0
-52,2,1
-52,3,2
-52,4,3
-52,5,4
-52,6,5
-52,7,6
-52,8,7
-52,9,8
-52,10,9
-52,11,10
-52,12,11
-52,13,12
-52,14,13
-52,15,14
-52,16,15
-52,17,16
-52,18,17
-52,19,18
-52,20,19
-52,21,20
-52,22,21
-52,23,22
-52,24,23
-52,25,24
-52,26,25
-52,27,26
-52,28,27
-52,29,28
-52,30,29
-52,31,30
-52,32,31
-52,33,32
-52,34,33
-52,35,34
-52,36,35
-52,37,36
-52,38,37
-52,39,38
-52,40,39
-52,41,40
-52,42,41
-52,43,42
-52,44,43
-52,45,44
-52,46,45
-52,47,46
-52,48,47
-52,49,48
-52,50,49
-52,51,50
-52,52,51
-52,53,52
-52,54,53
-52,55,54
-52,56,55
-52,57,56
-52,58,57
-52,59,58
-52,60,59
-52,61,60
-52,62,61
-52,63,62
-52,64,63
-52,65,64
-52,66,65
-52,67,66
-52,68,67
-52,69,68
-52,70,69
-52,71,70
-52,72,71
-52,73,72
-52,74,73
-52,75,74
-52,76,75
-52,77,76
-52,78,77
-52,79,78
-52,80,79
-52,81,80
-52,82,81
-52,83,82
-52,84,83
-52,85,84
-52,86,85
-52,87,86
-52,88,87
-52,89,88
-52,90,89
-52,91,90
-52,92,91
-52,93,92
-52,94,93
-52,95,94
-52,96,95
-52,97,96
-52,98,97
-52,99,98
-52,100,99
-52,101,100
-52,102,101
-52,103,102
-52,104,103
-52,105,104
-52,106,105
-52,107,106
-52,108,107
-52,109,108
-52,110,109
-52,111,110
-52,112,111
-52,113,112
-52,114,113
-52,115,114
-52,116,115
-52,117,116
-52,118,117
-52,119,118
-52,120,119
-52,121,120
-52,122,121
-52,123,122
-52,124,123
-52,125,124
-52,126,125
-52,127,126
-52,128,127
-52,129,128
-52,130,129
-52,131,130
-52,132,131
-52,133,132
-52,134,133
-52,135,134
-52,136,135
-52,137,136
-52,138,137
-52,139,138
-52,140,139
-52,141,140
-52,142,141
-52,143,142
-52,144,143
-52,145,144
-52,146,145
-52,147,146
-52,148,147
-52,149,148
-52,150,149
-52,151,150
-52,152,151
-52,153,152
-52,154,153
-52,155,154
-52,156,155
-52,157,156
-52,158,157
-52,159,158
-52,160,159
-52,161,160
-52,162,161
-52,163,162
-52,164,163
-52,165,164
-52,166,165
-52,167,166
-52,168,167
-52,169,168
-52,170,169
-52,171,170
-52,172,171
-52,173,172
-52,174,173
-52,175,174
-52,176,175
-52,177,176
-52,178,177
-52,179,178
-52,180,179
-52,181,180
-52,182,181
-52,183,182
-52,184,183
-52,185,184
-52,186,185
-52,187,186
-52,188,187
-52,189,188
-52,190,189
-52,191,190
-52,192,191
-52,193,192
-52,194,193
-52,195,194
-52,196,195
-52,197,196
-52,198,197
-52,199,198
-52,200,199
-52,201,200
-52,202,201
-52,203,202
-52,204,203
-52,205,204
-52,206,205
-52,207,206
-52,208,207
-52,209,208
-52,210,209
-52,211,210
-52,212,211
-52,213,212
-52,214,213
-52,215,214
-52,216,215
-52,217,216
-52,218,217
-52,219,218
-52,220,219
-52,221,220
-52,222,221
-52,223,222
-52,224,223
-52,225,224
-52,226,225
-52,227,226
-52,228,227
-52,229,228
-52,230,229
-52,231,230
-52,232,231
-52,233,232
-52,234,233
-52,235,234
-52,236,235
-52,237,236
-52,238,237
-52,239,238
-52,240,239
-52,241,240
-52,242,241
-52,243,242
-52,244,243
-52,245,244
-52,246,245
-52,247,246
-52,248,247
-52,249,248
-52,250,249
-52,251,250
-52,252,251
-52,253,252
-52,254,253
-52,255,254
-51,0,0
-51,1,0
-51,2,1
-51,3,2
-51,4,3
-51,5,4
-51,6,5
-51,7,6
-51,8,7
-51,9,8
-51,10,9
-51,11,10
-51,12,11
-51,13,12
-51,14,13
-51,15,14
-51,16,15
-51,17,16
-51,18,17
-51,19,18
-51,20,19
-51,21,20
-51,22,21
-51,23,22
-51,24,23
-51,25,24
-51,26,25
-51,27,26
-51,28,27
-51,29,28
-51,30,29
-51,31,30
-51,32,31
-51,33,32
-51,34,33
-51,35,34
-51,36,35
-51,37,36
-51,38,37
-51,39,38
-51,40,39
-51,41,40
-51,42,41
-51,43,42
-51,44,43
-51,45,44
-51,46,45
-51,47,46
-51,48,47
-51,49,48
-51,50,49
-51,51,50
-51,52,51
-51,53,52
-51,54,53
-51,55,54
-51,56,55
-51,57,56
-51,58,57
-51,59,58
-51,60,59
-51,61,60
-51,62,61
-51,63,62
-51,64,63
-51,65,64
-51,66,65
-51,67,66
-51,68,67
-51,69,68
-51,70,69
-51,71,70
-51,72,71
-51,73,72
-51,74,73
-51,75,74
-51,76,75
-51,77,76
-51,78,77
-51,79,78
-51,80,79
-51,81,80
-51,82,81
-51,83,82
-51,84,83
-51,85,84
-51,86,85
-51,87,86
-51,88,87
-51,89,88
-51,90,89
-51,91,90
-51,92,91
-51,93,92
-51,94,93
-51,95,94
-51,96,95
-51,97,96
-51,98,97
-51,99,98
-51,100,99
-51,101,100
-51,102,101
-51,103,102
-51,104,103
-51,105,104
-51,106,105
-51,107,106
-51,108,107
-51,109,108
-51,110,109
-51,111,110
-51,112,111
-51,113,112
-51,114,113
-51,115,114
-51,116,115
-51,117,116
-51,118,117
-51,119,118
-51,120,119
-51,121,120
-51,122,121
-51,123,122
-51,124,123
-51,125,124
-51,126,125
-51,127,126
-51,128,127
-51,129,128
-51,130,129
-51,131,130
-51,132,131
-51,133,132
-51,134,133
-51,135,134
-51,136,135
-51,137,136
-51,138,137
-51,139,138
-51,140,139
-51,141,140
-51,142,141
-51,143,142
-51,144,143
-51,145,144
-51,146,145
-51,147,146
-51,148,147
-51,149,148
-51,150,149
-51,151,150
-51,152,151
-51,153,152
-51,154,153
-51,155,154
-51,156,155
-51,157,156
-51,158,157
-51,159,158
-51,160,159
-51,161,160
-51,162,161
-51,163,162
-51,164,163
-51,165,164
-51,166,165
-51,167,166
-51,168,167
-51,169,168
-51,170,169
-51,171,170
-51,172,171
-51,173,172
-51,174,173
-51,175,174
-51,176,175
-51,177,176
-51,178,177
-51,179,178
-51,180,179
-51,181,180
-51,182,181
-51,183,182
-51,184,183
-51,185,184
-51,186,185
-51,187,186
-51,188,187
-51,189,188
-51,190,189
-51,191,190
-51,192,191
-51,193,192
-51,194,193
-51,195,194
-51,196,195
-51,197,196
-51,198,197
-51,199,198
-51,200,199
-51,201,200
-51,202,201
-51,203,202
-51,204,203
-51,205,204
-51,206,205
-51,207,206
-51,208,207
-51,209,208
-51,210,209
-51,211,210
-51,212,211
-51,213,212
-51,214,213
-51,215,214
-51,216,215
-51,217,216
-51,218,217
-51,219,218
-51,220,219
-51,221,220
-51,222,221
-51,223,222
-51,224,223
-51,225,224
-51,226,225
-51,227,226
-51,228,227
-51,229,228
-51,230,229
-51,231,230
-51,232,231
-51,233,232
-51,234,233
-51,235,234
-51,236,235
-51,237,236
-51,238,237
-51,239,238
-51,240,239
-51,241,240
-51,242,241
-51,243,242
-51,244,243
-51,245,244
-51,246,245
-51,247,246
-51,248,247
-51,249,248
-51,250,249
-51,251,250
-51,252,251
-51,253,252
-51,254,253
-51,255,254
-50,0,0
-50,1,0
-50,2,1
-50,3,2
-50,4,3
-50,5,4
-50,6,5
-50,7,6
-50,8,7
-50,9,8
-50,10,9
-50,11,10
-50,12,11
-50,13,12
-50,14,13
-50,15,14
-50,16,15
-50,17,16
-50,18,17
-50,19,18
-50,20,19
-50,21,20
-50,22,21
-50,23,22
-50,24,23
-50,25,24
-50,26,25
-50,27,26
-50,28,27
-50,29,28
-50,30,29
-50,31,30
-50,32,31
-50,33,32
-50,34,33
-50,35,34
-50,36,35
-50,37,36
-50,38,37
-50,39,38
-50,40,39
-50,41,40
-50,42,41
-50,43,42
-50,44,43
-50,45,44
-50,46,45
-50,47,46
-50,48,47
-50,49,48
-50,50,49
-50,51,50
-50,52,51
-50,53,52
-50,54,53
-50,55,54
-50,56,55
-50,57,56
-50,58,57
-50,59,58
-50,60,59
-50,61,60
-50,62,61
-50,63,62
-50,64,63
-50,65,64
-50,66,65
-50,67,66
-50,68,67
-50,69,68
-50,70,69
-50,71,70
-50,72,71
-50,73,72
-50,74,73
-50,75,74
-50,76,75
-50,77,76
-50,78,77
-50,79,78
-50,80,79
-50,81,80
-50,82,81
-50,83,82
-50,84,83
-50,85,84
-50,86,85
-50,87,86
-50,88,87
-50,89,88
-50,90,89
-50,91,90
-50,92,91
-50,93,92
-50,94,93
-50,95,94
-50,96,95
-50,97,96
-50,98,97
-50,99,98
-50,100,99
-50,101,100
-50,102,101
-50,103,102
-50,104,103
-50,105,104
-50,106,105
-50,107,106
-50,108,107
-50,109,108
-50,110,109
-50,111,110
-50,112,111
-50,113,112
-50,114,113
-50,115,114
-50,116,115
-50,117,116
-50,118,117
-50,119,118
-50,120,119
-50,121,120
-50,122,121
-50,123,122
-50,124,123
-50,125,124
-50,126,125
-50,127,126
-50,128,127
-50,129,128
-50,130,129
-50,131,130
-50,132,131
-50,133,132
-50,134,133
-50,135,134
-50,136,135
-50,137,136
-50,138,137
-50,139,138
-50,140,139
-50,141,140
-50,142,141
-50,143,142
-50,144,143
-50,145,144
-50,146,145
-50,147,146
-50,148,147
-50,149,148
-50,150,149
-50,151,150
-50,152,151
-50,153,152
-50,154,153
-50,155,154
-50,156,155
-50,157,156
-50,158,157
-50,159,158
-50,160,159
-50,161,160
-50,162,161
-50,163,162
-50,164,163
-50,165,164
-50,166,165
-50,167,166
-50,168,167
-50,169,168
-50,170,169
-50,171,170
-50,172,171
-50,173,172
-50,174,173
-50,175,174
-50,176,175
-50,177,176
-50,178,177
-50,179,178
-50,180,179
-50,181,180
-50,182,181
-50,183,182
-50,184,183
-50,185,184
-50,186,185
-50,187,186
-50,188,187
-50,189,188
-50,190,189
-50,191,190
-50,192,191
-50,193,192
-50,194,193
-50,195,194
-50,196,195
-50,197,196
-50,198,197
-50,199,198
-50,200,199
-50,201,200
-50,202,201
-50,203,202
-50,204,203
-50,205,204
-50,206,205
-50,207,206
-50,208,207
-50,209,208
-50,210,209
-50,211,210
-50,212,211
-50,213,212
-50,214,213
-50,215,214
-50,216,215
-50,217,216
-50,218,217
-50,219,218
-50,220,219
-50,221,220
-50,222,221
-50,223,222
-50,224,223
-50,225,224
-50,226,225
-50,227,226
-50,228,227
-50,229,228
-50,230,229
-50,231,230
-50,232,231
-50,233,232
-50,234,233
-50,235,234
-50,236,235
-50,237,236
-50,238,237
-50,239,238
-50,240,239
-50,241,240
-50,242,241
-50,243,242
-50,244,243
-50,245,244
-50,246,245
-50,247,246
-50,248,247
-50,249,248
-50,250,249
-50,251,250
-50,252,251
-50,253,252
-50,254,253
-50,255,254
-49,0,0
-49,1,0
-49,2,1
-49,3,2
-49,4,3
-49,5,4
-49,6,5
-49,7,6
-49,8,7
-49,9,8
-49,10,9
-49,11,10
-49,12,11
-49,13,12
-49,14,13
-49,15,14
-49,16,15
-49,17,16
-49,18,17
-49,19,18
-49,20,19
-49,21,20
-49,22,21
-49,23,22
-49,24,23
-49,25,24
-49,26,25
-49,27,26
-49,28,27
-49,29,28
-49,30,29
-49,31,30
-49,32,31
-49,33,32
-49,34,33
-49,35,34
-49,36,35
-49,37,36
-49,38,37
-49,39,38
-49,40,39
-49,41,40
-49,42,41
-49,43,42
-49,44,43
-49,45,44
-49,46,45
-49,47,46
-49,48,47
-49,49,48
-49,50,49
-49,51,50
-49,52,51
-49,53,52
-49,54,53
-49,55,54
-49,56,55
-49,57,56
-49,58,57
-49,59,58
-49,60,59
-49,61,60
-49,62,61
-49,63,62
-49,64,63
-49,65,64
-49,66,65
-49,67,66
-49,68,67
-49,69,68
-49,70,69
-49,71,70
-49,72,71
-49,73,72
-49,74,73
-49,75,74
-49,76,75
-49,77,76
-49,78,77
-49,79,78
-49,80,79
-49,81,80
-49,82,81
-49,83,82
-49,84,83
-49,85,84
-49,86,85
-49,87,86
-49,88,87
-49,89,88
-49,90,89
-49,91,90
-49,92,91
-49,93,92
-49,94,93
-49,95,94
-49,96,95
-49,97,96
-49,98,97
-49,99,98
-49,100,99
-49,101,100
-49,102,101
-49,103,102
-49,104,103
-49,105,104
-49,106,105
-49,107,106
-49,108,107
-49,109,108
-49,110,109
-49,111,110
-49,112,111
-49,113,112
-49,114,113
-49,115,114
-49,116,115
-49,117,116
-49,118,117
-49,119,118
-49,120,119
-49,121,120
-49,122,121
-49,123,122
-49,124,123
-49,125,124
-49,126,125
-49,127,126
-49,128,127
-49,129,128
-49,130,129
-49,131,130
-49,132,131
-49,133,132
-49,134,133
-49,135,134
-49,136,135
-49,137,136
-49,138,137
-49,139,138
-49,140,139
-49,141,140
-49,142,141
-49,143,142
-49,144,143
-49,145,144
-49,146,145
-49,147,146
-49,148,147
-49,149,148
-49,150,149
-49,151,150
-49,152,151
-49,153,152
-49,154,153
-49,155,154
-49,156,155
-49,157,156
-49,158,157
-49,159,158
-49,160,159
-49,161,160
-49,162,161
-49,163,162
-49,164,163
-49,165,164
-49,166,165
-49,167,166
-49,168,167
-49,169,168
-49,170,169
-49,171,170
-49,172,171
-49,173,172
-49,174,173
-49,175,174
-49,176,175
-49,177,176
-49,178,177
-49,179,178
-49,180,179
-49,181,180
-49,182,181
-49,183,182
-49,184,183
-49,185,184
-49,186,185
-49,187,186
-49,188,187
-49,189,188
-49,190,189
-49,191,190
-49,192,191
-49,193,192
-49,194,193
-49,195,194
-49,196,195
-49,197,196
-49,198,197
-49,199,198
-49,200,199
-49,201,200
-49,202,201
-49,203,202
-49,204,203
-49,205,204
-49,206,205
-49,207,206
-49,208,207
-49,209,208
-49,210,209
-49,211,210
-49,212,211
-49,213,212
-49,214,213
-49,215,214
-49,216,215
-49,217,216
-49,218,217
-49,219,218
-49,220,219
-49,221,220
-49,222,221
-49,223,222
-49,224,223
-49,225,224
-49,226,225
-49,227,226
-49,228,227
-49,229,228
-49,230,229
-49,231,230
-49,232,231
-49,233,232
-49,234,233
-49,235,234
-49,236,235
-49,237,236
-49,238,237
-49,239,238
-49,240,239
-49,241,240
-49,242,241
-49,243,242
-49,244,243
-49,245,244
-49,246,245
-49,247,246
-49,248,247
-49,249,248
-49,250,249
-49,251,250
-49,252,251
-49,253,252
-49,254,253
-49,255,254
-48,0,0
-48,1,0
-48,2,1
-48,3,2
-48,4,3
-48,5,4
-48,6,5
-48,7,6
-48,8,7
-48,9,8
-48,10,9
-48,11,10
-48,12,11
-48,13,12
-48,14,13
-48,15,14
-48,16,15
-48,17,16
-48,18,17
-48,19,18
-48,20,19
-48,21,20
-48,22,21
-48,23,22
-48,24,23
-48,25,24
-48,26,25
-48,27,26
-48,28,27
-48,29,28
-48,30,29
-48,31,30
-48,32,31
-48,33,32
-48,34,33
-48,35,34
-48,36,35
-48,37,36
-48,38,37
-48,39,38
-48,40,39
-48,41,40
-48,42,41
-48,43,42
-48,44,43
-48,45,44
-48,46,45
-48,47,46
-48,48,47
-48,49,48
-48,50,49
-48,51,50
-48,52,51
-48,53,52
-48,54,53
-48,55,54
-48,56,55
-48,57,56
-48,58,57
-48,59,58
-48,60,59
-48,61,60
-48,62,61
-48,63,62
-48,64,63
-48,65,64
-48,66,65
-48,67,66
-48,68,67
-48,69,68
-48,70,69
-48,71,70
-48,72,71
-48,73,72
-48,74,73
-48,75,74
-48,76,75
-48,77,76
-48,78,77
-48,79,78
-48,80,79
-48,81,80
-48,82,81
-48,83,82
-48,84,83
-48,85,84
-48,86,85
-48,87,86
-48,88,87
-48,89,88
-48,90,89
-48,91,90
-48,92,91
-48,93,92
-48,94,93
-48,95,94
-48,96,95
-48,97,96
-48,98,97
-48,99,98
-48,100,99
-48,101,100
-48,102,101
-48,103,102
-48,104,103
-48,105,104
-48,106,105
-48,107,106
-48,108,107
-48,109,108
-48,110,109
-48,111,110
-48,112,111
-48,113,112
-48,114,113
-48,115,114
-48,116,115
-48,117,116
-48,118,117
-48,119,118
-48,120,119
-48,121,120
-48,122,121
-48,123,122
-48,124,123
-48,125,124
-48,126,125
-48,127,126
-48,128,127
-48,129,128
-48,130,129
-48,131,130
-48,132,131
-48,133,132
-48,134,133
-48,135,134
-48,136,135
-48,137,136
-48,138,137
-48,139,138
-48,140,139
-48,141,140
-48,142,141
-48,143,142
-48,144,143
-48,145,144
-48,146,145
-48,147,146
-48,148,147
-48,149,148
-48,150,149
-48,151,150
-48,152,151
-48,153,152
-48,154,153
-48,155,154
-48,156,155
-48,157,156
-48,158,157
-48,159,158
-48,160,159
-48,161,160
-48,162,161
-48,163,162
-48,164,163
-48,165,164
-48,166,165
-48,167,166
-48,168,167
-48,169,168
-48,170,169
-48,171,170
-48,172,171
-48,173,172
-48,174,173
-48,175,174
-48,176,175
-48,177,176
-48,178,177
-48,179,178
-48,180,179
-48,181,180
-48,182,181
-48,183,182
-48,184,183
-48,185,184
-48,186,185
-48,187,186
-48,188,187
-48,189,188
-48,190,189
-48,191,190
-48,192,191
-48,193,192
-48,194,193
-48,195,194
-48,196,195
-48,197,196
-48,198,197
-48,199,198
-48,200,199
-48,201,200
-48,202,201
-48,203,202
-48,204,203
-48,205,204
-48,206,205
-48,207,206
-48,208,207
-48,209,208
-48,210,209
-48,211,210
-48,212,211
-48,213,212
-48,214,213
-48,215,214
-48,216,215
-48,217,216
-48,218,217
-48,219,218
-48,220,219
-48,221,220
-48,222,221
-48,223,222
-48,224,223
-48,225,224
-48,226,225
-48,227,226
-48,228,227
-48,229,228
-48,230,229
-48,231,230
-48,232,231
-48,233,232
-48,234,233
-48,235,234
-48,236,235
-48,237,236
-48,238,237
-48,239,238
-48,240,239
-48,241,240
-48,242,241
-48,243,242
-48,244,243
-48,245,244
-48,246,245
-48,247,246
-48,248,247
-48,249,248
-48,250,249
-48,251,250
-48,252,251
-48,253,252
-48,254,253
-48,255,254
-47,0,0
-47,1,0
-47,2,1
-47,3,2
-47,4,3
-47,5,4
-47,6,5
-47,7,6
-47,8,7
-47,9,8
-47,10,9
-47,11,10
-47,12,11
-47,13,12
-47,14,13
-47,15,14
-47,16,15
-47,17,16
-47,18,17
-47,19,18
-47,20,19
-47,21,20
-47,22,21
-47,23,22
-47,24,23
-47,25,24
-47,26,25
-47,27,26
-47,28,27
-47,29,28
-47,30,29
-47,31,30
-47,32,31
-47,33,32
-47,34,33
-47,35,34
-47,36,35
-47,37,36
-47,38,37
-47,39,38
-47,40,39
-47,41,40
-47,42,41
-47,43,42
-47,44,43
-47,45,44
-47,46,45
-47,47,46
-47,48,47
-47,49,48
-47,50,49
-47,51,50
-47,52,51
-47,53,52
-47,54,53
-47,55,54
-47,56,55
-47,57,56
-47,58,57
-47,59,58
-47,60,59
-47,61,60
-47,62,61
-47,63,62
-47,64,63
-47,65,64
-47,66,65
-47,67,66
-47,68,67
-47,69,68
-47,70,69
-47,71,70
-47,72,71
-47,73,72
-47,74,73
-47,75,74
-47,76,75
-47,77,76
-47,78,77
-47,79,78
-47,80,79
-47,81,80
-47,82,81
-47,83,82
-47,84,83
-47,85,84
-47,86,85
-47,87,86
-47,88,87
-47,89,88
-47,90,89
-47,91,90
-47,92,91
-47,93,92
-47,94,93
-47,95,94
-47,96,95
-47,97,96
-47,98,97
-47,99,98
-47,100,99
-47,101,100
-47,102,101
-47,103,102
-47,104,103
-47,105,104
-47,106,105
-47,107,106
-47,108,107
-47,109,108
-47,110,109
-47,111,110
-47,112,111
-47,113,112
-47,114,113
-47,115,114
-47,116,115
-47,117,116
-47,118,117
-47,119,118
-47,120,119
-47,121,120
-47,122,121
-47,123,122
-47,124,123
-47,125,124
-47,126,125
-47,127,126
-47,128,127
-47,129,128
-47,130,129
-47,131,130
-47,132,131
-47,133,132
-47,134,133
-47,135,134
-47,136,135
-47,137,136
-47,138,137
-47,139,138
-47,140,139
-47,141,140
-47,142,141
-47,143,142
-47,144,143
-47,145,144
-47,146,145
-47,147,146
-47,148,147
-47,149,148
-47,150,149
-47,151,150
-47,152,151
-47,153,152
-47,154,153
-47,155,154
-47,156,155
-47,157,156
-47,158,157
-47,159,158
-47,160,159
-47,161,160
-47,162,161
-47,163,162
-47,164,163
-47,165,164
-47,166,165
-47,167,166
-47,168,167
-47,169,168
-47,170,169
-47,171,170
-47,172,171
-47,173,172
-47,174,173
-47,175,174
-47,176,175
-47,177,176
-47,178,177
-47,179,178
-47,180,179
-47,181,180
-47,182,181
-47,183,182
-47,184,183
-47,185,184
-47,186,185
-47,187,186
-47,188,187
-47,189,188
-47,190,189
-47,191,190
-47,192,191
-47,193,192
-47,194,193
-47,195,194
-47,196,195
-47,197,196
-47,198,197
-47,199,198
-47,200,199
-47,201,200
-47,202,201
-47,203,202
-47,204,203
-47,205,204
-47,206,205
-47,207,206
-47,208,207
-47,209,208
-47,210,209
-47,211,210
-47,212,211
-47,213,212
-47,214,213
-47,215,214
-47,216,215
-47,217,216
-47,218,217
-47,219,218
-47,220,219
-47,221,220
-47,222,221
-47,223,222
-47,224,223
-47,225,224
-47,226,225
-47,227,226
-47,228,227
-47,229,228
-47,230,229
-47,231,230
-47,232,231
-47,233,232
-47,234,233
-47,235,234
-47,236,235
-47,237,236
-47,238,237
-47,239,238
-47,240,239
-47,241,240
-47,242,241
-47,243,242
-47,244,243
-47,245,244
-47,246,245
-47,247,246
-47,248,247
-47,249,248
-47,250,249
-47,251,250
-47,252,251
-47,253,252
-47,254,253
-47,255,254
-46,0,0
-46,1,0
-46,2,1
-46,3,2
-46,4,3
-46,5,4
-46,6,5
-46,7,6
-46,8,7
-46,9,8
-46,10,9
-46,11,10
-46,12,11
-46,13,12
-46,14,13
-46,15,14
-46,16,15
-46,17,16
-46,18,17
-46,19,18
-46,20,19
-46,21,20
-46,22,21
-46,23,22
-46,24,23
-46,25,24
-46,26,25
-46,27,26
-46,28,27
-46,29,28
-46,30,29
-46,31,30
-46,32,31
-46,33,32
-46,34,33
-46,35,34
-46,36,35
-46,37,36
-46,38,37
-46,39,38
-46,40,39
-46,41,40
-46,42,41
-46,43,42
-46,44,43
-46,45,44
-46,46,45
-46,47,46
-46,48,47
-46,49,48
-46,50,49
-46,51,50
-46,52,51
-46,53,52
-46,54,53
-46,55,54
-46,56,55
-46,57,56
-46,58,57
-46,59,58
-46,60,59
-46,61,60
-46,62,61
-46,63,62
-46,64,63
-46,65,64
-46,66,65
-46,67,66
-46,68,67
-46,69,68
-46,70,69
-46,71,70
-46,72,71
-46,73,72
-46,74,73
-46,75,74
-46,76,75
-46,77,76
-46,78,77
-46,79,78
-46,80,79
-46,81,80
-46,82,81
-46,83,82
-46,84,83
-46,85,84
-46,86,85
-46,87,86
-46,88,87
-46,89,88
-46,90,89
-46,91,90
-46,92,91
-46,93,92
-46,94,93
-46,95,94
-46,96,95
-46,97,96
-46,98,97
-46,99,98
-46,100,99
-46,101,100
-46,102,101
-46,103,102
-46,104,103
-46,105,104
-46,106,105
-46,107,106
-46,108,107
-46,109,108
-46,110,109
-46,111,110
-46,112,111
-46,113,112
-46,114,113
-46,115,114
-46,116,115
-46,117,116
-46,118,117
-46,119,118
-46,120,119
-46,121,120
-46,122,121
-46,123,122
-46,124,123
-46,125,124
-46,126,125
-46,127,126
-46,128,127
-46,129,128
-46,130,129
-46,131,130
-46,132,131
-46,133,132
-46,134,133
-46,135,134
-46,136,135
-46,137,136
-46,138,137
-46,139,138
-46,140,139
-46,141,140
-46,142,141
-46,143,142
-46,144,143
-46,145,144
-46,146,145
-46,147,146
-46,148,147
-46,149,148
-46,150,149
-46,151,150
-46,152,151
-46,153,152
-46,154,153
-46,155,154
-46,156,155
-46,157,156
-46,158,157
-46,159,158
-46,160,159
-46,161,160
-46,162,161
-46,163,162
-46,164,163
-46,165,164
-46,166,165
-46,167,166
-46,168,167
-46,169,168
-46,170,169
-46,171,170
-46,172,171
-46,173,172
-46,174,173
-46,175,174
-46,176,175
-46,177,176
-46,178,177
-46,179,178
-46,180,179
-46,181,180
-46,182,181
-46,183,182
-46,184,183
-46,185,184
-46,186,185
-46,187,186
-46,188,187
-46,189,188
-46,190,189
-46,191,190
-46,192,191
-46,193,192
-46,194,193
-46,195,194
-46,196,195
-46,197,196
-46,198,197
-46,199,198
-46,200,199
-46,201,200
-46,202,201
-46,203,202
-46,204,203
-46,205,204
-46,206,205
-46,207,206
-46,208,207
-46,209,208
-46,210,209
-46,211,210
-46,212,211
-46,213,212
-46,214,213
-46,215,214
-46,216,215
-46,217,216
-46,218,217
-46,219,218
-46,220,219
-46,221,220
-46,222,221
-46,223,222
-46,224,223
-46,225,224
-46,226,225
-46,227,226
-46,228,227
-46,229,228
-46,230,229
-46,231,230
-46,232,231
-46,233,232
-46,234,233
-46,235,234
-46,236,235
-46,237,236
-46,238,237
-46,239,238
-46,240,239
-46,241,240
-46,242,241
-46,243,242
-46,244,243
-46,245,244
-46,246,245
-46,247,246
-46,248,247
-46,249,248
-46,250,249
-46,251,250
-46,252,251
-46,253,252
-46,254,253
-46,255,254
-45,0,0
-45,1,0
-45,2,1
-45,3,2
-45,4,3
-45,5,4
-45,6,5
-45,7,6
-45,8,7
-45,9,8
-45,10,9
-45,11,10
-45,12,11
-45,13,12
-45,14,13
-45,15,14
-45,16,15
-45,17,16
-45,18,17
-45,19,18
-45,20,19
-45,21,20
-45,22,21
-45,23,22
-45,24,23
-45,25,24
-45,26,25
-45,27,26
-45,28,27
-45,29,28
-45,30,29
-45,31,30
-45,32,31
-45,33,32
-45,34,33
-45,35,34
-45,36,35
-45,37,36
-45,38,37
-45,39,38
-45,40,39
-45,41,40
-45,42,41
-45,43,42
-45,44,43
-45,45,44
-45,46,45
-45,47,46
-45,48,47
-45,49,48
-45,50,49
-45,51,50
-45,52,51
-45,53,52
-45,54,53
-45,55,54
-45,56,55
-45,57,56
-45,58,57
-45,59,58
-45,60,59
-45,61,60
-45,62,61
-45,63,62
-45,64,63
-45,65,64
-45,66,65
-45,67,66
-45,68,67
-45,69,68
-45,70,69
-45,71,70
-45,72,71
-45,73,72
-45,74,73
-45,75,74
-45,76,75
-45,77,76
-45,78,77
-45,79,78
-45,80,79
-45,81,80
-45,82,81
-45,83,82
-45,84,83
-45,85,84
-45,86,85
-45,87,86
-45,88,87
-45,89,88
-45,90,89
-45,91,90
-45,92,91
-45,93,92
-45,94,93
-45,95,94
-45,96,95
-45,97,96
-45,98,97
-45,99,98
-45,100,99
-45,101,100
-45,102,101
-45,103,102
-45,104,103
-45,105,104
-45,106,105
-45,107,106
-45,108,107
-45,109,108
-45,110,109
-45,111,110
-45,112,111
-45,113,112
-45,114,113
-45,115,114
-45,116,115
-45,117,116
-45,118,117
-45,119,118
-45,120,119
-45,121,120
-45,122,121
-45,123,122
-45,124,123
-45,125,124
-45,126,125
-45,127,126
-45,128,127
-45,129,128
-45,130,129
-45,131,130
-45,132,131
-45,133,132
-45,134,133
-45,135,134
-45,136,135
-45,137,136
-45,138,137
-45,139,138
-45,140,139
-45,141,140
-45,142,141
-45,143,142
-45,144,143
-45,145,144
-45,146,145
-45,147,146
-45,148,147
-45,149,148
-45,150,149
-45,151,150
-45,152,151
-45,153,152
-45,154,153
-45,155,154
-45,156,155
-45,157,156
-45,158,157
-45,159,158
-45,160,159
-45,161,160
-45,162,161
-45,163,162
-45,164,163
-45,165,164
-45,166,165
-45,167,166
-45,168,167
-45,169,168
-45,170,169
-45,171,170
-45,172,171
-45,173,172
-45,174,173
-45,175,174
-45,176,175
-45,177,176
-45,178,177
-45,179,178
-45,180,179
-45,181,180
-45,182,181
-45,183,182
-45,184,183
-45,185,184
-45,186,185
-45,187,186
-45,188,187
-45,189,188
-45,190,189
-45,191,190
-45,192,191
-45,193,192
-45,194,193
-45,195,194
-45,196,195
-45,197,196
-45,198,197
-45,199,198
-45,200,199
-45,201,200
-45,202,201
-45,203,202
-45,204,203
-45,205,204
-45,206,205
-45,207,206
-45,208,207
-45,209,208
-45,210,209
-45,211,210
-45,212,211
-45,213,212
-45,214,213
-45,215,214
-45,216,215
-45,217,216
-45,218,217
-45,219,218
-45,220,219
-45,221,220
-45,222,221
-45,223,222
-45,224,223
-45,225,224
-45,226,225
-45,227,226
-45,228,227
-45,229,228
-45,230,229
-45,231,230
-45,232,231
-45,233,232
-45,234,233
-45,235,234
-45,236,235
-45,237,236
-45,238,237
-45,239,238
-45,240,239
-45,241,240
-45,242,241
-45,243,242
-45,244,243
-45,245,244
-45,246,245
-45,247,246
-45,248,247
-45,249,248
-45,250,249
-45,251,250
-45,252,251
-45,253,252
-45,254,253
-45,255,254
-44,0,0
-44,1,0
-44,2,1
-44,3,2
-44,4,3
-44,5,4
-44,6,5
-44,7,6
-44,8,7
-44,9,8
-44,10,9
-44,11,10
-44,12,11
-44,13,12
-44,14,13
-44,15,14
-44,16,15
-44,17,16
-44,18,17
-44,19,18
-44,20,19
-44,21,20
-44,22,21
-44,23,22
-44,24,23
-44,25,24
-44,26,25
-44,27,26
-44,28,27
-44,29,28
-44,30,29
-44,31,30
-44,32,31
-44,33,32
-44,34,33
-44,35,34
-44,36,35
-44,37,36
-44,38,37
-44,39,38
-44,40,39
-44,41,40
-44,42,41
-44,43,42
-44,44,43
-44,45,44
-44,46,45
-44,47,46
-44,48,47
-44,49,48
-44,50,49
-44,51,50
-44,52,51
-44,53,52
-44,54,53
-44,55,54
-44,56,55
-44,57,56
-44,58,57
-44,59,58
-44,60,59
-44,61,60
-44,62,61
-44,63,62
-44,64,63
-44,65,64
-44,66,65
-44,67,66
-44,68,67
-44,69,68
-44,70,69
-44,71,70
-44,72,71
-44,73,72
-44,74,73
-44,75,74
-44,76,75
-44,77,76
-44,78,77
-44,79,78
-44,80,79
-44,81,80
-44,82,81
-44,83,82
-44,84,83
-44,85,84
-44,86,85
-44,87,86
-44,88,87
-44,89,88
-44,90,89
-44,91,90
-44,92,91
-44,93,92
-44,94,93
-44,95,94
-44,96,95
-44,97,96
-44,98,97
-44,99,98
-44,100,99
-44,101,100
-44,102,101
-44,103,102
-44,104,103
-44,105,104
-44,106,105
-44,107,106
-44,108,107
-44,109,108
-44,110,109
-44,111,110
-44,112,111
-44,113,112
-44,114,113
-44,115,114
-44,116,115
-44,117,116
-44,118,117
-44,119,118
-44,120,119
-44,121,120
-44,122,121
-44,123,122
-44,124,123
-44,125,124
-44,126,125
-44,127,126
-44,128,127
-44,129,128
-44,130,129
-44,131,130
-44,132,131
-44,133,132
-44,134,133
-44,135,134
-44,136,135
-44,137,136
-44,138,137
-44,139,138
-44,140,139
-44,141,140
-44,142,141
-44,143,142
-44,144,143
-44,145,144
-44,146,145
-44,147,146
-44,148,147
-44,149,148
-44,150,149
-44,151,150
-44,152,151
-44,153,152
-44,154,153
-44,155,154
-44,156,155
-44,157,156
-44,158,157
-44,159,158
-44,160,159
-44,161,160
-44,162,161
-44,163,162
-44,164,163
-44,165,164
-44,166,165
-44,167,166
-44,168,167
-44,169,168
-44,170,169
-44,171,170
-44,172,171
-44,173,172
-44,174,173
-44,175,174
-44,176,175
-44,177,176
-44,178,177
-44,179,178
-44,180,179
-44,181,180
-44,182,181
-44,183,182
-44,184,183
-44,185,184
-44,186,185
-44,187,186
-44,188,187
-44,189,188
-44,190,189
-44,191,190
-44,192,191
-44,193,192
-44,194,193
-44,195,194
-44,196,195
-44,197,196
-44,198,197
-44,199,198
-44,200,199
-44,201,200
-44,202,201
-44,203,202
-44,204,203
-44,205,204
-44,206,205
-44,207,206
-44,208,207
-44,209,208
-44,210,209
-44,211,210
-44,212,211
-44,213,212
-44,214,213
-44,215,214
-44,216,215
-44,217,216
-44,218,217
-44,219,218
-44,220,219
-44,221,220
-44,222,221
-44,223,222
-44,224,223
-44,225,224
-44,226,225
-44,227,226
-44,228,227
-44,229,228
-44,230,229
-44,231,230
-44,232,231
-44,233,232
-44,234,233
-44,235,234
-44,236,235
-44,237,236
-44,238,237
-44,239,238
-44,240,239
-44,241,240
-44,242,241
-44,243,242
-44,244,243
-44,245,244
-44,246,245
-44,247,246
-44,248,247
-44,249,248
-44,250,249
-44,251,250
-44,252,251
-44,253,252
-44,254,253
-44,255,254
-43,0,0
-43,1,0
-43,2,1
-43,3,2
-43,4,3
-43,5,4
-43,6,5
-43,7,6
-43,8,7
-43,9,8
-43,10,9
-43,11,10
-43,12,11
-43,13,12
-43,14,13
-43,15,14
-43,16,15
-43,17,16
-43,18,17
-43,19,18
-43,20,19
-43,21,20
-43,22,21
-43,23,22
-43,24,23
-43,25,24
-43,26,25
-43,27,26
-43,28,27
-43,29,28
-43,30,29
-43,31,30
-43,32,31
-43,33,32
-43,34,33
-43,35,34
-43,36,35
-43,37,36
-43,38,37
-43,39,38
-43,40,39
-43,41,40
-43,42,41
-43,43,42
-43,44,43
-43,45,44
-43,46,45
-43,47,46
-43,48,47
-43,49,48
-43,50,49
-43,51,50
-43,52,51
-43,53,52
-43,54,53
-43,55,54
-43,56,55
-43,57,56
-43,58,57
-43,59,58
-43,60,59
-43,61,60
-43,62,61
-43,63,62
-43,64,63
-43,65,64
-43,66,65
-43,67,66
-43,68,67
-43,69,68
-43,70,69
-43,71,70
-43,72,71
-43,73,72
-43,74,73
-43,75,74
-43,76,75
-43,77,76
-43,78,77
-43,79,78
-43,80,79
-43,81,80
-43,82,81
-43,83,82
-43,84,83
-43,85,84
-43,86,85
-43,87,86
-43,88,87
-43,89,88
-43,90,89
-43,91,90
-43,92,91
-43,93,92
-43,94,93
-43,95,94
-43,96,95
-43,97,96
-43,98,97
-43,99,98
-43,100,99
-43,101,100
-43,102,101
-43,103,102
-43,104,103
-43,105,104
-43,106,105
-43,107,106
-43,108,107
-43,109,108
-43,110,109
-43,111,110
-43,112,111
-43,113,112
-43,114,113
-43,115,114
-43,116,115
-43,117,116
-43,118,117
-43,119,118
-43,120,119
-43,121,120
-43,122,121
-43,123,122
-43,124,123
-43,125,124
-43,126,125
-43,127,126
-43,128,127
-43,129,128
-43,130,129
-43,131,130
-43,132,131
-43,133,132
-43,134,133
-43,135,134
-43,136,135
-43,137,136
-43,138,137
-43,139,138
-43,140,139
-43,141,140
-43,142,141
-43,143,142
-43,144,143
-43,145,144
-43,146,145
-43,147,146
-43,148,147
-43,149,148
-43,150,149
-43,151,150
-43,152,151
-43,153,152
-43,154,153
-43,155,154
-43,156,155
-43,157,156
-43,158,157
-43,159,158
-43,160,159
-43,161,160
-43,162,161
-43,163,162
-43,164,163
-43,165,164
-43,166,165
-43,167,166
-43,168,167
-43,169,168
-43,170,169
-43,171,170
-43,172,171
-43,173,172
-43,174,173
-43,175,174
-43,176,175
-43,177,176
-43,178,177
-43,179,178
-43,180,179
-43,181,180
-43,182,181
-43,183,182
-43,184,183
-43,185,184
-43,186,185
-43,187,186
-43,188,187
-43,189,188
-43,190,189
-43,191,190
-43,192,191
-43,193,192
-43,194,193
-43,195,194
-43,196,195
-43,197,196
-43,198,197
-43,199,198
-43,200,199
-43,201,200
-43,202,201
-43,203,202
-43,204,203
-43,205,204
-43,206,205
-43,207,206
-43,208,207
-43,209,208
-43,210,209
-43,211,210
-43,212,211
-43,213,212
-43,214,213
-43,215,214
-43,216,215
-43,217,216
-43,218,217
-43,219,218
-43,220,219
-43,221,220
-43,222,221
-43,223,222
-43,224,223
-43,225,224
-43,226,225
-43,227,226
-43,228,227
-43,229,228
-43,230,229
-43,231,230
-43,232,231
-43,233,232
-43,234,233
-43,235,234
-43,236,235
-43,237,236
-43,238,237
-43,239,238
-43,240,239
-43,241,240
-43,242,241
-43,243,242
-43,244,243
-43,245,244
-43,246,245
-43,247,246
-43,248,247
-43,249,248
-43,250,249
-43,251,250
-43,252,251
-43,253,252
-43,254,253
-43,255,254
-42,0,0
-42,1,0
-42,2,1
-42,3,2
-42,4,3
-42,5,4
-42,6,5
-42,7,6
-42,8,7
-42,9,8
-42,10,9
-42,11,10
-42,12,11
-42,13,12
-42,14,13
-42,15,14
-42,16,15
-42,17,16
-42,18,17
-42,19,18
-42,20,19
-42,21,20
-42,22,21
-42,23,22
-42,24,23
-42,25,24
-42,26,25
-42,27,26
-42,28,27
-42,29,28
-42,30,29
-42,31,30
-42,32,31
-42,33,32
-42,34,33
-42,35,34
-42,36,35
-42,37,36
-42,38,37
-42,39,38
-42,40,39
-42,41,40
-42,42,41
-42,43,42
-42,44,43
-42,45,44
-42,46,45
-42,47,46
-42,48,47
-42,49,48
-42,50,49
-42,51,50
-42,52,51
-42,53,52
-42,54,53
-42,55,54
-42,56,55
-42,57,56
-42,58,57
-42,59,58
-42,60,59
-42,61,60
-42,62,61
-42,63,62
-42,64,63
-42,65,64
-42,66,65
-42,67,66
-42,68,67
-42,69,68
-42,70,69
-42,71,70
-42,72,71
-42,73,72
-42,74,73
-42,75,74
-42,76,75
-42,77,76
-42,78,77
-42,79,78
-42,80,79
-42,81,80
-42,82,81
-42,83,82
-42,84,83
-42,85,84
-42,86,85
-42,87,86
-42,88,87
-42,89,88
-42,90,89
-42,91,90
-42,92,91
-42,93,92
-42,94,93
-42,95,94
-42,96,95
-42,97,96
-42,98,97
-42,99,98
-42,100,99
-42,101,100
-42,102,101
-42,103,102
-42,104,103
-42,105,104
-42,106,105
-42,107,106
-42,108,107
-42,109,108
-42,110,109
-42,111,110
-42,112,111
-42,113,112
-42,114,113
-42,115,114
-42,116,115
-42,117,116
-42,118,117
-42,119,118
-42,120,119
-42,121,120
-42,122,121
-42,123,122
-42,124,123
-42,125,124
-42,126,125
-42,127,126
-42,128,127
-42,129,128
-42,130,129
-42,131,130
-42,132,131
-42,133,132
-42,134,133
-42,135,134
-42,136,135
-42,137,136
-42,138,137
-42,139,138
-42,140,139
-42,141,140
-42,142,141
-42,143,142
-42,144,143
-42,145,144
-42,146,145
-42,147,146
-42,148,147
-42,149,148
-42,150,149
-42,151,150
-42,152,151
-42,153,152
-42,154,153
-42,155,154
-42,156,155
-42,157,156
-42,158,157
-42,159,158
-42,160,159
-42,161,160
-42,162,161
-42,163,162
-42,164,163
-42,165,164
-42,166,165
-42,167,166
-42,168,167
-42,169,168
-42,170,169
-42,171,170
-42,172,171
-42,173,172
-42,174,173
-42,175,174
-42,176,175
-42,177,176
-42,178,177
-42,179,178
-42,180,179
-42,181,180
-42,182,181
-42,183,182
-42,184,183
-42,185,184
-42,186,185
-42,187,186
-42,188,187
-42,189,188
-42,190,189
-42,191,190
-42,192,191
-42,193,192
-42,194,193
-42,195,194
-42,196,195
-42,197,196
-42,198,197
-42,199,198
-42,200,199
-42,201,200
-42,202,201
-42,203,202
-42,204,203
-42,205,204
-42,206,205
-42,207,206
-42,208,207
-42,209,208
-42,210,209
-42,211,210
-42,212,211
-42,213,212
-42,214,213
-42,215,214
-42,216,215
-42,217,216
-42,218,217
-42,219,218
-42,220,219
-42,221,220
-42,222,221
-42,223,222
-42,224,223
-42,225,224
-42,226,225
-42,227,226
-42,228,227
-42,229,228
-42,230,229
-42,231,230
-42,232,231
-42,233,232
-42,234,233
-42,235,234
-42,236,235
-42,237,236
-42,238,237
-42,239,238
-42,240,239
-42,241,240
-42,242,241
-42,243,242
-42,244,243
-42,245,244
-42,246,245
-42,247,246
-42,248,247
-42,249,248
-42,250,249
-42,251,250
-42,252,251
-42,253,252
-42,254,253
-42,255,254
-41,0,0
-41,1,0
-41,2,1
-41,3,2
-41,4,3
-41,5,4
-41,6,5
-41,7,6
-41,8,7
-41,9,8
-41,10,9
-41,11,10
-41,12,11
-41,13,12
-41,14,13
-41,15,14
-41,16,15
-41,17,16
-41,18,17
-41,19,18
-41,20,19
-41,21,20
-41,22,21
-41,23,22
-41,24,23
-41,25,24
-41,26,25
-41,27,26
-41,28,27
-41,29,28
-41,30,29
-41,31,30
-41,32,31
-41,33,32
-41,34,33
-41,35,34
-41,36,35
-41,37,36
-41,38,37
-41,39,38
-41,40,39
-41,41,40
-41,42,41
-41,43,42
-41,44,43
-41,45,44
-41,46,45
-41,47,46
-41,48,47
-41,49,48
-41,50,49
-41,51,50
-41,52,51
-41,53,52
-41,54,53
-41,55,54
-41,56,55
-41,57,56
-41,58,57
-41,59,58
-41,60,59
-41,61,60
-41,62,61
-41,63,62
-41,64,63
-41,65,64
-41,66,65
-41,67,66
-41,68,67
-41,69,68
-41,70,69
-41,71,70
-41,72,71
-41,73,72
-41,74,73
-41,75,74
-41,76,75
-41,77,76
-41,78,77
-41,79,78
-41,80,79
-41,81,80
-41,82,81
-41,83,82
-41,84,83
-41,85,84
-41,86,85
-41,87,86
-41,88,87
-41,89,88
-41,90,89
-41,91,90
-41,92,91
-41,93,92
-41,94,93
-41,95,94
-41,96,95
-41,97,96
-41,98,97
-41,99,98
-41,100,99
-41,101,100
-41,102,101
-41,103,102
-41,104,103
-41,105,104
-41,106,105
-41,107,106
-41,108,107
-41,109,108
-41,110,109
-41,111,110
-41,112,111
-41,113,112
-41,114,113
-41,115,114
-41,116,115
-41,117,116
-41,118,117
-41,119,118
-41,120,119
-41,121,120
-41,122,121
-41,123,122
-41,124,123
-41,125,124
-41,126,125
-41,127,126
-41,128,127
-41,129,128
-41,130,129
-41,131,130
-41,132,131
-41,133,132
-41,134,133
-41,135,134
-41,136,135
-41,137,136
-41,138,137
-41,139,138
-41,140,139
-41,141,140
-41,142,141
-41,143,142
-41,144,143
-41,145,144
-41,146,145
-41,147,146
-41,148,147
-41,149,148
-41,150,149
-41,151,150
-41,152,151
-41,153,152
-41,154,153
-41,155,154
-41,156,155
-41,157,156
-41,158,157
-41,159,158
-41,160,159
-41,161,160
-41,162,161
-41,163,162
-41,164,163
-41,165,164
-41,166,165
-41,167,166
-41,168,167
-41,169,168
-41,170,169
-41,171,170
-41,172,171
-41,173,172
-41,174,173
-41,175,174
-41,176,175
-41,177,176
-41,178,177
-41,179,178
-41,180,179
-41,181,180
-41,182,181
-41,183,182
-41,184,183
-41,185,184
-41,186,185
-41,187,186
-41,188,187
-41,189,188
-41,190,189
-41,191,190
-41,192,191
-41,193,192
-41,194,193
-41,195,194
-41,196,195
-41,197,196
-41,198,197
-41,199,198
-41,200,199
-41,201,200
-41,202,201
-41,203,202
-41,204,203
-41,205,204
-41,206,205
-41,207,206
-41,208,207
-41,209,208
-41,210,209
-41,211,210
-41,212,211
-41,213,212
-41,214,213
-41,215,214
-41,216,215
-41,217,216
-41,218,217
-41,219,218
-41,220,219
-41,221,220
-41,222,221
-41,223,222
-41,224,223
-41,225,224
-41,226,225
-41,227,226
-41,228,227
-41,229,228
-41,230,229
-41,231,230
-41,232,231
-41,233,232
-41,234,233
-41,235,234
-41,236,235
-41,237,236
-41,238,237
-41,239,238
-41,240,239
-41,241,240
-41,242,241
-41,243,242
-41,244,243
-41,245,244
-41,246,245
-41,247,246
-41,248,247
-41,249,248
-41,250,249
-41,251,250
-41,252,251
-41,253,252
-41,254,253
-41,255,254
-40,0,0
-40,1,0
-40,2,1
-40,3,2
-40,4,3
-40,5,4
-40,6,5
-40,7,6
-40,8,7
-40,9,8
-40,10,9
-40,11,10
-40,12,11
-40,13,12
-40,14,13
-40,15,14
-40,16,15
-40,17,16
-40,18,17
-40,19,18
-40,20,19
-40,21,20
-40,22,21
-40,23,22
-40,24,23
-40,25,24
-40,26,25
-40,27,26
-40,28,27
-40,29,28
-40,30,29
-40,31,30
-40,32,31
-40,33,32
-40,34,33
-40,35,34
-40,36,35
-40,37,36
-40,38,37
-40,39,38
-40,40,39
-40,41,40
-40,42,41
-40,43,42
-40,44,43
-40,45,44
-40,46,45
-40,47,46
-40,48,47
-40,49,48
-40,50,49
-40,51,50
-40,52,51
-40,53,52
-40,54,53
-40,55,54
-40,56,55
-40,57,56
-40,58,57
-40,59,58
-40,60,59
-40,61,60
-40,62,61
-40,63,62
-40,64,63
-40,65,64
-40,66,65
-40,67,66
-40,68,67
-40,69,68
-40,70,69
-40,71,70
-40,72,71
-40,73,72
-40,74,73
-40,75,74
-40,76,75
-40,77,76
-40,78,77
-40,79,78
-40,80,79
-40,81,80
-40,82,81
-40,83,82
-40,84,83
-40,85,84
-40,86,85
-40,87,86
-40,88,87
-40,89,88
-40,90,89
-40,91,90
-40,92,91
-40,93,92
-40,94,93
-40,95,94
-40,96,95
-40,97,96
-40,98,97
-40,99,98
-40,100,99
-40,101,100
-40,102,101
-40,103,102
-40,104,103
-40,105,104
-40,106,105
-40,107,106
-40,108,107
-40,109,108
-40,110,109
-40,111,110
-40,112,111
-40,113,112
-40,114,113
-40,115,114
-40,116,115
-40,117,116
-40,118,117
-40,119,118
-40,120,119
-40,121,120
-40,122,121
-40,123,122
-40,124,123
-40,125,124
-40,126,125
-40,127,126
-40,128,127
-40,129,128
-40,130,129
-40,131,130
-40,132,131
-40,133,132
-40,134,133
-40,135,134
-40,136,135
-40,137,136
-40,138,137
-40,139,138
-40,140,139
-40,141,140
-40,142,141
-40,143,142
-40,144,143
-40,145,144
-40,146,145
-40,147,146
-40,148,147
-40,149,148
-40,150,149
-40,151,150
-40,152,151
-40,153,152
-40,154,153
-40,155,154
-40,156,155
-40,157,156
-40,158,157
-40,159,158
-40,160,159
-40,161,160
-40,162,161
-40,163,162
-40,164,163
-40,165,164
-40,166,165
-40,167,166
-40,168,167
-40,169,168
-40,170,169
-40,171,170
-40,172,171
-40,173,172
-40,174,173
-40,175,174
-40,176,175
-40,177,176
-40,178,177
-40,179,178
-40,180,179
-40,181,180
-40,182,181
-40,183,182
-40,184,183
-40,185,184
-40,186,185
-40,187,186
-40,188,187
-40,189,188
-40,190,189
-40,191,190
-40,192,191
-40,193,192
-40,194,193
-40,195,194
-40,196,195
-40,197,196
-40,198,197
-40,199,198
-40,200,199
-40,201,200
-40,202,201
-40,203,202
-40,204,203
-40,205,204
-40,206,205
-40,207,206
-40,208,207
-40,209,208
-40,210,209
-40,211,210
-40,212,211
-40,213,212
-40,214,213
-40,215,214
-40,216,215
-40,217,216
-40,218,217
-40,219,218
-40,220,219
-40,221,220
-40,222,221
-40,223,222
-40,224,223
-40,225,224
-40,226,225
-40,227,226
-40,228,227
-40,229,228
-40,230,229
-40,231,230
-40,232,231
-40,233,232
-40,234,233
-40,235,234
-40,236,235
-40,237,236
-40,238,237
-40,239,238
-40,240,239
-40,241,240
-40,242,241
-40,243,242
-40,244,243
-40,245,244
-40,246,245
-40,247,246
-40,248,247
-40,249,248
-40,250,249
-40,251,250
-40,252,251
-40,253,252
-40,254,253
-40,255,254
-39,0,0
-39,1,0
-39,2,1
-39,3,2
-39,4,3
-39,5,4
-39,6,5
-39,7,6
-39,8,7
-39,9,8
-39,10,9
-39,11,10
-39,12,11
-39,13,12
-39,14,13
-39,15,14
-39,16,15
-39,17,16
-39,18,17
-39,19,18
-39,20,19
-39,21,20
-39,22,21
-39,23,22
-39,24,23
-39,25,24
-39,26,25
-39,27,26
-39,28,27
-39,29,28
-39,30,29
-39,31,30
-39,32,31
-39,33,32
-39,34,33
-39,35,34
-39,36,35
-39,37,36
-39,38,37
-39,39,38
-39,40,39
-39,41,40
-39,42,41
-39,43,42
-39,44,43
-39,45,44
-39,46,45
-39,47,46
-39,48,47
-39,49,48
-39,50,49
-39,51,50
-39,52,51
-39,53,52
-39,54,53
-39,55,54
-39,56,55
-39,57,56
-39,58,57
-39,59,58
-39,60,59
-39,61,60
-39,62,61
-39,63,62
-39,64,63
-39,65,64
-39,66,65
-39,67,66
-39,68,67
-39,69,68
-39,70,69
-39,71,70
-39,72,71
-39,73,72
-39,74,73
-39,75,74
-39,76,75
-39,77,76
-39,78,77
-39,79,78
-39,80,79
-39,81,80
-39,82,81
-39,83,82
-39,84,83
-39,85,84
-39,86,85
-39,87,86
-39,88,87
-39,89,88
-39,90,89
-39,91,90
-39,92,91
-39,93,92
-39,94,93
-39,95,94
-39,96,95
-39,97,96
-39,98,97
-39,99,98
-39,100,99
-39,101,100
-39,102,101
-39,103,102
-39,104,103
-39,105,104
-39,106,105
-39,107,106
-39,108,107
-39,109,108
-39,110,109
-39,111,110
-39,112,111
-39,113,112
-39,114,113
-39,115,114
-39,116,115
-39,117,116
-39,118,117
-39,119,118
-39,120,119
-39,121,120
-39,122,121
-39,123,122
-39,124,123
-39,125,124
-39,126,125
-39,127,126
-39,128,127
-39,129,128
-39,130,129
-39,131,130
-39,132,131
-39,133,132
-39,134,133
-39,135,134
-39,136,135
-39,137,136
-39,138,137
-39,139,138
-39,140,139
-39,141,140
-39,142,141
-39,143,142
-39,144,143
-39,145,144
-39,146,145
-39,147,146
-39,148,147
-39,149,148
-39,150,149
-39,151,150
-39,152,151
-39,153,152
-39,154,153
-39,155,154
-39,156,155
-39,157,156
-39,158,157
-39,159,158
-39,160,159
-39,161,160
-39,162,161
-39,163,162
-39,164,163
-39,165,164
-39,166,165
-39,167,166
-39,168,167
-39,169,168
-39,170,169
-39,171,170
-39,172,171
-39,173,172
-39,174,173
-39,175,174
-39,176,175
-39,177,176
-39,178,177
-39,179,178
-39,180,179
-39,181,180
-39,182,181
-39,183,182
-39,184,183
-39,185,184
-39,186,185
-39,187,186
-39,188,187
-39,189,188
-39,190,189
-39,191,190
-39,192,191
-39,193,192
-39,194,193
-39,195,194
-39,196,195
-39,197,196
-39,198,197
-39,199,198
-39,200,199
-39,201,200
-39,202,201
-39,203,202
-39,204,203
-39,205,204
-39,206,205
-39,207,206
-39,208,207
-39,209,208
-39,210,209
-39,211,210
-39,212,211
-39,213,212
-39,214,213
-39,215,214
-39,216,215
-39,217,216
-39,218,217
-39,219,218
-39,220,219
-39,221,220
-39,222,221
-39,223,222
-39,224,223
-39,225,224
-39,226,225
-39,227,226
-39,228,227
-39,229,228
-39,230,229
-39,231,230
-39,232,231
-39,233,232
-39,234,233
-39,235,234
-39,236,235
-39,237,236
-39,238,237
-39,239,238
-39,240,239
-39,241,240
-39,242,241
-39,243,242
-39,244,243
-39,245,244
-39,246,245
-39,247,246
-39,248,247
-39,249,248
-39,250,249
-39,251,250
-39,252,251
-39,253,252
-39,254,253
-39,255,254
-38,0,0
-38,1,0
-38,2,1
-38,3,2
-38,4,3
-38,5,4
-38,6,5
-38,7,6
-38,8,7
-38,9,8
-38,10,9
-38,11,10
-38,12,11
-38,13,12
-38,14,13
-38,15,14
-38,16,15
-38,17,16
-38,18,17
-38,19,18
-38,20,19
-38,21,20
-38,22,21
-38,23,22
-38,24,23
-38,25,24
-38,26,25
-38,27,26
-38,28,27
-38,29,28
-38,30,29
-38,31,30
-38,32,31
-38,33,32
-38,34,33
-38,35,34
-38,36,35
-38,37,36
-38,38,37
-38,39,38
-38,40,39
-38,41,40
-38,42,41
-38,43,42
-38,44,43
-38,45,44
-38,46,45
-38,47,46
-38,48,47
-38,49,48
-38,50,49
-38,51,50
-38,52,51
-38,53,52
-38,54,53
-38,55,54
-38,56,55
-38,57,56
-38,58,57
-38,59,58
-38,60,59
-38,61,60
-38,62,61
-38,63,62
-38,64,63
-38,65,64
-38,66,65
-38,67,66
-38,68,67
-38,69,68
-38,70,69
-38,71,70
-38,72,71
-38,73,72
-38,74,73
-38,75,74
-38,76,75
-38,77,76
-38,78,77
-38,79,78
-38,80,79
-38,81,80
-38,82,81
-38,83,82
-38,84,83
-38,85,84
-38,86,85
-38,87,86
-38,88,87
-38,89,88
-38,90,89
-38,91,90
-38,92,91
-38,93,92
-38,94,93
-38,95,94
-38,96,95
-38,97,96
-38,98,97
-38,99,98
-38,100,99
-38,101,100
-38,102,101
-38,103,102
-38,104,103
-38,105,104
-38,106,105
-38,107,106
-38,108,107
-38,109,108
-38,110,109
-38,111,110
-38,112,111
-38,113,112
-38,114,113
-38,115,114
-38,116,115
-38,117,116
-38,118,117
-38,119,118
-38,120,119
-38,121,120
-38,122,121
-38,123,122
-38,124,123
-38,125,124
-38,126,125
-38,127,126
-38,128,127
-38,129,128
-38,130,129
-38,131,130
-38,132,131
-38,133,132
-38,134,133
-38,135,134
-38,136,135
-38,137,136
-38,138,137
-38,139,138
-38,140,139
-38,141,140
-38,142,141
-38,143,142
-38,144,143
-38,145,144
-38,146,145
-38,147,146
-38,148,147
-38,149,148
-38,150,149
-38,151,150
-38,152,151
-38,153,152
-38,154,153
-38,155,154
-38,156,155
-38,157,156
-38,158,157
-38,159,158
-38,160,159
-38,161,160
-38,162,161
-38,163,162
-38,164,163
-38,165,164
-38,166,165
-38,167,166
-38,168,167
-38,169,168
-38,170,169
-38,171,170
-38,172,171
-38,173,172
-38,174,173
-38,175,174
-38,176,175
-38,177,176
-38,178,177
-38,179,178
-38,180,179
-38,181,180
-38,182,181
-38,183,182
-38,184,183
-38,185,184
-38,186,185
-38,187,186
-38,188,187
-38,189,188
-38,190,189
-38,191,190
-38,192,191
-38,193,192
-38,194,193
-38,195,194
-38,196,195
-38,197,196
-38,198,197
-38,199,198
-38,200,199
-38,201,200
-38,202,201
-38,203,202
-38,204,203
-38,205,204
-38,206,205
-38,207,206
-38,208,207
-38,209,208
-38,210,209
-38,211,210
-38,212,211
-38,213,212
-38,214,213
-38,215,214
-38,216,215
-38,217,216
-38,218,217
-38,219,218
-38,220,219
-38,221,220
-38,222,221
-38,223,222
-38,224,223
-38,225,224
-38,226,225
-38,227,226
-38,228,227
-38,229,228
-38,230,229
-38,231,230
-38,232,231
-38,233,232
-38,234,233
-38,235,234
-38,236,235
-38,237,236
-38,238,237
-38,239,238
-38,240,239
-38,241,240
-38,242,241
-38,243,242
-38,244,243
-38,245,244
-38,246,245
-38,247,246
-38,248,247
-38,249,248
-38,250,249
-38,251,250
-38,252,251
-38,253,252
-38,254,253
-38,255,254
-37,0,0
-37,1,0
-37,2,1
-37,3,2
-37,4,3
-37,5,4
-37,6,5
-37,7,6
-37,8,7
-37,9,8
-37,10,9
-37,11,10
-37,12,11
-37,13,12
-37,14,13
-37,15,14
-37,16,15
-37,17,16
-37,18,17
-37,19,18
-37,20,19
-37,21,20
-37,22,21
-37,23,22
-37,24,23
-37,25,24
-37,26,25
-37,27,26
-37,28,27
-37,29,28
-37,30,29
-37,31,30
-37,32,31
-37,33,32
-37,34,33
-37,35,34
-37,36,35
-37,37,36
-37,38,37
-37,39,38
-37,40,39
-37,41,40
-37,42,41
-37,43,42
-37,44,43
-37,45,44
-37,46,45
-37,47,46
-37,48,47
-37,49,48
-37,50,49
-37,51,50
-37,52,51
-37,53,52
-37,54,53
-37,55,54
-37,56,55
-37,57,56
-37,58,57
-37,59,58
-37,60,59
-37,61,60
-37,62,61
-37,63,62
-37,64,63
-37,65,64
-37,66,65
-37,67,66
-37,68,67
-37,69,68
-37,70,69
-37,71,70
-37,72,71
-37,73,72
-37,74,73
-37,75,74
-37,76,75
-37,77,76
-37,78,77
-37,79,78
-37,80,79
-37,81,80
-37,82,81
-37,83,82
-37,84,83
-37,85,84
-37,86,85
-37,87,86
-37,88,87
-37,89,88
-37,90,89
-37,91,90
-37,92,91
-37,93,92
-37,94,93
-37,95,94
-37,96,95
-37,97,96
-37,98,97
-37,99,98
-37,100,99
-37,101,100
-37,102,101
-37,103,102
-37,104,103
-37,105,104
-37,106,105
-37,107,106
-37,108,107
-37,109,108
-37,110,109
-37,111,110
-37,112,111
-37,113,112
-37,114,113
-37,115,114
-37,116,115
-37,117,116
-37,118,117
-37,119,118
-37,120,119
-37,121,120
-37,122,121
-37,123,122
-37,124,123
-37,125,124
-37,126,125
-37,127,126
-37,128,127
-37,129,128
-37,130,129
-37,131,130
-37,132,131
-37,133,132
-37,134,133
-37,135,134
-37,136,135
-37,137,136
-37,138,137
-37,139,138
-37,140,139
-37,141,140
-37,142,141
-37,143,142
-37,144,143
-37,145,144
-37,146,145
-37,147,146
-37,148,147
-37,149,148
-37,150,149
-37,151,150
-37,152,151
-37,153,152
-37,154,153
-37,155,154
-37,156,155
-37,157,156
-37,158,157
-37,159,158
-37,160,159
-37,161,160
-37,162,161
-37,163,162
-37,164,163
-37,165,164
-37,166,165
-37,167,166
-37,168,167
-37,169,168
-37,170,169
-37,171,170
-37,172,171
-37,173,172
-37,174,173
-37,175,174
-37,176,175
-37,177,176
-37,178,177
-37,179,178
-37,180,179
-37,181,180
-37,182,181
-37,183,182
-37,184,183
-37,185,184
-37,186,185
-37,187,186
-37,188,187
-37,189,188
-37,190,189
-37,191,190
-37,192,191
-37,193,192
-37,194,193
-37,195,194
-37,196,195
-37,197,196
-37,198,197
-37,199,198
-37,200,199
-37,201,200
-37,202,201
-37,203,202
-37,204,203
-37,205,204
-37,206,205
-37,207,206
-37,208,207
-37,209,208
-37,210,209
-37,211,210
-37,212,211
-37,213,212
-37,214,213
-37,215,214
-37,216,215
-37,217,216
-37,218,217
-37,219,218
-37,220,219
-37,221,220
-37,222,221
-37,223,222
-37,224,223
-37,225,224
-37,226,225
-37,227,226
-37,228,227
-37,229,228
-37,230,229
-37,231,230
-37,232,231
-37,233,232
-37,234,233
-37,235,234
-37,236,235
-37,237,236
-37,238,237
-37,239,238
-37,240,239
-37,241,240
-37,242,241
-37,243,242
-37,244,243
-37,245,244
-37,246,245
-37,247,246
-37,248,247
-37,249,248
-37,250,249
-37,251,250
-37,252,251
-37,253,252
-37,254,253
-37,255,254
-36,0,0
-36,1,0
-36,2,1
-36,3,2
-36,4,3
-36,5,4
-36,6,5
-36,7,6
-36,8,7
-36,9,8
-36,10,9
-36,11,10
-36,12,11
-36,13,12
-36,14,13
-36,15,14
-36,16,15
-36,17,16
-36,18,17
-36,19,18
-36,20,19
-36,21,20
-36,22,21
-36,23,22
-36,24,23
-36,25,24
-36,26,25
-36,27,26
-36,28,27
-36,29,28
-36,30,29
-36,31,30
-36,32,31
-36,33,32
-36,34,33
-36,35,34
-36,36,35
-36,37,36
-36,38,37
-36,39,38
-36,40,39
-36,41,40
-36,42,41
-36,43,42
-36,44,43
-36,45,44
-36,46,45
-36,47,46
-36,48,47
-36,49,48
-36,50,49
-36,51,50
-36,52,51
-36,53,52
-36,54,53
-36,55,54
-36,56,55
-36,57,56
-36,58,57
-36,59,58
-36,60,59
-36,61,60
-36,62,61
-36,63,62
-36,64,63
-36,65,64
-36,66,65
-36,67,66
-36,68,67
-36,69,68
-36,70,69
-36,71,70
-36,72,71
-36,73,72
-36,74,73
-36,75,74
-36,76,75
-36,77,76
-36,78,77
-36,79,78
-36,80,79
-36,81,80
-36,82,81
-36,83,82
-36,84,83
-36,85,84
-36,86,85
-36,87,86
-36,88,87
-36,89,88
-36,90,89
-36,91,90
-36,92,91
-36,93,92
-36,94,93
-36,95,94
-36,96,95
-36,97,96
-36,98,97
-36,99,98
-36,100,99
-36,101,100
-36,102,101
-36,103,102
-36,104,103
-36,105,104
-36,106,105
-36,107,106
-36,108,107
-36,109,108
-36,110,109
-36,111,110
-36,112,111
-36,113,112
-36,114,113
-36,115,114
-36,116,115
-36,117,116
-36,118,117
-36,119,118
-36,120,119
-36,121,120
-36,122,121
-36,123,122
-36,124,123
-36,125,124
-36,126,125
-36,127,126
-36,128,127
-36,129,128
-36,130,129
-36,131,130
-36,132,131
-36,133,132
-36,134,133
-36,135,134
-36,136,135
-36,137,136
-36,138,137
-36,139,138
-36,140,139
-36,141,140
-36,142,141
-36,143,142
-36,144,143
-36,145,144
-36,146,145
-36,147,146
-36,148,147
-36,149,148
-36,150,149
-36,151,150
-36,152,151
-36,153,152
-36,154,153
-36,155,154
-36,156,155
-36,157,156
-36,158,157
-36,159,158
-36,160,159
-36,161,160
-36,162,161
-36,163,162
-36,164,163
-36,165,164
-36,166,165
-36,167,166
-36,168,167
-36,169,168
-36,170,169
-36,171,170
-36,172,171
-36,173,172
-36,174,173
-36,175,174
-36,176,175
-36,177,176
-36,178,177
-36,179,178
-36,180,179
-36,181,180
-36,182,181
-36,183,182
-36,184,183
-36,185,184
-36,186,185
-36,187,186
-36,188,187
-36,189,188
-36,190,189
-36,191,190
-36,192,191
-36,193,192
-36,194,193
-36,195,194
-36,196,195
-36,197,196
-36,198,197
-36,199,198
-36,200,199
-36,201,200
-36,202,201
-36,203,202
-36,204,203
-36,205,204
-36,206,205
-36,207,206
-36,208,207
-36,209,208
-36,210,209
-36,211,210
-36,212,211
-36,213,212
-36,214,213
-36,215,214
-36,216,215
-36,217,216
-36,218,217
-36,219,218
-36,220,219
-36,221,220
-36,222,221
-36,223,222
-36,224,223
-36,225,224
-36,226,225
-36,227,226
-36,228,227
-36,229,228
-36,230,229
-36,231,230
-36,232,231
-36,233,232
-36,234,233
-36,235,234
-36,236,235
-36,237,236
-36,238,237
-36,239,238
-36,240,239
-36,241,240
-36,242,241
-36,243,242
-36,244,243
-36,245,244
-36,246,245
-36,247,246
-36,248,247
-36,249,248
-36,250,249
-36,251,250
-36,252,251
-36,253,252
-36,254,253
-36,255,254
-35,0,0
-35,1,0
-35,2,1
-35,3,2
-35,4,3
-35,5,4
-35,6,5
-35,7,6
-35,8,7
-35,9,8
-35,10,9
-35,11,10
-35,12,11
-35,13,12
-35,14,13
-35,15,14
-35,16,15
-35,17,16
-35,18,17
-35,19,18
-35,20,19
-35,21,20
-35,22,21
-35,23,22
-35,24,23
-35,25,24
-35,26,25
-35,27,26
-35,28,27
-35,29,28
-35,30,29
-35,31,30
-35,32,31
-35,33,32
-35,34,33
-35,35,34
-35,36,35
-35,37,36
-35,38,37
-35,39,38
-35,40,39
-35,41,40
-35,42,41
-35,43,42
-35,44,43
-35,45,44
-35,46,45
-35,47,46
-35,48,47
-35,49,48
-35,50,49
-35,51,50
-35,52,51
-35,53,52
-35,54,53
-35,55,54
-35,56,55
-35,57,56
-35,58,57
-35,59,58
-35,60,59
-35,61,60
-35,62,61
-35,63,62
-35,64,63
-35,65,64
-35,66,65
-35,67,66
-35,68,67
-35,69,68
-35,70,69
-35,71,70
-35,72,71
-35,73,72
-35,74,73
-35,75,74
-35,76,75
-35,77,76
-35,78,77
-35,79,78
-35,80,79
-35,81,80
-35,82,81
-35,83,82
-35,84,83
-35,85,84
-35,86,85
-35,87,86
-35,88,87
-35,89,88
-35,90,89
-35,91,90
-35,92,91
-35,93,92
-35,94,93
-35,95,94
-35,96,95
-35,97,96
-35,98,97
-35,99,98
-35,100,99
-35,101,100
-35,102,101
-35,103,102
-35,104,103
-35,105,104
-35,106,105
-35,107,106
-35,108,107
-35,109,108
-35,110,109
-35,111,110
-35,112,111
-35,113,112
-35,114,113
-35,115,114
-35,116,115
-35,117,116
-35,118,117
-35,119,118
-35,120,119
-35,121,120
-35,122,121
-35,123,122
-35,124,123
-35,125,124
-35,126,125
-35,127,126
-35,128,127
-35,129,128
-35,130,129
-35,131,130
-35,132,131
-35,133,132
-35,134,133
-35,135,134
-35,136,135
-35,137,136
-35,138,137
-35,139,138
-35,140,139
-35,141,140
-35,142,141
-35,143,142
-35,144,143
-35,145,144
-35,146,145
-35,147,146
-35,148,147
-35,149,148
-35,150,149
-35,151,150
-35,152,151
-35,153,152
-35,154,153
-35,155,154
-35,156,155
-35,157,156
-35,158,157
-35,159,158
-35,160,159
-35,161,160
-35,162,161
-35,163,162
-35,164,163
-35,165,164
-35,166,165
-35,167,166
-35,168,167
-35,169,168
-35,170,169
-35,171,170
-35,172,171
-35,173,172
-35,174,173
-35,175,174
-35,176,175
-35,177,176
-35,178,177
-35,179,178
-35,180,179
-35,181,180
-35,182,181
-35,183,182
-35,184,183
-35,185,184
-35,186,185
-35,187,186
-35,188,187
-35,189,188
-35,190,189
-35,191,190
-35,192,191
-35,193,192
-35,194,193
-35,195,194
-35,196,195
-35,197,196
-35,198,197
-35,199,198
-35,200,199
-35,201,200
-35,202,201
-35,203,202
-35,204,203
-35,205,204
-35,206,205
-35,207,206
-35,208,207
-35,209,208
-35,210,209
-35,211,210
-35,212,211
-35,213,212
-35,214,213
-35,215,214
-35,216,215
-35,217,216
-35,218,217
-35,219,218
-35,220,219
-35,221,220
-35,222,221
-35,223,222
-35,224,223
-35,225,224
-35,226,225
-35,227,226
-35,228,227
-35,229,228
-35,230,229
-35,231,230
-35,232,231
-35,233,232
-35,234,233
-35,235,234
-35,236,235
-35,237,236
-35,238,237
-35,239,238
-35,240,239
-35,241,240
-35,242,241
-35,243,242
-35,244,243
-35,245,244
-35,246,245
-35,247,246
-35,248,247
-35,249,248
-35,250,249
-35,251,250
-35,252,251
-35,253,252
-35,254,253
-35,255,254
-34,0,0
-34,1,0
-34,2,1
-34,3,2
-34,4,3
-34,5,4
-34,6,5
-34,7,6
-34,8,7
-34,9,8
-34,10,9
-34,11,10
-34,12,11
-34,13,12
-34,14,13
-34,15,14
-34,16,15
-34,17,16
-34,18,17
-34,19,18
-34,20,19
-34,21,20
-34,22,21
-34,23,22
-34,24,23
-34,25,24
-34,26,25
-34,27,26
-34,28,27
-34,29,28
-34,30,29
-34,31,30
-34,32,31
-34,33,32
-34,34,33
-34,35,34
-34,36,35
-34,37,36
-34,38,37
-34,39,38
-34,40,39
-34,41,40
-34,42,41
-34,43,42
-34,44,43
-34,45,44
-34,46,45
-34,47,46
-34,48,47
-34,49,48
-34,50,49
-34,51,50
-34,52,51
-34,53,52
-34,54,53
-34,55,54
-34,56,55
-34,57,56
-34,58,57
-34,59,58
-34,60,59
-34,61,60
-34,62,61
-34,63,62
-34,64,63
-34,65,64
-34,66,65
-34,67,66
-34,68,67
-34,69,68
-34,70,69
-34,71,70
-34,72,71
-34,73,72
-34,74,73
-34,75,74
-34,76,75
-34,77,76
-34,78,77
-34,79,78
-34,80,79
-34,81,80
-34,82,81
-34,83,82
-34,84,83
-34,85,84
-34,86,85
-34,87,86
-34,88,87
-34,89,88
-34,90,89
-34,91,90
-34,92,91
-34,93,92
-34,94,93
-34,95,94
-34,96,95
-34,97,96
-34,98,97
-34,99,98
-34,100,99
-34,101,100
-34,102,101
-34,103,102
-34,104,103
-34,105,104
-34,106,105
-34,107,106
-34,108,107
-34,109,108
-34,110,109
-34,111,110
-34,112,111
-34,113,112
-34,114,113
-34,115,114
-34,116,115
-34,117,116
-34,118,117
-34,119,118
-34,120,119
-34,121,120
-34,122,121
-34,123,122
-34,124,123
-34,125,124
-34,126,125
-34,127,126
-34,128,127
-34,129,128
-34,130,129
-34,131,130
-34,132,131
-34,133,132
-34,134,133
-34,135,134
-34,136,135
-34,137,136
-34,138,137
-34,139,138
-34,140,139
-34,141,140
-34,142,141
-34,143,142
-34,144,143
-34,145,144
-34,146,145
-34,147,146
-34,148,147
-34,149,148
-34,150,149
-34,151,150
-34,152,151
-34,153,152
-34,154,153
-34,155,154
-34,156,155
-34,157,156
-34,158,157
-34,159,158
-34,160,159
-34,161,160
-34,162,161
-34,163,162
-34,164,163
-34,165,164
-34,166,165
-34,167,166
-34,168,167
-34,169,168
-34,170,169
-34,171,170
-34,172,171
-34,173,172
-34,174,173
-34,175,174
-34,176,175
-34,177,176
-34,178,177
-34,179,178
-34,180,179
-34,181,180
-34,182,181
-34,183,182
-34,184,183
-34,185,184
-34,186,185
-34,187,186
-34,188,187
-34,189,188
-34,190,189
-34,191,190
-34,192,191
-34,193,192
-34,194,193
-34,195,194
-34,196,195
-34,197,196
-34,198,197
-34,199,198
-34,200,199
-34,201,200
-34,202,201
-34,203,202
-34,204,203
-34,205,204
-34,206,205
-34,207,206
-34,208,207
-34,209,208
-34,210,209
-34,211,210
-34,212,211
-34,213,212
-34,214,213
-34,215,214
-34,216,215
-34,217,216
-34,218,217
-34,219,218
-34,220,219
-34,221,220
-34,222,221
-34,223,222
-34,224,223
-34,225,224
-34,226,225
-34,227,226
-34,228,227
-34,229,228
-34,230,229
-34,231,230
-34,232,231
-34,233,232
-34,234,233
-34,235,234
-34,236,235
-34,237,236
-34,238,237
-34,239,238
-34,240,239
-34,241,240
-34,242,241
-34,243,242
-34,244,243
-34,245,244
-34,246,245
-34,247,246
-34,248,247
-34,249,248
-34,250,249
-34,251,250
-34,252,251
-34,253,252
-34,254,253
-34,255,254
-33,0,0
-33,1,0
-33,2,1
-33,3,2
-33,4,3
-33,5,4
-33,6,5
-33,7,6
-33,8,7
-33,9,8
-33,10,9
-33,11,10
-33,12,11
-33,13,12
-33,14,13
-33,15,14
-33,16,15
-33,17,16
-33,18,17
-33,19,18
-33,20,19
-33,21,20
-33,22,21
-33,23,22
-33,24,23
-33,25,24
-33,26,25
-33,27,26
-33,28,27
-33,29,28
-33,30,29
-33,31,30
-33,32,31
-33,33,32
-33,34,33
-33,35,34
-33,36,35
-33,37,36
-33,38,37
-33,39,38
-33,40,39
-33,41,40
-33,42,41
-33,43,42
-33,44,43
-33,45,44
-33,46,45
-33,47,46
-33,48,47
-33,49,48
-33,50,49
-33,51,50
-33,52,51
-33,53,52
-33,54,53
-33,55,54
-33,56,55
-33,57,56
-33,58,57
-33,59,58
-33,60,59
-33,61,60
-33,62,61
-33,63,62
-33,64,63
-33,65,64
-33,66,65
-33,67,66
-33,68,67
-33,69,68
-33,70,69
-33,71,70
-33,72,71
-33,73,72
-33,74,73
-33,75,74
-33,76,75
-33,77,76
-33,78,77
-33,79,78
-33,80,79
-33,81,80
-33,82,81
-33,83,82
-33,84,83
-33,85,84
-33,86,85
-33,87,86
-33,88,87
-33,89,88
-33,90,89
-33,91,90
-33,92,91
-33,93,92
-33,94,93
-33,95,94
-33,96,95
-33,97,96
-33,98,97
-33,99,98
-33,100,99
-33,101,100
-33,102,101
-33,103,102
-33,104,103
-33,105,104
-33,106,105
-33,107,106
-33,108,107
-33,109,108
-33,110,109
-33,111,110
-33,112,111
-33,113,112
-33,114,113
-33,115,114
-33,116,115
-33,117,116
-33,118,117
-33,119,118
-33,120,119
-33,121,120
-33,122,121
-33,123,122
-33,124,123
-33,125,124
-33,126,125
-33,127,126
-33,128,127
-33,129,128
-33,130,129
-33,131,130
-33,132,131
-33,133,132
-33,134,133
-33,135,134
-33,136,135
-33,137,136
-33,138,137
-33,139,138
-33,140,139
-33,141,140
-33,142,141
-33,143,142
-33,144,143
-33,145,144
-33,146,145
-33,147,146
-33,148,147
-33,149,148
-33,150,149
-33,151,150
-33,152,151
-33,153,152
-33,154,153
-33,155,154
-33,156,155
-33,157,156
-33,158,157
-33,159,158
-33,160,159
-33,161,160
-33,162,161
-33,163,162
-33,164,163
-33,165,164
-33,166,165
-33,167,166
-33,168,167
-33,169,168
-33,170,169
-33,171,170
-33,172,171
-33,173,172
-33,174,173
-33,175,174
-33,176,175
-33,177,176
-33,178,177
-33,179,178
-33,180,179
-33,181,180
-33,182,181
-33,183,182
-33,184,183
-33,185,184
-33,186,185
-33,187,186
-33,188,187
-33,189,188
-33,190,189
-33,191,190
-33,192,191
-33,193,192
-33,194,193
-33,195,194
-33,196,195
-33,197,196
-33,198,197
-33,199,198
-33,200,199
-33,201,200
-33,202,201
-33,203,202
-33,204,203
-33,205,204
-33,206,205
-33,207,206
-33,208,207
-33,209,208
-33,210,209
-33,211,210
-33,212,211
-33,213,212
-33,214,213
-33,215,214
-33,216,215
-33,217,216
-33,218,217
-33,219,218
-33,220,219
-33,221,220
-33,222,221
-33,223,222
-33,224,223
-33,225,224
-33,226,225
-33,227,226
-33,228,227
-33,229,228
-33,230,229
-33,231,230
-33,232,231
-33,233,232
-33,234,233
-33,235,234
-33,236,235
-33,237,236
-33,238,237
-33,239,238
-33,240,239
-33,241,240
-33,242,241
-33,243,242
-33,244,243
-33,245,244
-33,246,245
-33,247,246
-33,248,247
-33,249,248
-33,250,249
-33,251,250
-33,252,251
-33,253,252
-33,254,253
-33,255,254
-32,0,0
-32,1,0
-32,2,1
-32,3,2
-32,4,3
-32,5,4
-32,6,5
-32,7,6
-32,8,7
-32,9,8
-32,10,9
-32,11,10
-32,12,11
-32,13,12
-32,14,13
-32,15,14
-32,16,15
-32,17,16
-32,18,17
-32,19,18
-32,20,19
-32,21,20
-32,22,21
-32,23,22
-32,24,23
-32,25,24
-32,26,25
-32,27,26
-32,28,27
-32,29,28
-32,30,29
-32,31,30
-32,32,31
-32,33,32
-32,34,33
-32,35,34
-32,36,35
-32,37,36
-32,38,37
-32,39,38
-32,40,39
-32,41,40
-32,42,41
-32,43,42
-32,44,43
-32,45,44
-32,46,45
-32,47,46
-32,48,47
-32,49,48
-32,50,49
-32,51,50
-32,52,51
-32,53,52
-32,54,53
-32,55,54
-32,56,55
-32,57,56
-32,58,57
-32,59,58
-32,60,59
-32,61,60
-32,62,61
-32,63,62
-32,64,63
-32,65,64
-32,66,65
-32,67,66
-32,68,67
-32,69,68
-32,70,69
-32,71,70
-32,72,71
-32,73,72
-32,74,73
-32,75,74
-32,76,75
-32,77,76
-32,78,77
-32,79,78
-32,80,79
-32,81,80
-32,82,81
-32,83,82
-32,84,83
-32,85,84
-32,86,85
-32,87,86
-32,88,87
-32,89,88
-32,90,89
-32,91,90
-32,92,91
-32,93,92
-32,94,93
-32,95,94
-32,96,95
-32,97,96
-32,98,97
-32,99,98
-32,100,99
-32,101,100
-32,102,101
-32,103,102
-32,104,103
-32,105,104
-32,106,105
-32,107,106
-32,108,107
-32,109,108
-32,110,109
-32,111,110
-32,112,111
-32,113,112
-32,114,113
-32,115,114
-32,116,115
-32,117,116
-32,118,117
-32,119,118
-32,120,119
-32,121,120
-32,122,121
-32,123,122
-32,124,123
-32,125,124
-32,126,125
-32,127,126
-32,128,127
-32,129,128
-32,130,129
-32,131,130
-32,132,131
-32,133,132
-32,134,133
-32,135,134
-32,136,135
-32,137,136
-32,138,137
-32,139,138
-32,140,139
-32,141,140
-32,142,141
-32,143,142
-32,144,143
-32,145,144
-32,146,145
-32,147,146
-32,148,147
-32,149,148
-32,150,149
-32,151,150
-32,152,151
-32,153,152
-32,154,153
-32,155,154
-32,156,155
-32,157,156
-32,158,157
-32,159,158
-32,160,159
-32,161,160
-32,162,161
-32,163,162
-32,164,163
-32,165,164
-32,166,165
-32,167,166
-32,168,167
-32,169,168
-32,170,169
-32,171,170
-32,172,171
-32,173,172
-32,174,173
-32,175,174
-32,176,175
-32,177,176
-32,178,177
-32,179,178
-32,180,179
-32,181,180
-32,182,181
-32,183,182
-32,184,183
-32,185,184
-32,186,185
-32,187,186
-32,188,187
-32,189,188
-32,190,189
-32,191,190
-32,192,191
-32,193,192
-32,194,193
-32,195,194
-32,196,195
-32,197,196
-32,198,197
-32,199,198
-32,200,199
-32,201,200
-32,202,201
-32,203,202
-32,204,203
-32,205,204
-32,206,205
-32,207,206
-32,208,207
-32,209,208
-32,210,209
-32,211,210
-32,212,211
-32,213,212
-32,214,213
-32,215,214
-32,216,215
-32,217,216
-32,218,217
-32,219,218
-32,220,219
-32,221,220
-32,222,221
-32,223,222
-32,224,223
-32,225,224
-32,226,225
-32,227,226
-32,228,227
-32,229,228
-32,230,229
-32,231,230
-32,232,231
-32,233,232
-32,234,233
-32,235,234
-32,236,235
-32,237,236
-32,238,237
-32,239,238
-32,240,239
-32,241,240
-32,242,241
-32,243,242
-32,244,243
-32,245,244
-32,246,245
-32,247,246
-32,248,247
-32,249,248
-32,250,249
-32,251,250
-32,252,251
-32,253,252
-32,254,253
-32,255,254
-31,0,0
-31,1,0
-31,2,1
-31,3,2
-31,4,3
-31,5,4
-31,6,5
-31,7,6
-31,8,7
-31,9,8
-31,10,9
-31,11,10
-31,12,11
-31,13,12
-31,14,13
-31,15,14
-31,16,15
-31,17,16
-31,18,17
-31,19,18
-31,20,19
-31,21,20
-31,22,21
-31,23,22
-31,24,23
-31,25,24
-31,26,25
-31,27,26
-31,28,27
-31,29,28
-31,30,29
-31,31,30
-31,32,31
-31,33,32
-31,34,33
-31,35,34
-31,36,35
-31,37,36
-31,38,37
-31,39,38
-31,40,39
-31,41,40
-31,42,41
-31,43,42
-31,44,43
-31,45,44
-31,46,45
-31,47,46
-31,48,47
-31,49,48
-31,50,49
-31,51,50
-31,52,51
-31,53,52
-31,54,53
-31,55,54
-31,56,55
-31,57,56
-31,58,57
-31,59,58
-31,60,59
-31,61,60
-31,62,61
-31,63,62
-31,64,63
-31,65,64
-31,66,65
-31,67,66
-31,68,67
-31,69,68
-31,70,69
-31,71,70
-31,72,71
-31,73,72
-31,74,73
-31,75,74
-31,76,75
-31,77,76
-31,78,77
-31,79,78
-31,80,79
-31,81,80
-31,82,81
-31,83,82
-31,84,83
-31,85,84
-31,86,85
-31,87,86
-31,88,87
-31,89,88
-31,90,89
-31,91,90
-31,92,91
-31,93,92
-31,94,93
-31,95,94
-31,96,95
-31,97,96
-31,98,97
-31,99,98
-31,100,99
-31,101,100
-31,102,101
-31,103,102
-31,104,103
-31,105,104
-31,106,105
-31,107,106
-31,108,107
-31,109,108
-31,110,109
-31,111,110
-31,112,111
-31,113,112
-31,114,113
-31,115,114
-31,116,115
-31,117,116
-31,118,117
-31,119,118
-31,120,119
-31,121,120
-31,122,121
-31,123,122
-31,124,123
-31,125,124
-31,126,125
-31,127,126
-31,128,127
-31,129,128
-31,130,129
-31,131,130
-31,132,131
-31,133,132
-31,134,133
-31,135,134
-31,136,135
-31,137,136
-31,138,137
-31,139,138
-31,140,139
-31,141,140
-31,142,141
-31,143,142
-31,144,143
-31,145,144
-31,146,145
-31,147,146
-31,148,147
-31,149,148
-31,150,149
-31,151,150
-31,152,151
-31,153,152
-31,154,153
-31,155,154
-31,156,155
-31,157,156
-31,158,157
-31,159,158
-31,160,159
-31,161,160
-31,162,161
-31,163,162
-31,164,163
-31,165,164
-31,166,165
-31,167,166
-31,168,167
-31,169,168
-31,170,169
-31,171,170
-31,172,171
-31,173,172
-31,174,173
-31,175,174
-31,176,175
-31,177,176
-31,178,177
-31,179,178
-31,180,179
-31,181,180
-31,182,181
-31,183,182
-31,184,183
-31,185,184
-31,186,185
-31,187,186
-31,188,187
-31,189,188
-31,190,189
-31,191,190
-31,192,191
-31,193,192
-31,194,193
-31,195,194
-31,196,195
-31,197,196
-31,198,197
-31,199,198
-31,200,199
-31,201,200
-31,202,201
-31,203,202
-31,204,203
-31,205,204
-31,206,205
-31,207,206
-31,208,207
-31,209,208
-31,210,209
-31,211,210
-31,212,211
-31,213,212
-31,214,213
-31,215,214
-31,216,215
-31,217,216
-31,218,217
-31,219,218
-31,220,219
-31,221,220
-31,222,221
-31,223,222
-31,224,223
-31,225,224
-31,226,225
-31,227,226
-31,228,227
-31,229,228
-31,230,229
-31,231,230
-31,232,231
-31,233,232
-31,234,233
-31,235,234
-31,236,235
-31,237,236
-31,238,237
-31,239,238
-31,240,239
-31,241,240
-31,242,241
-31,243,242
-31,244,243
-31,245,244
-31,246,245
-31,247,246
-31,248,247
-31,249,248
-31,250,249
-31,251,250
-31,252,251
-31,253,252
-31,254,253
-31,255,254
-30,0,0
-30,1,0
-30,2,1
-30,3,2
-30,4,3
-30,5,4
-30,6,5
-30,7,6
-30,8,7
-30,9,8
-30,10,9
-30,11,10
-30,12,11
-30,13,12
-30,14,13
-30,15,14
-30,16,15
-30,17,16
-30,18,17
-30,19,18
-30,20,19
-30,21,20
-30,22,21
-30,23,22
-30,24,23
-30,25,24
-30,26,25
-30,27,26
-30,28,27
-30,29,28
-30,30,29
-30,31,30
-30,32,31
-30,33,32
-30,34,33
-30,35,34
-30,36,35
-30,37,36
-30,38,37
-30,39,38
-30,40,39
-30,41,40
-30,42,41
-30,43,42
-30,44,43
-30,45,44
-30,46,45
-30,47,46
-30,48,47
-30,49,48
-30,50,49
-30,51,50
-30,52,51
-30,53,52
-30,54,53
-30,55,54
-30,56,55
-30,57,56
-30,58,57
-30,59,58
-30,60,59
-30,61,60
-30,62,61
-30,63,62
-30,64,63
-30,65,64
-30,66,65
-30,67,66
-30,68,67
-30,69,68
-30,70,69
-30,71,70
-30,72,71
-30,73,72
-30,74,73
-30,75,74
-30,76,75
-30,77,76
-30,78,77
-30,79,78
-30,80,79
-30,81,80
-30,82,81
-30,83,82
-30,84,83
-30,85,84
-30,86,85
-30,87,86
-30,88,87
-30,89,88
-30,90,89
-30,91,90
-30,92,91
-30,93,92
-30,94,93
-30,95,94
-30,96,95
-30,97,96
-30,98,97
-30,99,98
-30,100,99
-30,101,100
-30,102,101
-30,103,102
-30,104,103
-30,105,104
-30,106,105
-30,107,106
-30,108,107
-30,109,108
-30,110,109
-30,111,110
-30,112,111
-30,113,112
-30,114,113
-30,115,114
-30,116,115
-30,117,116
-30,118,117
-30,119,118
-30,120,119
-30,121,120
-30,122,121
-30,123,122
-30,124,123
-30,125,124
-30,126,125
-30,127,126
-30,128,127
-30,129,128
-30,130,129
-30,131,130
-30,132,131
-30,133,132
-30,134,133
-30,135,134
-30,136,135
-30,137,136
-30,138,137
-30,139,138
-30,140,139
-30,141,140
-30,142,141
-30,143,142
-30,144,143
-30,145,144
-30,146,145
-30,147,146
-30,148,147
-30,149,148
-30,150,149
-30,151,150
-30,152,151
-30,153,152
-30,154,153
-30,155,154
-30,156,155
-30,157,156
-30,158,157
-30,159,158
-30,160,159
-30,161,160
-30,162,161
-30,163,162
-30,164,163
-30,165,164
-30,166,165
-30,167,166
-30,168,167
-30,169,168
-30,170,169
-30,171,170
-30,172,171
-30,173,172
-30,174,173
-30,175,174
-30,176,175
-30,177,176
-30,178,177
-30,179,178
-30,180,179
-30,181,180
-30,182,181
-30,183,182
-30,184,183
-30,185,184
-30,186,185
-30,187,186
-30,188,187
-30,189,188
-30,190,189
-30,191,190
-30,192,191
-30,193,192
-30,194,193
-30,195,194
-30,196,195
-30,197,196
-30,198,197
-30,199,198
-30,200,199
-30,201,200
-30,202,201
-30,203,202
-30,204,203
-30,205,204
-30,206,205
-30,207,206
-30,208,207
-30,209,208
-30,210,209
-30,211,210
-30,212,211
-30,213,212
-30,214,213
-30,215,214
-30,216,215
-30,217,216
-30,218,217
-30,219,218
-30,220,219
-30,221,220
-30,222,221
-30,223,222
-30,224,223
-30,225,224
-30,226,225
-30,227,226
-30,228,227
-30,229,228
-30,230,229
-30,231,230
-30,232,231
-30,233,232
-30,234,233
-30,235,234
-30,236,235
-30,237,236
-30,238,237
-30,239,238
-30,240,239
-30,241,240
-30,242,241
-30,243,242
-30,244,243
-30,245,244
-30,246,245
-30,247,246
-30,248,247
-30,249,248
-30,250,249
-30,251,250
-30,252,251
-30,253,252
-30,254,253
-30,255,254
-29,0,0
-29,1,0
-29,2,1
-29,3,2
-29,4,3
-29,5,4
-29,6,5
-29,7,6
-29,8,7
-29,9,8
-29,10,9
-29,11,10
-29,12,11
-29,13,12
-29,14,13
-29,15,14
-29,16,15
-29,17,16
-29,18,17
-29,19,18
-29,20,19
-29,21,20
-29,22,21
-29,23,22
-29,24,23
-29,25,24
-29,26,25
-29,27,26
-29,28,27
-29,29,28
-29,30,29
-29,31,30
-29,32,31
-29,33,32
-29,34,33
-29,35,34
-29,36,35
-29,37,36
-29,38,37
-29,39,38
-29,40,39
-29,41,40
-29,42,41
-29,43,42
-29,44,43
-29,45,44
-29,46,45
-29,47,46
-29,48,47
-29,49,48
-29,50,49
-29,51,50
-29,52,51
-29,53,52
-29,54,53
-29,55,54
-29,56,55
-29,57,56
-29,58,57
-29,59,58
-29,60,59
-29,61,60
-29,62,61
-29,63,62
-29,64,63
-29,65,64
-29,66,65
-29,67,66
-29,68,67
-29,69,68
-29,70,69
-29,71,70
-29,72,71
-29,73,72
-29,74,73
-29,75,74
-29,76,75
-29,77,76
-29,78,77
-29,79,78
-29,80,79
-29,81,80
-29,82,81
-29,83,82
-29,84,83
-29,85,84
-29,86,85
-29,87,86
-29,88,87
-29,89,88
-29,90,89
-29,91,90
-29,92,91
-29,93,92
-29,94,93
-29,95,94
-29,96,95
-29,97,96
-29,98,97
-29,99,98
-29,100,99
-29,101,100
-29,102,101
-29,103,102
-29,104,103
-29,105,104
-29,106,105
-29,107,106
-29,108,107
-29,109,108
-29,110,109
-29,111,110
-29,112,111
-29,113,112
-29,114,113
-29,115,114
-29,116,115
-29,117,116
-29,118,117
-29,119,118
-29,120,119
-29,121,120
-29,122,121
-29,123,122
-29,124,123
-29,125,124
-29,126,125
-29,127,126
-29,128,127
-29,129,128
-29,130,129
-29,131,130
-29,132,131
-29,133,132
-29,134,133
-29,135,134
-29,136,135
-29,137,136
-29,138,137
-29,139,138
-29,140,139
-29,141,140
-29,142,141
-29,143,142
-29,144,143
-29,145,144
-29,146,145
-29,147,146
-29,148,147
-29,149,148
-29,150,149
-29,151,150
-29,152,151
-29,153,152
-29,154,153
-29,155,154
-29,156,155
-29,157,156
-29,158,157
-29,159,158
-29,160,159
-29,161,160
-29,162,161
-29,163,162
-29,164,163
-29,165,164
-29,166,165
-29,167,166
-29,168,167
-29,169,168
-29,170,169
-29,171,170
-29,172,171
-29,173,172
-29,174,173
-29,175,174
-29,176,175
-29,177,176
-29,178,177
-29,179,178
-29,180,179
-29,181,180
-29,182,181
-29,183,182
-29,184,183
-29,185,184
-29,186,185
-29,187,186
-29,188,187
-29,189,188
-29,190,189
-29,191,190
-29,192,191
-29,193,192
-29,194,193
-29,195,194
-29,196,195
-29,197,196
-29,198,197
-29,199,198
-29,200,199
-29,201,200
-29,202,201
-29,203,202
-29,204,203
-29,205,204
-29,206,205
-29,207,206
-29,208,207
-29,209,208
-29,210,209
-29,211,210
-29,212,211
-29,213,212
-29,214,213
-29,215,214
-29,216,215
-29,217,216
-29,218,217
-29,219,218
-29,220,219
-29,221,220
-29,222,221
-29,223,222
-29,224,223
-29,225,224
-29,226,225
-29,227,226
-29,228,227
-29,229,228
-29,230,229
-29,231,230
-29,232,231
-29,233,232
-29,234,233
-29,235,234
-29,236,235
-29,237,236
-29,238,237
-29,239,238
-29,240,239
-29,241,240
-29,242,241
-29,243,242
-29,244,243
-29,245,244
-29,246,245
-29,247,246
-29,248,247
-29,249,248
-29,250,249
-29,251,250
-29,252,251
-29,253,252
-29,254,253
-29,255,254
-28,0,0
-28,1,0
-28,2,1
-28,3,2
-28,4,3
-28,5,4
-28,6,5
-28,7,6
-28,8,7
-28,9,8
-28,10,9
-28,11,10
-28,12,11
-28,13,12
-28,14,13
-28,15,14
-28,16,15
-28,17,16
-28,18,17
-28,19,18
-28,20,19
-28,21,20
-28,22,21
-28,23,22
-28,24,23
-28,25,24
-28,26,25
-28,27,26
-28,28,27
-28,29,28
-28,30,29
-28,31,30
-28,32,31
-28,33,32
-28,34,33
-28,35,34
-28,36,35
-28,37,36
-28,38,37
-28,39,38
-28,40,39
-28,41,40
-28,42,41
-28,43,42
-28,44,43
-28,45,44
-28,46,45
-28,47,46
-28,48,47
-28,49,48
-28,50,49
-28,51,50
-28,52,51
-28,53,52
-28,54,53
-28,55,54
-28,56,55
-28,57,56
-28,58,57
-28,59,58
-28,60,59
-28,61,60
-28,62,61
-28,63,62
-28,64,63
-28,65,64
-28,66,65
-28,67,66
-28,68,67
-28,69,68
-28,70,69
-28,71,70
-28,72,71
-28,73,72
-28,74,73
-28,75,74
-28,76,75
-28,77,76
-28,78,77
-28,79,78
-28,80,79
-28,81,80
-28,82,81
-28,83,82
-28,84,83
-28,85,84
-28,86,85
-28,87,86
-28,88,87
-28,89,88
-28,90,89
-28,91,90
-28,92,91
-28,93,92
-28,94,93
-28,95,94
-28,96,95
-28,97,96
-28,98,97
-28,99,98
-28,100,99
-28,101,100
-28,102,101
-28,103,102
-28,104,103
-28,105,104
-28,106,105
-28,107,106
-28,108,107
-28,109,108
-28,110,109
-28,111,110
-28,112,111
-28,113,112
-28,114,113
-28,115,114
-28,116,115
-28,117,116
-28,118,117
-28,119,118
-28,120,119
-28,121,120
-28,122,121
-28,123,122
-28,124,123
-28,125,124
-28,126,125
-28,127,126
-28,128,127
-28,129,128
-28,130,129
-28,131,130
-28,132,131
-28,133,132
-28,134,133
-28,135,134
-28,136,135
-28,137,136
-28,138,137
-28,139,138
-28,140,139
-28,141,140
-28,142,141
-28,143,142
-28,144,143
-28,145,144
-28,146,145
-28,147,146
-28,148,147
-28,149,148
-28,150,149
-28,151,150
-28,152,151
-28,153,152
-28,154,153
-28,155,154
-28,156,155
-28,157,156
-28,158,157
-28,159,158
-28,160,159
-28,161,160
-28,162,161
-28,163,162
-28,164,163
-28,165,164
-28,166,165
-28,167,166
-28,168,167
-28,169,168
-28,170,169
-28,171,170
-28,172,171
-28,173,172
-28,174,173
-28,175,174
-28,176,175
-28,177,176
-28,178,177
-28,179,178
-28,180,179
-28,181,180
-28,182,181
-28,183,182
-28,184,183
-28,185,184
-28,186,185
-28,187,186
-28,188,187
-28,189,188
-28,190,189
-28,191,190
-28,192,191
-28,193,192
-28,194,193
-28,195,194
-28,196,195
-28,197,196
-28,198,197
-28,199,198
-28,200,199
-28,201,200
-28,202,201
-28,203,202
-28,204,203
-28,205,204
-28,206,205
-28,207,206
-28,208,207
-28,209,208
-28,210,209
-28,211,210
-28,212,211
-28,213,212
-28,214,213
-28,215,214
-28,216,215
-28,217,216
-28,218,217
-28,219,218
-28,220,219
-28,221,220
-28,222,221
-28,223,222
-28,224,223
-28,225,224
-28,226,225
-28,227,226
-28,228,227
-28,229,228
-28,230,229
-28,231,230
-28,232,231
-28,233,232
-28,234,233
-28,235,234
-28,236,235
-28,237,236
-28,238,237
-28,239,238
-28,240,239
-28,241,240
-28,242,241
-28,243,242
-28,244,243
-28,245,244
-28,246,245
-28,247,246
-28,248,247
-28,249,248
-28,250,249
-28,251,250
-28,252,251
-28,253,252
-28,254,253
-28,255,254
-27,0,0
-27,1,0
-27,2,1
-27,3,2
-27,4,3
-27,5,4
-27,6,5
-27,7,6
-27,8,7
-27,9,8
-27,10,9
-27,11,10
-27,12,11
-27,13,12
-27,14,13
-27,15,14
-27,16,15
-27,17,16
-27,18,17
-27,19,18
-27,20,19
-27,21,20
-27,22,21
-27,23,22
-27,24,23
-27,25,24
-27,26,25
-27,27,26
-27,28,27
-27,29,28
-27,30,29
-27,31,30
-27,32,31
-27,33,32
-27,34,33
-27,35,34
-27,36,35
-27,37,36
-27,38,37
-27,39,38
-27,40,39
-27,41,40
-27,42,41
-27,43,42
-27,44,43
-27,45,44
-27,46,45
-27,47,46
-27,48,47
-27,49,48
-27,50,49
-27,51,50
-27,52,51
-27,53,52
-27,54,53
-27,55,54
-27,56,55
-27,57,56
-27,58,57
-27,59,58
-27,60,59
-27,61,60
-27,62,61
-27,63,62
-27,64,63
-27,65,64
-27,66,65
-27,67,66
-27,68,67
-27,69,68
-27,70,69
-27,71,70
-27,72,71
-27,73,72
-27,74,73
-27,75,74
-27,76,75
-27,77,76
-27,78,77
-27,79,78
-27,80,79
-27,81,80
-27,82,81
-27,83,82
-27,84,83
-27,85,84
-27,86,85
-27,87,86
-27,88,87
-27,89,88
-27,90,89
-27,91,90
-27,92,91
-27,93,92
-27,94,93
-27,95,94
-27,96,95
-27,97,96
-27,98,97
-27,99,98
-27,100,99
-27,101,100
-27,102,101
-27,103,102
-27,104,103
-27,105,104
-27,106,105
-27,107,106
-27,108,107
-27,109,108
-27,110,109
-27,111,110
-27,112,111
-27,113,112
-27,114,113
-27,115,114
-27,116,115
-27,117,116
-27,118,117
-27,119,118
-27,120,119
-27,121,120
-27,122,121
-27,123,122
-27,124,123
-27,125,124
-27,126,125
-27,127,126
-27,128,127
-27,129,128
-27,130,129
-27,131,130
-27,132,131
-27,133,132
-27,134,133
-27,135,134
-27,136,135
-27,137,136
-27,138,137
-27,139,138
-27,140,139
-27,141,140
-27,142,141
-27,143,142
-27,144,143
-27,145,144
-27,146,145
-27,147,146
-27,148,147
-27,149,148
-27,150,149
-27,151,150
-27,152,151
-27,153,152
-27,154,153
-27,155,154
-27,156,155
-27,157,156
-27,158,157
-27,159,158
-27,160,159
-27,161,160
-27,162,161
-27,163,162
-27,164,163
-27,165,164
-27,166,165
-27,167,166
-27,168,167
-27,169,168
-27,170,169
-27,171,170
-27,172,171
-27,173,172
-27,174,173
-27,175,174
-27,176,175
-27,177,176
-27,178,177
-27,179,178
-27,180,179
-27,181,180
-27,182,181
-27,183,182
-27,184,183
-27,185,184
-27,186,185
-27,187,186
-27,188,187
-27,189,188
-27,190,189
-27,191,190
-27,192,191
-27,193,192
-27,194,193
-27,195,194
-27,196,195
-27,197,196
-27,198,197
-27,199,198
-27,200,199
-27,201,200
-27,202,201
-27,203,202
-27,204,203
-27,205,204
-27,206,205
-27,207,206
-27,208,207
-27,209,208
-27,210,209
-27,211,210
-27,212,211
-27,213,212
-27,214,213
-27,215,214
-27,216,215
-27,217,216
-27,218,217
-27,219,218
-27,220,219
-27,221,220
-27,222,221
-27,223,222
-27,224,223
-27,225,224
-27,226,225
-27,227,226
-27,228,227
-27,229,228
-27,230,229
-27,231,230
-27,232,231
-27,233,232
-27,234,233
-27,235,234
-27,236,235
-27,237,236
-27,238,237
-27,239,238
-27,240,239
-27,241,240
-27,242,241
-27,243,242
-27,244,243
-27,245,244
-27,246,245
-27,247,246
-27,248,247
-27,249,248
-27,250,249
-27,251,250
-27,252,251
-27,253,252
-27,254,253
-27,255,254
-26,0,0
-26,1,0
-26,2,1
-26,3,2
-26,4,3
-26,5,4
-26,6,5
-26,7,6
-26,8,7
-26,9,8
-26,10,9
-26,11,10
-26,12,11
-26,13,12
-26,14,13
-26,15,14
-26,16,15
-26,17,16
-26,18,17
-26,19,18
-26,20,19
-26,21,20
-26,22,21
-26,23,22
-26,24,23
-26,25,24
-26,26,25
-26,27,26
-26,28,27
-26,29,28
-26,30,29
-26,31,30
-26,32,31
-26,33,32
-26,34,33
-26,35,34
-26,36,35
-26,37,36
-26,38,37
-26,39,38
-26,40,39
-26,41,40
-26,42,41
-26,43,42
-26,44,43
-26,45,44
-26,46,45
-26,47,46
-26,48,47
-26,49,48
-26,50,49
-26,51,50
-26,52,51
-26,53,52
-26,54,53
-26,55,54
-26,56,55
-26,57,56
-26,58,57
-26,59,58
-26,60,59
-26,61,60
-26,62,61
-26,63,62
-26,64,63
-26,65,64
-26,66,65
-26,67,66
-26,68,67
-26,69,68
-26,70,69
-26,71,70
-26,72,71
-26,73,72
-26,74,73
-26,75,74
-26,76,75
-26,77,76
-26,78,77
-26,79,78
-26,80,79
-26,81,80
-26,82,81
-26,83,82
-26,84,83
-26,85,84
-26,86,85
-26,87,86
-26,88,87
-26,89,88
-26,90,89
-26,91,90
-26,92,91
-26,93,92
-26,94,93
-26,95,94
-26,96,95
-26,97,96
-26,98,97
-26,99,98
-26,100,99
-26,101,100
-26,102,101
-26,103,102
-26,104,103
-26,105,104
-26,106,105
-26,107,106
-26,108,107
-26,109,108
-26,110,109
-26,111,110
-26,112,111
-26,113,112
-26,114,113
-26,115,114
-26,116,115
-26,117,116
-26,118,117
-26,119,118
-26,120,119
-26,121,120
-26,122,121
-26,123,122
-26,124,123
-26,125,124
-26,126,125
-26,127,126
-26,128,127
-26,129,128
-26,130,129
-26,131,130
-26,132,131
-26,133,132
-26,134,133
-26,135,134
-26,136,135
-26,137,136
-26,138,137
-26,139,138
-26,140,139
-26,141,140
-26,142,141
-26,143,142
-26,144,143
-26,145,144
-26,146,145
-26,147,146
-26,148,147
-26,149,148
-26,150,149
-26,151,150
-26,152,151
-26,153,152
-26,154,153
-26,155,154
-26,156,155
-26,157,156
-26,158,157
-26,159,158
-26,160,159
-26,161,160
-26,162,161
-26,163,162
-26,164,163
-26,165,164
-26,166,165
-26,167,166
-26,168,167
-26,169,168
-26,170,169
-26,171,170
-26,172,171
-26,173,172
-26,174,173
-26,175,174
-26,176,175
-26,177,176
-26,178,177
-26,179,178
-26,180,179
-26,181,180
-26,182,181
-26,183,182
-26,184,183
-26,185,184
-26,186,185
-26,187,186
-26,188,187
-26,189,188
-26,190,189
-26,191,190
-26,192,191
-26,193,192
-26,194,193
-26,195,194
-26,196,195
-26,197,196
-26,198,197
-26,199,198
-26,200,199
-26,201,200
-26,202,201
-26,203,202
-26,204,203
-26,205,204
-26,206,205
-26,207,206
-26,208,207
-26,209,208
-26,210,209
-26,211,210
-26,212,211
-26,213,212
-26,214,213
-26,215,214
-26,216,215
-26,217,216
-26,218,217
-26,219,218
-26,220,219
-26,221,220
-26,222,221
-26,223,222
-26,224,223
-26,225,224
-26,226,225
-26,227,226
-26,228,227
-26,229,228
-26,230,229
-26,231,230
-26,232,231
-26,233,232
-26,234,233
-26,235,234
-26,236,235
-26,237,236
-26,238,237
-26,239,238
-26,240,239
-26,241,240
-26,242,241
-26,243,242
-26,244,243
-26,245,244
-26,246,245
-26,247,246
-26,248,247
-26,249,248
-26,250,249
-26,251,250
-26,252,251
-26,253,252
-26,254,253
-26,255,254
-25,0,0
-25,1,0
-25,2,1
-25,3,2
-25,4,3
-25,5,4
-25,6,5
-25,7,6
-25,8,7
-25,9,8
-25,10,9
-25,11,10
-25,12,11
-25,13,12
-25,14,13
-25,15,14
-25,16,15
-25,17,16
-25,18,17
-25,19,18
-25,20,19
-25,21,20
-25,22,21
-25,23,22
-25,24,23
-25,25,24
-25,26,25
-25,27,26
-25,28,27
-25,29,28
-25,30,29
-25,31,30
-25,32,31
-25,33,32
-25,34,33
-25,35,34
-25,36,35
-25,37,36
-25,38,37
-25,39,38
-25,40,39
-25,41,40
-25,42,41
-25,43,42
-25,44,43
-25,45,44
-25,46,45
-25,47,46
-25,48,47
-25,49,48
-25,50,49
-25,51,50
-25,52,51
-25,53,52
-25,54,53
-25,55,54
-25,56,55
-25,57,56
-25,58,57
-25,59,58
-25,60,59
-25,61,60
-25,62,61
-25,63,62
-25,64,63
-25,65,64
-25,66,65
-25,67,66
-25,68,67
-25,69,68
-25,70,69
-25,71,70
-25,72,71
-25,73,72
-25,74,73
-25,75,74
-25,76,75
-25,77,76
-25,78,77
-25,79,78
-25,80,79
-25,81,80
-25,82,81
-25,83,82
-25,84,83
-25,85,84
-25,86,85
-25,87,86
-25,88,87
-25,89,88
-25,90,89
-25,91,90
-25,92,91
-25,93,92
-25,94,93
-25,95,94
-25,96,95
-25,97,96
-25,98,97
-25,99,98
-25,100,99
-25,101,100
-25,102,101
-25,103,102
-25,104,103
-25,105,104
-25,106,105
-25,107,106
-25,108,107
-25,109,108
-25,110,109
-25,111,110
-25,112,111
-25,113,112
-25,114,113
-25,115,114
-25,116,115
-25,117,116
-25,118,117
-25,119,118
-25,120,119
-25,121,120
-25,122,121
-25,123,122
-25,124,123
-25,125,124
-25,126,125
-25,127,126
-25,128,127
-25,129,128
-25,130,129
-25,131,130
-25,132,131
-25,133,132
-25,134,133
-25,135,134
-25,136,135
-25,137,136
-25,138,137
-25,139,138
-25,140,139
-25,141,140
-25,142,141
-25,143,142
-25,144,143
-25,145,144
-25,146,145
-25,147,146
-25,148,147
-25,149,148
-25,150,149
-25,151,150
-25,152,151
-25,153,152
-25,154,153
-25,155,154
-25,156,155
-25,157,156
-25,158,157
-25,159,158
-25,160,159
-25,161,160
-25,162,161
-25,163,162
-25,164,163
-25,165,164
-25,166,165
-25,167,166
-25,168,167
-25,169,168
-25,170,169
-25,171,170
-25,172,171
-25,173,172
-25,174,173
-25,175,174
-25,176,175
-25,177,176
-25,178,177
-25,179,178
-25,180,179
-25,181,180
-25,182,181
-25,183,182
-25,184,183
-25,185,184
-25,186,185
-25,187,186
-25,188,187
-25,189,188
-25,190,189
-25,191,190
-25,192,191
-25,193,192
-25,194,193
-25,195,194
-25,196,195
-25,197,196
-25,198,197
-25,199,198
-25,200,199
-25,201,200
-25,202,201
-25,203,202
-25,204,203
-25,205,204
-25,206,205
-25,207,206
-25,208,207
-25,209,208
-25,210,209
-25,211,210
-25,212,211
-25,213,212
-25,214,213
-25,215,214
-25,216,215
-25,217,216
-25,218,217
-25,219,218
-25,220,219
-25,221,220
-25,222,221
-25,223,222
-25,224,223
-25,225,224
-25,226,225
-25,227,226
-25,228,227
-25,229,228
-25,230,229
-25,231,230
-25,232,231
-25,233,232
-25,234,233
-25,235,234
-25,236,235
-25,237,236
-25,238,237
-25,239,238
-25,240,239
-25,241,240
-25,242,241
-25,243,242
-25,244,243
-25,245,244
-25,246,245
-25,247,246
-25,248,247
-25,249,248
-25,250,249
-25,251,250
-25,252,251
-25,253,252
-25,254,253
-25,255,254
-24,0,0
-24,1,0
-24,2,1
-24,3,2
-24,4,3
-24,5,4
-24,6,5
-24,7,6
-24,8,7
-24,9,8
-24,10,9
-24,11,10
-24,12,11
-24,13,12
-24,14,13
-24,15,14
-24,16,15
-24,17,16
-24,18,17
-24,19,18
-24,20,19
-24,21,20
-24,22,21
-24,23,22
-24,24,23
-24,25,24
-24,26,25
-24,27,26
-24,28,27
-24,29,28
-24,30,29
-24,31,30
-24,32,31
-24,33,32
-24,34,33
-24,35,34
-24,36,35
-24,37,36
-24,38,37
-24,39,38
-24,40,39
-24,41,40
-24,42,41
-24,43,42
-24,44,43
-24,45,44
-24,46,45
-24,47,46
-24,48,47
-24,49,48
-24,50,49
-24,51,50
-24,52,51
-24,53,52
-24,54,53
-24,55,54
-24,56,55
-24,57,56
-24,58,57
-24,59,58
-24,60,59
-24,61,60
-24,62,61
-24,63,62
-24,64,63
-24,65,64
-24,66,65
-24,67,66
-24,68,67
-24,69,68
-24,70,69
-24,71,70
-24,72,71
-24,73,72
-24,74,73
-24,75,74
-24,76,75
-24,77,76
-24,78,77
-24,79,78
-24,80,79
-24,81,80
-24,82,81
-24,83,82
-24,84,83
-24,85,84
-24,86,85
-24,87,86
-24,88,87
-24,89,88
-24,90,89
-24,91,90
-24,92,91
-24,93,92
-24,94,93
-24,95,94
-24,96,95
-24,97,96
-24,98,97
-24,99,98
-24,100,99
-24,101,100
-24,102,101
-24,103,102
-24,104,103
-24,105,104
-24,106,105
-24,107,106
-24,108,107
-24,109,108
-24,110,109
-24,111,110
-24,112,111
-24,113,112
-24,114,113
-24,115,114
-24,116,115
-24,117,116
-24,118,117
-24,119,118
-24,120,119
-24,121,120
-24,122,121
-24,123,122
-24,124,123
-24,125,124
-24,126,125
-24,127,126
-24,128,127
-24,129,128
-24,130,129
-24,131,130
-24,132,131
-24,133,132
-24,134,133
-24,135,134
-24,136,135
-24,137,136
-24,138,137
-24,139,138
-24,140,139
-24,141,140
-24,142,141
-24,143,142
-24,144,143
-24,145,144
-24,146,145
-24,147,146
-24,148,147
-24,149,148
-24,150,149
-24,151,150
-24,152,151
-24,153,152
-24,154,153
-24,155,154
-24,156,155
-24,157,156
-24,158,157
-24,159,158
-24,160,159
-24,161,160
-24,162,161
-24,163,162
-24,164,163
-24,165,164
-24,166,165
-24,167,166
-24,168,167
-24,169,168
-24,170,169
-24,171,170
-24,172,171
-24,173,172
-24,174,173
-24,175,174
-24,176,175
-24,177,176
-24,178,177
-24,179,178
-24,180,179
-24,181,180
-24,182,181
-24,183,182
-24,184,183
-24,185,184
-24,186,185
-24,187,186
-24,188,187
-24,189,188
-24,190,189
-24,191,190
-24,192,191
-24,193,192
-24,194,193
-24,195,194
-24,196,195
-24,197,196
-24,198,197
-24,199,198
-24,200,199
-24,201,200
-24,202,201
-24,203,202
-24,204,203
-24,205,204
-24,206,205
-24,207,206
-24,208,207
-24,209,208
-24,210,209
-24,211,210
-24,212,211
-24,213,212
-24,214,213
-24,215,214
-24,216,215
-24,217,216
-24,218,217
-24,219,218
-24,220,219
-24,221,220
-24,222,221
-24,223,222
-24,224,223
-24,225,224
-24,226,225
-24,227,226
-24,228,227
-24,229,228
-24,230,229
-24,231,230
-24,232,231
-24,233,232
-24,234,233
-24,235,234
-24,236,235
-24,237,236
-24,238,237
-24,239,238
-24,240,239
-24,241,240
-24,242,241
-24,243,242
-24,244,243
-24,245,244
-24,246,245
-24,247,246
-24,248,247
-24,249,248
-24,250,249
-24,251,250
-24,252,251
-24,253,252
-24,254,253
-24,255,254
-23,0,0
-23,1,0
-23,2,1
-23,3,2
-23,4,3
-23,5,4
-23,6,5
-23,7,6
-23,8,7
-23,9,8
-23,10,9
-23,11,10
-23,12,11
-23,13,12
-23,14,13
-23,15,14
-23,16,15
-23,17,16
-23,18,17
-23,19,18
-23,20,19
-23,21,20
-23,22,21
-23,23,22
-23,24,23
-23,25,24
-23,26,25
-23,27,26
-23,28,27
-23,29,28
-23,30,29
-23,31,30
-23,32,31
-23,33,32
-23,34,33
-23,35,34
-23,36,35
-23,37,36
-23,38,37
-23,39,38
-23,40,39
-23,41,40
-23,42,41
-23,43,42
-23,44,43
-23,45,44
-23,46,45
-23,47,46
-23,48,47
-23,49,48
-23,50,49
-23,51,50
-23,52,51
-23,53,52
-23,54,53
-23,55,54
-23,56,55
-23,57,56
-23,58,57
-23,59,58
-23,60,59
-23,61,60
-23,62,61
-23,63,62
-23,64,63
-23,65,64
-23,66,65
-23,67,66
-23,68,67
-23,69,68
-23,70,69
-23,71,70
-23,72,71
-23,73,72
-23,74,73
-23,75,74
-23,76,75
-23,77,76
-23,78,77
-23,79,78
-23,80,79
-23,81,80
-23,82,81
-23,83,82
-23,84,83
-23,85,84
-23,86,85
-23,87,86
-23,88,87
-23,89,88
-23,90,89
-23,91,90
-23,92,91
-23,93,92
-23,94,93
-23,95,94
-23,96,95
-23,97,96
-23,98,97
-23,99,98
-23,100,99
-23,101,100
-23,102,101
-23,103,102
-23,104,103
-23,105,104
-23,106,105
-23,107,106
-23,108,107
-23,109,108
-23,110,109
-23,111,110
-23,112,111
-23,113,112
-23,114,113
-23,115,114
-23,116,115
-23,117,116
-23,118,117
-23,119,118
-23,120,119
-23,121,120
-23,122,121
-23,123,122
-23,124,123
-23,125,124
-23,126,125
-23,127,126
-23,128,127
-23,129,128
-23,130,129
-23,131,130
-23,132,131
-23,133,132
-23,134,133
-23,135,134
-23,136,135
-23,137,136
-23,138,137
-23,139,138
-23,140,139
-23,141,140
-23,142,141
-23,143,142
-23,144,143
-23,145,144
-23,146,145
-23,147,146
-23,148,147
-23,149,148
-23,150,149
-23,151,150
-23,152,151
-23,153,152
-23,154,153
-23,155,154
-23,156,155
-23,157,156
-23,158,157
-23,159,158
-23,160,159
-23,161,160
-23,162,161
-23,163,162
-23,164,163
-23,165,164
-23,166,165
-23,167,166
-23,168,167
-23,169,168
-23,170,169
-23,171,170
-23,172,171
-23,173,172
-23,174,173
-23,175,174
-23,176,175
-23,177,176
-23,178,177
-23,179,178
-23,180,179
-23,181,180
-23,182,181
-23,183,182
-23,184,183
-23,185,184
-23,186,185
-23,187,186
-23,188,187
-23,189,188
-23,190,189
-23,191,190
-23,192,191
-23,193,192
-23,194,193
-23,195,194
-23,196,195
-23,197,196
-23,198,197
-23,199,198
-23,200,199
-23,201,200
-23,202,201
-23,203,202
-23,204,203
-23,205,204
-23,206,205
-23,207,206
-23,208,207
-23,209,208
-23,210,209
-23,211,210
-23,212,211
-23,213,212
-23,214,213
-23,215,214
-23,216,215
-23,217,216
-23,218,217
-23,219,218
-23,220,219
-23,221,220
-23,222,221
-23,223,222
-23,224,223
-23,225,224
-23,226,225
-23,227,226
-23,228,227
-23,229,228
-23,230,229
-23,231,230
-23,232,231
-23,233,232
-23,234,233
-23,235,234
-23,236,235
-23,237,236
-23,238,237
-23,239,238
-23,240,239
-23,241,240
-23,242,241
-23,243,242
-23,244,243
-23,245,244
-23,246,245
-23,247,246
-23,248,247
-23,249,248
-23,250,249
-23,251,250
-23,252,251
-23,253,252
-23,254,253
-23,255,254
-22,0,0
-22,1,0
-22,2,1
-22,3,2
-22,4,3
-22,5,4
-22,6,5
-22,7,6
-22,8,7
-22,9,8
-22,10,9
-22,11,10
-22,12,11
-22,13,12
-22,14,13
-22,15,14
-22,16,15
-22,17,16
-22,18,17
-22,19,18
-22,20,19
-22,21,20
-22,22,21
-22,23,22
-22,24,23
-22,25,24
-22,26,25
-22,27,26
-22,28,27
-22,29,28
-22,30,29
-22,31,30
-22,32,31
-22,33,32
-22,34,33
-22,35,34
-22,36,35
-22,37,36
-22,38,37
-22,39,38
-22,40,39
-22,41,40
-22,42,41
-22,43,42
-22,44,43
-22,45,44
-22,46,45
-22,47,46
-22,48,47
-22,49,48
-22,50,49
-22,51,50
-22,52,51
-22,53,52
-22,54,53
-22,55,54
-22,56,55
-22,57,56
-22,58,57
-22,59,58
-22,60,59
-22,61,60
-22,62,61
-22,63,62
-22,64,63
-22,65,64
-22,66,65
-22,67,66
-22,68,67
-22,69,68
-22,70,69
-22,71,70
-22,72,71
-22,73,72
-22,74,73
-22,75,74
-22,76,75
-22,77,76
-22,78,77
-22,79,78
-22,80,79
-22,81,80
-22,82,81
-22,83,82
-22,84,83
-22,85,84
-22,86,85
-22,87,86
-22,88,87
-22,89,88
-22,90,89
-22,91,90
-22,92,91
-22,93,92
-22,94,93
-22,95,94
-22,96,95
-22,97,96
-22,98,97
-22,99,98
-22,100,99
-22,101,100
-22,102,101
-22,103,102
-22,104,103
-22,105,104
-22,106,105
-22,107,106
-22,108,107
-22,109,108
-22,110,109
-22,111,110
-22,112,111
-22,113,112
-22,114,113
-22,115,114
-22,116,115
-22,117,116
-22,118,117
-22,119,118
-22,120,119
-22,121,120
-22,122,121
-22,123,122
-22,124,123
-22,125,124
-22,126,125
-22,127,126
-22,128,127
-22,129,128
-22,130,129
-22,131,130
-22,132,131
-22,133,132
-22,134,133
-22,135,134
-22,136,135
-22,137,136
-22,138,137
-22,139,138
-22,140,139
-22,141,140
-22,142,141
-22,143,142
-22,144,143
-22,145,144
-22,146,145
-22,147,146
-22,148,147
-22,149,148
-22,150,149
-22,151,150
-22,152,151
-22,153,152
-22,154,153
-22,155,154
-22,156,155
-22,157,156
-22,158,157
-22,159,158
-22,160,159
-22,161,160
-22,162,161
-22,163,162
-22,164,163
-22,165,164
-22,166,165
-22,167,166
-22,168,167
-22,169,168
-22,170,169
-22,171,170
-22,172,171
-22,173,172
-22,174,173
-22,175,174
-22,176,175
-22,177,176
-22,178,177
-22,179,178
-22,180,179
-22,181,180
-22,182,181
-22,183,182
-22,184,183
-22,185,184
-22,186,185
-22,187,186
-22,188,187
-22,189,188
-22,190,189
-22,191,190
-22,192,191
-22,193,192
-22,194,193
-22,195,194
-22,196,195
-22,197,196
-22,198,197
-22,199,198
-22,200,199
-22,201,200
-22,202,201
-22,203,202
-22,204,203
-22,205,204
-22,206,205
-22,207,206
-22,208,207
-22,209,208
-22,210,209
-22,211,210
-22,212,211
-22,213,212
-22,214,213
-22,215,214
-22,216,215
-22,217,216
-22,218,217
-22,219,218
-22,220,219
-22,221,220
-22,222,221
-22,223,222
-22,224,223
-22,225,224
-22,226,225
-22,227,226
-22,228,227
-22,229,228
-22,230,229
-22,231,230
-22,232,231
-22,233,232
-22,234,233
-22,235,234
-22,236,235
-22,237,236
-22,238,237
-22,239,238
-22,240,239
-22,241,240
-22,242,241
-22,243,242
-22,244,243
-22,245,244
-22,246,245
-22,247,246
-22,248,247
-22,249,248
-22,250,249
-22,251,250
-22,252,251
-22,253,252
-22,254,253
-22,255,254
-21,0,0
-21,1,0
-21,2,1
-21,3,2
-21,4,3
-21,5,4
-21,6,5
-21,7,6
-21,8,7
-21,9,8
-21,10,9
-21,11,10
-21,12,11
-21,13,12
-21,14,13
-21,15,14
-21,16,15
-21,17,16
-21,18,17
-21,19,18
-21,20,19
-21,21,20
-21,22,21
-21,23,22
-21,24,23
-21,25,24
-21,26,25
-21,27,26
-21,28,27
-21,29,28
-21,30,29
-21,31,30
-21,32,31
-21,33,32
-21,34,33
-21,35,34
-21,36,35
-21,37,36
-21,38,37
-21,39,38
-21,40,39
-21,41,40
-21,42,41
-21,43,42
-21,44,43
-21,45,44
-21,46,45
-21,47,46
-21,48,47
-21,49,48
-21,50,49
-21,51,50
-21,52,51
-21,53,52
-21,54,53
-21,55,54
-21,56,55
-21,57,56
-21,58,57
-21,59,58
-21,60,59
-21,61,60
-21,62,61
-21,63,62
-21,64,63
-21,65,64
-21,66,65
-21,67,66
-21,68,67
-21,69,68
-21,70,69
-21,71,70
-21,72,71
-21,73,72
-21,74,73
-21,75,74
-21,76,75
-21,77,76
-21,78,77
-21,79,78
-21,80,79
-21,81,80
-21,82,81
-21,83,82
-21,84,83
-21,85,84
-21,86,85
-21,87,86
-21,88,87
-21,89,88
-21,90,89
-21,91,90
-21,92,91
-21,93,92
-21,94,93
-21,95,94
-21,96,95
-21,97,96
-21,98,97
-21,99,98
-21,100,99
-21,101,100
-21,102,101
-21,103,102
-21,104,103
-21,105,104
-21,106,105
-21,107,106
-21,108,107
-21,109,108
-21,110,109
-21,111,110
-21,112,111
-21,113,112
-21,114,113
-21,115,114
-21,116,115
-21,117,116
-21,118,117
-21,119,118
-21,120,119
-21,121,120
-21,122,121
-21,123,122
-21,124,123
-21,125,124
-21,126,125
-21,127,126
-21,128,127
-21,129,128
-21,130,129
-21,131,130
-21,132,131
-21,133,132
-21,134,133
-21,135,134
-21,136,135
-21,137,136
-21,138,137
-21,139,138
-21,140,139
-21,141,140
-21,142,141
-21,143,142
-21,144,143
-21,145,144
-21,146,145
-21,147,146
-21,148,147
-21,149,148
-21,150,149
-21,151,150
-21,152,151
-21,153,152
-21,154,153
-21,155,154
-21,156,155
-21,157,156
-21,158,157
-21,159,158
-21,160,159
-21,161,160
-21,162,161
-21,163,162
-21,164,163
-21,165,164
-21,166,165
-21,167,166
-21,168,167
-21,169,168
-21,170,169
-21,171,170
-21,172,171
-21,173,172
-21,174,173
-21,175,174
-21,176,175
-21,177,176
-21,178,177
-21,179,178
-21,180,179
-21,181,180
-21,182,181
-21,183,182
-21,184,183
-21,185,184
-21,186,185
-21,187,186
-21,188,187
-21,189,188
-21,190,189
-21,191,190
-21,192,191
-21,193,192
-21,194,193
-21,195,194
-21,196,195
-21,197,196
-21,198,197
-21,199,198
-21,200,199
-21,201,200
-21,202,201
-21,203,202
-21,204,203
-21,205,204
-21,206,205
-21,207,206
-21,208,207
-21,209,208
-21,210,209
-21,211,210
-21,212,211
-21,213,212
-21,214,213
-21,215,214
-21,216,215
-21,217,216
-21,218,217
-21,219,218
-21,220,219
-21,221,220
-21,222,221
-21,223,222
-21,224,223
-21,225,224
-21,226,225
-21,227,226
-21,228,227
-21,229,228
-21,230,229
-21,231,230
-21,232,231
-21,233,232
-21,234,233
-21,235,234
-21,236,235
-21,237,236
-21,238,237
-21,239,238
-21,240,239
-21,241,240
-21,242,241
-21,243,242
-21,244,243
-21,245,244
-21,246,245
-21,247,246
-21,248,247
-21,249,248
-21,250,249
-21,251,250
-21,252,251
-21,253,252
-21,254,253
-21,255,254
-20,0,0
-20,1,0
-20,2,1
-20,3,2
-20,4,3
-20,5,4
-20,6,5
-20,7,6
-20,8,7
-20,9,8
-20,10,9
-20,11,10
-20,12,11
-20,13,12
-20,14,13
-20,15,14
-20,16,15
-20,17,16
-20,18,17
-20,19,18
-20,20,19
-20,21,20
-20,22,21
-20,23,22
-20,24,23
-20,25,24
-20,26,25
-20,27,26
-20,28,27
-20,29,28
-20,30,29
-20,31,30
-20,32,31
-20,33,32
-20,34,33
-20,35,34
-20,36,35
-20,37,36
-20,38,37
-20,39,38
-20,40,39
-20,41,40
-20,42,41
-20,43,42
-20,44,43
-20,45,44
-20,46,45
-20,47,46
-20,48,47
-20,49,48
-20,50,49
-20,51,50
-20,52,51
-20,53,52
-20,54,53
-20,55,54
-20,56,55
-20,57,56
-20,58,57
-20,59,58
-20,60,59
-20,61,60
-20,62,61
-20,63,62
-20,64,63
-20,65,64
-20,66,65
-20,67,66
-20,68,67
-20,69,68
-20,70,69
-20,71,70
-20,72,71
-20,73,72
-20,74,73
-20,75,74
-20,76,75
-20,77,76
-20,78,77
-20,79,78
-20,80,79
-20,81,80
-20,82,81
-20,83,82
-20,84,83
-20,85,84
-20,86,85
-20,87,86
-20,88,87
-20,89,88
-20,90,89
-20,91,90
-20,92,91
-20,93,92
-20,94,93
-20,95,94
-20,96,95
-20,97,96
-20,98,97
-20,99,98
-20,100,99
-20,101,100
-20,102,101
-20,103,102
-20,104,103
-20,105,104
-20,106,105
-20,107,106
-20,108,107
-20,109,108
-20,110,109
-20,111,110
-20,112,111
-20,113,112
-20,114,113
-20,115,114
-20,116,115
-20,117,116
-20,118,117
-20,119,118
-20,120,119
-20,121,120
-20,122,121
-20,123,122
-20,124,123
-20,125,124
-20,126,125
-20,127,126
-20,128,127
-20,129,128
-20,130,129
-20,131,130
-20,132,131
-20,133,132
-20,134,133
-20,135,134
-20,136,135
-20,137,136
-20,138,137
-20,139,138
-20,140,139
-20,141,140
-20,142,141
-20,143,142
-20,144,143
-20,145,144
-20,146,145
-20,147,146
-20,148,147
-20,149,148
-20,150,149
-20,151,150
-20,152,151
-20,153,152
-20,154,153
-20,155,154
-20,156,155
-20,157,156
-20,158,157
-20,159,158
-20,160,159
-20,161,160
-20,162,161
-20,163,162
-20,164,163
-20,165,164
-20,166,165
-20,167,166
-20,168,167
-20,169,168
-20,170,169
-20,171,170
-20,172,171
-20,173,172
-20,174,173
-20,175,174
-20,176,175
-20,177,176
-20,178,177
-20,179,178
-20,180,179
-20,181,180
-20,182,181
-20,183,182
-20,184,183
-20,185,184
-20,186,185
-20,187,186
-20,188,187
-20,189,188
-20,190,189
-20,191,190
-20,192,191
-20,193,192
-20,194,193
-20,195,194
-20,196,195
-20,197,196
-20,198,197
-20,199,198
-20,200,199
-20,201,200
-20,202,201
-20,203,202
-20,204,203
-20,205,204
-20,206,205
-20,207,206
-20,208,207
-20,209,208
-20,210,209
-20,211,210
-20,212,211
-20,213,212
-20,214,213
-20,215,214
-20,216,215
-20,217,216
-20,218,217
-20,219,218
-20,220,219
-20,221,220
-20,222,221
-20,223,222
-20,224,223
-20,225,224
-20,226,225
-20,227,226
-20,228,227
-20,229,228
-20,230,229
-20,231,230
-20,232,231
-20,233,232
-20,234,233
-20,235,234
-20,236,235
-20,237,236
-20,238,237
-20,239,238
-20,240,239
-20,241,240
-20,242,241
-20,243,242
-20,244,243
-20,245,244
-20,246,245
-20,247,246
-20,248,247
-20,249,248
-20,250,249
-20,251,250
-20,252,251
-20,253,252
-20,254,253
-20,255,254
-19,0,0
-19,1,0
-19,2,1
-19,3,2
-19,4,3
-19,5,4
-19,6,5
-19,7,6
-19,8,7
-19,9,8
-19,10,9
-19,11,10
-19,12,11
-19,13,12
-19,14,13
-19,15,14
-19,16,15
-19,17,16
-19,18,17
-19,19,18
-19,20,19
-19,21,20
-19,22,21
-19,23,22
-19,24,23
-19,25,24
-19,26,25
-19,27,26
-19,28,27
-19,29,28
-19,30,29
-19,31,30
-19,32,31
-19,33,32
-19,34,33
-19,35,34
-19,36,35
-19,37,36
-19,38,37
-19,39,38
-19,40,39
-19,41,40
-19,42,41
-19,43,42
-19,44,43
-19,45,44
-19,46,45
-19,47,46
-19,48,47
-19,49,48
-19,50,49
-19,51,50
-19,52,51
-19,53,52
-19,54,53
-19,55,54
-19,56,55
-19,57,56
-19,58,57
-19,59,58
-19,60,59
-19,61,60
-19,62,61
-19,63,62
-19,64,63
-19,65,64
-19,66,65
-19,67,66
-19,68,67
-19,69,68
-19,70,69
-19,71,70
-19,72,71
-19,73,72
-19,74,73
-19,75,74
-19,76,75
-19,77,76
-19,78,77
-19,79,78
-19,80,79
-19,81,80
-19,82,81
-19,83,82
-19,84,83
-19,85,84
-19,86,85
-19,87,86
-19,88,87
-19,89,88
-19,90,89
-19,91,90
-19,92,91
-19,93,92
-19,94,93
-19,95,94
-19,96,95
-19,97,96
-19,98,97
-19,99,98
-19,100,99
-19,101,100
-19,102,101
-19,103,102
-19,104,103
-19,105,104
-19,106,105
-19,107,106
-19,108,107
-19,109,108
-19,110,109
-19,111,110
-19,112,111
-19,113,112
-19,114,113
-19,115,114
-19,116,115
-19,117,116
-19,118,117
-19,119,118
-19,120,119
-19,121,120
-19,122,121
-19,123,122
-19,124,123
-19,125,124
-19,126,125
-19,127,126
-19,128,127
-19,129,128
-19,130,129
-19,131,130
-19,132,131
-19,133,132
-19,134,133
-19,135,134
-19,136,135
-19,137,136
-19,138,137
-19,139,138
-19,140,139
-19,141,140
-19,142,141
-19,143,142
-19,144,143
-19,145,144
-19,146,145
-19,147,146
-19,148,147
-19,149,148
-19,150,149
-19,151,150
-19,152,151
-19,153,152
-19,154,153
-19,155,154
-19,156,155
-19,157,156
-19,158,157
-19,159,158
-19,160,159
-19,161,160
-19,162,161
-19,163,162
-19,164,163
-19,165,164
-19,166,165
-19,167,166
-19,168,167
-19,169,168
-19,170,169
-19,171,170
-19,172,171
-19,173,172
-19,174,173
-19,175,174
-19,176,175
-19,177,176
-19,178,177
-19,179,178
-19,180,179
-19,181,180
-19,182,181
-19,183,182
-19,184,183
-19,185,184
-19,186,185
-19,187,186
-19,188,187
-19,189,188
-19,190,189
-19,191,190
-19,192,191
-19,193,192
-19,194,193
-19,195,194
-19,196,195
-19,197,196
-19,198,197
-19,199,198
-19,200,199
-19,201,200
-19,202,201
-19,203,202
-19,204,203
-19,205,204
-19,206,205
-19,207,206
-19,208,207
-19,209,208
-19,210,209
-19,211,210
-19,212,211
-19,213,212
-19,214,213
-19,215,214
-19,216,215
-19,217,216
-19,218,217
-19,219,218
-19,220,219
-19,221,220
-19,222,221
-19,223,222
-19,224,223
-19,225,224
-19,226,225
-19,227,226
-19,228,227
-19,229,228
-19,230,229
-19,231,230
-19,232,231
-19,233,232
-19,234,233
-19,235,234
-19,236,235
-19,237,236
-19,238,237
-19,239,238
-19,240,239
-19,241,240
-19,242,241
-19,243,242
-19,244,243
-19,245,244
-19,246,245
-19,247,246
-19,248,247
-19,249,248
-19,250,249
-19,251,250
-19,252,251
-19,253,252
-19,254,253
-19,255,254
-18,0,0
-18,1,0
-18,2,1
-18,3,2
-18,4,3
-18,5,4
-18,6,5
-18,7,6
-18,8,7
-18,9,8
-18,10,9
-18,11,10
-18,12,11
-18,13,12
-18,14,13
-18,15,14
-18,16,15
-18,17,16
-18,18,17
-18,19,18
-18,20,19
-18,21,20
-18,22,21
-18,23,22
-18,24,23
-18,25,24
-18,26,25
-18,27,26
-18,28,27
-18,29,28
-18,30,29
-18,31,30
-18,32,31
-18,33,32
-18,34,33
-18,35,34
-18,36,35
-18,37,36
-18,38,37
-18,39,38
-18,40,39
-18,41,40
-18,42,41
-18,43,42
-18,44,43
-18,45,44
-18,46,45
-18,47,46
-18,48,47
-18,49,48
-18,50,49
-18,51,50
-18,52,51
-18,53,52
-18,54,53
-18,55,54
-18,56,55
-18,57,56
-18,58,57
-18,59,58
-18,60,59
-18,61,60
-18,62,61
-18,63,62
-18,64,63
-18,65,64
-18,66,65
-18,67,66
-18,68,67
-18,69,68
-18,70,69
-18,71,70
-18,72,71
-18,73,72
-18,74,73
-18,75,74
-18,76,75
-18,77,76
-18,78,77
-18,79,78
-18,80,79
-18,81,80
-18,82,81
-18,83,82
-18,84,83
-18,85,84
-18,86,85
-18,87,86
-18,88,87
-18,89,88
-18,90,89
-18,91,90
-18,92,91
-18,93,92
-18,94,93
-18,95,94
-18,96,95
-18,97,96
-18,98,97
-18,99,98
-18,100,99
-18,101,100
-18,102,101
-18,103,102
-18,104,103
-18,105,104
-18,106,105
-18,107,106
-18,108,107
-18,109,108
-18,110,109
-18,111,110
-18,112,111
-18,113,112
-18,114,113
-18,115,114
-18,116,115
-18,117,116
-18,118,117
-18,119,118
-18,120,119
-18,121,120
-18,122,121
-18,123,122
-18,124,123
-18,125,124
-18,126,125
-18,127,126
-18,128,127
-18,129,128
-18,130,129
-18,131,130
-18,132,131
-18,133,132
-18,134,133
-18,135,134
-18,136,135
-18,137,136
-18,138,137
-18,139,138
-18,140,139
-18,141,140
-18,142,141
-18,143,142
-18,144,143
-18,145,144
-18,146,145
-18,147,146
-18,148,147
-18,149,148
-18,150,149
-18,151,150
-18,152,151
-18,153,152
-18,154,153
-18,155,154
-18,156,155
-18,157,156
-18,158,157
-18,159,158
-18,160,159
-18,161,160
-18,162,161
-18,163,162
-18,164,163
-18,165,164
-18,166,165
-18,167,166
-18,168,167
-18,169,168
-18,170,169
-18,171,170
-18,172,171
-18,173,172
-18,174,173
-18,175,174
-18,176,175
-18,177,176
-18,178,177
-18,179,178
-18,180,179
-18,181,180
-18,182,181
-18,183,182
-18,184,183
-18,185,184
-18,186,185
-18,187,186
-18,188,187
-18,189,188
-18,190,189
-18,191,190
-18,192,191
-18,193,192
-18,194,193
-18,195,194
-18,196,195
-18,197,196
-18,198,197
-18,199,198
-18,200,199
-18,201,200
-18,202,201
-18,203,202
-18,204,203
-18,205,204
-18,206,205
-18,207,206
-18,208,207
-18,209,208
-18,210,209
-18,211,210
-18,212,211
-18,213,212
-18,214,213
-18,215,214
-18,216,215
-18,217,216
-18,218,217
-18,219,218
-18,220,219
-18,221,220
-18,222,221
-18,223,222
-18,224,223
-18,225,224
-18,226,225
-18,227,226
-18,228,227
-18,229,228
-18,230,229
-18,231,230
-18,232,231
-18,233,232
-18,234,233
-18,235,234
-18,236,235
-18,237,236
-18,238,237
-18,239,238
-18,240,239
-18,241,240
-18,242,241
-18,243,242
-18,244,243
-18,245,244
-18,246,245
-18,247,246
-18,248,247
-18,249,248
-18,250,249
-18,251,250
-18,252,251
-18,253,252
-18,254,253
-18,255,254
-17,0,0
-17,1,0
-17,2,1
-17,3,2
-17,4,3
-17,5,4
-17,6,5
-17,7,6
-17,8,7
-17,9,8
-17,10,9
-17,11,10
-17,12,11
-17,13,12
-17,14,13
-17,15,14
-17,16,15
-17,17,16
-17,18,17
-17,19,18
-17,20,19
-17,21,20
-17,22,21
-17,23,22
-17,24,23
-17,25,24
-17,26,25
-17,27,26
-17,28,27
-17,29,28
-17,30,29
-17,31,30
-17,32,31
-17,33,32
-17,34,33
-17,35,34
-17,36,35
-17,37,36
-17,38,37
-17,39,38
-17,40,39
-17,41,40
-17,42,41
-17,43,42
-17,44,43
-17,45,44
-17,46,45
-17,47,46
-17,48,47
-17,49,48
-17,50,49
-17,51,50
-17,52,51
-17,53,52
-17,54,53
-17,55,54
-17,56,55
-17,57,56
-17,58,57
-17,59,58
-17,60,59
-17,61,60
-17,62,61
-17,63,62
-17,64,63
-17,65,64
-17,66,65
-17,67,66
-17,68,67
-17,69,68
-17,70,69
-17,71,70
-17,72,71
-17,73,72
-17,74,73
-17,75,74
-17,76,75
-17,77,76
-17,78,77
-17,79,78
-17,80,79
-17,81,80
-17,82,81
-17,83,82
-17,84,83
-17,85,84
-17,86,85
-17,87,86
-17,88,87
-17,89,88
-17,90,89
-17,91,90
-17,92,91
-17,93,92
-17,94,93
-17,95,94
-17,96,95
-17,97,96
-17,98,97
-17,99,98
-17,100,99
-17,101,100
-17,102,101
-17,103,102
-17,104,103
-17,105,104
-17,106,105
-17,107,106
-17,108,107
-17,109,108
-17,110,109
-17,111,110
-17,112,111
-17,113,112
-17,114,113
-17,115,114
-17,116,115
-17,117,116
-17,118,117
-17,119,118
-17,120,119
-17,121,120
-17,122,121
-17,123,122
-17,124,123
-17,125,124
-17,126,125
-17,127,126
-17,128,127
-17,129,128
-17,130,129
-17,131,130
-17,132,131
-17,133,132
-17,134,133
-17,135,134
-17,136,135
-17,137,136
-17,138,137
-17,139,138
-17,140,139
-17,141,140
-17,142,141
-17,143,142
-17,144,143
-17,145,144
-17,146,145
-17,147,146
-17,148,147
-17,149,148
-17,150,149
-17,151,150
-17,152,151
-17,153,152
-17,154,153
-17,155,154
-17,156,155
-17,157,156
-17,158,157
-17,159,158
-17,160,159
-17,161,160
-17,162,161
-17,163,162
-17,164,163
-17,165,164
-17,166,165
-17,167,166
-17,168,167
-17,169,168
-17,170,169
-17,171,170
-17,172,171
-17,173,172
-17,174,173
-17,175,174
-17,176,175
-17,177,176
-17,178,177
-17,179,178
-17,180,179
-17,181,180
-17,182,181
-17,183,182
-17,184,183
-17,185,184
-17,186,185
-17,187,186
-17,188,187
-17,189,188
-17,190,189
-17,191,190
-17,192,191
-17,193,192
-17,194,193
-17,195,194
-17,196,195
-17,197,196
-17,198,197
-17,199,198
-17,200,199
-17,201,200
-17,202,201
-17,203,202
-17,204,203
-17,205,204
-17,206,205
-17,207,206
-17,208,207
-17,209,208
-17,210,209
-17,211,210
-17,212,211
-17,213,212
-17,214,213
-17,215,214
-17,216,215
-17,217,216
-17,218,217
-17,219,218
-17,220,219
-17,221,220
-17,222,221
-17,223,222
-17,224,223
-17,225,224
-17,226,225
-17,227,226
-17,228,227
-17,229,228
-17,230,229
-17,231,230
-17,232,231
-17,233,232
-17,234,233
-17,235,234
-17,236,235
-17,237,236
-17,238,237
-17,239,238
-17,240,239
-17,241,240
-17,242,241
-17,243,242
-17,244,243
-17,245,244
-17,246,245
-17,247,246
-17,248,247
-17,249,248
-17,250,249
-17,251,250
-17,252,251
-17,253,252
-17,254,253
-17,255,254
-16,0,0
-16,1,0
-16,2,1
-16,3,2
-16,4,3
-16,5,4
-16,6,5
-16,7,6
-16,8,7
-16,9,8
-16,10,9
-16,11,10
-16,12,11
-16,13,12
-16,14,13
-16,15,14
-16,16,15
-16,17,16
-16,18,17
-16,19,18
-16,20,19
-16,21,20
-16,22,21
-16,23,22
-16,24,23
-16,25,24
-16,26,25
-16,27,26
-16,28,27
-16,29,28
-16,30,29
-16,31,30
-16,32,31
-16,33,32
-16,34,33
-16,35,34
-16,36,35
-16,37,36
-16,38,37
-16,39,38
-16,40,39
-16,41,40
-16,42,41
-16,43,42
-16,44,43
-16,45,44
-16,46,45
-16,47,46
-16,48,47
-16,49,48
-16,50,49
-16,51,50
-16,52,51
-16,53,52
-16,54,53
-16,55,54
-16,56,55
-16,57,56
-16,58,57
-16,59,58
-16,60,59
-16,61,60
-16,62,61
-16,63,62
-16,64,63
-16,65,64
-16,66,65
-16,67,66
-16,68,67
-16,69,68
-16,70,69
-16,71,70
-16,72,71
-16,73,72
-16,74,73
-16,75,74
-16,76,75
-16,77,76
-16,78,77
-16,79,78
-16,80,79
-16,81,80
-16,82,81
-16,83,82
-16,84,83
-16,85,84
-16,86,85
-16,87,86
-16,88,87
-16,89,88
-16,90,89
-16,91,90
-16,92,91
-16,93,92
-16,94,93
-16,95,94
-16,96,95
-16,97,96
-16,98,97
-16,99,98
-16,100,99
-16,101,100
-16,102,101
-16,103,102
-16,104,103
-16,105,104
-16,106,105
-16,107,106
-16,108,107
-16,109,108
-16,110,109
-16,111,110
-16,112,111
-16,113,112
-16,114,113
-16,115,114
-16,116,115
-16,117,116
-16,118,117
-16,119,118
-16,120,119
-16,121,120
-16,122,121
-16,123,122
-16,124,123
-16,125,124
-16,126,125
-16,127,126
-16,128,127
-16,129,128
-16,130,129
-16,131,130
-16,132,131
-16,133,132
-16,134,133
-16,135,134
-16,136,135
-16,137,136
-16,138,137
-16,139,138
-16,140,139
-16,141,140
-16,142,141
-16,143,142
-16,144,143
-16,145,144
-16,146,145
-16,147,146
-16,148,147
-16,149,148
-16,150,149
-16,151,150
-16,152,151
-16,153,152
-16,154,153
-16,155,154
-16,156,155
-16,157,156
-16,158,157
-16,159,158
-16,160,159
-16,161,160
-16,162,161
-16,163,162
-16,164,163
-16,165,164
-16,166,165
-16,167,166
-16,168,167
-16,169,168
-16,170,169
-16,171,170
-16,172,171
-16,173,172
-16,174,173
-16,175,174
-16,176,175
-16,177,176
-16,178,177
-16,179,178
-16,180,179
-16,181,180
-16,182,181
-16,183,182
-16,184,183
-16,185,184
-16,186,185
-16,187,186
-16,188,187
-16,189,188
-16,190,189
-16,191,190
-16,192,191
-16,193,192
-16,194,193
-16,195,194
-16,196,195
-16,197,196
-16,198,197
-16,199,198
-16,200,199
-16,201,200
-16,202,201
-16,203,202
-16,204,203
-16,205,204
-16,206,205
-16,207,206
-16,208,207
-16,209,208
-16,210,209
-16,211,210
-16,212,211
-16,213,212
-16,214,213
-16,215,214
-16,216,215
-16,217,216
-16,218,217
-16,219,218
-16,220,219
-16,221,220
-16,222,221
-16,223,222
-16,224,223
-16,225,224
-16,226,225
-16,227,226
-16,228,227
-16,229,228
-16,230,229
-16,231,230
-16,232,231
-16,233,232
-16,234,233
-16,235,234
-16,236,235
-16,237,236
-16,238,237
-16,239,238
-16,240,239
-16,241,240
-16,242,241
-16,243,242
-16,244,243
-16,245,244
-16,246,245
-16,247,246
-16,248,247
-16,249,248
-16,250,249
-16,251,250
-16,252,251
-16,253,252
-16,254,253
-16,255,254
-15,0,0
-15,1,0
-15,2,1
-15,3,2
-15,4,3
-15,5,4
-15,6,5
-15,7,6
-15,8,7
-15,9,8
-15,10,9
-15,11,10
-15,12,11
-15,13,12
-15,14,13
-15,15,14
-15,16,15
-15,17,16
-15,18,17
-15,19,18
-15,20,19
-15,21,20
-15,22,21
-15,23,22
-15,24,23
-15,25,24
-15,26,25
-15,27,26
-15,28,27
-15,29,28
-15,30,29
-15,31,30
-15,32,31
-15,33,32
-15,34,33
-15,35,34
-15,36,35
-15,37,36
-15,38,37
-15,39,38
-15,40,39
-15,41,40
-15,42,41
-15,43,42
-15,44,43
-15,45,44
-15,46,45
-15,47,46
-15,48,47
-15,49,48
-15,50,49
-15,51,50
-15,52,51
-15,53,52
-15,54,53
-15,55,54
-15,56,55
-15,57,56
-15,58,57
-15,59,58
-15,60,59
-15,61,60
-15,62,61
-15,63,62
-15,64,63
-15,65,64
-15,66,65
-15,67,66
-15,68,67
-15,69,68
-15,70,69
-15,71,70
-15,72,71
-15,73,72
-15,74,73
-15,75,74
-15,76,75
-15,77,76
-15,78,77
-15,79,78
-15,80,79
-15,81,80
-15,82,81
-15,83,82
-15,84,83
-15,85,84
-15,86,85
-15,87,86
-15,88,87
-15,89,88
-15,90,89
-15,91,90
-15,92,91
-15,93,92
-15,94,93
-15,95,94
-15,96,95
-15,97,96
-15,98,97
-15,99,98
-15,100,99
-15,101,100
-15,102,101
-15,103,102
-15,104,103
-15,105,104
-15,106,105
-15,107,106
-15,108,107
-15,109,108
-15,110,109
-15,111,110
-15,112,111
-15,113,112
-15,114,113
-15,115,114
-15,116,115
-15,117,116
-15,118,117
-15,119,118
-15,120,119
-15,121,120
-15,122,121
-15,123,122
-15,124,123
-15,125,124
-15,126,125
-15,127,126
-15,128,127
-15,129,128
-15,130,129
-15,131,130
-15,132,131
-15,133,132
-15,134,133
-15,135,134
-15,136,135
-15,137,136
-15,138,137
-15,139,138
-15,140,139
-15,141,140
-15,142,141
-15,143,142
-15,144,143
-15,145,144
-15,146,145
-15,147,146
-15,148,147
-15,149,148
-15,150,149
-15,151,150
-15,152,151
-15,153,152
-15,154,153
-15,155,154
-15,156,155
-15,157,156
-15,158,157
-15,159,158
-15,160,159
-15,161,160
-15,162,161
-15,163,162
-15,164,163
-15,165,164
-15,166,165
-15,167,166
-15,168,167
-15,169,168
-15,170,169
-15,171,170
-15,172,171
-15,173,172
-15,174,173
-15,175,174
-15,176,175
-15,177,176
-15,178,177
-15,179,178
-15,180,179
-15,181,180
-15,182,181
-15,183,182
-15,184,183
-15,185,184
-15,186,185
-15,187,186
-15,188,187
-15,189,188
-15,190,189
-15,191,190
-15,192,191
-15,193,192
-15,194,193
-15,195,194
-15,196,195
-15,197,196
-15,198,197
-15,199,198
-15,200,199
-15,201,200
-15,202,201
-15,203,202
-15,204,203
-15,205,204
-15,206,205
-15,207,206
-15,208,207
-15,209,208
-15,210,209
-15,211,210
-15,212,211
-15,213,212
-15,214,213
-15,215,214
-15,216,215
-15,217,216
-15,218,217
-15,219,218
-15,220,219
-15,221,220
-15,222,221
-15,223,222
-15,224,223
-15,225,224
-15,226,225
-15,227,226
-15,228,227
-15,229,228
-15,230,229
-15,231,230
-15,232,231
-15,233,232
-15,234,233
-15,235,234
-15,236,235
-15,237,236
-15,238,237
-15,239,238
-15,240,239
-15,241,240
-15,242,241
-15,243,242
-15,244,243
-15,245,244
-15,246,245
-15,247,246
-15,248,247
-15,249,248
-15,250,249
-15,251,250
-15,252,251
-15,253,252
-15,254,253
-15,255,254
-14,0,0
-14,1,0
-14,2,1
-14,3,2
-14,4,3
-14,5,4
-14,6,5
-14,7,6
-14,8,7
-14,9,8
-14,10,9
-14,11,10
-14,12,11
-14,13,12
-14,14,13
-14,15,14
-14,16,15
-14,17,16
-14,18,17
-14,19,18
-14,20,19
-14,21,20
-14,22,21
-14,23,22
-14,24,23
-14,25,24
-14,26,25
-14,27,26
-14,28,27
-14,29,28
-14,30,29
-14,31,30
-14,32,31
-14,33,32
-14,34,33
-14,35,34
-14,36,35
-14,37,36
-14,38,37
-14,39,38
-14,40,39
-14,41,40
-14,42,41
-14,43,42
-14,44,43
-14,45,44
-14,46,45
-14,47,46
-14,48,47
-14,49,48
-14,50,49
-14,51,50
-14,52,51
-14,53,52
-14,54,53
-14,55,54
-14,56,55
-14,57,56
-14,58,57
-14,59,58
-14,60,59
-14,61,60
-14,62,61
-14,63,62
-14,64,63
-14,65,64
-14,66,65
-14,67,66
-14,68,67
-14,69,68
-14,70,69
-14,71,70
-14,72,71
-14,73,72
-14,74,73
-14,75,74
-14,76,75
-14,77,76
-14,78,77
-14,79,78
-14,80,79
-14,81,80
-14,82,81
-14,83,82
-14,84,83
-14,85,84
-14,86,85
-14,87,86
-14,88,87
-14,89,88
-14,90,89
-14,91,90
-14,92,91
-14,93,92
-14,94,93
-14,95,94
-14,96,95
-14,97,96
-14,98,97
-14,99,98
-14,100,99
-14,101,100
-14,102,101
-14,103,102
-14,104,103
-14,105,104
-14,106,105
-14,107,106
-14,108,107
-14,109,108
-14,110,109
-14,111,110
-14,112,111
-14,113,112
-14,114,113
-14,115,114
-14,116,115
-14,117,116
-14,118,117
-14,119,118
-14,120,119
-14,121,120
-14,122,121
-14,123,122
-14,124,123
-14,125,124
-14,126,125
-14,127,126
-14,128,127
-14,129,128
-14,130,129
-14,131,130
-14,132,131
-14,133,132
-14,134,133
-14,135,134
-14,136,135
-14,137,136
-14,138,137
-14,139,138
-14,140,139
-14,141,140
-14,142,141
-14,143,142
-14,144,143
-14,145,144
-14,146,145
-14,147,146
-14,148,147
-14,149,148
-14,150,149
-14,151,150
-14,152,151
-14,153,152
-14,154,153
-14,155,154
-14,156,155
-14,157,156
-14,158,157
-14,159,158
-14,160,159
-14,161,160
-14,162,161
-14,163,162
-14,164,163
-14,165,164
-14,166,165
-14,167,166
-14,168,167
-14,169,168
-14,170,169
-14,171,170
-14,172,171
-14,173,172
-14,174,173
-14,175,174
-14,176,175
-14,177,176
-14,178,177
-14,179,178
-14,180,179
-14,181,180
-14,182,181
-14,183,182
-14,184,183
-14,185,184
-14,186,185
-14,187,186
-14,188,187
-14,189,188
-14,190,189
-14,191,190
-14,192,191
-14,193,192
-14,194,193
-14,195,194
-14,196,195
-14,197,196
-14,198,197
-14,199,198
-14,200,199
-14,201,200
-14,202,201
-14,203,202
-14,204,203
-14,205,204
-14,206,205
-14,207,206
-14,208,207
-14,209,208
-14,210,209
-14,211,210
-14,212,211
-14,213,212
-14,214,213
-14,215,214
-14,216,215
-14,217,216
-14,218,217
-14,219,218
-14,220,219
-14,221,220
-14,222,221
-14,223,222
-14,224,223
-14,225,224
-14,226,225
-14,227,226
-14,228,227
-14,229,228
-14,230,229
-14,231,230
-14,232,231
-14,233,232
-14,234,233
-14,235,234
-14,236,235
-14,237,236
-14,238,237
-14,239,238
-14,240,239
-14,241,240
-14,242,241
-14,243,242
-14,244,243
-14,245,244
-14,246,245
-14,247,246
-14,248,247
-14,249,248
-14,250,249
-14,251,250
-14,252,251
-14,253,252
-14,254,253
-14,255,254
-13,0,0
-13,1,0
-13,2,1
-13,3,2
-13,4,3
-13,5,4
-13,6,5
-13,7,6
-13,8,7
-13,9,8
-13,10,9
-13,11,10
-13,12,11
-13,13,12
-13,14,13
-13,15,14
-13,16,15
-13,17,16
-13,18,17
-13,19,18
-13,20,19
-13,21,20
-13,22,21
-13,23,22
-13,24,23
-13,25,24
-13,26,25
-13,27,26
-13,28,27
-13,29,28
-13,30,29
-13,31,30
-13,32,31
-13,33,32
-13,34,33
-13,35,34
-13,36,35
-13,37,36
-13,38,37
-13,39,38
-13,40,39
-13,41,40
-13,42,41
-13,43,42
-13,44,43
-13,45,44
-13,46,45
-13,47,46
-13,48,47
-13,49,48
-13,50,49
-13,51,50
-13,52,51
-13,53,52
-13,54,53
-13,55,54
-13,56,55
-13,57,56
-13,58,57
-13,59,58
-13,60,59
-13,61,60
-13,62,61
-13,63,62
-13,64,63
-13,65,64
-13,66,65
-13,67,66
-13,68,67
-13,69,68
-13,70,69
-13,71,70
-13,72,71
-13,73,72
-13,74,73
-13,75,74
-13,76,75
-13,77,76
-13,78,77
-13,79,78
-13,80,79
-13,81,80
-13,82,81
-13,83,82
-13,84,83
-13,85,84
-13,86,85
-13,87,86
-13,88,87
-13,89,88
-13,90,89
-13,91,90
-13,92,91
-13,93,92
-13,94,93
-13,95,94
-13,96,95
-13,97,96
-13,98,97
-13,99,98
-13,100,99
-13,101,100
-13,102,101
-13,103,102
-13,104,103
-13,105,104
-13,106,105
-13,107,106
-13,108,107
-13,109,108
-13,110,109
-13,111,110
-13,112,111
-13,113,112
-13,114,113
-13,115,114
-13,116,115
-13,117,116
-13,118,117
-13,119,118
-13,120,119
-13,121,120
-13,122,121
-13,123,122
-13,124,123
-13,125,124
-13,126,125
-13,127,126
-13,128,127
-13,129,128
-13,130,129
-13,131,130
-13,132,131
-13,133,132
-13,134,133
-13,135,134
-13,136,135
-13,137,136
-13,138,137
-13,139,138
-13,140,139
-13,141,140
-13,142,141
-13,143,142
-13,144,143
-13,145,144
-13,146,145
-13,147,146
-13,148,147
-13,149,148
-13,150,149
-13,151,150
-13,152,151
-13,153,152
-13,154,153
-13,155,154
-13,156,155
-13,157,156
-13,158,157
-13,159,158
-13,160,159
-13,161,160
-13,162,161
-13,163,162
-13,164,163
-13,165,164
-13,166,165
-13,167,166
-13,168,167
-13,169,168
-13,170,169
-13,171,170
-13,172,171
-13,173,172
-13,174,173
-13,175,174
-13,176,175
-13,177,176
-13,178,177
-13,179,178
-13,180,179
-13,181,180
-13,182,181
-13,183,182
-13,184,183
-13,185,184
-13,186,185
-13,187,186
-13,188,187
-13,189,188
-13,190,189
-13,191,190
-13,192,191
-13,193,192
-13,194,193
-13,195,194
-13,196,195
-13,197,196
-13,198,197
-13,199,198
-13,200,199
-13,201,200
-13,202,201
-13,203,202
-13,204,203
-13,205,204
-13,206,205
-13,207,206
-13,208,207
-13,209,208
-13,210,209
-13,211,210
-13,212,211
-13,213,212
-13,214,213
-13,215,214
-13,216,215
-13,217,216
-13,218,217
-13,219,218
-13,220,219
-13,221,220
-13,222,221
-13,223,222
-13,224,223
-13,225,224
-13,226,225
-13,227,226
-13,228,227
-13,229,228
-13,230,229
-13,231,230
-13,232,231
-13,233,232
-13,234,233
-13,235,234
-13,236,235
-13,237,236
-13,238,237
-13,239,238
-13,240,239
-13,241,240
-13,242,241
-13,243,242
-13,244,243
-13,245,244
-13,246,245
-13,247,246
-13,248,247
-13,249,248
-13,250,249
-13,251,250
-13,252,251
-13,253,252
-13,254,253
-13,255,254
-12,0,0
-12,1,0
-12,2,1
-12,3,2
-12,4,3
-12,5,4
-12,6,5
-12,7,6
-12,8,7
-12,9,8
-12,10,9
-12,11,10
-12,12,11
-12,13,12
-12,14,13
-12,15,14
-12,16,15
-12,17,16
-12,18,17
-12,19,18
-12,20,19
-12,21,20
-12,22,21
-12,23,22
-12,24,23
-12,25,24
-12,26,25
-12,27,26
-12,28,27
-12,29,28
-12,30,29
-12,31,30
-12,32,31
-12,33,32
-12,34,33
-12,35,34
-12,36,35
-12,37,36
-12,38,37
-12,39,38
-12,40,39
-12,41,40
-12,42,41
-12,43,42
-12,44,43
-12,45,44
-12,46,45
-12,47,46
-12,48,47
-12,49,48
-12,50,49
-12,51,50
-12,52,51
-12,53,52
-12,54,53
-12,55,54
-12,56,55
-12,57,56
-12,58,57
-12,59,58
-12,60,59
-12,61,60
-12,62,61
-12,63,62
-12,64,63
-12,65,64
-12,66,65
-12,67,66
-12,68,67
-12,69,68
-12,70,69
-12,71,70
-12,72,71
-12,73,72
-12,74,73
-12,75,74
-12,76,75
-12,77,76
-12,78,77
-12,79,78
-12,80,79
-12,81,80
-12,82,81
-12,83,82
-12,84,83
-12,85,84
-12,86,85
-12,87,86
-12,88,87
-12,89,88
-12,90,89
-12,91,90
-12,92,91
-12,93,92
-12,94,93
-12,95,94
-12,96,95
-12,97,96
-12,98,97
-12,99,98
-12,100,99
-12,101,100
-12,102,101
-12,103,102
-12,104,103
-12,105,104
-12,106,105
-12,107,106
-12,108,107
-12,109,108
-12,110,109
-12,111,110
-12,112,111
-12,113,112
-12,114,113
-12,115,114
-12,116,115
-12,117,116
-12,118,117
-12,119,118
-12,120,119
-12,121,120
-12,122,121
-12,123,122
-12,124,123
-12,125,124
-12,126,125
-12,127,126
-12,128,127
-12,129,128
-12,130,129
-12,131,130
-12,132,131
-12,133,132
-12,134,133
-12,135,134
-12,136,135
-12,137,136
-12,138,137
-12,139,138
-12,140,139
-12,141,140
-12,142,141
-12,143,142
-12,144,143
-12,145,144
-12,146,145
-12,147,146
-12,148,147
-12,149,148
-12,150,149
-12,151,150
-12,152,151
-12,153,152
-12,154,153
-12,155,154
-12,156,155
-12,157,156
-12,158,157
-12,159,158
-12,160,159
-12,161,160
-12,162,161
-12,163,162
-12,164,163
-12,165,164
-12,166,165
-12,167,166
-12,168,167
-12,169,168
-12,170,169
-12,171,170
-12,172,171
-12,173,172
-12,174,173
-12,175,174
-12,176,175
-12,177,176
-12,178,177
-12,179,178
-12,180,179
-12,181,180
-12,182,181
-12,183,182
-12,184,183
-12,185,184
-12,186,185
-12,187,186
-12,188,187
-12,189,188
-12,190,189
-12,191,190
-12,192,191
-12,193,192
-12,194,193
-12,195,194
-12,196,195
-12,197,196
-12,198,197
-12,199,198
-12,200,199
-12,201,200
-12,202,201
-12,203,202
-12,204,203
-12,205,204
-12,206,205
-12,207,206
-12,208,207
-12,209,208
-12,210,209
-12,211,210
-12,212,211
-12,213,212
-12,214,213
-12,215,214
-12,216,215
-12,217,216
-12,218,217
-12,219,218
-12,220,219
-12,221,220
-12,222,221
-12,223,222
-12,224,223
-12,225,224
-12,226,225
-12,227,226
-12,228,227
-12,229,228
-12,230,229
-12,231,230
-12,232,231
-12,233,232
-12,234,233
-12,235,234
-12,236,235
-12,237,236
-12,238,237
-12,239,238
-12,240,239
-12,241,240
-12,242,241
-12,243,242
-12,244,243
-12,245,244
-12,246,245
-12,247,246
-12,248,247
-12,249,248
-12,250,249
-12,251,250
-12,252,251
-12,253,252
-12,254,253
-12,255,254
-11,0,0
-11,1,0
-11,2,1
-11,3,2
-11,4,3
-11,5,4
-11,6,5
-11,7,6
-11,8,7
-11,9,8
-11,10,9
-11,11,10
-11,12,11
-11,13,12
-11,14,13
-11,15,14
-11,16,15
-11,17,16
-11,18,17
-11,19,18
-11,20,19
-11,21,20
-11,22,21
-11,23,22
-11,24,23
-11,25,24
-11,26,25
-11,27,26
-11,28,27
-11,29,28
-11,30,29
-11,31,30
-11,32,31
-11,33,32
-11,34,33
-11,35,34
-11,36,35
-11,37,36
-11,38,37
-11,39,38
-11,40,39
-11,41,40
-11,42,41
-11,43,42
-11,44,43
-11,45,44
-11,46,45
-11,47,46
-11,48,47
-11,49,48
-11,50,49
-11,51,50
-11,52,51
-11,53,52
-11,54,53
-11,55,54
-11,56,55
-11,57,56
-11,58,57
-11,59,58
-11,60,59
-11,61,60
-11,62,61
-11,63,62
-11,64,63
-11,65,64
-11,66,65
-11,67,66
-11,68,67
-11,69,68
-11,70,69
-11,71,70
-11,72,71
-11,73,72
-11,74,73
-11,75,74
-11,76,75
-11,77,76
-11,78,77
-11,79,78
-11,80,79
-11,81,80
-11,82,81
-11,83,82
-11,84,83
-11,85,84
-11,86,85
-11,87,86
-11,88,87
-11,89,88
-11,90,89
-11,91,90
-11,92,91
-11,93,92
-11,94,93
-11,95,94
-11,96,95
-11,97,96
-11,98,97
-11,99,98
-11,100,99
-11,101,100
-11,102,101
-11,103,102
-11,104,103
-11,105,104
-11,106,105
-11,107,106
-11,108,107
-11,109,108
-11,110,109
-11,111,110
-11,112,111
-11,113,112
-11,114,113
-11,115,114
-11,116,115
-11,117,116
-11,118,117
-11,119,118
-11,120,119
-11,121,120
-11,122,121
-11,123,122
-11,124,123
-11,125,124
-11,126,125
-11,127,126
-11,128,127
-11,129,128
-11,130,129
-11,131,130
-11,132,131
-11,133,132
-11,134,133
-11,135,134
-11,136,135
-11,137,136
-11,138,137
-11,139,138
-11,140,139
-11,141,140
-11,142,141
-11,143,142
-11,144,143
-11,145,144
-11,146,145
-11,147,146
-11,148,147
-11,149,148
-11,150,149
-11,151,150
-11,152,151
-11,153,152
-11,154,153
-11,155,154
-11,156,155
-11,157,156
-11,158,157
-11,159,158
-11,160,159
-11,161,160
-11,162,161
-11,163,162
-11,164,163
-11,165,164
-11,166,165
-11,167,166
-11,168,167
-11,169,168
-11,170,169
-11,171,170
-11,172,171
-11,173,172
-11,174,173
-11,175,174
-11,176,175
-11,177,176
-11,178,177
-11,179,178
-11,180,179
-11,181,180
-11,182,181
-11,183,182
-11,184,183
-11,185,184
-11,186,185
-11,187,186
-11,188,187
-11,189,188
-11,190,189
-11,191,190
-11,192,191
-11,193,192
-11,194,193
-11,195,194
-11,196,195
-11,197,196
-11,198,197
-11,199,198
-11,200,199
-11,201,200
-11,202,201
-11,203,202
-11,204,203
-11,205,204
-11,206,205
-11,207,206
-11,208,207
-11,209,208
-11,210,209
-11,211,210
-11,212,211
-11,213,212
-11,214,213
-11,215,214
-11,216,215
-11,217,216
-11,218,217
-11,219,218
-11,220,219
-11,221,220
-11,222,221
-11,223,222
-11,224,223
-11,225,224
-11,226,225
-11,227,226
-11,228,227
-11,229,228
-11,230,229
-11,231,230
-11,232,231
-11,233,232
-11,234,233
-11,235,234
-11,236,235
-11,237,236
-11,238,237
-11,239,238
-11,240,239
-11,241,240
-11,242,241
-11,243,242
-11,244,243
-11,245,244
-11,246,245
-11,247,246
-11,248,247
-11,249,248
-11,250,249
-11,251,250
-11,252,251
-11,253,252
-11,254,253
-11,255,254
-10,0,0
-10,1,0
-10,2,1
-10,3,2
-10,4,3
-10,5,4
-10,6,5
-10,7,6
-10,8,7
-10,9,8
-10,10,9
-10,11,10
-10,12,11
-10,13,12
-10,14,13
-10,15,14
-10,16,15
-10,17,16
-10,18,17
-10,19,18
-10,20,19
-10,21,20
-10,22,21
-10,23,22
-10,24,23
-10,25,24
-10,26,25
-10,27,26
-10,28,27
-10,29,28
-10,30,29
-10,31,30
-10,32,31
-10,33,32
-10,34,33
-10,35,34
-10,36,35
-10,37,36
-10,38,37
-10,39,38
-10,40,39
-10,41,40
-10,42,41
-10,43,42
-10,44,43
-10,45,44
-10,46,45
-10,47,46
-10,48,47
-10,49,48
-10,50,49
-10,51,50
-10,52,51
-10,53,52
-10,54,53
-10,55,54
-10,56,55
-10,57,56
-10,58,57
-10,59,58
-10,60,59
-10,61,60
-10,62,61
-10,63,62
-10,64,63
-10,65,64
-10,66,65
-10,67,66
-10,68,67
-10,69,68
-10,70,69
-10,71,70
-10,72,71
-10,73,72
-10,74,73
-10,75,74
-10,76,75
-10,77,76
-10,78,77
-10,79,78
-10,80,79
-10,81,80
-10,82,81
-10,83,82
-10,84,83
-10,85,84
-10,86,85
-10,87,86
-10,88,87
-10,89,88
-10,90,89
-10,91,90
-10,92,91
-10,93,92
-10,94,93
-10,95,94
-10,96,95
-10,97,96
-10,98,97
-10,99,98
-10,100,99
-10,101,100
-10,102,101
-10,103,102
-10,104,103
-10,105,104
-10,106,105
-10,107,106
-10,108,107
-10,109,108
-10,110,109
-10,111,110
-10,112,111
-10,113,112
-10,114,113
-10,115,114
-10,116,115
-10,117,116
-10,118,117
-10,119,118
-10,120,119
-10,121,120
-10,122,121
-10,123,122
-10,124,123
-10,125,124
-10,126,125
-10,127,126
-10,128,127
-10,129,128
-10,130,129
-10,131,130
-10,132,131
-10,133,132
-10,134,133
-10,135,134
-10,136,135
-10,137,136
-10,138,137
-10,139,138
-10,140,139
-10,141,140
-10,142,141
-10,143,142
-10,144,143
-10,145,144
-10,146,145
-10,147,146
-10,148,147
-10,149,148
-10,150,149
-10,151,150
-10,152,151
-10,153,152
-10,154,153
-10,155,154
-10,156,155
-10,157,156
-10,158,157
-10,159,158
-10,160,159
-10,161,160
-10,162,161
-10,163,162
-10,164,163
-10,165,164
-10,166,165
-10,167,166
-10,168,167
-10,169,168
-10,170,169
-10,171,170
-10,172,171
-10,173,172
-10,174,173
-10,175,174
-10,176,175
-10,177,176
-10,178,177
-10,179,178
-10,180,179
-10,181,180
-10,182,181
-10,183,182
-10,184,183
-10,185,184
-10,186,185
-10,187,186
-10,188,187
-10,189,188
-10,190,189
-10,191,190
-10,192,191
-10,193,192
-10,194,193
-10,195,194
-10,196,195
-10,197,196
-10,198,197
-10,199,198
-10,200,199
-10,201,200
-10,202,201
-10,203,202
-10,204,203
-10,205,204
-10,206,205
-10,207,206
-10,208,207
-10,209,208
-10,210,209
-10,211,210
-10,212,211
-10,213,212
-10,214,213
-10,215,214
-10,216,215
-10,217,216
-10,218,217
-10,219,218
-10,220,219
-10,221,220
-10,222,221
-10,223,222
-10,224,223
-10,225,224
-10,226,225
-10,227,226
-10,228,227
-10,229,228
-10,230,229
-10,231,230
-10,232,231
-10,233,232
-10,234,233
-10,235,234
-10,236,235
-10,237,236
-10,238,237
-10,239,238
-10,240,239
-10,241,240
-10,242,241
-10,243,242
-10,244,243
-10,245,244
-10,246,245
-10,247,246
-10,248,247
-10,249,248
-10,250,249
-10,251,250
-10,252,251
-10,253,252
-10,254,253
-10,255,254
-9,0,0
-9,1,0
-9,2,1
-9,3,2
-9,4,3
-9,5,4
-9,6,5
-9,7,6
-9,8,7
-9,9,8
-9,10,9
-9,11,10
-9,12,11
-9,13,12
-9,14,13
-9,15,14
-9,16,15
-9,17,16
-9,18,17
-9,19,18
-9,20,19
-9,21,20
-9,22,21
-9,23,22
-9,24,23
-9,25,24
-9,26,25
-9,27,26
-9,28,27
-9,29,28
-9,30,29
-9,31,30
-9,32,31
-9,33,32
-9,34,33
-9,35,34
-9,36,35
-9,37,36
-9,38,37
-9,39,38
-9,40,39
-9,41,40
-9,42,41
-9,43,42
-9,44,43
-9,45,44
-9,46,45
-9,47,46
-9,48,47
-9,49,48
-9,50,49
-9,51,50
-9,52,51
-9,53,52
-9,54,53
-9,55,54
-9,56,55
-9,57,56
-9,58,57
-9,59,58
-9,60,59
-9,61,60
-9,62,61
-9,63,62
-9,64,63
-9,65,64
-9,66,65
-9,67,66
-9,68,67
-9,69,68
-9,70,69
-9,71,70
-9,72,71
-9,73,72
-9,74,73
-9,75,74
-9,76,75
-9,77,76
-9,78,77
-9,79,78
-9,80,79
-9,81,80
-9,82,81
-9,83,82
-9,84,83
-9,85,84
-9,86,85
-9,87,86
-9,88,87
-9,89,88
-9,90,89
-9,91,90
-9,92,91
-9,93,92
-9,94,93
-9,95,94
-9,96,95
-9,97,96
-9,98,97
-9,99,98
-9,100,99
-9,101,100
-9,102,101
-9,103,102
-9,104,103
-9,105,104
-9,106,105
-9,107,106
-9,108,107
-9,109,108
-9,110,109
-9,111,110
-9,112,111
-9,113,112
-9,114,113
-9,115,114
-9,116,115
-9,117,116
-9,118,117
-9,119,118
-9,120,119
-9,121,120
-9,122,121
-9,123,122
-9,124,123
-9,125,124
-9,126,125
-9,127,126
-9,128,127
-9,129,128
-9,130,129
-9,131,130
-9,132,131
-9,133,132
-9,134,133
-9,135,134
-9,136,135
-9,137,136
-9,138,137
-9,139,138
-9,140,139
-9,141,140
-9,142,141
-9,143,142
-9,144,143
-9,145,144
-9,146,145
-9,147,146
-9,148,147
-9,149,148
-9,150,149
-9,151,150
-9,152,151
-9,153,152
-9,154,153
-9,155,154
-9,156,155
-9,157,156
-9,158,157
-9,159,158
-9,160,159
-9,161,160
-9,162,161
-9,163,162
-9,164,163
-9,165,164
-9,166,165
-9,167,166
-9,168,167
-9,169,168
-9,170,169
-9,171,170
-9,172,171
-9,173,172
-9,174,173
-9,175,174
-9,176,175
-9,177,176
-9,178,177
-9,179,178
-9,180,179
-9,181,180
-9,182,181
-9,183,182
-9,184,183
-9,185,184
-9,186,185
-9,187,186
-9,188,187
-9,189,188
-9,190,189
-9,191,190
-9,192,191
-9,193,192
-9,194,193
-9,195,194
-9,196,195
-9,197,196
-9,198,197
-9,199,198
-9,200,199
-9,201,200
-9,202,201
-9,203,202
-9,204,203
-9,205,204
-9,206,205
-9,207,206
-9,208,207
-9,209,208
-9,210,209
-9,211,210
-9,212,211
-9,213,212
-9,214,213
-9,215,214
-9,216,215
-9,217,216
-9,218,217
-9,219,218
-9,220,219
-9,221,220
-9,222,221
-9,223,222
-9,224,223
-9,225,224
-9,226,225
-9,227,226
-9,228,227
-9,229,228
-9,230,229
-9,231,230
-9,232,231
-9,233,232
-9,234,233
-9,235,234
-9,236,235
-9,237,236
-9,238,237
-9,239,238
-9,240,239
-9,241,240
-9,242,241
-9,243,242
-9,244,243
-9,245,244
-9,246,245
-9,247,246
-9,248,247
-9,249,248
-9,250,249
-9,251,250
-9,252,251
-9,253,252
-9,254,253
-9,255,254
-8,0,0
-8,1,0
-8,2,1
-8,3,2
-8,4,3
-8,5,4
-8,6,5
-8,7,6
-8,8,7
-8,9,8
-8,10,9
-8,11,10
-8,12,11
-8,13,12
-8,14,13
-8,15,14
-8,16,15
-8,17,16
-8,18,17
-8,19,18
-8,20,19
-8,21,20
-8,22,21
-8,23,22
-8,24,23
-8,25,24
-8,26,25
-8,27,26
-8,28,27
-8,29,28
-8,30,29
-8,31,30
-8,32,31
-8,33,32
-8,34,33
-8,35,34
-8,36,35
-8,37,36
-8,38,37
-8,39,38
-8,40,39
-8,41,40
-8,42,41
-8,43,42
-8,44,43
-8,45,44
-8,46,45
-8,47,46
-8,48,47
-8,49,48
-8,50,49
-8,51,50
-8,52,51
-8,53,52
-8,54,53
-8,55,54
-8,56,55
-8,57,56
-8,58,57
-8,59,58
-8,60,59
-8,61,60
-8,62,61
-8,63,62
-8,64,63
-8,65,64
-8,66,65
-8,67,66
-8,68,67
-8,69,68
-8,70,69
-8,71,70
-8,72,71
-8,73,72
-8,74,73
-8,75,74
-8,76,75
-8,77,76
-8,78,77
-8,79,78
-8,80,79
-8,81,80
-8,82,81
-8,83,82
-8,84,83
-8,85,84
-8,86,85
-8,87,86
-8,88,87
-8,89,88
-8,90,89
-8,91,90
-8,92,91
-8,93,92
-8,94,93
-8,95,94
-8,96,95
-8,97,96
-8,98,97
-8,99,98
-8,100,99
-8,101,100
-8,102,101
-8,103,102
-8,104,103
-8,105,104
-8,106,105
-8,107,106
-8,108,107
-8,109,108
-8,110,109
-8,111,110
-8,112,111
-8,113,112
-8,114,113
-8,115,114
-8,116,115
-8,117,116
-8,118,117
-8,119,118
-8,120,119
-8,121,120
-8,122,121
-8,123,122
-8,124,123
-8,125,124
-8,126,125
-8,127,126
-8,128,127
-8,129,128
-8,130,129
-8,131,130
-8,132,131
-8,133,132
-8,134,133
-8,135,134
-8,136,135
-8,137,136
-8,138,137
-8,139,138
-8,140,139
-8,141,140
-8,142,141
-8,143,142
-8,144,143
-8,145,144
-8,146,145
-8,147,146
-8,148,147
-8,149,148
-8,150,149
-8,151,150
-8,152,151
-8,153,152
-8,154,153
-8,155,154
-8,156,155
-8,157,156
-8,158,157
-8,159,158
-8,160,159
-8,161,160
-8,162,161
-8,163,162
-8,164,163
-8,165,164
-8,166,165
-8,167,166
-8,168,167
-8,169,168
-8,170,169
-8,171,170
-8,172,171
-8,173,172
-8,174,173
-8,175,174
-8,176,175
-8,177,176
-8,178,177
-8,179,178
-8,180,179
-8,181,180
-8,182,181
-8,183,182
-8,184,183
-8,185,184
-8,186,185
-8,187,186
-8,188,187
-8,189,188
-8,190,189
-8,191,190
-8,192,191
-8,193,192
-8,194,193
-8,195,194
-8,196,195
-8,197,196
-8,198,197
-8,199,198
-8,200,199
-8,201,200
-8,202,201
-8,203,202
-8,204,203
-8,205,204
-8,206,205
-8,207,206
-8,208,207
-8,209,208
-8,210,209
-8,211,210
-8,212,211
-8,213,212
-8,214,213
-8,215,214
-8,216,215
-8,217,216
-8,218,217
-8,219,218
-8,220,219
-8,221,220
-8,222,221
-8,223,222
-8,224,223
-8,225,224
-8,226,225
-8,227,226
-8,228,227
-8,229,228
-8,230,229
-8,231,230
-8,232,231
-8,233,232
-8,234,233
-8,235,234
-8,236,235
-8,237,236
-8,238,237
-8,239,238
-8,240,239
-8,241,240
-8,242,241
-8,243,242
-8,244,243
-8,245,244
-8,246,245
-8,247,246
-8,248,247
-8,249,248
-8,250,249
-8,251,250
-8,252,251
-8,253,252
-8,254,253
-8,255,254
-7,0,0
-7,1,0
-7,2,1
-7,3,2
-7,4,3
-7,5,4
-7,6,5
-7,7,6
-7,8,7
-7,9,8
-7,10,9
-7,11,10
-7,12,11
-7,13,12
-7,14,13
-7,15,14
-7,16,15
-7,17,16
-7,18,17
-7,19,18
-7,20,19
-7,21,20
-7,22,21
-7,23,22
-7,24,23
-7,25,24
-7,26,25
-7,27,26
-7,28,27
-7,29,28
-7,30,29
-7,31,30
-7,32,31
-7,33,32
-7,34,33
-7,35,34
-7,36,35
-7,37,36
-7,38,37
-7,39,38
-7,40,39
-7,41,40
-7,42,41
-7,43,42
-7,44,43
-7,45,44
-7,46,45
-7,47,46
-7,48,47
-7,49,48
-7,50,49
-7,51,50
-7,52,51
-7,53,52
-7,54,53
-7,55,54
-7,56,55
-7,57,56
-7,58,57
-7,59,58
-7,60,59
-7,61,60
-7,62,61
-7,63,62
-7,64,63
-7,65,64
-7,66,65
-7,67,66
-7,68,67
-7,69,68
-7,70,69
-7,71,70
-7,72,71
-7,73,72
-7,74,73
-7,75,74
-7,76,75
-7,77,76
-7,78,77
-7,79,78
-7,80,79
-7,81,80
-7,82,81
-7,83,82
-7,84,83
-7,85,84
-7,86,85
-7,87,86
-7,88,87
-7,89,88
-7,90,89
-7,91,90
-7,92,91
-7,93,92
-7,94,93
-7,95,94
-7,96,95
-7,97,96
-7,98,97
-7,99,98
-7,100,99
-7,101,100
-7,102,101
-7,103,102
-7,104,103
-7,105,104
-7,106,105
-7,107,106
-7,108,107
-7,109,108
-7,110,109
-7,111,110
-7,112,111
-7,113,112
-7,114,113
-7,115,114
-7,116,115
-7,117,116
-7,118,117
-7,119,118
-7,120,119
-7,121,120
-7,122,121
-7,123,122
-7,124,123
-7,125,124
-7,126,125
-7,127,126
-7,128,127
-7,129,128
-7,130,129
-7,131,130
-7,132,131
-7,133,132
-7,134,133
-7,135,134
-7,136,135
-7,137,136
-7,138,137
-7,139,138
-7,140,139
-7,141,140
-7,142,141
-7,143,142
-7,144,143
-7,145,144
-7,146,145
-7,147,146
-7,148,147
-7,149,148
-7,150,149
-7,151,150
-7,152,151
-7,153,152
-7,154,153
-7,155,154
-7,156,155
-7,157,156
-7,158,157
-7,159,158
-7,160,159
-7,161,160
-7,162,161
-7,163,162
-7,164,163
-7,165,164
-7,166,165
-7,167,166
-7,168,167
-7,169,168
-7,170,169
-7,171,170
-7,172,171
-7,173,172
-7,174,173
-7,175,174
-7,176,175
-7,177,176
-7,178,177
-7,179,178
-7,180,179
-7,181,180
-7,182,181
-7,183,182
-7,184,183
-7,185,184
-7,186,185
-7,187,186
-7,188,187
-7,189,188
-7,190,189
-7,191,190
-7,192,191
-7,193,192
-7,194,193
-7,195,194
-7,196,195
-7,197,196
-7,198,197
-7,199,198
-7,200,199
-7,201,200
-7,202,201
-7,203,202
-7,204,203
-7,205,204
-7,206,205
-7,207,206
-7,208,207
-7,209,208
-7,210,209
-7,211,210
-7,212,211
-7,213,212
-7,214,213
-7,215,214
-7,216,215
-7,217,216
-7,218,217
-7,219,218
-7,220,219
-7,221,220
-7,222,221
-7,223,222
-7,224,223
-7,225,224
-7,226,225
-7,227,226
-7,228,227
-7,229,228
-7,230,229
-7,231,230
-7,232,231
-7,233,232
-7,234,233
-7,235,234
-7,236,235
-7,237,236
-7,238,237
-7,239,238
-7,240,239
-7,241,240
-7,242,241
-7,243,242
-7,244,243
-7,245,244
-7,246,245
-7,247,246
-7,248,247
-7,249,248
-7,250,249
-7,251,250
-7,252,251
-7,253,252
-7,254,253
-7,255,254
-6,0,0
-6,1,0
-6,2,1
-6,3,2
-6,4,3
-6,5,4
-6,6,5
-6,7,6
-6,8,7
-6,9,8
-6,10,9
-6,11,10
-6,12,11
-6,13,12
-6,14,13
-6,15,14
-6,16,15
-6,17,16
-6,18,17
-6,19,18
-6,20,19
-6,21,20
-6,22,21
-6,23,22
-6,24,23
-6,25,24
-6,26,25
-6,27,26
-6,28,27
-6,29,28
-6,30,29
-6,31,30
-6,32,31
-6,33,32
-6,34,33
-6,35,34
-6,36,35
-6,37,36
-6,38,37
-6,39,38
-6,40,39
-6,41,40
-6,42,41
-6,43,42
-6,44,43
-6,45,44
-6,46,45
-6,47,46
-6,48,47
-6,49,48
-6,50,49
-6,51,50
-6,52,51
-6,53,52
-6,54,53
-6,55,54
-6,56,55
-6,57,56
-6,58,57
-6,59,58
-6,60,59
-6,61,60
-6,62,61
-6,63,62
-6,64,63
-6,65,64
-6,66,65
-6,67,66
-6,68,67
-6,69,68
-6,70,69
-6,71,70
-6,72,71
-6,73,72
-6,74,73
-6,75,74
-6,76,75
-6,77,76
-6,78,77
-6,79,78
-6,80,79
-6,81,80
-6,82,81
-6,83,82
-6,84,83
-6,85,84
-6,86,85
-6,87,86
-6,88,87
-6,89,88
-6,90,89
-6,91,90
-6,92,91
-6,93,92
-6,94,93
-6,95,94
-6,96,95
-6,97,96
-6,98,97
-6,99,98
-6,100,99
-6,101,100
-6,102,101
-6,103,102
-6,104,103
-6,105,104
-6,106,105
-6,107,106
-6,108,107
-6,109,108
-6,110,109
-6,111,110
-6,112,111
-6,113,112
-6,114,113
-6,115,114
-6,116,115
-6,117,116
-6,118,117
-6,119,118
-6,120,119
-6,121,120
-6,122,121
-6,123,122
-6,124,123
-6,125,124
-6,126,125
-6,127,126
-6,128,127
-6,129,128
-6,130,129
-6,131,130
-6,132,131
-6,133,132
-6,134,133
-6,135,134
-6,136,135
-6,137,136
-6,138,137
-6,139,138
-6,140,139
-6,141,140
-6,142,141
-6,143,142
-6,144,143
-6,145,144
-6,146,145
-6,147,146
-6,148,147
-6,149,148
-6,150,149
-6,151,150
-6,152,151
-6,153,152
-6,154,153
-6,155,154
-6,156,155
-6,157,156
-6,158,157
-6,159,158
-6,160,159
-6,161,160
-6,162,161
-6,163,162
-6,164,163
-6,165,164
-6,166,165
-6,167,166
-6,168,167
-6,169,168
-6,170,169
-6,171,170
-6,172,171
-6,173,172
-6,174,173
-6,175,174
-6,176,175
-6,177,176
-6,178,177
-6,179,178
-6,180,179
-6,181,180
-6,182,181
-6,183,182
-6,184,183
-6,185,184
-6,186,185
-6,187,186
-6,188,187
-6,189,188
-6,190,189
-6,191,190
-6,192,191
-6,193,192
-6,194,193
-6,195,194
-6,196,195
-6,197,196
-6,198,197
-6,199,198
-6,200,199
-6,201,200
-6,202,201
-6,203,202
-6,204,203
-6,205,204
-6,206,205
-6,207,206
-6,208,207
-6,209,208
-6,210,209
-6,211,210
-6,212,211
-6,213,212
-6,214,213
-6,215,214
-6,216,215
-6,217,216
-6,218,217
-6,219,218
-6,220,219
-6,221,220
-6,222,221
-6,223,222
-6,224,223
-6,225,224
-6,226,225
-6,227,226
-6,228,227
-6,229,228
-6,230,229
-6,231,230
-6,232,231
-6,233,232
-6,234,233
-6,235,234
-6,236,235
-6,237,236
-6,238,237
-6,239,238
-6,240,239
-6,241,240
-6,242,241
-6,243,242
-6,244,243
-6,245,244
-6,246,245
-6,247,246
-6,248,247
-6,249,248
-6,250,249
-6,251,250
-6,252,251
-6,253,252
-6,254,253
-6,255,254
-5,0,0
-5,1,0
-5,2,1
-5,3,2
-5,4,3
-5,5,4
-5,6,5
-5,7,6
-5,8,7
-5,9,8
-5,10,9
-5,11,10
-5,12,11
-5,13,12
-5,14,13
-5,15,14
-5,16,15
-5,17,16
-5,18,17
-5,19,18
-5,20,19
-5,21,20
-5,22,21
-5,23,22
-5,24,23
-5,25,24
-5,26,25
-5,27,26
-5,28,27
-5,29,28
-5,30,29
-5,31,30
-5,32,31
-5,33,32
-5,34,33
-5,35,34
-5,36,35
-5,37,36
-5,38,37
-5,39,38
-5,40,39
-5,41,40
-5,42,41
-5,43,42
-5,44,43
-5,45,44
-5,46,45
-5,47,46
-5,48,47
-5,49,48
-5,50,49
-5,51,50
-5,52,51
-5,53,52
-5,54,53
-5,55,54
-5,56,55
-5,57,56
-5,58,57
-5,59,58
-5,60,59
-5,61,60
-5,62,61
-5,63,62
-5,64,63
-5,65,64
-5,66,65
-5,67,66
-5,68,67
-5,69,68
-5,70,69
-5,71,70
-5,72,71
-5,73,72
-5,74,73
-5,75,74
-5,76,75
-5,77,76
-5,78,77
-5,79,78
-5,80,79
-5,81,80
-5,82,81
-5,83,82
-5,84,83
-5,85,84
-5,86,85
-5,87,86
-5,88,87
-5,89,88
-5,90,89
-5,91,90
-5,92,91
-5,93,92
-5,94,93
-5,95,94
-5,96,95
-5,97,96
-5,98,97
-5,99,98
-5,100,99
-5,101,100
-5,102,101
-5,103,102
-5,104,103
-5,105,104
-5,106,105
-5,107,106
-5,108,107
-5,109,108
-5,110,109
-5,111,110
-5,112,111
-5,113,112
-5,114,113
-5,115,114
-5,116,115
-5,117,116
-5,118,117
-5,119,118
-5,120,119
-5,121,120
-5,122,121
-5,123,122
-5,124,123
-5,125,124
-5,126,125
-5,127,126
-5,128,127
-5,129,128
-5,130,129
-5,131,130
-5,132,131
-5,133,132
-5,134,133
-5,135,134
-5,136,135
-5,137,136
-5,138,137
-5,139,138
-5,140,139
-5,141,140
-5,142,141
-5,143,142
-5,144,143
-5,145,144
-5,146,145
-5,147,146
-5,148,147
-5,149,148
-5,150,149
-5,151,150
-5,152,151
-5,153,152
-5,154,153
-5,155,154
-5,156,155
-5,157,156
-5,158,157
-5,159,158
-5,160,159
-5,161,160
-5,162,161
-5,163,162
-5,164,163
-5,165,164
-5,166,165
-5,167,166
-5,168,167
-5,169,168
-5,170,169
-5,171,170
-5,172,171
-5,173,172
-5,174,173
-5,175,174
-5,176,175
-5,177,176
-5,178,177
-5,179,178
-5,180,179
-5,181,180
-5,182,181
-5,183,182
-5,184,183
-5,185,184
-5,186,185
-5,187,186
-5,188,187
-5,189,188
-5,190,189
-5,191,190
-5,192,191
-5,193,192
-5,194,193
-5,195,194
-5,196,195
-5,197,196
-5,198,197
-5,199,198
-5,200,199
-5,201,200
-5,202,201
-5,203,202
-5,204,203
-5,205,204
-5,206,205
-5,207,206
-5,208,207
-5,209,208
-5,210,209
-5,211,210
-5,212,211
-5,213,212
-5,214,213
-5,215,214
-5,216,215
-5,217,216
-5,218,217
-5,219,218
-5,220,219
-5,221,220
-5,222,221
-5,223,222
-5,224,223
-5,225,224
-5,226,225
-5,227,226
-5,228,227
-5,229,228
-5,230,229
-5,231,230
-5,232,231
-5,233,232
-5,234,233
-5,235,234
-5,236,235
-5,237,236
-5,238,237
-5,239,238
-5,240,239
-5,241,240
-5,242,241
-5,243,242
-5,244,243
-5,245,244
-5,246,245
-5,247,246
-5,248,247
-5,249,248
-5,250,249
-5,251,250
-5,252,251
-5,253,252
-5,254,253
-5,255,254
-4,0,0
-4,1,0
-4,2,1
-4,3,2
-4,4,3
-4,5,4
-4,6,5
-4,7,6
-4,8,7
-4,9,8
-4,10,9
-4,11,10
-4,12,11
-4,13,12
-4,14,13
-4,15,14
-4,16,15
-4,17,16
-4,18,17
-4,19,18
-4,20,19
-4,21,20
-4,22,21
-4,23,22
-4,24,23
-4,25,24
-4,26,25
-4,27,26
-4,28,27
-4,29,28
-4,30,29
-4,31,30
-4,32,31
-4,33,32
-4,34,33
-4,35,34
-4,36,35
-4,37,36
-4,38,37
-4,39,38
-4,40,39
-4,41,40
-4,42,41
-4,43,42
-4,44,43
-4,45,44
-4,46,45
-4,47,46
-4,48,47
-4,49,48
-4,50,49
-4,51,50
-4,52,51
-4,53,52
-4,54,53
-4,55,54
-4,56,55
-4,57,56
-4,58,57
-4,59,58
-4,60,59
-4,61,60
-4,62,61
-4,63,62
-4,64,63
-4,65,64
-4,66,65
-4,67,66
-4,68,67
-4,69,68
-4,70,69
-4,71,70
-4,72,71
-4,73,72
-4,74,73
-4,75,74
-4,76,75
-4,77,76
-4,78,77
-4,79,78
-4,80,79
-4,81,80
-4,82,81
-4,83,82
-4,84,83
-4,85,84
-4,86,85
-4,87,86
-4,88,87
-4,89,88
-4,90,89
-4,91,90
-4,92,91
-4,93,92
-4,94,93
-4,95,94
-4,96,95
-4,97,96
-4,98,97
-4,99,98
-4,100,99
-4,101,100
-4,102,101
-4,103,102
-4,104,103
-4,105,104
-4,106,105
-4,107,106
-4,108,107
-4,109,108
-4,110,109
-4,111,110
-4,112,111
-4,113,112
-4,114,113
-4,115,114
-4,116,115
-4,117,116
-4,118,117
-4,119,118
-4,120,119
-4,121,120
-4,122,121
-4,123,122
-4,124,123
-4,125,124
-4,126,125
-4,127,126
-4,128,127
-4,129,128
-4,130,129
-4,131,130
-4,132,131
-4,133,132
-4,134,133
-4,135,134
-4,136,135
-4,137,136
-4,138,137
-4,139,138
-4,140,139
-4,141,140
-4,142,141
-4,143,142
-4,144,143
-4,145,144
-4,146,145
-4,147,146
-4,148,147
-4,149,148
-4,150,149
-4,151,150
-4,152,151
-4,153,152
-4,154,153
-4,155,154
-4,156,155
-4,157,156
-4,158,157
-4,159,158
-4,160,159
-4,161,160
-4,162,161
-4,163,162
-4,164,163
-4,165,164
-4,166,165
-4,167,166
-4,168,167
-4,169,168
-4,170,169
-4,171,170
-4,172,171
-4,173,172
-4,174,173
-4,175,174
-4,176,175
-4,177,176
-4,178,177
-4,179,178
-4,180,179
-4,181,180
-4,182,181
-4,183,182
-4,184,183
-4,185,184
-4,186,185
-4,187,186
-4,188,187
-4,189,188
-4,190,189
-4,191,190
-4,192,191
-4,193,192
-4,194,193
-4,195,194
-4,196,195
-4,197,196
-4,198,197
-4,199,198
-4,200,199
-4,201,200
-4,202,201
-4,203,202
-4,204,203
-4,205,204
-4,206,205
-4,207,206
-4,208,207
-4,209,208
-4,210,209
-4,211,210
-4,212,211
-4,213,212
-4,214,213
-4,215,214
-4,216,215
-4,217,216
-4,218,217
-4,219,218
-4,220,219
-4,221,220
-4,222,221
-4,223,222
-4,224,223
-4,225,224
-4,226,225
-4,227,226
-4,228,227
-4,229,228
-4,230,229
-4,231,230
-4,232,231
-4,233,232
-4,234,233
-4,235,234
-4,236,235
-4,237,236
-4,238,237
-4,239,238
-4,240,239
-4,241,240
-4,242,241
-4,243,242
-4,244,243
-4,245,244
-4,246,245
-4,247,246
-4,248,247
-4,249,248
-4,250,249
-4,251,250
-4,252,251
-4,253,252
-4,254,253
-4,255,254
-3,0,0
-3,1,0
-3,2,1
-3,3,2
-3,4,3
-3,5,4
-3,6,5
-3,7,6
-3,8,7
-3,9,8
-3,10,9
-3,11,10
-3,12,11
-3,13,12
-3,14,13
-3,15,14
-3,16,15
-3,17,16
-3,18,17
-3,19,18
-3,20,19
-3,21,20
-3,22,21
-3,23,22
-3,24,23
-3,25,24
-3,26,25
-3,27,26
-3,28,27
-3,29,28
-3,30,29
-3,31,30
-3,32,31
-3,33,32
-3,34,33
-3,35,34
-3,36,35
-3,37,36
-3,38,37
-3,39,38
-3,40,39
-3,41,40
-3,42,41
-3,43,42
-3,44,43
-3,45,44
-3,46,45
-3,47,46
-3,48,47
-3,49,48
-3,50,49
-3,51,50
-3,52,51
-3,53,52
-3,54,53
-3,55,54
-3,56,55
-3,57,56
-3,58,57
-3,59,58
-3,60,59
-3,61,60
-3,62,61
-3,63,62
-3,64,63
-3,65,64
-3,66,65
-3,67,66
-3,68,67
-3,69,68
-3,70,69
-3,71,70
-3,72,71
-3,73,72
-3,74,73
-3,75,74
-3,76,75
-3,77,76
-3,78,77
-3,79,78
-3,80,79
-3,81,80
-3,82,81
-3,83,82
-3,84,83
-3,85,84
-3,86,85
-3,87,86
-3,88,87
-3,89,88
-3,90,89
-3,91,90
-3,92,91
-3,93,92
-3,94,93
-3,95,94
-3,96,95
-3,97,96
-3,98,97
-3,99,98
-3,100,99
-3,101,100
-3,102,101
-3,103,102
-3,104,103
-3,105,104
-3,106,105
-3,107,106
-3,108,107
-3,109,108
-3,110,109
-3,111,110
-3,112,111
-3,113,112
-3,114,113
-3,115,114
-3,116,115
-3,117,116
-3,118,117
-3,119,118
-3,120,119
-3,121,120
-3,122,121
-3,123,122
-3,124,123
-3,125,124
-3,126,125
-3,127,126
-3,128,127
-3,129,128
-3,130,129
-3,131,130
-3,132,131
-3,133,132
-3,134,133
-3,135,134
-3,136,135
-3,137,136
-3,138,137
-3,139,138
-3,140,139
-3,141,140
-3,142,141
-3,143,142
-3,144,143
-3,145,144
-3,146,145
-3,147,146
-3,148,147
-3,149,148
-3,150,149
-3,151,150
-3,152,151
-3,153,152
-3,154,153
-3,155,154
-3,156,155
-3,157,156
-3,158,157
-3,159,158
-3,160,159
-3,161,160
-3,162,161
-3,163,162
-3,164,163
-3,165,164
-3,166,165
-3,167,166
-3,168,167
-3,169,168
-3,170,169
-3,171,170
-3,172,171
-3,173,172
-3,174,173
-3,175,174
-3,176,175
-3,177,176
-3,178,177
-3,179,178
-3,180,179
-3,181,180
-3,182,181
-3,183,182
-3,184,183
-3,185,184
-3,186,185
-3,187,186
-3,188,187
-3,189,188
-3,190,189
-3,191,190
-3,192,191
-3,193,192
-3,194,193
-3,195,194
-3,196,195
-3,197,196
-3,198,197
-3,199,198
-3,200,199
-3,201,200
-3,202,201
-3,203,202
-3,204,203
-3,205,204
-3,206,205
-3,207,206
-3,208,207
-3,209,208
-3,210,209
-3,211,210
-3,212,211
-3,213,212
-3,214,213
-3,215,214
-3,216,215
-3,217,216
-3,218,217
-3,219,218
-3,220,219
-3,221,220
-3,222,221
-3,223,222
-3,224,223
-3,225,224
-3,226,225
-3,227,226
-3,228,227
-3,229,228
-3,230,229
-3,231,230
-3,232,231
-3,233,232
-3,234,233
-3,235,234
-3,236,235
-3,237,236
-3,238,237
-3,239,238
-3,240,239
-3,241,240
-3,242,241
-3,243,242
-3,244,243
-3,245,244
-3,246,245
-3,247,246
-3,248,247
-3,249,248
-3,250,249
-3,251,250
-3,252,251
-3,253,252
-3,254,253
-3,255,254
-2,0,0
-2,1,0
-2,2,1
-2,3,2
-2,4,3
-2,5,4
-2,6,5
-2,7,6
-2,8,7
-2,9,8
-2,10,9
-2,11,10
-2,12,11
-2,13,12
-2,14,13
-2,15,14
-2,16,15
-2,17,16
-2,18,17
-2,19,18
-2,20,19
-2,21,20
-2,22,21
-2,23,22
-2,24,23
-2,25,24
-2,26,25
-2,27,26
-2,28,27
-2,29,28
-2,30,29
-2,31,30
-2,32,31
-2,33,32
-2,34,33
-2,35,34
-2,36,35
-2,37,36
-2,38,37
-2,39,38
-2,40,39
-2,41,40
-2,42,41
-2,43,42
-2,44,43
-2,45,44
-2,46,45
-2,47,46
-2,48,47
-2,49,48
-2,50,49
-2,51,50
-2,52,51
-2,53,52
-2,54,53
-2,55,54
-2,56,55
-2,57,56
-2,58,57
-2,59,58
-2,60,59
-2,61,60
-2,62,61
-2,63,62
-2,64,63
-2,65,64
-2,66,65
-2,67,66
-2,68,67
-2,69,68
-2,70,69
-2,71,70
-2,72,71
-2,73,72
-2,74,73
-2,75,74
-2,76,75
-2,77,76
-2,78,77
-2,79,78
-2,80,79
-2,81,80
-2,82,81
-2,83,82
-2,84,83
-2,85,84
-2,86,85
-2,87,86
-2,88,87
-2,89,88
-2,90,89
-2,91,90
-2,92,91
-2,93,92
-2,94,93
-2,95,94
-2,96,95
-2,97,96
-2,98,97
-2,99,98
-2,100,99
-2,101,100
-2,102,101
-2,103,102
-2,104,103
-2,105,104
-2,106,105
-2,107,106
-2,108,107
-2,109,108
-2,110,109
-2,111,110
-2,112,111
-2,113,112
-2,114,113
-2,115,114
-2,116,115
-2,117,116
-2,118,117
-2,119,118
-2,120,119
-2,121,120
-2,122,121
-2,123,122
-2,124,123
-2,125,124
-2,126,125
-2,127,126
-2,128,127
-2,129,128
-2,130,129
-2,131,130
-2,132,131
-2,133,132
-2,134,133
-2,135,134
-2,136,135
-2,137,136
-2,138,137
-2,139,138
-2,140,139
-2,141,140
-2,142,141
-2,143,142
-2,144,143
-2,145,144
-2,146,145
-2,147,146
-2,148,147
-2,149,148
-2,150,149
-2,151,150
-2,152,151
-2,153,152
-2,154,153
-2,155,154
-2,156,155
-2,157,156
-2,158,157
-2,159,158
-2,160,159
-2,161,160
-2,162,161
-2,163,162
-2,164,163
-2,165,164
-2,166,165
-2,167,166
-2,168,167
-2,169,168
-2,170,169
-2,171,170
-2,172,171
-2,173,172
-2,174,173
-2,175,174
-2,176,175
-2,177,176
-2,178,177
-2,179,178
-2,180,179
-2,181,180
-2,182,181
-2,183,182
-2,184,183
-2,185,184
-2,186,185
-2,187,186
-2,188,187
-2,189,188
-2,190,189
-2,191,190
-2,192,191
-2,193,192
-2,194,193
-2,195,194
-2,196,195
-2,197,196
-2,198,197
-2,199,198
-2,200,199
-2,201,200
-2,202,201
-2,203,202
-2,204,203
-2,205,204
-2,206,205
-2,207,206
-2,208,207
-2,209,208
-2,210,209
-2,211,210
-2,212,211
-2,213,212
-2,214,213
-2,215,214
-2,216,215
-2,217,216
-2,218,217
-2,219,218
-2,220,219
-2,221,220
-2,222,221
-2,223,222
-2,224,223
-2,225,224
-2,226,225
-2,227,226
-2,228,227
-2,229,228
-2,230,229
-2,231,230
-2,232,231
-2,233,232
-2,234,233
-2,235,234
-2,236,235
-2,237,236
-2,238,237
-2,239,238
-2,240,239
-2,241,240
-2,242,241
-2,243,242
-2,244,243
-2,245,244
-2,246,245
-2,247,246
-2,248,247
-2,249,248
-2,250,249
-2,251,250
-2,252,251
-2,253,252
-2,254,253
-2,255,254
-1,0,0
-1,1,0
-1,2,1
-1,3,2
-1,4,3
-1,5,4
-1,6,5
-1,7,6
-1,8,7
-1,9,8
-1,10,9
-1,11,10
-1,12,11
-1,13,12
-1,14,13
-1,15,14
-1,16,15
-1,17,16
-1,18,17
-1,19,18
-1,20,19
-1,21,20
-1,22,21
-1,23,22
-1,24,23
-1,25,24
-1,26,25
-1,27,26
-1,28,27
-1,29,28
-1,30,29
-1,31,30
-1,32,31
-1,33,32
-1,34,33
-1,35,34
-1,36,35
-1,37,36
-1,38,37
-1,39,38
-1,40,39
-1,41,40
-1,42,41
-1,43,42
-1,44,43
-1,45,44
-1,46,45
-1,47,46
-1,48,47
-1,49,48
-1,50,49
-1,51,50
-1,52,51
-1,53,52
-1,54,53
-1,55,54
-1,56,55
-1,57,56
-1,58,57
-1,59,58
-1,60,59
-1,61,60
-1,62,61
-1,63,62
-1,64,63
-1,65,64
-1,66,65
-1,67,66
-1,68,67
-1,69,68
-1,70,69
-1,71,70
-1,72,71
-1,73,72
-1,74,73
-1,75,74
-1,76,75
-1,77,76
-1,78,77
-1,79,78
-1,80,79
-1,81,80
-1,82,81
-1,83,82
-1,84,83
-1,85,84
-1,86,85
-1,87,86
-1,88,87
-1,89,88
-1,90,89
-1,91,90
-1,92,91
-1,93,92
-1,94,93
-1,95,94
-1,96,95
-1,97,96
-1,98,97
-1,99,98
-1,100,99
-1,101,100
-1,102,101
-1,103,102
-1,104,103
-1,105,104
-1,106,105
-1,107,106
-1,108,107
-1,109,108
-1,110,109
-1,111,110
-1,112,111
-1,113,112
-1,114,113
-1,115,114
-1,116,115
-1,117,116
-1,118,117
-1,119,118
-1,120,119
-1,121,120
-1,122,121
-1,123,122
-1,124,123
-1,125,124
-1,126,125
-1,127,126
-1,128,127
-1,129,128
-1,130,129
-1,131,130
-1,132,131
-1,133,132
-1,134,133
-1,135,134
-1,136,135
-1,137,136
-1,138,137
-1,139,138
-1,140,139
-1,141,140
-1,142,141
-1,143,142
-1,144,143
-1,145,144
-1,146,145
-1,147,146
-1,148,147
-1,149,148
-1,150,149
-1,151,150
-1,152,151
-1,153,152
-1,154,153
-1,155,154
-1,156,155
-1,157,156
-1,158,157
-1,159,158
-1,160,159
-1,161,160
-1,162,161
-1,163,162
-1,164,163
-1,165,164
-1,166,165
-1,167,166
-1,168,167
-1,169,168
-1,170,169
-1,171,170
-1,172,171
-1,173,172
-1,174,173
-1,175,174
-1,176,175
-1,177,176
-1,178,177
-1,179,178
-1,180,179
-1,181,180
-1,182,181
-1,183,182
-1,184,183
-1,185,184
-1,186,185
-1,187,186
-1,188,187
-1,189,188
-1,190,189
-1,191,190
-1,192,191
-1,193,192
-1,194,193
-1,195,194
-1,196,195
-1,197,196
-1,198,197
-1,199,198
-1,200,199
-1,201,200
-1,202,201
-1,203,202
-1,204,203
-1,205,204
-1,206,205
-1,207,206
-1,208,207
-1,209,208
-1,210,209
-1,211,210
-1,212,211
-1,213,212
-1,214,213
-1,215,214
-1,216,215
-1,217,216
-1,218,217
-1,219,218
-1,220,219
-1,221,220
-1,222,221
-1,223,222
-1,224,223
-1,225,224
-1,226,225
-1,227,226
-1,228,227
-1,229,228
-1,230,229
-1,231,230
-1,232,231
-1,233,232
-1,234,233
-1,235,234
-1,236,235
-1,237,236
-1,238,237
-1,239,238
-1,240,239
-1,241,240
-1,242,241
-1,243,242
-1,244,243
-1,245,244
-1,246,245
-1,247,246
-1,248,247
-1,249,248
-1,250,249
-1,251,250
-1,252,251
-1,253,252
-1,254,253
-1,255,254
0,0,0
0,1,1
0,2,2
0,3,3
0,4,4
0,5,5
0,6,6
0,7,7
0,8,8
0,9,9
0,10,10
0,11,11
0,12,12
0,13,13
0,14,14
0,15,15
0,16,16
0,17,17
0,18,18
0,19,19
0,20,20
0,21,21
0,22,22
0,23,23
0,24,24
0,25,25
0,26,26
0,27,27
0,28,28
0,29,29
0,30,30
0,31,31
0,32,32
0,33,33
0,34,34
0,35,35
0,36,36
0,37,37
0,38,38
0,39,39
0,40,40
0,41,41
0,42,42
0,43,43
0,44,44
0,45,45
0,46,46
0,47,47
0,48,48
0,49,49
0,50,50
0,51,51
0,52,52
0,53,53
0,54,54
0,55,55
0,56,56
0,57,57
0,58,58
0,59,59
0,60,60
0,61,61
0,62,62
0,63,63
0,64,64
0,65,65
0,66,66
0,67,67
0,68,68
0,69,69
0,70,70
0,71,71
0,72,72
0,73,73
0,74,74
0,75,75
0,76,76
0,77,77
0,78,78
0,79,79
0,80,80
0,81,81
0,82,82
0,83,83
0,84,84
0,85,85
0,86,86
0,87,87
0,88,88
0,89,89
0,90,90
0,91,91
0,92,92
0,93,93
0,94,94
0,95,95
0,96,96
0,97,97
0,98,98
0,99,99
0,100,100
0,101,101
0,102,102
0,103,103
0,104,104
0,105,105
0,106,106
0,107,107
0,108,108
0,109,109
0,110,110
0,111,111
0,112,112
0,113,113
0,114,114
0,115,115
0,116,116
0,117,117
0,118,118
0,119,119
0,120,120
0,121,121
0,122,122
0,123,123
0,124,124
0,125,125
0,126,126
0,127,127
0,128,128
0,129,129
0,130,130
0,131,131
0,132,132
0,133,133
0,134,134
0,135,135
0,136,136
0,137,137
0,138,138
0,139,139
0,140,140
0,141,141
0,142,142
0,143,143
0,144,144
0,145,145
0,146,146
0,147,147
0,148,148
0,149,149
0,150,150
0,151,151
0,152,152
0,153,153
0,154,154
0,155,155
0,156,156
0,157,157
0,158,158
0,159,159
0,160,160
0,161,161
0,162,162
0,163,163
0,164,164
0,165,165
0,166,166
0,167,167
0,168,168
0,169,169
0,170,170
0,171,171
0,172,172
0,173,173
0,174,174
0,175,175
0,176,176
0,177,177
0,178,178
0,179,179
0,180,180
0,181,181
0,182,182
0,183,183
0,184,184
0,185,185
0,186,186
0,187,187
0,188,188
0,189,189
0,190,190
0,191,191
0,192,192
0,193,193
0,194,194
0,195,195
0,196,196
0,197,197
0,198,198
0,199,199
0,200,200
0,201,201
0,202,202
0,203,203
0,204,204
0,205,205
0,206,206
0,207,207
0,208,208
0,209,209
0,210,210
0,211,211
0,212,212
0,213,213
0,214,214
0,215,215
0,216,216
0,217,217
0,218,218
0,219,219
0,220,220
0,221,221
0,222,222
0,223,223
0,224,224
0,225,225
0,226,226
0,227,227
0,228,228
0,229,229
0,230,230
0,231,231
0,232,232
0,233,233
0,234,234
0,235,235
0,236,236
0,237,237
0,238,238
0,239,239
0,240,240
0,241,241
0,242,242
0,243,243
0,244,244
0,245,245
0,246,246
0,247,247
0,248,248
0,249,249
0,250,250
0,251,251
0,252,252
0,253,253
0,254,254
0,255,255
1,0,1
1,1,2
1,2,3
1,3,4
1,4,5
1,5,6
1,6,7
1,7,8
1,8,9
1,9,10
1,10,11
1,11,12
1,12,13
1,13,14
1,14,15
1,15,16
1,16,17
1,17,18
1,18,19
1,19,20
1,20,21
1,21,22
1,22,23
1,23,24
1,24,25
1,25,26
1,26,27
1,27,28
1,28,29
1,29,30
1,30,31
1,31,32
1,32,33
1,33,34
1,34,35
1,35,36
1,36,37
1,37,38
1,38,39
1,39,40
1,40,41
1,41,42
1,42,43
1,43,44
1,44,45
1,45,46
1,46,47
1,47,48
1,48,49
1,49,50
1,50,51
1,51,52
1,52,53
1,53,54
1,54,55
1,55,56
1,56,57
1,57,58
1,58,59
1,59,60
1,60,61
1,61,62
1,62,63
1,63,64
1,64,65
1,65,66
1,66,67
1,67,68
1,68,69
1,69,70
1,70,71
1,71,72
1,72,73
1,73,74
1,74,75
1,75,76
1,76,77
1,77,78
1,78,79
1,79,80
1,80,81
1,81,82
1,82,83
1,83,84
1,84,85
1,85,86
1,86,87
1,87,88
1,88,89
1,89,90
1,90,91
1,91,92
1,92,93
1,93,94
1,94,95
1,95,96
1,96,97
1,97,98
1,98,99
1,99,100
1,100,101
1,101,102
1,102,103
1,103,104
1,104,105
1,105,106
1,106,107
1,107,108
1,108,109
1,109,110
1,110,111
1,111,112
1,112,113
1,113,114
1,114,115
1,115,116
1,116,117
1,117,118
1,118,119
1,119,120
1,120,121
1,121,122
1,122,123
1,123,124
1,124,125
1,125,126
1,126,127
1,127,128
1,128,129
1,129,130
1,130,131
1,131,132
1,132,133
1,133,134
1,134,135
1,135,136
1,136,137
1,137,138
1,138,139
1,139,140
1,140,141
1,141,142
1,142,143
1,143,144
1,144,145
1,145,146
1,146,147
1,147,148
1,148,149
1,149,150
1,150,151
1,151,152
1,152,153
1,153,154
1,154,155
1,155,156
1,156,157
1,157,158
1,158,159
1,159,160
1,160,161
1,161,162
1,162,163
1,163,164
1,164,165
1,165,166
1,166,167
1,167,168
1,168,169
1,169,170
1,170,171
1,171,172
1,172,173
1,173,174
1,174,175
1,175,176
1,176,177
1,177,178
1,178,179
1,179,180
1,180,181
1,181,182
1,182,183
1,183,184
1,184,185
1,185,186
1,186,187
1,187,188
1,188,189
1,189,190
1,190,191
1,191,192
1,192,193
1,193,194
1,194,195
1,195,196
1,196,197
1,197,198
1,198,199
1,199,200
1,200,201
1,201,202
1,202,203
1,203,204
1,204,205
1,205,206
1,206,207
1,207,208
1,208,209
1,209,210
1,210,211
1,211,212
1,212,213
1,213,214
1,214,215
1,215,216
1,216,217
1,217,218
1,218,219
1,219,220
1,220,221
1,221,222
1,222,223
1,223,224
1,224,225
1,225,226
1,226,227
1,227,228
1,228,229
1,229,230
1,230,231
1,231,232
1,232,233
1,233,234
1,234,235
1,235,236
1,236,237
1,237,238
1,238,239
1,239,240
1,240,241
1,241,242
1,242,243
1,243,244
1,244,245
1,245,246
1,246,247
1,247,248
1,248,249
1,249,250
1,250,251
1,251,252
1,252,253
1,253,254
1,254,255
1,255,255
2,0,1
2,1,2
2,2,3
2,3,4
2,4,5
2,5,6
2,6,7
2,7,8
2,8,9
2,9,10
2,10,11
2,11,12
2,12,13
2,13,14
2,14,15
2,15,16
2,16,17
2,17,18
2,18,19
2,19,20
2,20,21
2,21,22
2,22,23
2,23,24
2,24,25
2,25,26
2,26,27
2,27,28
2,28,29
2,29,30
2,30,31
2,31,32
2,32,33
2,33,34
2,34,35
2,35,36
2,36,37
2,37,38
2,38,39
2,39,40
2,40,41
2,41,42
2,42,43
2,43,44
2,44,45
2,45,46
2,46,47
2,47,48
2,48,49
2,49,50
2,50,51
2,51,52
2,52,53
2,53,54
2,54,55
2,55,56
2,56,57
2,57,58
2,58,59
2,59,60
2,60,61
2,61,62
2,62,63
2,63,64
2,64,65
2,65,66
2,66,67
2,67,68
2,68,69
2,69,70
2,70,71
2,71,72
2,72,73
2,73,74
2,74,75
2,75,76
2,76,77
2,77,78
2,78,79
2,79,80
2,80,81
2,81,82
2,82,83
2,83,84
2,84,85
2,85,86
2,86,87
2,87,88
2,88,89
2,89,90
2,90,91
2,91,92
2,92,93
2,93,94
2,94,95
2,95,96
2,96,97
2,97,98
2,98,99
2,99,100
2,100,101
2,101,102
2,102,103
2,103,104
2,104,105
2,105,106
2,106,107
2,107,108
2,108,109
2,109,110
2,110,111
2,111,112
2,112,113
2,113,114
2,114,115
2,115,116
2,116,117
2,117,118
2,118,119
2,119,120
2,120,121
2,121,122
2,122,123
2,123,124
2,124,125
2,125,126
2,126,127
2,127,128
2,128,129
2,129,130
2,130,131
2,131,132
2,132,133
2,133,134
2,134,135
2,135,136
2,136,137
2,137,138
2,138,139
2,139,140
2,140,141
2,141,142
2,142,143
2,143,144
2,144,145
2,145,146
2,146,147
2,147,148
2,148,149
2,149,150
2,150,151
2,151,152
2,152,153
2,153,154
2,154,155
2,155,156
2,156,157
2,157,158
2,158,159
2,159,160
2,160,161
2,161,162
2,162,163
2,163,164
2,164,165
2,165,166
2,166,167
2,167,168
2,168,169
2,169,170
2,170,171
2,171,172
2,172,173
2,173,174
2,174,175
2,175,176
2,176,177
2,177,178
2,178,179
2,179,180
2,180,181
2,181,182
2,182,183
2,183,184
2,184,185
2,185,186
2,186,187
2,187,188
2,188,189
2,189,190
2,190,191
2,191,192
2,192,193
2,193,194
2,194,195
2,195,196
2,196,197
2,197,198
2,198,199
2,199,200
2,200,201
2,201,202
2,202,203
2,203,204
2,204,205
2,205,206
2,206,207
2,207,208
2,208,209
2,209,210
2,210,211
2,211,212
2,212,213
2,213,214
2,214,215
2,215,216
2,216,217
2,217,218
2,218,219
2,219,220
2,220,221
2,221,222
2,222,223
2,223,224
2,224,225
2,225,226
2,226,227
2,227,228
2,228,229
2,229,230
2,230,231
2,231,232
2,232,233
2,233,234
2,234,235
2,235,236
2,236,237
2,237,238
2,238,239
2,239,240
2,240,241
2,241,242
2,242,243
2,243,244
2,244,245
2,245,246
2,246,247
2,247,248
2,248,249
2,249,250
2,250,251
2,251,252
2,252,253
2,253,254
2,254,255
2,255,255
3,0,1
3,1,2
3,2,3
3,3,4
3,4,5
3,5,6
3,6,7
3,7,8
3,8,9
3,9,10
3,10,11
3,11,12
3,12,13
3,13,14
3,14,15
3,15,16
3,16,17
3,17,18
3,18,19
3,19,20
3,20,21
3,21,22
3,22,23
3,23,24
3,24,25
3,25,26
3,26,27
3,27,28
3,28,29
3,29,30
3,30,31
3,31,32
3,32,33
3,33,34
3,34,35
3,35,36
3,36,37
3,37,38
3,38,39
3,39,40
3,40,41
3,41,42
3,42,43
3,43,44
3,44,45
3,45,46
3,46,47
3,47,48
3,48,49
3,49,50
3,50,51
3,51,52
3,52,53
3,53,54
3,54,55
3,55,56
3,56,57
3,57,58
3,58,59
3,59,60
3,60,61
3,61,62
3,62,63
3,63,64
3,64,65
3,65,66
3,66,67
3,67,68
3,68,69
3,69,70
3,70,71
3,71,72
3,72,73
3,73,74
3,74,75
3,75,76
3,76,77
3,77,78
3,78,79
3,79,80
3,80,81
3,81,82
3,82,83
3,83,84
3,84,85
3,85,86
3,86,87
3,87,88
3,88,89
3,89,90
3,90,91
3,91,92
3,92,93
3,93,94
3,94,95
3,95,96
3,96,97
3,97,98
3,98,99
3,99,100
3,100,101
3,101,102
3,102,103
3,103,104
3,104,105
3,105,106
3,106,107
3,107,108
3,108,109
3,109,110
3,110,111
3,111,112
3,112,113
3,113,114
3,114,115
3,115,116
3,116,117
3,117,118
3,118,119
3,119,120
3,120,121
3,121,122
3,122,123
3,123,124
3,124,125
3,125,126
3,126,127
3,127,128
3,128,129
3,129,130
3,130,131
3,131,132
3,132,133
3,133,134
3,134,135
3,135,136
3,136,137
3,137,138
3,138,139
3,139,140
3,140,141
3,141,142
3,142,143
3,143,144
3,144,145
3,145,146
3,146,147
3,147,148
3,148,149
3,149,150
3,150,151
3,151,152
3,152,153
3,153,154
3,154,155
3,155,156
3,156,157
3,157,158
3,158,159
3,159,160
3,160,161
3,161,162
3,162,163
3,163,164
3,164,165
3,165,166
3,166,167
3,167,168
3,168,169
3,169,170
3,170,171
3,171,172
3,172,173
3,173,174
3,174,175
3,175,176
3,176,177
3,177,178
3,178,179
3,179,180
3,180,181
3,181,182
3,182,183
3,183,184
3,184,185
3,185,186
3,186,187
3,187,188
3,188,189
3,189,190
3,190,191
3,191,192
3,192,193
3,193,194
3,194,195
3,195,196
3,196,197
3,197,198
3,198,199
3,199,200
3,200,201
3,201,202
3,202,203
3,203,204
3,204,205
3,205,206
3,206,207
3,207,208
3,208,209
3,209,210
3,210,211
3,211,212
3,212,213
3,213,214
3,214,215
3,215,216
3,216,217
3,217,218
3,218,219
3,219,220
3,220,221
3,221,222
3,222,223
3,223,224
3,224,225
3,225,226
3,226,227
3,227,228
3,228,229
3,229,230
3,230,231
3,231,232
3,232,233
3,233,234
3,234,235
3,235,236
3,236,237
3,237,238
3,238,239
3,239,240
3,240,241
3,241,242
3,242,243
3,243,244
3,244,245
3,245,246
3,246,247
3,247,248
3,248,249
3,249,250
3,250,251
3,251,252
3,252,253
3,253,254
3,254,255
3,255,255
4,0,1
4,1,2
4,2,3
4,3,4
4,4,5
4,5,6
4,6,7
4,7,8
4,8,9
4,9,10
4,10,11
4,11,12
4,12,13
4,13,14
4,14,15
4,15,16
4,16,17
4,17,18
4,18,19
4,19,20
4,20,21
4,21,22
4,22,23
4,23,24
4,24,25
4,25,26
4,26,27
4,27,28
4,28,29
4,29,30
4,30,31
4,31,32
4,32,33
4,33,34
4,34,35
4,35,36
4,36,37
4,37,38
4,38,39
4,39,40
4,40,41
4,41,42
4,42,43
4,43,44
4,44,45
4,45,46
4,46,47
4,47,48
4,48,49
4,49,50
4,50,51
4,51,52
4,52,53
4,53,54
4,54,55
4,55,56
4,56,57
4,57,58
4,58,59
4,59,60
4,60,61
4,61,62
4,62,63
4,63,64
4,64,65
4,65,66
4,66,67
4,67,68
4,68,69
4,69,70
4,70,71
4,71,72
4,72,73
4,73,74
4,74,75
4,75,76
4,76,77
4,77,78
4,78,79
4,79,80
4,80,81
4,81,82
4,82,83
4,83,84
4,84,85
4,85,86
4,86,87
4,87,88
4,88,89
4,89,90
4,90,91
4,91,92
4,92,93
4,93,94
4,94,95
4,95,96
4,96,97
4,97,98
4,98,99
4,99,100
4,100,101
4,101,102
4,102,103
4,103,104
4,104,105
4,105,106
4,106,107
4,107,108
4,108,109
4,109,110
4,110,111
4,111,112
4,112,113
4,113,114
4,114,115
4,115,116
4,116,117
4,117,118
4,118,119
4,119,120
4,120,121
4,121,122
4,122,123
4,123,124
4,124,125
4,125,126
4,126,127
4,127,128
4,128,129
4,129,130
4,130,131
4,131,132
4,132,133
4,133,134
4,134,135
4,135,136
4,136,137
4,137,138
4,138,139
4,139,140
4,140,141
4,141,142
4,142,143
4,143,144
4,144,145
4,145,146
4,146,147
4,147,148
4,148,149
4,149,150
4,150,151
4,151,152
4,152,153
4,153,154
4,154,155
4,155,156
4,156,157
4,157,158
4,158,159
4,159,160
4,160,161
4,161,162
4,162,163
4,163,164
4,164,165
4,165,166
4,166,167
4,167,168
4,168,169
4,169,170
4,170,171
4,171,172
4,172,173
4,173,174
4,174,175
4,175,176
4,176,177
4,177,178
4,178,179
4,179,180
4,180,181
4,181,182
4,182,183
4,183,184
4,184,185
4,185,186
4,186,187
4,187,188
4,188,189
4,189,190
4,190,191
4,191,192
4,192,193
4,193,194
4,194,195
4,195,196
4,196,197
4,197,198
4,198,199
4,199,200
4,200,201
4,201,202
4,202,203
4,203,204
4,204,205
4,205,206
4,206,207
4,207,208
4,208,209
4,209,210
4,210,211
4,211,212
4,212,213
4,213,214
4,214,215
4,215,216
4,216,217
4,217,218
4,218,219
4,219,220
4,220,221
4,221,222
4,222,223
4,223,224
4,224,225
4,225,226
4,226,227
4,227,228
4,228,229
4,229,230
4,230,231
4,231,232
4,232,233
4,233,234
4,234,235
4,235,236
4,236,237
4,237,238
4,238,239
4,239,240
4,240,241
4,241,242
4,242,243
4,243,244
4,244,245
4,245,246
4,246,247
4,247,248
4,248,249
4,249,250
4,250,251
4,251,252
4,252,253
4,253,254
4,254,255
4,255,255
5,0,1
5,1,2
5,2,3
5,3,4
5,4,5
5,5,6
5,6,7
5,7,8
5,8,9
5,9,10
5,10,11
5,11,12
5,12,13
5,13,14
5,14,15
5,15,16
5,16,17
5,17,18
5,18,19
5,19,20
5,20,21
5,21,22
5,22,23
5,23,24
5,24,25
5,25,26
5,26,27
5,27,28
5,28,29
5,29,30
5,30,31
5,31,32
5,32,33
5,33,34
5,34,35
5,35,36
5,36,37
5,37,38
5,38,39
5,39,40
5,40,41
5,41,42
5,42,43
5,43,44
5,44,45
5,45,46
5,46,47
5,47,48
5,48,49
5,49,50
5,50,51
5,51,52
5,52,53
5,53,54
5,54,55
5,55,56
5,56,57
5,57,58
5,58,59
5,59,60
5,60,61
5,61,62
5,62,63
5,63,64
5,64,65
5,65,66
5,66,67
5,67,68
5,68,69
5,69,70
5,70,71
5,71,72
5,72,73
5,73,74
5,74,75
5,75,76
5,76,77
5,77,78
5,78,79
5,79,80
5,80,81
5,81,82
5,82,83
5,83,84
5,84,85
5,85,86
5,86,87
5,87,88
5,88,89
5,89,90
5,90,91
5,91,92
5,92,93
5,93,94
5,94,95
5,95,96
5,96,97
5,97,98
5,98,99
5,99,100
5,100,101
5,101,102
5,102,103
5,103,104
5,104,105
5,105,106
5,106,107
5,107,108
5,108,109
5,109,110
5,110,111
5,111,112
5,112,113
5,113,114
5,114,115
5,115,116
5,116,117
5,117,118
5,118,119
5,119,120
5,120,121
5,121,122
5,122,123
5,123,124
5,124,125
5,125,126
5,126,127
5,127,128
5,128,129
5,129,130
5,130,131
5,131,132
5,132,133
5,133,134
5,134,135
5,135,136
5,136,137
5,137,138
5,138,139
5,139,140
5,140,141
5,141,142
5,142,143
5,143,144
5,144,145
5,145,146
5,146,147
5,147,148
5,148,149
5,149,150
5,150,151
5,151,152
5,152,153
5,153,154
5,154,155
5,155,156
5,156,157
5,157,158
5,158,159
5,159,160
5,160,161
5,161,162
5,162,163
5,163,164
5,164,165
5,165,166
5,166,167
5,167,168
5,168,169
5,169,170
5,170,171
5,171,172
5,172,173
5,173,174
5,174,175
5,175,176
5,176,177
5,177,178
5,178,179
5,179,180
5,180,181
5,181,182
5,182,183
5,183,184
5,184,185
5,185,186
5,186,187
5,187,188
5,188,189
5,189,190
5,190,191
5,191,192
5,192,193
5,193,194
5,194,195
5,195,196
5,196,197
5,197,198
5,198,199
5,199,200
5,200,201
5,201,202
5,202,203
5,203,204
5,204,205
5,205,206
5,206,207
5,207,208
5,208,209
5,209,210
5,210,211
5,211,212
5,212,213
5,213,214
5,214,215
5,215,216
5,216,217
5,217,218
5,218,219
5,219,220
5,220,221
5,221,222
5,222,223
5,223,224
5,224,225
5,225,226
5,226,227
5,227,228
5,228,229
5,229,230
5,230,231
5,231,232
5,232,233
5,233,234
5,234,235
5,235,236
5,236,237
5,237,238
5,238,239
5,239,240
5,240,241
5,241,242
5,242,243
5,243,244
5,244,245
5,245,246
5,246,247
5,247,248
5,248,249
5,249,250
5,250,251
5,251,252
5,252,253
5,253,254
5,254,255
5,255,255
6,0,1
6,1,2
6,2,3
6,3,4
6,4,5
6,5,6
6,6,7
6,7,8
6,8,9
6,9,10
6,10,11
6,11,12
6,12,13
6,13,14
6,14,15
6,15,16
6,16,17
6,17,18
6,18,19
6,19,20
6,20,21
6,21,22
6,22,23
6,23,24
6,24,25
6,25,26
6,26,27
6,27,28
6,28,29
6,29,30
6,30,31
6,31,32
6,32,33
6,33,34
6,34,35
6,35,36
6,36,37
6,37,38
6,38,39
6,39,40
6,40,41
6,41,42
6,42,43
6,43,44
6,44,45
6,45,46
6,46,47
6,47,48
6,48,49
6,49,50
6,50,51
6,51,52
6,52,53
6,53,54
6,54,55
6,55,56
6,56,57
6,57,58
6,58,59
6,59,60
6,60,61
6,61,62
6,62,63
6,63,64
6,64,65
6,65,66
6,66,67
6,67,68
6,68,69
6,69,70
6,70,71
6,71,72
6,72,73
6,73,74
6,74,75
6,75,76
6,76,77
6,77,78
6,78,79
6,79,80
6,80,81
6,81,82
6,82,83
6,83,84
6,84,85
6,85,86
6,86,87
6,87,88
6,88,89
6,89,90
6,90,91
6,91,92
6,92,93
6,93,94
6,94,95
6,95,96
6,96,97
6,97,98
6,98,99
6,99,100
6,100,101
6,101,102
6,102,103
6,103,104
6,104,105
6,105,106
6,106,107
6,107,108
6,108,109
6,109,110
6,110,111
6,111,112
6,112,113
6,113,114
6,114,115
6,115,116
6,116,117
6,117,118
6,118,119
6,119,120
6,120,121
6,121,122
6,122,123
6,123,124
6,124,125
6,125,126
6,126,127
6,127,128
6,128,129
6,129,130
6,130,131
6,131,132
6,132,133
6,133,134
6,134,135
6,135,136
6,136,137
6,137,138
6,138,139
6,139,140
6,140,141
6,141,142
6,142,143
6,143,144
6,144,145
6,145,146
6,146,147
6,147,148
6,148,149
6,149,150
6,150,151
6,151,152
6,152,153
6,153,154
6,154,155
6,155,156
6,156,157
6,157,158
6,158,159
6,159,160
6,160,161
6,161,162
6,162,163
6,163,164
6,164,165
6,165,166
6,166,167
6,167,168
6,168,169
6,169,170
6,170,171
6,171,172
6,172,173
6,173,174
6,174,175
6,175,176
6,176,177
6,177,178
6,178,179
6,179,180
6,180,181
6,181,182
6,182,183
6,183,184
6,184,185
6,185,186
6,186,187
6,187,188
6,188,189
6,189,190
6,190,191
6,191,192
6,192,193
6,193,194
6,194,195
6,195,196
6,196,197
6,197,198
6,198,199
6,199,200
6,200,201
6,201,202
6,202,203
6,203,204
6,204,205
6,205,206
6,206,207
6,207,208
6,208,209
6,209,210
6,210,211
6,211,212
6,212,213
6,213,214
6,214,215
6,215,216
6,216,217
6,217,218
6,218,219
6,219,220
6,220,221
6,221,222
6,222,223
6,223,224
6,224,225
6,225,226
6,226,227
6,227,228
6,228,229
6,229,230
6,230,231
6,231,232
6,232,233
6,233,234
6,234,235
6,235,236
6,236,237
6,237,238
6,238,239
6,239,240
6,240,241
6,241,242
6,242,243
6,243,244
6,244,245
6,245,246
6,246,247
6,247,248
6,248,249
6,249,250
6,250,251
6,251,252
6,252,253
6,253,254
6,254,255
6,255,255
7,0,1
7,1,2
7,2,3
7,3,4
7,4,5
7,5,6
7,6,7
7,7,8
7,8,9
7,9,10
7,10,11
7,11,12
7,12,13
7,13,14
7,14,15
7,15,16
7,16,17
7,17,18
7,18,19
7,19,20
7,20,21
7,21,22
7,22,23
7,23,24
7,24,25
7,25,26
7,26,27
7,27,28
7,28,29
7,29,30
7,30,31
7,31,32
7,32,33
7,33,34
7,34,35
7,35,36
7,36,37
7,37,38
7,38,39
7,39,40
7,40,41
7,41,42
7,42,43
7,43,44
7,44,45
7,45,46
7,46,47
7,47,48
7,48,49
7,49,50
7,50,51
7,51,52
7,52,53
7,53,54
7,54,55
7,55,56
7,56,57
7,57,58
7,58,59
7,59,60
7,60,61
7,61,62
7,62,63
7,63,64
7,64,65
7,65,66
7,66,67
7,67,68
7,68,69
7,69,70
7,70,71
7,71,72
7,72,73
7,73,74
7,74,75
7,75,76
7,76,77
7,77,78
7,78,79
7,79,80
7,80,81
7,81,82
7,82,83
7,83,84
7,84,85
7,85,86
7,86,87
7,87,88
7,88,89
7,89,90
7,90,91
7,91,92
7,92,93
7,93,94
7,94,95
7,95,96
7,96,97
7,97,98
7,98,99
7,99,100
7,100,101
7,101,102
7,102,103
7,103,104
7,104,105
7,105,106
7,106,107
7,107,108
7,108,109
7,109,110
7,110,111
7,111,112
7,112,113
7,113,114
7,114,115
7,115,116
7,116,117
7,117,118
7,118,119
7,119,120
7,120,121
7,121,122
7,122,123
7,123,124
7,124,125
7,125,126
7,126,127
7,127,128
7,128,129
7,129,130
7,130,131
7,131,132
7,132,133
7,133,134
7,134,135
7,135,136
7,136,137
7,137,138
7,138,139
7,139,140
7,140,141
7,141,142
7,142,143
7,143,144
7,144,145
7,145,146
7,146,147
7,147,148
7,148,149
7,149,150
7,150,151
7,151,152
7,152,153
7,153,154
7,154,155
7,155,156
7,156,157
7,157,158
7,158,159
7,159,160
7,160,161
7,161,162
7,162,163
7,163,164
7,164,165
7,165,166
7,166,167
7,167,168
7,168,169
7,169,170
7,170,171
7,171,172
7,172,173
7,173,174
7,174,175
7,175,176
7,176,177
7,177,178
7,178,179
7,179,180
7,180,181
7,181,182
7,182,183
7,183,184
7,184,185
7,185,186
7,186,187
7,187,188
7,188,189
7,189,190
7,190,191
7,191,192
7,192,193
7,193,194
7,194,195
7,195,196
7,196,197
7,197,198
7,198,199
7,199,200
7,200,201
7,201,202
7,202,203
7,203,204
7,204,205
7,205,206
7,206,207
7,207,208
7,208,209
7,209,210
7,210,211
7,211,212
7,212,213
7,213,214
7,214,215
7,215,216
7,216,217
7,217,218
7,218,219
7,219,220
7,220,221
7,221,222
7,222,223
7,223,224
7,224,225
7,225,226
7,226,227
7,227,228
7,228,229
7,229,230
7,230,231
7,231,232
7,232,233
7,233,234
7,234,235
7,235,236
7,236,237
7,237,238
7,238,239
7,239,240
7,240,241
7,241,242
7,242,243
7,243,244
7,244,245
7,245,246
7,246,247
7,247,248
7,248,249
7,249,250
7,250,251
7,251,252
7,252,253
7,253,254
7,254,255
7,255,255
8,0,1
8,1,2
8,2,3
8,3,4
8,4,5
8,5,6
8,6,7
8,7,8
8,8,9
8,9,10
8,10,11
8,11,12
8,12,13
8,13,14
8,14,15
8,15,16
8,16,17
8,17,18
8,18,19
8,19,20
8,20,21
8,21,22
8,22,23
8,23,24
8,24,25
8,25,26
8,26,27
8,27,28
8,28,29
8,29,30
8,30,31
8,31,32
8,32,33
8,33,34
8,34,35
8,35,36
8,36,37
8,37,38
8,38,39
8,39,40
8,40,41
8,41,42
8,42,43
8,43,44
8,44,45
8,45,46
8,46,47
8,47,48
8,48,49
8,49,50
8,50,51
8,51,52
8,52,53
8,53,54
8,54,55
8,55,56
8,56,57
8,57,58
8,58,59
8,59,60
8,60,61
8,61,62
8,62,63
8,63,64
8,64,65
8,65,66
8,66,67
8,67,68
8,68,69
8,69,70
8,70,71
8,71,72
8,72,73
8,73,74
8,74,75
8,75,76
8,76,77
8,77,78
8,78,79
8,79,80
8,80,81
8,81,82
8,82,83
8,83,84
8,84,85
8,85,86
8,86,87
8,87,88
8,88,89
8,89,90
8,90,91
8,91,92
8,92,93
8,93,94
8,94,95
8,95,96
8,96,97
8,97,98
8,98,99
8,99,100
8,100,101
8,101,102
8,102,103
8,103,104
8,104,105
8,105,106
8,106,107
8,107,108
8,108,109
8,109,110
8,110,111
8,111,112
8,112,113
8,113,114
8,114,115
8,115,116
8,116,117
8,117,118
8,118,119
8,119,120
8,120,121
8,121,122
8,122,123
8,123,124
8,124,125
8,125,126
8,126,127
8,127,128
8,128,129
8,129,130
8,130,131
8,131,132
8,132,133
8,133,134
8,134,135
8,135,136
8,136,137
8,137,138
8,138,139
8,139,140
8,140,141
8,141,142
8,142,143
8,143,144
8,144,145
8,145,146
8,146,147
8,147,148
8,148,149
8,149,150
8,150,151
8,151,152
8,152,153
8,153,154
8,154,155
8,155,156
8,156,157
8,157,158
8,158,159
8,159,160
8,160,161
8,161,162
8,162,163
8,163,164
8,164,165
8,165,166
8,166,167
8,167,168
8,168,169
8,169,170
8,170,171
8,171,172
8,172,173
8,173,174
8,174,175
8,175,176
8,176,177
8,177,178
8,178,179
8,179,180
8,180,181
8,181,182
8,182,183
8,183,184
8,184,185
8,185,186
8,186,187
8,187,188
8,188,189
8,189,190
8,190,191
8,191,192
8,192,193
8,193,194
8,194,195
8,195,196
8,196,197
8,197,198
8,198,199
8,199,200
8,200,201
8,201,202
8,202,203
8,203,204
8,204,205
8,205,206
8,206,207
8,207,208
8,208,209
8,209,210
8,210,211
8,211,212
8,212,213
8,213,214
8,214,215
8,215,216
8,216,217
8,217,218
8,218,219
8,219,220
8,220,221
8,221,222
8,222,223
8,223,224
8,224,225
8,225,226
8,226,227
8,227,228
8,228,229
8,229,230
8,230,231
8,231,232
8,232,233
8,233,234
8,234,235
8,235,236
8,236,237
8,237,238
8,238,239
8,239,240
8,240,241
8,241,242
8,242,243
8,243,244
8,244,245
8,245,246
8,246,247
8,247,248
8,248,249
8,249,250
8,250,251
8,251,252
8,252,253
8,253,254
8,254,255
8,255,255
9,0,1
9,1,2
9,2,3
9,3,4
9,4,5
9,5,6
9,6,7
9,7,8
9,8,9
9,9,10
9,10,11
9,11,12
9,12,13
9,13,14
9,14,15
9,15,16
9,16,17
9,17,18
9,18,19
9,19,20
9,20,21
9,21,22
9,22,23
9,23,24
9,24,25
9,25,26
9,26,27
9,27,28
9,28,29
9,29,30
9,30,31
9,31,32
9,32,33
9,33,34
9,34,35
9,35,36
9,36,37
9,37,38
9,38,39
9,39,40
9,40,41
9,41,42
9,42,43
9,43,44
9,44,45
9,45,46
9,46,47
9,47,48
9,48,49
9,49,50
9,50,51
9,51,52
9,52,53
9,53,54
9,54,55
9,55,56
9,56,57
9,57,58
9,58,59
9,59,60
9,60,61
9,61,62
9,62,63
9,63,64
9,64,65
9,65,66
9,66,67
9,67,68
9,68,69
9,69,70
9,70,71
9,71,72
9,72,73
9,73,74
9,74,75
9,75,76
9,76,77
9,77,78
9,78,79
9,79,80
9,80,81
9,81,82
9,82,83
9,83,84
9,84,85
9,85,86
9,86,87
9,87,88
9,88,89
9,89,90
9,90,91
9,91,92
9,92,93
9,93,94
9,94,95
9,95,96
9,96,97
9,97,98
9,98,99
9,99,100
9,100,101
9,101,102
9,102,103
9,103,104
9,104,105
9,105,106
9,106,107
9,107,108
9,108,109
9,109,110
9,110,111
9,111,112
9,112,113
9,113,114
9,114,115
9,115,116
9,116,117
9,117,118
9,118,119
9,119,120
9,120,121
9,121,122
9,122,123
9,123,124
9,124,125
9,125,126
9,126,127
9,127,128
9,128,129
9,129,130
9,130,131
9,131,132
9,132,133
9,133,134
9,134,135
9,135,136
9,136,137
9,137,138
9,138,139
9,139,140
9,140,141
9,141,142
9,142,143
9,143,144
9,144,145
9,145,146
9,146,147
9,147,148
9,148,149
9,149,150
9,150,151
9,151,152
9,152,153
9,153,154
9,154,155
9,155,156
9,156,157
9,157,158
9,158,159
9,159,160
9,160,161
9,161,162
9,162,163
9,163,164
9,164,165
9,165,166
9,166,167
9,167,168
9,168,169
9,169,170
9,170,171
9,171,172
9,172,173
9,173,174
9,174,175
9,175,176
9,176,177
9,177,178
9,178,179
9,179,180
9,180,181
9,181,182
9,182,183
9,183,184
9,184,185
9,185,186
9,186,187
9,187,188
9,188,189
9,189,190
9,190,191
9,191,192
9,192,193
9,193,194
9,194,195
9,195,196
9,196,197
9,197,198
9,198,199
9,199,200
9,200,201
9,201,202
9,202,203
9,203,204
9,204,205
9,205,206
9,206,207
9,207,208
9,208,209
9,209,210
9,210,211
9,211,212
9,212,213
9,213,214
9,214,215
9,215,216
9,216,217
9,217,218
9,218,219
9,219,220
9,220,221
9,221,222
9,222,223
9,223,224
9,224,225
9,225,226
9,226,227
9,227,228
9,228,229
9,229,230
9,230,231
9,231,232
9,232,233
9,233,234
9,234,235
9,235,236
9,236,237
9,237,238
9,238,239
9,239,240
9,240,241
9,241,242
9,242,243
9,243,244
9,244,245
9,245,246
9,246,247
9,247,248
9,248,249
9,249,250
9,250,251
9,251,252
9,252,253
9,253,254
9,254,255
9,255,255
10,0,1
10,1,2
10,2,3
10,3,4
10,4,5
10,5,6
10,6,7
10,7,8
10,8,9
10,9,10
10,10,11
10,11,12
10,12,13
10,13,14
10,14,15
10,15,16
10,16,17
10,17,18
10,18,19
10,19,20
10,20,21
10,21,22
10,22,23
10,23,24
10,24,25
10,25,26
10,26,27
10,27,28
10,28,29
10,29,30
10,30,31
10,31,32
10,32,33
10,33,34
10,34,35
10,35,36
10,36,37
10,37,38
10,38,39
10,39,40
10,40,41
10,41,42
10,42,43
10,43,44
10,44,45
10,45,46
10,46,47
10,47,48
10,48,49
10,49,50
10,50,51
10,51,52
10,52,53
10,53,54
10,54,55
10,55,56
10,56,57
10,57,58
10,58,59
10,59,60
10,60,61
10,61,62
10,62,63
10,63,64
10,64,65
10,65,66
10,66,67
10,67,68
10,68,69
10,69,70
10,70,71
10,71,72
10,72,73
10,73,74
10,74,75
10,75,76
10,76,77
10,77,78
10,78,79
10,79,80
10,80,81
10,81,82
10,82,83
10,83,84
10,84,85
10,85,86
10,86,87
10,87,88
10,88,89
10,89,90
10,90,91
10,91,92
10,92,93
10,93,94
10,94,95
10,95,96
10,96,97
10,97,98
10,98,99
10,99,100
10,100,101
10,101,102
10,102,103
10,103,104
10,104,105
10,105,106
10,106,107
10,107,108
10,108,109
10,109,110
10,110,111
10,111,112
10,112,113
10,113,114
10,114,115
10,115,116
10,116,117
10,117,118
10,118,119
10,119,120
10,120,121
10,121,122
10,122,123
10,123,124
10,124,125
10,125,126
10,126,127
10,127,128
10,128,129
10,129,130
10,130,131
10,131,132
10,132,133
10,133,134
10,134,135
10,135,136
10,136,137
10,137,138
10,138,139
10,139,140
10,140,141
10,141,142
10,142,143
10,143,144
10,144,145
10,145,146
10,146,147
10,147,148
10,148,149
10,149,150
10,150,151
10,151,152
10,152,153
10,153,154
10,154,155
10,155,156
10,156,157
10,157,158
10,158,159
10,159,160
10,160,161
10,161,162
10,162,163
10,163,164
10,164,165
10,165,166
10,166,167
10,167,168
10,168,169
10,169,170
10,170,171
10,171,172
10,172,173
10,173,174
10,174,175
10,175,176
10,176,177
10,177,178
10,178,179
10,179,180
10,180,181
10,181,182
10,182,183
10,183,184
10,184,185
10,185,186
10,186,187
10,187,188
10,188,189
10,189,190
10,190,191
10,191,192
10,192,193
10,193,194
10,194,195
10,195,196
10,196,197
10,197,198
10,198,199
10,199,200
10,200,201
10,201,202
10,202,203
10,203,204
10,204,205
10,205,206
10,206,207
10,207,208
10,208,209
10,209,210
10,210,211
10,211,212
10,212,213
10,213,214
10,214,215
10,215,216
10,216,217
10,217,218
10,218,219
10,219,220
10,220,221
10,221,222
10,222,223
10,223,224
10,224,225
10,225,226
10,226,227
10,227,228
10,228,229
10,229,230
10,230,231
10,231,232
10,232,233
10,233,234
10,234,235
10,235,236
10,236,237
10,237,238
10,238,239
10,239,240
10,240,241
10,241,242
10,242,243
10,243,244
10,244,245
10,245,246
10,246,247
10,247,248
10,248,249
10,249,250
10,250,251
10,251,252
10,252,253
10,253,254
10,254,255
10,255,255
11,0,1
11,1,2
11,2,3
11,3,4
11,4,5
11,5,6
11,6,7
11,7,8
11,8,9
11,9,10
11,10,11
11,11,12
11,12,13
11,13,14
11,14,15
11,15,16
11,16,17
11,17,18
11,18,19
11,19,20
11,20,21
11,21,22
11,22,23
11,23,24
11,24,25
11,25,26
11,26,27
11,27,28
11,28,29
11,29,30
11,30,31
11,31,32
11,32,33
11,33,34
11,34,35
11,35,36
11,36,37
11,37,38
11,38,39
11,39,40
11,40,41
11,41,42
11,42,43
11,43,44
11,44,45
11,45,46
11,46,47
11,47,48
11,48,49
11,49,50
11,50,51
11,51,52
11,52,53
11,53,54
11,54,55
11,55,56
11,56,57
11,57,58
11,58,59
11,59,60
11,60,61
11,61,62
11,62,63
11,63,64
11,64,65
11,65,66
11,66,67
11,67,68
11,68,69
11,69,70
11,70,71
11,71,72
11,72,73
11,73,74
11,74,75
11,75,76
11,76,77
11,77,78
11,78,79
11,79,80
11,80,81
11,81,82
11,82,83
11,83,84
11,84,85
11,85,86
11,86,87
11,87,88
11,88,89
11,89,90
11,90,91
11,91,92
11,92,93
11,93,94
11,94,95
11,95,96
11,96,97
11,97,98
11,98,99
11,99,100
11,100,101
11,101,102
11,102,103
11,103,104
11,104,105
11,105,106
11,106,107
11,107,108
11,108,109
11,109,110
11,110,111
11,111,112
11,112,113
11,113,114
11,114,115
11,115,116
11,116,117
11,117,118
11,118,119
11,119,120
11,120,121
11,121,122
11,122,123
11,123,124
11,124,125
11,125,126
11,126,127
11,127,128
11,128,129
11,129,130
11,130,131
11,131,132
11,132,133
11,133,134
11,134,135
11,135,136
11,136,137
11,137,138
11,138,139
11,139,140
11,140,141
11,141,142
11,142,143
11,143,144
11,144,145
11,145,146
11,146,147
11,147,148
11,148,149
11,149,150
11,150,151
11,151,152
11,152,153
11,153,154
11,154,155
11,155,156
11,156,157
11,157,158
11,158,159
11,159,160
11,160,161
11,161,162
11,162,163
11,163,164
11,164,165
11,165,166
11,166,167
11,167,168
11,168,169
11,169,170
11,170,171
11,171,172
11,172,173
11,173,174
11,174,175
11,175,176
11,176,177
11,177,178
11,178,179
11,179,180
11,180,181
11,181,182
11,182,183
11,183,184
11,184,185
11,185,186
11,186,187
11,187,188
11,188,189
11,189,190
11,190,191
11,191,192
11,192,193
11,193,194
11,194,195
11,195,196
11,196,197
11,197,198
11,198,199
11,199,200
11,200,201
11,201,202
11,202,203
11,203,204
11,204,205
11,205,206
11,206,207
11,207,208
11,208,209
11,209,210
11,210,211
11,211,212
11,212,213
11,213,214
11,214,215
11,215,216
11,216,217
11,217,218
11,218,219
11,219,220
11,220,221
11,221,222
11,222,223
11,223,224
11,224,225
11,225,226
11,226,227
11,227,228
11,228,229
11,229,230
11,230,231
11,231,232
11,232,233
11,233,234
11,234,235
11,235,236
11,236,237
11,237,238
11,238,239
11,239,240
11,240,241
11,241,242
11,242,243
11,243,244
11,244,245
11,245,246
11,246,247
11,247,248
11,248,249
11,249,250
11,250,251
11,251,252
11,252,253
11,253,254
11,254,255
11,255,255
12,0,1
12,1,2
12,2,3
12,3,4
12,4,5
12,5,6
12,6,7
12,7,8
12,8,9
12,9,10
12,10,11
12,11,12
12,12,13
12,13,14
12,14,15
12,15,16
12,16,17
12,17,18
12,18,19
12,19,20
12,20,21
12,21,22
12,22,23
12,23,24
12,24,25
12,25,26
12,26,27
12,27,28
12,28,29
12,29,30
12,30,31
12,31,32
12,32,33
12,33,34
12,34,35
12,35,36
12,36,37
12,37,38
12,38,39
12,39,40
12,40,41
12,41,42
12,42,43
12,43,44
12,44,45
12,45,46
12,46,47
12,47,48
12,48,49
12,49,50
12,50,51
12,51,52
12,52,53
12,53,54
12,54,55
12,55,56
12,56,57
12,57,58
12,58,59
12,59,60
12,60,61
12,61,62
12,62,63
12,63,64
12,64,65
12,65,66
12,66,67
12,67,68
12,68,69
12,69,70
12,70,71
12,71,72
12,72,73
12,73,74
12,74,75
12,75,76
12,76,77
12,77,78
12,78,79
12,79,80
12,80,81
12,81,82
12,82,83
12,83,84
12,84,85
12,85,86
12,86,87
12,87,88
12,88,89
12,89,90
12,90,91
12,91,92
12,92,93
12,93,94
12,94,95
12,95,96
12,96,97
12,97,98
12,98,99
12,99,100
12,100,101
12,101,102
12,102,103
12,103,104
12,104,105
12,105,106
12,106,107
12,107,108
12,108,109
12,109,110
12,110,111
12,111,112
12,112,113
12,113,114
12,114,115
12,115,116
12,116,117
12,117,118
12,118,119
12,119,120
12,120,121
12,121,122
12,122,123
12,123,124
12,124,125
12,125,126
12,126,127
12,127,128
12,128,129
12,129,130
12,130,131
12,131,132
12,132,133
12,133,134
12,134,135
12,135,136
12,136,137
12,137,138
12,138,139
12,139,140
12,140,141
12,141,142
12,142,143
12,143,144
12,144,145
12,145,146
12,146,147
12,147,148
12,148,149
12,149,150
12,150,151
12,151,152
12,152,153
12,153,154
12,154,155
12,155,156
12,156,157
12,157,158
12,158,159
12,159,160
12,160,161
12,161,162
12,162,163
12,163,164
12,164,165
12,165,166
12,166,167
12,167,168
12,168,169
12,169,170
12,170,171
12,171,172
12,172,173
12,173,174
12,174,175
12,175,176
12,176,177
12,177,178
12,178,179
12,179,180
12,180,181
12,181,182
12,182,183
12,183,184
12,184,185
12,185,186
12,186,187
12,187,188
12,188,189
12,189,190
12,190,191
12,191,192
12,192,193
12,193,194
12,194,195
12,195,196
12,196,197
12,197,198
12,198,199
12,199,200
12,200,201
12,201,202
12,202,203
12,203,204
12,204,205
12,205,206
12,206,207
12,207,208
12,208,209
12,209,210
12,210,211
12,211,212
12,212,213
12,213,214
12,214,215
12,215,216
12,216,217
12,217,218
12,218,219
12,219,220
12,220,221
12,221,222
12,222,223
12,223,224
12,224,225
12,225,226
12,226,227
12,227,228
12,228,229
12,229,230
12,230,231
12,231,232
12,232,233
12,233,234
12,234,235
12,235,236
12,236,237
12,237,238
12,238,239
12,239,240
12,240,241
12,241,242
12,242,243
12,243,244
12,244,245
12,245,246
12,246,247
12,247,248
12,248,249
12,249,250
12,250,251
12,251,252
12,252,253
12,253,254
12,254,255
12,255,255
13,0,1
13,1,2
13,2,3
13,3,4
13,4,5
13,5,6
13,6,7
13,7,8
13,8,9
13,9,10
13,10,11
13,11,12
13,12,13
13,13,14
13,14,15
13,15,16
13,16,17
13,17,18
13,18,19
13,19,20
13,20,21
13,21,22
13,22,23
13,23,24
13,24,25
13,25,26
13,26,27
13,27,28
13,28,29
13,29,30
13,30,31
13,31,32
13,32,33
13,33,34
13,34,35
13,35,36
13,36,37
13,37,38
13,38,39
13,39,40
13,40,41
13,41,42
13,42,43
13,43,44
13,44,45
13,45,46
13,46,47
13,47,48
13,48,49
13,49,50
13,50,51
13,51,52
13,52,53
13,53,54
13,54,55
13,55,56
13,56,57
13,57,58
13,58,59
13,59,60
13,60,61
13,61,62
13,62,63
13,63,64
13,64,65
13,65,66
13,66,67
13,67,68
13,68,69
13,69,70
13,70,71
13,71,72
13,72,73
13,73,74
13,74,75
13,75,76
13,76,77
13,77,78
13,78,79
13,79,80
13,80,81
13,81,82
13,82,83
13,83,84
13,84,85
13,85,86
13,86,87
13,87,88
13,88,89
13,89,90
13,90,91
13,91,92
13,92,93
13,93,94
13,94,95
13,95,96
13,96,97
13,97,98
13,98,99
13,99,100
13,100,101
13,101,102
13,102,103
13,103,104
13,104,105
13,105,106
13,106,107
13,107,108
13,108,109
13,109,110
13,110,111
13,111,112
13,112,113
13,113,114
13,114,115
13,115,116
13,116,117
13,117,118
13,118,119
13,119,120
13,120,121
13,121,122
13,122,123
13,123,124
13,124,125
13,125,126
13,126,127
13,127,128
13,128,129
13,129,130
13,130,131
13,131,132
13,132,133
13,133,134
13,134,135
13,135,136
13,136,137
13,137,138
13,138,139
13,139,140
13,140,141
13,141,142
13,142,143
13,143,144
13,144,145
13,145,146
13,146,147
13,147,148
13,148,149
13,149,150
13,150,151
13,151,152
13,152,153
13,153,154
13,154,155
13,155,156
13,156,157
13,157,158
13,158,159
13,159,160
13,160,161
13,161,162
13,162,163
13,163,164
13,164,165
13,165,166
13,166,167
13,167,168
13,168,169
13,169,170
13,170,171
13,171,172
13,172,173
13,173,174
13,174,175
13,175,176
13,176,177
13,177,178
13,178,179
13,179,180
13,180,181
13,181,182
13,182,183
13,183,184
13,184,185
13,185,186
13,186,187
13,187,188
13,188,189
13,189,190
13,190,191
13,191,192
13,192,193
13,193,194
13,194,195
13,195,196
13,196,197
13,197,198
13,198,199
13,199,200
13,200,201
13,201,202
13,202,203
13,203,204
13,204,205
13,205,206
13,206,207
13,207,208
13,208,209
13,209,210
13,210,211
13,211,212
13,212,213
13,213,214
13,214,215
13,215,216
13,216,217
13,217,218
13,218,219
13,219,220
13,220,221
13,221,222
13,222,223
13,223,224
13,224,225
13,225,226
13,226,227
13,227,228
13,228,229
13,229,230
13,230,231
13,231,232
13,232,233
13,233,234
13,234,235
13,235,236
13,236,237
13,237,238
13,238,239
13,239,240
13,240,241
13,241,242
13,242,243
13,243,244
13,244,245
13,245,246
13,246,247
13,247,248
13,248,249
13,249,250
13,250,251
13,251,252
13,252,253
13,253,254
13,254,255
13,255,255
14,0,1
14,1,2
14,2,3
14,3,4
14,4,5
14,5,6
14,6,7
14,7,8
14,8,9
14,9,10
14,10,11
14,11,12
14,12,13
14,13,14
14,14,15
14,15,16
14,16,17
14,17,18
14,18,19
14,19,20
14,20,21
14,21,22
14,22,23
14,23,24
14,24,25
14,25,26
14,26,27
14,27,28
14,28,29
14,29,30
14,30,31
14,31,32
14,32,33
14,33,34
14,34,35
14,35,36
14,36,37
14,37,38
14,38,39
14,39,40
14,40,41
14,41,42
14,42,43
14,43,44
14,44,45
14,45,46
14,46,47
14,47,48
14,48,49
14,49,50
14,50,51
14,51,52
14,52,53
14,53,54
14,54,55
14,55,56
14,56,57
14,57,58
14,58,59
14,59,60
14,60,61
14,61,62
14,62,63
14,63,64
14,64,65
14,65,66
14,66,67
14,67,68
14,68,69
14,69,70
14,70,71
14,71,72
14,72,73
14,73,74
14,74,75
14,75,76
14,76,77
14,77,78
14,78,79
14,79,80
14,80,81
14,81,82
14,82,83
14,83,84
14,84,85
14,85,86
14,86,87
14,87,88
14,88,89
14,89,90
14,90,91
14,91,92
14,92,93
14,93,94
14,94,95
14,95,96
14,96,97
14,97,98
14,98,99
14,99,100
14,100,101
14,101,102
14,102,103
14,103,104
14,104,105
14,105,106
14,106,107
14,107,108
14,108,109
14,109,110
14,110,111
14,111,112
14,112,113
14,113,114
14,114,115
14,115,116
14,116,117
14,117,118
14,118,119
14,119,120
14,120,121
14,121,122
14,122,123
14,123,124
14,124,125
14,125,126
14,126,127
14,127,128
14,128,129
14,129,130
14,130,131
14,131,132
14,132,133
14,133,134
14,134,135
14,135,136
14,136,137
14,137,138
14,138,139
14,139,140
14,140,141
14,141,142
14,142,143
14,143,144
14,144,145
14,145,146
14,146,147
14,147,148
14,148,149
14,149,150
14,150,151
14,151,152
14,152,153
14,153,154
14,154,155
14,155,156
14,156,157
14,157,158
14,158,159
14,159,160
14,160,161
14,161,162
14,162,163
14,163,164
14,164,165
14,165,166
14,166,167
14,167,168
14,168,169
14,169,170
14,170,171
14,171,172
14,172,173
14,173,174
14,174,175
14,175,176
14,176,177
14,177,178
14,178,179
14,179,180
14,180,181
14,181,182
14,182,183
14,183,184
14,184,185
14,185,186
14,186,187
14,187,188
14,188,189
14,189,190
14,190,191
14,191,192
14,192,193
14,193,194
14,194,195
14,195,196
14,196,197
14,197,198
14,198,199
14,199,200
14,200,201
14,201,202
14,202,203
14,203,204
14,204,205
14,205,206
14,206,207
14,207,208
14,208,209
14,209,210
14,210,211
14,211,212
14,212,213
14,213,214
14,214,215
14,215,216
14,216,217
14,217,218
14,218,219
14,219,220
14,220,221
14,221,222
14,222,223
14,223,224
14,224,225
14,225,226
14,226,227
14,227,228
14,228,229
14,229,230
14,230,231
14,231,232
14,232,233
14,233,234
14,234,235
14,235,236
14,236,237
14,237,238
14,238,239
14,239,240
14,240,241
14,241,242
14,242,243
14,243,244
14,244,245
14,245,246
14,246,247
14,247,248
14,248,249
14,249,250
14,250,251
14,251,252
14,252,253
14,253,254
14,254,255
14,255,255
15,0,1
15,1,2
15,2,3
15,3,4
15,4,5
15,5,6
15,6,7
15,7,8
15,8,9
15,9,10
15,10,11
15,11,12
15,12,13
15,13,14
15,14,15
15,15,16
15,16,17
15,17,18
15,18,19
15,19,20
15,20,21
15,21,22
15,22,23
15,23,24
15,24,25
15,25,26
15,26,27
15,27,28
15,28,29
15,29,30
15,30,31
15,31,32
15,32,33
15,33,34
15,34,35
15,35,36
15,36,37
15,37,38
15,38,39
15,39,40
15,40,41
15,41,42
15,42,43
15,43,44
15,44,45
15,45,46
15,46,47
15,47,48
15,48,49
15,49,50
15,50,51
15,51,52
15,52,53
15,53,54
15,54,55
15,55,56
15,56,57
15,57,58
15,58,59
15,59,60
15,60,61
15,61,62
15,62,63
15,63,64
15,64,65
15,65,66
15,66,67
15,67,68
15,68,69
15,69,70
15,70,71
15,71,72
15,72,73
15,73,74
15,74,75
15,75,76
15,76,77
15,77,78
15,78,79
15,79,80
15,80,81
15,81,82
15,82,83
15,83,84
15,84,85
15,85,86
15,86,87
15,87,88
15,88,89
15,89,90
15,90,91
15,91,92
15,92,93
15,93,94
15,94,95
15,95,96
15,96,97
15,97,98
15,98,99
15,99,100
15,100,101
15,101,102
15,102,103
15,103,104
15,104,105
15,105,106
15,106,107
15,107,108
15,108,109
15,109,110
15,110,111
15,111,112
15,112,113
15,113,114
15,114,115
15,115,116
15,116,117
15,117,118
15,118,119
15,119,120
15,120,121
15,121,122
15,122,123
15,123,124
15,124,125
15,125,126
15,126,127
15,127,128
15,128,129
15,129,130
15,130,131
15,131,132
15,132,133
15,133,134
15,134,135
15,135,136
15,136,137
15,137,138
15,138,139
15,139,140
15,140,141
15,141,142
15,142,143
15,143,144
15,144,145
15,145,146
15,146,147
15,147,148
15,148,149
15,149,150
15,150,151
15,151,152
15,152,153
15,153,154
15,154,155
15,155,156
15,156,157
15,157,158
15,158,159
15,159,160
15,160,161
15,161,162
15,162,163
15,163,164
15,164,165
15,165,166
15,166,167
15,167,168
15,168,169
15,169,170
15,170,171
15,171,172
15,172,173
15,173,174
15,174,175
15,175,176
15,176,177
15,177,178
15,178,179
15,179,180
15,180,181
15,181,182
15,182,183
15,183,184
15,184,185
15,185,186
15,186,187
15,187,188
15,188,189
15,189,190
15,190,191
15,191,192
15,192,193
15,193,194
15,194,195
15,195,196
15,196,197
15,197,198
15,198,199
15,199,200
15,200,201
15,201,202
15,202,203
15,203,204
15,204,205
15,205,206
15,206,207
15,207,208
15,208,209
15,209,210
15,210,211
15,211,212
15,212,213
15,213,214
15,214,215
15,215,216
15,216,217
15,217,218
15,218,219
15,219,220
15,220,221
15,221,222
15,222,223
15,223,224
15,224,225
15,225,226
15,226,227
15,227,228
15,228,229
15,229,230
15,230,231
15,231,232
15,232,233
15,233,234
15,234,235
15,235,236
15,236,237
15,237,238
15,238,239
15,239,240
15,240,241
15,241,242
15,242,243
15,243,244
15,244,245
15,245,246
15,246,247
15,247,248
15,248,249
15,249,250
15,250,251
15,251,252
15,252,253
15,253,254
15,254,255
15,255,255
16,0,1
16,1,2
16,2,3
16,3,4
16,4,5
16,5,6
16,6,7
16,7,8
16,8,9
16,9,10
16,10,11
16,11,12
16,12,13
16,13,14
16,14,15
16,15,16
16,16,17
16,17,18
16,18,19
16,19,20
16,20,21
16,21,22
16,22,23
16,23,24
16,24,25
16,25,26
16,26,27
16,27,28
16,28,29
16,29,30
16,30,31
16,31,32
16,32,33
16,33,34
16,34,35
16,35,36
16,36,37
16,37,38
16,38,39
16,39,40
16,40,41
16,41,42
16,42,43
16,43,44
16,44,45
16,45,46
16,46,47
16,47,48
16,48,49
16,49,50
16,50,51
16,51,52
16,52,53
16,53,54
16,54,55
16,55,56
16,56,57
16,57,58
16,58,59
16,59,60
16,60,61
16,61,62
16,62,63
16,63,64
16,64,65
16,65,66
16,66,67
16,67,68
16,68,69
16,69,70
16,70,71
16,71,72
16,72,73
16,73,74
16,74,75
16,75,76
16,76,77
16,77,78
16,78,79
16,79,80
16,80,81
16,81,82
16,82,83
16,83,84
16,84,85
16,85,86
16,86,87
16,87,88
16,88,89
16,89,90
16,90,91
16,91,92
16,92,93
16,93,94
16,94,95
16,95,96
16,96,97
16,97,98
16,98,99
16,99,100
16,100,101
16,101,102
16,102,103
16,103,104
16,104,105
16,105,106
16,106,107
16,107,108
16,108,109
16,109,110
16,110,111
16,111,112
16,112,113
16,113,114
16,114,115
16,115,116
16,116,117
16,117,118
16,118,119
16,119,120
16,120,121
16,121,122
16,122,123
16,123,124
16,124,125
16,125,126
16,126,127
16,127,128
16,128,129
16,129,130
16,130,131
16,131,132
16,132,133
16,133,134
16,134,135
16,135,136
16,136,137
16,137,138
16,138,139
16,139,140
16,140,141
16,141,142
16,142,143
16,143,144
16,144,145
16,145,146
16,146,147
16,147,148
16,148,149
16,149,150
16,150,151
16,151,152
16,152,153
16,153,154
16,154,155
16,155,156
16,156,157
16,157,158
16,158,159
16,159,160
16,160,161
16,161,162
16,162,163
16,163,164
16,164,165
16,165,166
16,166,167
16,167,168
16,168,169
16,169,170
16,170,171
16,171,172
16,172,173
16,173,174
16,174,175
16,175,176
16,176,177
16,177,178
16,178,179
16,179,180
16,180,181
16,181,182
16,182,183
16,183,184
16,184,185
16,185,186
16,186,187
16,187,188
16,188,189
16,189,190
16,190,191
16,191,192
16,192,193
16,193,194
16,194,195
16,195,196
16,196,197
16,197,198
16,198,199
16,199,200
16,200,201
16,201,202
16,202,203
16,203,204
16,204,205
16,205,206
16,206,207
16,207,208
16,208,209
16,209,210
16,210,211
16,211,212
16,212,213
16,213,214
16,214,215
16,215,216
16,216,217
16,217,218
16,218,219
16,219,220
16,220,221
16,221,222
16,222,223
16,223,224
16,224,225
16,225,226
16,226,227
16,227,228
16,228,229
16,229,230
16,230,231
16,231,232
16,232,233
16,233,234
16,234,235
16,235,236
16,236,237
16,237,238
16,238,239
16,239,240
16,240,241
16,241,242
16,242,243
16,243,244
16,244,245
16,245,246
16,246,247
16,247,248
16,248,249
16,249,250
16,250,251
16,251,252
16,252,253
16,253,254
16,254,255
16,255,255
17,0,1
17,1,2
17,2,3
17,3,4
17,4,5
17,5,6
17,6,7
17,7,8
17,8,9
17,9,10
17,10,11
17,11,12
17,12,13
17,13,14
17,14,15
17,15,16
17,16,17
17,17,18
17,18,19
17,19,20
17,20,21
17,21,22
17,22,23
17,23,24
17,24,25
17,25,26
17,26,27
17,27,28
17,28,29
17,29,30
17,30,31
17,31,32
17,32,33
17,33,34
17,34,35
17,35,36
17,36,37
17,37,38
17,38,39
17,39,40
17,40,41
17,41,42
17,42,43
17,43,44
17,44,45
17,45,46
17,46,47
17,47,48
17,48,49
17,49,50
17,50,51
17,51,52
17,52,53
17,53,54
17,54,55
17,55,56
17,56,57
17,57,58
17,58,59
17,59,60
17,60,61
17,61,62
17,62,63
17,63,64
17,64,65
17,65,66
17,66,67
17,67,68
17,68,69
17,69,70
17,70,71
17,71,72
17,72,73
17,73,74
17,74,75
17,75,76
17,76,77
17,77,78
17,78,79
17,79,80
17,80,81
17,81,82
17,82,83
17,83,84
17,84,85
17,85,86
17,86,87
17,87,88
17,88,89
17,89,90
17,90,91
17,91,92
17,92,93
17,93,94
17,94,95
17,95,96
17,96,97
17,97,98
17,98,99
17,99,100
17,100,101
17,101,102
17,102,103
17,103,104
17,104,105
17,105,106
17,106,107
17,107,108
17,108,109
17,109,110
17,110,111
17,111,112
17,112,113
17,113,114
17,114,115
17,115,116
17,116,117
17,117,118
17,118,119
17,119,120
17,120,121
17,121,122
17,122,123
17,123,124
17,124,125
17,125,126
17,126,127
17,127,128
17,128,129
17,129,130
17,130,131
17,131,132
17,132,133
17,133,134
17,134,135
17,135,136
17,136,137
17,137,138
17,138,139
17,139,140
17,140,141
17,141,142
17,142,143
17,143,144
17,144,145
17,145,146
17,146,147
17,147,148
17,148,149
17,149,150
17,150,151
17,151,152
17,152,153
17,153,154
17,154,155
17,155,156
17,156,157
17,157,158
17,158,159
17,159,160
17,160,161
17,161,162
17,162,163
17,163,164
17,164,165
17,165,166
17,166,167
17,167,168
17,168,169
17,169,170
17,170,171
17,171,172
17,172,173
17,173,174
17,174,175
17,175,176
17,176,177
17,177,178
17,178,179
17,179,180
17,180,181
17,181,182
17,182,183
17,183,184
17,184,185
17,185,186
17,186,187
17,187,188
17,188,189
17,189,190
17,190,191
17,191,192
17,192,193
17,193,194
17,194,195
17,195,196
17,196,197
17,197,198
17,198,199
17,199,200
17,200,201
17,201,202
17,202,203
17,203,204
17,204,205
17,205,206
17,206,207
17,207,208
17,208,209
17,209,210
17,210,211
17,211,212
17,212,213
17,213,214
17,214,215
17,215,216
17,216,217
17,217,218
17,218,219
17,219,220
17,220,221
17,221,222
17,222,223
17,223,224
17,224,225
17,225,226
17,226,227
17,227,228
17,228,229
17,229,230
17,230,231
17,231,232
17,232,233
17,233,234
17,234,235
17,235,236
17,236,237
17,237,238
17,238,239
17,239,240
17,240,241
17,241,242
17,242,243
17,243,244
17,244,245
17,245,246
17,246,247
17,247,248
17,248,249
17,249,250
17,250,251
17,251,252
17,252,253
17,253,254
17,254,255
17,255,255
18,0,1
18,1,2
18,2,3
18,3,4
18,4,5
18,5,6
18,6,7
18,7,8
18,8,9
18,9,10
18,10,11
18,11,12
18,12,13
18,13,14
18,14,15
18,15,16
18,16,17
18,17,18
18,18,19
18,19,20
18,20,21
18,21,22
18,22,23
18,23,24
18,24,25
18,25,26
18,26,27
18,27,28
18,28,29
18,29,30
18,30,31
18,31,32
18,32,33
18,33,34
18,34,35
18,35,36
18,36,37
18,37,38
18,38,39
18,39,40
18,40,41
18,41,42
18,42,43
18,43,44
18,44,45
18,45,46
18,46,47
18,47,48
18,48,49
18,49,50
18,50,51
18,51,52
18,52,53
18,53,54
18,54,55
18,55,56
18,56,57
18,57,58
18,58,59
18,59,60
18,60,61
18,61,62
18,62,63
18,63,64
18,64,65
18,65,66
18,66,67
18,67,68
18,68,69
18,69,70
18,70,71
18,71,72
18,72,73
18,73,74
18,74,75
18,75,76
18,76,77
18,77,78
18,78,79
18,79,80
18,80,81
18,81,82
18,82,83
18,83,84
18,84,85
18,85,86
18,86,87
18,87,88
18,88,89
18,89,90
18,90,91
18,91,92
18,92,93
18,93,94
18,94,95
18,95,96
18,96,97
18,97,98
18,98,99
18,99,100
18,100,101
18,101,102
18,102,103
18,103,104
18,104,105
18,105,106
18,106,107
18,107,108
18,108,109
18,109,110
18,110,111
18,111,112
18,112,113
18,113,114
18,114,115
18,115,116
18,116,117
18,117,118
18,118,119
18,119,120
18,120,121
18,121,122
18,122,123
18,123,124
18,124,125
18,125,126
18,126,127
18,127,128
18,128,129
18,129,130
18,130,131
18,131,132
18,132,133
18,133,134
18,134,135
18,135,136
18,136,137
18,137,138
18,138,139
18,139,140
18,140,141
18,141,142
18,142,143
18,143,144
18,144,145
18,145,146
18,146,147
18,147,148
18,148,149
18,149,150
18,150,151
18,151,152
18,152,153
18,153,154
18,154,155
18,155,156
18,156,157
18,157,158
18,158,159
18,159,160
18,160,161
18,161,162
18,162,163
18,163,164
18,164,165
18,165,166
18,166,167
18,167,168
18,168,169
18,169,170
18,170,171
18,171,172
18,172,173
18,173,174
18,174,175
18,175,176
18,176,177
18,177,178
18,178,179
18,179,180
18,180,181
18,181,182
18,182,183
18,183,184
18,184,185
18,185,186
18,186,187
18,187,188
18,188,189
18,189,190
18,190,191
18,191,192
18,192,193
18,193,194
18,194,195
18,195,196
18,196,197
18,197,198
18,198,199
18,199,200
18,200,201
18,201,202
18,202,203
18,203,204
18,204,205
18,205,206
18,206,207
18,207,208
18,208,209
18,209,210
18,210,211
18,211,212
18,212,213
18,213,214
18,214,215
18,215,216
18,216,217
18,217,218
18,218,219
18,219,220
18,220,221
18,221,222
18,222,223
18,223,224
18,224,225
18,225,226
18,226,227
18,227,228
18,228,229
18,229,230
18,230,231
18,231,232
18,232,233
18,233,234
18,234,235
18,235,236
18,236,237
18,237,238
18,238,239
18,239,240
18,240,241
18,241,242
18,242,243
18,243,244
18,244,245
18,245,246
18,246,247
18,247,248
18,248,249
18,249,250
18,250,251
18,251,252
18,252,253
18,253,254
18,254,255
18,255,255
19,0,1
19,1,2
19,2,3
19,3,4
19,4,5
19,5,6
19,6,7
19,7,8
19,8,9
19,9,10
19,10,11
19,11,12
19,12,13
19,13,14
19,14,15
19,15,16
19,16,17
19,17,18
19,18,19
19,19,20
19,20,21
19,21,22
19,22,23
19,23,24
19,24,25
19,25,26
19,26,27
19,27,28
19,28,29
19,29,30
19,30,31
19,31,32
19,32,33
19,33,34
19,34,35
19,35,36
19,36,37
19,37,38
19,38,39
19,39,40
19,40,41
19,41,42
19,42,43
19,43,44
19,44,45
19,45,46
19,46,47
19,47,48
19,48,49
19,49,50
19,50,51
19,51,52
19,52,53
19,53,54
19,54,55
19,55,56
19,56,57
19,57,58
19,58,59
19,59,60
19,60,61
19,61,62
19,62,63
19,63,64
19,64,65
19,65,66
19,66,67
19,67,68
19,68,69
19,69,70
19,70,71
19,71,72
19,72,73
19,73,74
19,74,75
19,75,76
19,76,77
19,77,78
19,78,79
19,79,80
19,80,81
19,81,82
19,82,83
19,83,84
19,84,85
19,85,86
19,86,87
19,87,88
19,88,89
19,89,90
19,90,91
19,91,92
19,92,93
19,93,94
19,94,95
19,95,96
19,96,97
19,97,98
19,98,99
19,99,100
19,100,101
19,101,102
19,102,103
19,103,104
19,104,105
19,105,106
19,106,107
19,107,108
19,108,109
19,109,110
19,110,111
19,111,112
19,112,113
19,113,114
19,114,115
19,115,116
19,116,117
19,117,118
19,118,119
19,119,120
19,120,121
19,121,122
19,122,123
19,123,124
19,124,125
19,125,126
19,126,127
19,127,128
19,128,129
19,129,130
19,130,131
19,131,132
19,132,133
19,133,134
19,134,135
19,135,136
19,136,137
19,137,138
19,138,139
19,139,140
19,140,141
19,141,142
19,142,143
19,143,144
19,144,145
19,145,146
19,146,147
19,147,148
19,148,149
19,149,150
19,150,151
19,151,152
19,152,153
19,153,154
19,154,155
19,155,156
19,156,157
19,157,158
19,158,159
19,159,160
19,160,161
19,161,162
19,162,163
19,163,164
19,164,165
19,165,166
19,166,167
19,167,168
19,168,169
19,169,170
19,170,171
19,171,172
19,172,173
19,173,174
19,174,175
19,175,176
19,176,177
19,177,178
19,178,179
19,179,180
19,180,181
19,181,182
19,182,183
19,183,184
19,184,185
19,185,186
19,186,187
19,187,188
19,188,189
19,189,190
19,190,191
19,191,192
19,192,193
19,193,194
19,194,195
19,195,196
19,196,197
19,197,198
19,198,199
19,199,200
19,200,201
19,201,202
19,202,203
19,203,204
19,204,205
19,205,206
19,206,207
19,207,208
19,208,209
19,209,210
19,210,211
19,211,212
19,212,213
19,213,214
19,214,215
19,215,216
19,216,217
19,217,218
19,218,219
19,219,220
19,220,221
19,221,222
19,222,223
19,223,224
19,224,225
19,225,226
19,226,227
19,227,228
19,228,229
19,229,230
19,230,231
19,231,232
19,232,233
19,233,234
19,234,235
19,235,236
19,236,237
19,237,238
19,238,239
19,239,240
19,240,241
19,241,242
19,242,243
19,243,244
19,244,245
19,245,246
19,246,247
19,247,248
19,248,249
19,249,250
19,250,251
19,251,252
19,252,253
19,253,254
19,254,255
19,255,255
20,0,1
20,1,2
20,2,3
20,3,4
20,4,5
20,5,6
20,6,7
20,7,8
20,8,9
20,9,10
20,10,11
20,11,12
20,12,13
20,13,14
20,14,15
20,15,16
20,16,17
20,17,18
20,18,19
20,19,20
20,20,21
20,21,22
20,22,23
20,23,24
20,24,25
20,25,26
20,26,27
20,27,28
20,28,29
20,29,30
20,30,31
20,31,32
20,32,33
20,33,34
20,34,35
20,35,36
20,36,37
20,37,38
20,38,39
20,39,40
20,40,41
20,41,42
20,42,43
20,43,44
20,44,45
20,45,46
20,46,47
20,47,48
20,48,49
20,49,50
20,50,51
20,51,52
20,52,53
20,53,54
20,54,55
20,55,56
20,56,57
20,57,58
20,58,59
20,59,60
20,60,61
20,61,62
20,62,63
20,63,64
20,64,65
20,65,66
20,66,67
20,67,68
20,68,69
20,69,70
20,70,71
20,71,72
20,72,73
20,73,74
20,74,75
20,75,76
20,76,77
20,77,78
20,78,79
20,79,80
20,80,81
20,81,82
20,82,83
20,83,84
20,84,85
20,85,86
20,86,87
20,87,88
20,88,89
20,89,90
20,90,91
20,91,92
20,92,93
20,93,94
20,94,95
20,95,96
20,96,97
20,97,98
20,98,99
20,99,100
20,100,101
20,101,102
20,102,103
20,103,104
20,104,105
20,105,106
20,106,107
20,107,108
20,108,109
20,109,110
20,110,111
20,111,112
20,112,113
20,113,114
20,114,115
20,115,116
20,116,117
20,117,118
20,118,119
20,119,120
20,120,121
20,121,122
20,122,123
20,123,124
20,124,125
20,125,126
20,126,127
20,127,128
20,128,129
20,129,130
20,130,131
20,131,132
20,132,133
20,133,134
20,134,135
20,135,136
20,136,137
20,137,138
20,138,139
20,139,140
20,140,141
20,141,142
20,142,143
20,143,144
20,144,145
20,145,146
20,146,147
20,147,148
20,148,149
20,149,150
20,150,151
20,151,152
20,152,153
20,153,154
20,154,155
20,155,156
20,156,157
20,157,158
20,158,159
20,159,160
20,160,161
20,161,162
20,162,163
20,163,164
20,164,165
20,165,166
20,166,167
20,167,168
20,168,169
20,169,170
20,170,171
20,171,172
20,172,173
20,173,174
20,174,175
20,175,176
20,176,177
20,177,178
20,178,179
20,179,180
20,180,181
20,181,182
20,182,183
20,183,184
20,184,185
20,185,186
20,186,187
20,187,188
20,188,189
20,189,190
20,190,191
20,191,192
20,192,193
20,193,194
20,194,195
20,195,196
20,196,197
20,197,198
20,198,199
20,199,200
20,200,201
20,201,202
20,202,203
20,203,204
20,204,205
20,205,206
20,206,207
20,207,208
20,208,209
20,209,210
20,210,211
20,211,212
20,212,213
20,213,214
20,214,215
20,215,216
20,216,217
20,217,218
20,218,219
20,219,220
20,220,221
20,221,222
20,222,223
20,223,224
20,224,225
20,225,226
20,226,227
20,227,228
20,228,229
20,229,230
20,230,231
20,231,232
20,232,233
20,233,234
20,234,235
20,235,236
20,236,237
20,237,238
20,238,239
20,239,240
20,240,241
20,241,242
20,242,243
20,243,244
20,244,245
20,245,246
20,246,247
20,247,248
20,248,249
20,249,250
20,250,251
20,251,252
20,252,253
20,253,254
20,254,255
20,255,255
21,0,1
21,1,2
21,2,3
21,3,4
21,4,5
21,5,6
21,6,7
21,7,8
21,8,9
21,9,10
21,10,11
21,11,12
21,12,13
21,13,14
21,14,15
21,15,16
21,16,17
21,17,18
21,18,19
21,19,20
21,20,21
21,21,22
21,22,23
21,23,24
21,24,25
21,25,26
21,26,27
21,27,28
21,28,29
21,29,30
21,30,31
21,31,32
21,32,33
21,33,34
21,34,35
21,35,36
21,36,37
21,37,38
21,38,39
21,39,40
21,40,41
21,41,42
21,42,43
21,43,44
21,44,45
21,45,46
21,46,47
21,47,48
21,48,49
21,49,50
21,50,51
21,51,52
21,52,53
21,53,54
21,54,55
21,55,56
21,56,57
21,57,58
21,58,59
21,59,60
21,60,61
21,61,62
21,62,63
21,63,64
21,64,65
21,65,66
21,66,67
21,67,68
21,68,69
21,69,70
21,70,71
21,71,72
21,72,73
21,73,74
21,74,75
21,75,76
21,76,77
21,77,78
21,78,79
21,79,80
21,80,81
21,81,82
21,82,83
21,83,84
21,84,85
21,85,86
21,86,87
21,87,88
21,88,89
21,89,90
21,90,91
21,91,92
21,92,93
21,93,94
21,94,95
21,95,96
21,96,97
21,97,98
21,98,99
21,99,100
21,100,101
21,101,102
21,102,103
21,103,104
21,104,105
21,105,106
21,106,107
21,107,108
21,108,109
21,109,110
21,110,111
21,111,112
21,112,113
21,113,114
21,114,115
21,115,116
21,116,117
21,117,118
21,118,119
21,119,120
21,120,121
21,121,122
21,122,123
21,123,124
21,124,125
21,125,126
21,126,127
21,127,128
21,128,129
21,129,130
21,130,131
21,131,132
21,132,133
21,133,134
21,134,135
21,135,136
21,136,137
21,137,138
21,138,139
21,139,140
21,140,141
21,141,142
21,142,143
21,143,144
21,144,145
21,145,146
21,146,147
21,147,148
21,148,149
21,149,150
21,150,151
21,151,152
21,152,153
21,153,154
21,154,155
21,155,156
21,156,157
21,157,158
21,158,159
21,159,160
21,160,161
21,161,162
21,162,163
21,163,164
21,164,165
21,165,166
21,166,167
21,167,168
21,168,169
21,169,170
21,170,171
21,171,172
21,172,173
21,173,174
21,174,175
21,175,176
21,176,177
21,177,178
21,178,179
21,179,180
21,180,181
21,181,182
21,182,183
21,183,184
21,184,185
21,185,186
21,186,187
21,187,188
21,188,189
21,189,190
21,190,191
21,191,192
21,192,193
21,193,194
21,194,195
21,195,196
21,196,197
21,197,198
21,198,199
21,199,200
21,200,201
21,201,202
21,202,203
21,203,204
21,204,205
21,205,206
21,206,207
21,207,208
21,208,209
21,209,210
21,210,211
21,211,212
21,212,213
21,213,214
21,214,215
21,215,216
21,216,217
21,217,218
21,218,219
21,219,220
21,220,221
21,221,222
21,222,223
21,223,224
21,224,225
21,225,226
21,226,227
21,227,228
21,228,229
21,229,230
21,230,231
21,231,232
21,232,233
21,233,234
21,234,235
21,235,236
21,236,237
21,237,238
21,238,239
21,239,240
21,240,241
21,241,242
21,242,243
21,243,244
21,244,245
21,245,246
21,246,247
21,247,248
21,248,249
21,249,250
21,250,251
21,251,252
21,252,253
21,253,254
21,254,255
21,255,255
22,0,1
22,1,2
22,2,3
22,3,4
22,4,5
22,5,6
22,6,7
22,7,8
22,8,9
22,9,10
22,10,11
22,11,12
22,12,13
22,13,14
22,14,15
22,15,16
22,16,17
22,17,18
22,18,19
22,19,20
22,20,21
22,21,22
22,22,23
22,23,24
22,24,25
22,25,26
22,26,27
22,27,28
22,28,29
22,29,30
22,30,31
22,31,32
22,32,33
22,33,34
22,34,35
22,35,36
22,36,37
22,37,38
22,38,39
22,39,40
22,40,41
22,41,42
22,42,43
22,43,44
22,44,45
22,45,46
22,46,47
22,47,48
22,48,49
22,49,50
22,50,51
22,51,52
22,52,53
22,53,54
22,54,55
22,55,56
22,56,57
22,57,58
22,58,59
22,59,60
22,60,61
22,61,62
22,62,63
22,63,64
22,64,65
22,65,66
22,66,67
22,67,68
22,68,69
22,69,70
22,70,71
22,71,72
22,72,73
22,73,74
22,74,75
22,75,76
22,76,77
22,77,78
22,78,79
22,79,80
22,80,81
22,81,82
22,82,83
22,83,84
22,84,85
22,85,86
22,86,87
22,87,88
22,88,89
22,89,90
22,90,91
22,91,92
22,92,93
22,93,94
22,94,95
22,95,96
22,96,97
22,97,98
22,98,99
22,99,100
22,100,101
22,101,102
22,102,103
22,103,104
22,104,105
22,105,106
22,106,107
22,107,108
22,108,109
22,109,110
22,110,111
22,111,112
22,112,113
22,113,114
22,114,115
22,115,116
22,116,117
22,117,118
22,118,119
22,119,120
22,120,121
22,121,122
22,122,123
22,123,124
22,124,125
22,125,126
22,126,127
22,127,128
22,128,129
22,129,130
22,130,131
22,131,132
22,132,133
22,133,134
22,134,135
22,135,136
22,136,137
22,137,138
22,138,139
22,139,140
22,140,141
22,141,142
22,142,143
22,143,144
22,144,145
22,145,146
22,146,147
22,147,148
22,148,149
22,149,150
22,150,151
22,151,152
22,152,153
22,153,154
22,154,155
22,155,156
22,156,157
22,157,158
22,158,159
22,159,160
22,160,161
22,161,162
22,162,163
22,163,164
22,164,165
22,165,166
22,166,167
22,167,168
22,168,169
22,169,170
22,170,171
22,171,172
22,172,173
22,173,174
22,174,175
22,175,176
22,176,177
22,177,178
22,178,179
22,179,180
22,180,181
22,181,182
22,182,183
22,183,184
22,184,185
22,185,186
22,186,187
22,187,188
22,188,189
22,189,190
22,190,191
22,191,192
22,192,193
22,193,194
22,194,195
22,195,196
22,196,197
22,197,198
22,198,199
22,199,200
22,200,201
22,201,202
22,202,203
22,203,204
22,204,205
22,205,206
22,206,207
22,207,208
22,208,209
22,209,210
22,210,211
22,211,212
22,212,213
22,213,214
22,214,215
22,215,216
22,216,217
22,217,218
22,218,219
22,219,220
22,220,221
22,221,222
22,222,223
22,223,224
22,224,225
22,225,226
22,226,227
22,227,228
22,228,229
22,229,230
22,230,231
22,231,232
22,232,233
22,233,234
22,234,235
22,235,236
22,236,237
22,237,238
22,238,239
22,239,240
22,240,241
22,241,242
22,242,243
22,243,244
22,244,245
22,245,246
22,246,247
22,247,248
22,248,249
22,249,250
22,250,251
22,251,252
22,252,253
22,253,254
22,254,255
22,255,255
23,0,1
23,1,2
23,2,3
23,3,4
23,4,5
23,5,6
23,6,7
23,7,8
23,8,9
23,9,10
23,10,11
23,11,12
23,12,13
23,13,14
23,14,15
23,15,16
23,16,17
23,17,18
23,18,19
23,19,20
23,20,21
23,21,22
23,22,23
23,23,24
23,24,25
23,25,26
23,26,27
23,27,28
23,28,29
23,29,30
23,30,31
23,31,32
23,32,33
23,33,34
23,34,35
23,35,36
23,36,37
23,37,38
23,38,39
23,39,40
23,40,41
23,41,42
23,42,43
23,43,44
23,44,45
23,45,46
23,46,47
23,47,48
23,48,49
23,49,50
23,50,51
23,51,52
23,52,53
23,53,54
23,54,55
23,55,56
23,56,57
23,57,58
23,58,59
23,59,60
23,60,61
23,61,62
23,62,63
23,63,64
23,64,65
23,65,66
23,66,67
23,67,68
23,68,69
23,69,70
23,70,71
23,71,72
23,72,73
23,73,74
23,74,75
23,75,76
23,76,77
23,77,78
23,78,79
23,79,80
23,80,81
23,81,82
23,82,83
23,83,84
23,84,85
23,85,86
23,86,87
23,87,88
23,88,89
23,89,90
23,90,91
23,91,92
23,92,93
23,93,94
23,94,95
23,95,96
23,96,97
23,97,98
23,98,99
23,99,100
23,100,101
23,101,102
23,102,103
23,103,104
23,104,105
23,105,106
23,106,107
23,107,108
23,108,109
23,109,110
23,110,111
23,111,112
23,112,113
23,113,114
23,114,115
23,115,116
23,116,117
23,117,118
23,118,119
23,119,120
23,120,121
23,121,122
23,122,123
23,123,124
23,124,125
23,125,126
23,126,127
23,127,128
23,128,129
23,129,130
23,130,131
23,131,132
23,132,133
23,133,134
23,134,135
23,135,136
23,136,137
23,137,138
23,138,139
23,139,140
23,140,141
23,141,142
23,142,143
23,143,144
23,144,145
23,145,146
23,146,147
23,147,148
23,148,149
23,149,150
23,150,151
23,151,152
23,152,153
23,153,154
23,154,155
23,155,156
23,156,157
23,157,158
23,158,159
23,159,160
23,160,161
23,161,162
23,162,163
23,163,164
23,164,165
23,165,166
23,166,167
23,167,168
23,168,169
23,169,170
23,170,171
23,171,172
23,172,173
23,173,174
23,174,175
23,175,176
23,176,177
23,177,178
23,178,179
23,179,180
23,180,181
23,181,182
23,182,183
23,183,184
23,184,185
23,185,186
23,186,187
23,187,188
23,188,189
23,189,190
23,190,191
23,191,192
23,192,193
23,193,194
23,194,195
23,195,196
23,196,197
23,197,198
23,198,199
23,199,200
23,200,201
23,201,202
23,202,203
23,203,204
23,204,205
23,205,206
23,206,207
23,207,208
23,208,209
23,209,210
23,210,211
23,211,212
23,212,213
23,213,214
23,214,215
23,215,216
23,216,217
23,217,218
23,218,219
23,219,220
23,220,221
23,221,222
23,222,223
23,223,224
23,224,225
23,225,226
23,226,227
23,227,228
23,228,229
23,229,230
23,230,231
23,231,232
23,232,233
23,233,234
23,234,235
23,235,236
23,236,237
23,237,238
23,238,239
23,239,240
23,240,241
23,241,242
23,242,243
23,243,244
23,244,245
23,245,246
23,246,247
23,247,248
23,248,249
23,249,250
23,250,251
23,251,252
23,252,253
23,253,254
23,254,255
23,255,255
24,0,1
24,1,2
24,2,3
24,3,4
24,4,5
24,5,6
24,6,7
24,7,8
24,8,9
24,9,10
24,10,11
24,11,12
24,12,13
24,13,14
24,14,15
24,15,16
24,16,17
24,17,18
24,18,19
24,19,20
24,20,21
24,21,22
24,22,23
24,23,24
24,24,25
24,25,26
24,26,27
24,27,28
24,28,29
24,29,30
24,30,31
24,31,32
24,32,33
24,33,34
24,34,35
24,35,36
24,36,37
24,37,38
24,38,39
24,39,40
24,40,41
24,41,42
24,42,43
24,43,44
24,44,45
24,45,46
24,46,47
24,47,48
24,48,49
24,49,50
24,50,51
24,51,52
24,52,53
24,53,54
24,54,55
24,55,56
24,56,57
24,57,58
24,58,59
24,59,60
24,60,61
24,61,62
24,62,63
24,63,64
24,64,65
24,65,66
24,66,67
24,67,68
24,68,69
24,69,70
24,70,71
24,71,72
24,72,73
24,73,74
24,74,75
24,75,76
24,76,77
24,77,78
24,78,79
24,79,80
24,80,81
24,81,82
24,82,83
24,83,84
24,84,85
24,85,86
24,86,87
24,87,88
24,88,89
24,89,90
24,90,91
24,91,92
24,92,93
24,93,94
24,94,95
24,95,96
24,96,97
24,97,98
24,98,99
24,99,100
24,100,101
24,101,102
24,102,103
24,103,104
24,104,105
24,105,106
24,106,107
24,107,108
24,108,109
24,109,110
24,110,111
24,111,112
24,112,113
24,113,114
24,114,115
24,115,116
24,116,117
24,117,118
24,118,119
24,119,120
24,120,121
24,121,122
24,122,123
24,123,124
24,124,125
24,125,126
24,126,127
24,127,128
24,128,129
24,129,130
24,130,131
24,131,132
24,132,133
24,133,134
24,134,135
24,135,136
24,136,137
24,137,138
24,138,139
24,139,140
24,140,141
24,141,142
24,142,143
24,143,144
24,144,145
24,145,146
24,146,147
24,147,148
24,148,149
24,149,150
24,150,151
24,151,152
24,152,153
24,153,154
24,154,155
24,155,156
24,156,157
24,157,158
24,158,159
24,159,160
24,160,161
24,161,162
24,162,163
24,163,164
24,164,165
24,165,166
24,166,167
24,167,168
24,168,169
24,169,170
24,170,171
24,171,172
24,172,173
24,173,174
24,174,175
24,175,176
24,176,177
24,177,178
24,178,179
24,179,180
24,180,181
24,181,182
24,182,183
24,183,184
24,184,185
24,185,186
24,186,187
24,187,188
24,188,189
24,189,190
24,190,191
24,191,192
24,192,193
24,193,194
24,194,195
24,195,196
24,196,197
24,197,198
24,198,199
24,199,200
24,200,201
24,201,202
24,202,203
24,203,204
24,204,205
24,205,206
24,206,207
24,207,208
24,208,209
24,209,210
24,210,211
24,211,212
24,212,213
24,213,214
24,214,215
24,215,216
24,216,217
24,217,218
24,218,219
24,219,220
24,220,221
24,221,222
24,222,223
24,223,224
24,224,225
24,225,226
24,226,227
24,227,228
24,228,229
24,229,230
24,230,231
24,231,232
24,232,233
24,233,234
24,234,235
24,235,236
24,236,237
24,237,238
24,238,239
24,239,240
24,240,241
24,241,242
24,242,243
24,243,244
24,244,245
24,245,246
24,246,247
24,247,248
24,248,249
24,249,250
24,250,251
24,251,252
24,252,253
24,253,254
24,254,255
24,255,255
25,0,1
25,1,2
25,2,3
25,3,4
25,4,5
25,5,6
25,6,7
25,7,8
25,8,9
25,9,10
25,10,11
25,11,12
25,12,13
25,13,14
25,14,15
25,15,16
25,16,17
25,17,18
25,18,19
25,19,20
25,20,21
25,21,22
25,22,23
25,23,24
25,24,25
25,25,26
25,26,27
25,27,28
25,28,29
25,29,30
25,30,31
25,31,32
25,32,33
25,33,34
25,34,35
25,35,36
25,36,37
25,37,38
25,38,39
25,39,40
25,40,41
25,41,42
25,42,43
25,43,44
25,44,45
25,45,46
25,46,47
25,47,48
25,48,49
25,49,50
25,50,51
25,51,52
25,52,53
25,53,54
25,54,55
25,55,56
25,56,57
25,57,58
25,58,59
25,59,60
25,60,61
25,61,62
25,62,63
25,63,64
25,64,65
25,65,66
25,66,67
25,67,68
25,68,69
25,69,70
25,70,71
25,71,72
25,72,73
25,73,74
25,74,75
25,75,76
25,76,77
25,77,78
25,78,79
25,79,80
25,80,81
25,81,82
25,82,83
25,83,84
25,84,85
25,85,86
25,86,87
25,87,88
25,88,89
25,89,90
25,90,91
25,91,92
25,92,93
25,93,94
25,94,95
25,95,96
25,96,97
25,97,98
25,98,99
25,99,100
25,100,101
25,101,102
25,102,103
25,103,104
25,104,105
25,105,106
25,106,107
25,107,108
25,108,109
25,109,110
25,110,111
25,111,112
25,112,113
25,113,114
25,114,115
25,115,116
25,116,117
25,117,118
25,118,119
25,119,120
25,120,121
25,121,122
25,122,123
25,123,124
25,124,125
25,125,126
25,126,127
25,127,128
25,128,129
25,129,130
25,130,131
25,131,132
25,132,133
25,133,134
25,134,135
25,135,136
25,136,137
25,137,138
25,138,139
25,139,140
25,140,141
25,141,142
25,142,143
25,143,144
25,144,145
25,145,146
25,146,147
25,147,148
25,148,149
25,149,150
25,150,151
25,151,152
25,152,153
25,153,154
25,154,155
25,155,156
25,156,157
25,157,158
25,158,159
25,159,160
25,160,161
25,161,162
25,162,163
25,163,164
25,164,165
25,165,166
25,166,167
25,167,168
25,168,169
25,169,170
25,170,171
25,171,172
25,172,173
25,173,174
25,174,175
25,175,176
25,176,177
25,177,178
25,178,179
25,179,180
25,180,181
25,181,182
25,182,183
25,183,184
25,184,185
25,185,186
25,186,187
25,187,188
25,188,189
25,189,190
25,190,191
25,191,192
25,192,193
25,193,194
25,194,195
25,195,196
25,196,197
25,197,198
25,198,199
25,199,200
25,200,201
25,201,202
25,202,203
25,203,204
25,204,205
25,205,206
25,206,207
25,207,208
25,208,209
25,209,210
25,210,211
25,211,212
25,212,213
25,213,214
25,214,215
25,215,216
25,216,217
25,217,218
25,218,219
25,219,220
25,220,221
25,221,222
25,222,223
25,223,224
25,224,225
25,225,226
25,226,227
25,227,228
25,228,229
25,229,230
25,230,231
25,231,232
25,232,233
25,233,234
25,234,235
25,235,236
25,236,237
25,237,238
25,238,239
25,239,240
25,240,241
25,241,242
25,242,243
25,243,244
25,244,245
25,245,246
25,246,247
25,247,248
25,248,249
25,249,250
25,250,251
25,251,252
25,252,253
25,253,254
25,254,255
25,255,255
26,0,1
26,1,2
26,2,3
26,3,4
26,4,5
26,5,6
26,6,7
26,7,8
26,8,9
26,9,10
26,10,11
26,11,12
26,12,13
26,13,14
26,14,15
26,15,16
26,16,17
26,17,18
26,18,19
26,19,20
26,20,21
26,21,22
26,22,23
26,23,24
26,24,25
26,25,26
26,26,27
26,27,28
26,28,29
26,29,30
26,30,31
26,31,32
26,32,33
26,33,34
26,34,35
26,35,36
26,36,37
26,37,38
26,38,39
26,39,40
26,40,41
26,41,42
26,42,43
26,43,44
26,44,45
26,45,46
26,46,47
26,47,48
26,48,49
26,49,50
26,50,51
26,51,52
26,52,53
26,53,54
26,54,55
26,55,56
26,56,57
26,57,58
26,58,59
26,59,60
26,60,61
26,61,62
26,62,63
26,63,64
26,64,65
26,65,66
26,66,67
26,67,68
26,68,69
26,69,70
26,70,71
26,71,72
26,72,73
26,73,74
26,74,75
26,75,76
26,76,77
26,77,78
26,78,79
26,79,80
26,80,81
26,81,82
26,82,83
26,83,84
26,84,85
26,85,86
26,86,87
26,87,88
26,88,89
26,89,90
26,90,91
26,91,92
26,92,93
26,93,94
26,94,95
26,95,96
26,96,97
26,97,98
26,98,99
26,99,100
26,100,101
26,101,102
26,102,103
26,103,104
26,104,105
26,105,106
26,106,107
26,107,108
26,108,109
26,109,110
26,110,111
26,111,112
26,112,113
26,113,114
26,114,115
26,115,116
26,116,117
26,117,118
26,118,119
26,119,120
26,120,121
26,121,122
26,122,123
26,123,124
26,124,125
26,125,126
26,126,127
26,127,128
26,128,129
26,129,130
26,130,131
26,131,132
26,132,133
26,133,134
26,134,135
26,135,136
26,136,137
26,137,138
26,138,139
26,139,140
26,140,141
26,141,142
26,142,143
26,143,144
26,144,145
26,145,146
26,146,147
26,147,148
26,148,149
26,149,150
26,150,151
26,151,152
26,152,153
26,153,154
26,154,155
26,155,156
26,156,157
26,157,158
26,158,159
26,159,160
26,160,161
26,161,162
26,162,163
26,163,164
26,164,165
26,165,166
26,166,167
26,167,168
26,168,169
26,169,170
26,170,171
26,171,172
26,172,173
26,173,174
26,174,175
26,175,176
26,176,177
26,177,178
26,178,179
26,179,180
26,180,181
26,181,182
26,182,183
26,183,184
26,184,185
26,185,186
26,186,187
26,187,188
26,188,189
26,189,190
26,190,191
26,191,192
26,192,193
26,193,194
26,194,195
26,195,196
26,196,197
26,197,198
26,198,199
26,199,200
26,200,201
26,201,202
26,202,203
26,203,204
26,204,205
26,205,206
26,206,207
26,207,208
26,208,209
26,209,210
26,210,211
26,211,212
26,212,213
26,213,214
26,214,215
26,215,216
26,216,217
26,217,218
26,218,219
26,219,220
26,220,221
26,221,222
26,222,223
26,223,224
26,224,225
26,225,226
26,226,227
26,227,228
26,228,229
26,229,230
26,230,231
26,231,232
26,232,233
26,233,234
26,234,235
26,235,236
26,236,237
26,237,238
26,238,239
26,239,240
26,240,241
26,241,242
26,242,243
26,243,244
26,244,245
26,245,246
26,246,247
26,247,248
26,248,249
26,249,250
26,250,251
26,251,252
26,252,253
26,253,254
26,254,255
26,255,255
27,0,1
27,1,2
27,2,3
27,3,4
27,4,5
27,5,6
27,6,7
27,7,8
27,8,9
27,9,10
27,10,11
27,11,12
27,12,13
27,13,14
27,14,15
27,15,16
27,16,17
27,17,18
27,18,19
27,19,20
27,20,21
27,21,22
27,22,23
27,23,24
27,24,25
27,25,26
27,26,27
27,27,28
27,28,29
27,29,30
27,30,31
27,31,32
27,32,33
27,33,34
27,34,35
27,35,36
27,36,37
27,37,38
27,38,39
27,39,40
27,40,41
27,41,42
27,42,43
27,43,44
27,44,45
27,45,46
27,46,47
27,47,48
27,48,49
27,49,50
27,50,51
27,51,52
27,52,53
27,53,54
27,54,55
27,55,56
27,56,57
27,57,58
27,58,59
27,59,60
27,60,61
27,61,62
27,62,63
27,63,64
27,64,65
27,65,66
27,66,67
27,67,68
27,68,69
27,69,70
27,70,71
27,71,72
27,72,73
27,73,74
27,74,75
27,75,76
27,76,77
27,77,78
27,78,79
27,79,80
27,80,81
27,81,82
27,82,83
27,83,84
27,84,85
27,85,86
27,86,87
27,87,88
27,88,89
27,89,90
27,90,91
27,91,92
27,92,93
27,93,94
27,94,95
27,95,96
27,96,97
27,97,98
27,98,99
27,99,100
27,100,101
27,101,102
27,102,103
27,103,104
27,104,105
27,105,106
27,106,107
27,107,108
27,108,109
27,109,110
27,110,111
27,111,112
27,112,113
27,113,114
27,114,115
27,115,116
27,116,117
27,117,118
27,118,119
27,119,120
27,120,121
27,121,122
27,122,123
27,123,124
27,124,125
27,125,126
27,126,127
27,127,128
27,128,129
27,129,130
27,130,131
27,131,132
27,132,133
27,133,134
27,134,135
27,135,136
27,136,137
27,137,138
27,138,139
27,139,140
27,140,141
27,141,142
27,142,143
27,143,144
27,144,145
27,145,146
27,146,147
27,147,148
27,148,149
27,149,150
27,150,151
27,151,152
27,152,153
27,153,154
27,154,155
27,155,156
27,156,157
27,157,158
27,158,159
27,159,160
27,160,161
27,161,162
27,162,163
27,163,164
27,164,165
27,165,166
27,166,167
27,167,168
27,168,169
27,169,170
27,170,171
27,171,172
27,172,173
27,173,174
27,174,175
27,175,176
27,176,177
27,177,178
27,178,179
27,179,180
27,180,181
27,181,182
27,182,183
27,183,184
27,184,185
27,185,186
27,186,187
27,187,188
27,188,189
27,189,190
27,190,191
27,191,192
27,192,193
27,193,194
27,194,195
27,195,196
27,196,197
27,197,198
27,198,199
27,199,200
27,200,201
27,201,202
27,202,203
27,203,204
27,204,205
27,205,206
27,206,207
27,207,208
27,208,209
27,209,210
27,210,211
27,211,212
27,212,213
27,213,214
27,214,215
27,215,216
27,216,217
27,217,218
27,218,219
27,219,220
27,220,221
27,221,222
27,222,223
27,223,224
27,224,225
27,225,226
27,226,227
27,227,228
27,228,229
27,229,230
27,230,231
27,231,232
27,232,233
27,233,234
27,234,235
27,235,236
27,236,237
27,237,238
27,238,239
27,239,240
27,240,241
27,241,242
27,242,243
27,243,244
27,244,245
27,245,246
27,246,247
27,247,248
27,248,249
27,249,250
27,250,251
27,251,252
27,252,253
27,253,254
27,254,255
27,255,255
28,0,1
28,1,2
28,2,3
28,3,4
28,4,5
28,5,6
28,6,7
28,7,8
28,8,9
28,9,10
28,10,11
28,11,12
28,12,13
28,13,14
28,14,15
28,15,16
28,16,17
28,17,18
28,18,19
28,19,20
28,20,21
28,21,22
28,22,23
28,23,24
28,24,25
28,25,26
28,26,27
28,27,28
28,28,29
28,29,30
28,30,31
28,31,32
28,32,33
28,33,34
28,34,35
28,35,36
28,36,37
28,37,38
28,38,39
28,39,40
28,40,41
28,41,42
28,42,43
28,43,44
28,44,45
28,45,46
28,46,47
28,47,48
28,48,49
28,49,50
28,50,51
28,51,52
28,52,53
28,53,54
28,54,55
28,55,56
28,56,57
28,57,58
28,58,59
28,59,60
28,60,61
28,61,62
28,62,63
28,63,64
28,64,65
28,65,66
28,66,67
28,67,68
28,68,69
28,69,70
28,70,71
28,71,72
28,72,73
28,73,74
28,74,75
28,75,76
28,76,77
28,77,78
28,78,79
28,79,80
28,80,81
28,81,82
28,82,83
28,83,84
28,84,85
28,85,86
28,86,87
28,87,88
28,88,89
28,89,90
28,90,91
28,91,92
28,92,93
28,93,94
28,94,95
28,95,96
28,96,97
28,97,98
28,98,99
28,99,100
28,100,101
28,101,102
28,102,103
28,103,104
28,104,105
28,105,106
28,106,107
28,107,108
28,108,109
28,109,110
28,110,111
28,111,112
28,112,113
28,113,114
28,114,115
28,115,116
28,116,117
28,117,118
28,118,119
28,119,120
28,120,121
28,121,122
28,122,123
28,123,124
28,124,125
28,125,126
28,126,127
28,127,128
28,128,129
28,129,130
28,130,131
28,131,132
28,132,133
28,133,134
28,134,135
28,135,136
28,136,137
28,137,138
28,138,139
28,139,140
28,140,141
28,141,142
28,142,143
28,143,144
28,144,145
28,145,146
28,146,147
28,147,148
28,148,149
28,149,150
28,150,151
28,151,152
28,152,153
28,153,154
28,154,155
28,155,156
28,156,157
28,157,158
28,158,159
28,159,160
28,160,161
28,161,162
28,162,163
28,163,164
28,164,165
28,165,166
28,166,167
28,167,168
28,168,169
28,169,170
28,170,171
28,171,172
28,172,173
28,173,174
28,174,175
28,175,176
28,176,177
28,177,178
28,178,179
28,179,180
28,180,181
28,181,182
28,182,183
28,183,184
28,184,185
28,185,186
28,186,187
28,187,188
28,188,189
28,189,190
28,190,191
28,191,192
28,192,193
28,193,194
28,194,195
28,195,196
28,196,197
28,197,198
28,198,199
28,199,200
28,200,201
28,201,202
28,202,203
28,203,204
28,204,205
28,205,206
28,206,207
28,207,208
28,208,209
28,209,210
28,210,211
28,211,212
28,212,213
28,213,214
28,214,215
28,215,216
28,216,217
28,217,218
28,218,219
28,219,220
28,220,221
28,221,222
28,222,223
28,223,224
28,224,225
28,225,226
28,226,227
28,227,228
28,228,229
28,229,230
28,230,231
28,231,232
28,232,233
28,233,234
28,234,235
28,235,236
28,236,237
28,237,238
28,238,239
28,239,240
28,240,241
28,241,242
28,242,243
28,243,244
28,244,245
28,245,246
28,246,247
28,247,248
28,248,249
28,249,250
28,250,251
28,251,252
28,252,253
28,253,254
28,254,255
28,255,255
29,0,1
29,1,2
29,2,3
29,3,4
29,4,5
29,5,6
29,6,7
29,7,8
29,8,9
29,9,10
29,10,11
29,11,12
29,12,13
29,13,14
29,14,15
29,15,16
29,16,17
29,17,18
29,18,19
29,19,20
29,20,21
29,21,22
29,22,23
29,23,24
29,24,25
29,25,26
29,26,27
29,27,28
29,28,29
29,29,30
29,30,31
29,31,32
29,32,33
29,33,34
29,34,35
29,35,36
29,36,37
29,37,38
29,38,39
29,39,40
29,40,41
29,41,42
29,42,43
29,43,44
29,44,45
29,45,46
29,46,47
29,47,48
29,48,49
29,49,50
29,50,51
29,51,52
29,52,53
29,53,54
29,54,55
29,55,56
29,56,57
29,57,58
29,58,59
29,59,60
29,60,61
29,61,62
29,62,63
29,63,64
29,64,65
29,65,66
29,66,67
29,67,68
29,68,69
29,69,70
29,70,71
29,71,72
29,72,73
29,73,74
29,74,75
29,75,76
29,76,77
29,77,78
29,78,79
29,79,80
29,80,81
29,81,82
29,82,83
29,83,84
29,84,85
29,85,86
29,86,87
29,87,88
29,88,89
29,89,90
29,90,91
29,91,92
29,92,93
29,93,94
29,94,95
29,95,96
29,96,97
29,97,98
29,98,99
29,99,100
29,100,101
29,101,102
29,102,103
29,103,104
29,104,105
29,105,106
29,106,107
29,107,108
29,108,109
29,109,110
29,110,111
29,111,112
29,112,113
29,113,114
29,114,115
29,115,116
29,116,117
29,117,118
29,118,119
29,119,120
29,120,121
29,121,122
29,122,123
29,123,124
29,124,125
29,125,126
29,126,127
29,127,128
29,128,129
29,129,130
29,130,131
29,131,132
29,132,133
29,133,134
29,134,135
29,135,136
29,136,137
29,137,138
29,138,139
29,139,140
29,140,141
29,141,142
29,142,143
29,143,144
29,144,145
29,145,146
29,146,147
29,147,148
29,148,149
29,149,150
29,150,151
29,151,152
29,152,153
29,153,154
29,154,155
29,155,156
29,156,157
29,157,158
29,158,159
29,159,160
29,160,161
29,161,162
29,162,163
29,163,164
29,164,165
29,165,166
29,166,167
29,167,168
29,168,169
29,169,170
29,170,171
29,171,172
29,172,173
29,173,174
29,174,175
29,175,176
29,176,177
29,177,178
29,178,179
29,179,180
29,180,181
29,181,182
29,182,183
29,183,184
29,184,185
29,185,186
29,186,187
29,187,188
29,188,189
29,189,190
29,190,191
29,191,192
29,192,193
29,193,194
29,194,195
29,195,196
29,196,197
29,197,198
29,198,199
29,199,200
29,200,201
29,201,202
29,202,203
29,203,204
29,204,205
29,205,206
29,206,207
29,207,208
29,208,209
29,209,210
29,210,211
29,211,212
29,212,213
29,213,214
29,214,215
29,215,216
29,216,217
29,217,218
29,218,219
29,219,220
29,220,221
29,221,222
29,222,223
29,223,224
29,224,225
29,225,226
29,226,227
29,227,228
29,228,229
29,229,230
29,230,231
29,231,232
29,232,233
29,233,234
29,234,235
29,235,236
29,236,237
29,237,238
29,238,239
29,239,240
29,240,241
29,241,242
29,242,243
29,243,244
29,244,245
29,245,246
29,246,247
29,247,248
29,248,249
29,249,250
29,250,251
29,251,252
29,252,253
29,253,254
29,254,255
29,255,255
30,0,1
30,1,2
30,2,3
30,3,4
30,4,5
30,5,6
30,6,7
30,7,8
30,8,9
30,9,10
30,10,11
30,11,12
30,12,13
30,13,14
30,14,15
30,15,16
30,16,17
30,17,18
30,18,19
30,19,20
30,20,21
30,21,22
30,22,23
30,23,24
30,24,25
30,25,26
30,26,27
30,27,28
30,28,29
30,29,30
30,30,31
30,31,32
30,32,33
30,33,34
30,34,35
30,35,36
30,36,37
30,37,38
30,38,39
30,39,40
30,40,41
30,41,42
30,42,43
30,43,44
30,44,45
30,45,46
30,46,47
30,47,48
30,48,49
30,49,50
30,50,51
30,51,52
30,52,53
30,53,54
30,54,55
30,55,56
30,56,57
30,57,58
30,58,59
30,59,60
30,60,61
30,61,62
30,62,63
30,63,64
30,64,65
30,65,66
30,66,67
30,67,68
30,68,69
30,69,70
30,70,71
30,71,72
30,72,73
30,73,74
30,74,75
30,75,76
30,76,77
30,77,78
30,78,79
30,79,80
30,80,81
30,81,82
30,82,83
30,83,84
30,84,85
30,85,86
30,86,87
30,87,88
30,88,89
30,89,90
30,90,91
30,91,92
30,92,93
30,93,94
30,94,95
30,95,96
30,96,97
30,97,98
30,98,99
30,99,100
30,100,101
30,101,102
30,102,103
30,103,104
30,104,105
30,105,106
30,106,107
30,107,108
30,108,109
30,109,110
30,110,111
30,111,112
30,112,113
30,113,114
30,114,115
30,115,116
30,116,117
30,117,118
30,118,119
30,119,120
30,120,121
30,121,122
30,122,123
30,123,124
30,124,125
30,125,126
30,126,127
30,127,128
30,128,129
30,129,130
30,130,131
30,131,132
30,132,133
30,133,134
30,134,135
30,135,136
30,136,137
30,137,138
30,138,139
30,139,140
30,140,141
30,141,142
30,142,143
30,143,144
30,144,145
30,145,146
30,146,147
30,147,148
30,148,149
30,149,150
30,150,151
30,151,152
30,152,153
30,153,154
30,154,155
30,155,156
30,156,157
30,157,158
30,158,159
30,159,160
30,160,161
30,161,162
30,162,163
30,163,164
30,164,165
30,165,166
30,166,167
30,167,168
30,168,169
30,169,170
30,170,171
30,171,172
30,172,173
30,173,174
30,174,175
30,175,176
30,176,177
30,177,178
30,178,179
30,179,180
30,180,181
30,181,182
30,182,183
30,183,184
30,184,185
30,185,186
30,186,187
30,187,188
30,188,189
30,189,190
30,190,191
30,191,192
30,192,193
30,193,194
30,194,195
30,195,196
30,196,197
30,197,198
30,198,199
30,199,200
30,200,201
30,201,202
30,202,203
30,203,204
30,204,205
30,205,206
30,206,207
30,207,208
30,208,209
30,209,210
30,210,211
30,211,212
30,212,213
30,213,214
30,214,215
30,215,216
30,216,217
30,217,218
30,218,219
30,219,220
30,220,221
30,221,222
30,222,223
30,223,224
30,224,225
30,225,226
30,226,227
30,227,228
30,228,229
30,229,230
30,230,231
30,231,232
30,232,233
30,233,234
30,234,235
30,235,236
30,236,237
30,237,238
30,238,239
30,239,240
30,240,241
30,241,242
30,242,243
30,243,244
30,244,245
30,245,246
30,246,247
30,247,248
30,248,249
30,249,250
30,250,251
30,251,252
30,252,253
30,253,254
30,254,255
30,255,255
31,0,1
31,1,2
31,2,3
31,3,4
31,4,5
31,5,6
31,6,7
31,7,8
31,8,9
31,9,10
31,10,11
31,11,12
31,12,13
31,13,14
31,14,15
31,15,16
31,16,17
31,17,18
31,18,19
31,19,20
31,20,21
31,21,22
31,22,23
31,23,24
31,24,25
31,25,26
31,26,27
31,27,28
31,28,29
31,29,30
31,30,31
31,31,32
31,32,33
31,33,34
31,34,35
31,35,36
31,36,37
31,37,38
31,38,39
31,39,40
31,40,41
31,41,42
31,42,43
31,43,44
31,44,45
31,45,46
31,46,47
31,47,48
31,48,49
31,49,50
31,50,51
31,51,52
31,52,53
31,53,54
31,54,55
31,55,56
31,56,57
31,57,58
31,58,59
31,59,60
31,60,61
31,61,62
31,62,63
31,63,64
31,64,65
31,65,66
31,66,67
31,67,68
31,68,69
31,69,70
31,70,71
31,71,72
31,72,73
31,73,74
31,74,75
31,75,76
31,76,77
31,77,78
31,78,79
31,79,80
31,80,81
31,81,82
31,82,83
31,83,84
31,84,85
31,85,86
31,86,87
31,87,88
31,88,89
31,89,90
31,90,91
31,91,92
31,92,93
31,93,94
31,94,95
31,95,96
31,96,97
31,97,98
31,98,99
31,99,100
31,100,101
31,101,102
31,102,103
31,103,104
31,104,105
31,105,106
31,106,107
31,107,108
31,108,109
31,109,110
31,110,111
31,111,112
31,112,113
31,113,114
31,114,115
31,115,116
31,116,117
31,117,118
31,118,119
31,119,120
31,120,121
31,121,122
31,122,123
31,123,124
31,124,125
31,125,126
31,126,127
31,127,128
31,128,129
31,129,130
31,130,131
31,131,132
31,132,133
31,133,134
31,134,135
31,135,136
31,136,137
31,137,138
31,138,139
31,139,140
31,140,141
31,141,142
31,142,143
31,143,144
31,144,145
31,145,146
31,146,147
31,147,148
31,148,149
31,149,150
31,150,151
31,151,152
31,152,153
31,153,154
31,154,155
31,155,156
31,156,157
31,157,158
31,158,159
31,159,160
31,160,161
31,161,162
31,162,163
31,163,164
31,164,165
31,165,166
31,166,167
31,167,168
31,168,169
31,169,170
31,170,171
31,171,172
31,172,173
31,173,174
31,174,175
31,175,176
31,176,177
31,177,178
31,178,179
31,179,180
31,180,181
31,181,182
31,182,183
31,183,184
31,184,185
31,185,186
31,186,187
31,187,188
31,188,189
31,189,190
31,190,191
31,191,192
31,192,193
31,193,194
31,194,195
31,195,196
31,196,197
31,197,198
31,198,199
31,199,200
31,200,201
31,201,202
31,202,203
31,203,204
31,204,205
31,205,206
31,206,207
31,207,208
31,208,209
31,209,210
31,210,211
31,211,212
31,212,213
31,213,214
31,214,215
31,215,216
31,216,217
31,217,218
31,218,219
31,219,220
31,220,221
31,221,222
31,222,223
31,223,224
31,224,225
31,225,226
31,226,227
31,227,228
31,228,229
31,229,230
31,230,231
31,231,232
31,232,233
31,233,234
31,234,235
31,235,236
31,236,237
31,237,238
31,238,239
31,239,240
31,240,241
31,241,242
31,242,243
31,243,244
31,244,245
31,245,246
31,246,247
31,247,248
31,248,249
31,249,250
31,250,251
31,251,252
31,252,253
31,253,254
31,254,255
31,255,255
32,0,1
32,1,2
32,2,3
32,3,4
32,4,5
32,5,6
32,6,7
32,7,8
32,8,9
32,9,10
32,10,11
32,11,12
32,12,13
32,13,14
32,14,15
32,15,16
32,16,17
32,17,18
32,18,19
32,19,20
32,20,21
32,21,22
32,22,23
32,23,24
32,24,25
32,25,26
32,26,27
32,27,28
32,28,29
32,29,30
32,30,31
32,31,32
32,32,33
32,33,34
32,34,35
32,35,36
32,36,37
32,37,38
32,38,39
32,39,40
32,40,41
32,41,42
32,42,43
32,43,44
32,44,45
32,45,46
32,46,47
32,47,48
32,48,49
32,49,50
32,50,51
32,51,52
32,52,53
32,53,54
32,54,55
32,55,56
32,56,57
32,57,58
32,58,59
32,59,60
32,60,61
32,61,62
32,62,63
32,63,64
32,64,65
32,65,66
32,66,67
32,67,68
32,68,69
32,69,70
32,70,71
32,71,72
32,72,73
32,73,74
32,74,75
32,75,76
32,76,77
32,77,78
32,78,79
32,79,80
32,80,81
32,81,82
32,82,83
32,83,84
32,84,85
32,85,86
32,86,87
32,87,88
32,88,89
32,89,90
32,90,91
32,91,92
32,92,93
32,93,94
32,94,95
32,95,96
32,96,97
32,97,98
32,98,99
32,99,100
32,100,101
32,101,102
32,102,103
32,103,104
32,104,105
32,105,106
32,106,107
32,107,108
32,108,109
32,109,110
32,110,111
32,111,112
32,112,113
32,113,114
32,114,115
32,115,116
32,116,117
32,117,118
32,118,119
32,119,120
32,120,121
32,121,122
32,122,123
32,123,124
32,124,125
32,125,126
32,126,127
32,127,128
32,128,129
32,129,130
32,130,131
32,131,132
32,132,133
32,133,134
32,134,135
32,135,136
32,136,137
32,137,138
32,138,139
32,139,140
32,140,141
32,141,142
32,142,143
32,143,144
32,144,145
32,145,146
32,146,147
32,147,148
32,148,149
32,149,150
32,150,151
32,151,152
32,152,153
32,153,154
32,154,155
32,155,156
32,156,157
32,157,158
32,158,159
32,159,160
32,160,161
32,161,162
32,162,163
32,163,164
32,164,165
32,165,166
32,166,167
32,167,168
32,168,169
32,169,170
32,170,171
32,171,172
32,172,173
32,173,174
32,174,175
32,175,176
32,176,177
32,177,178
32,178,179
32,179,180
32,180,181
32,181,182
32,182,183
32,183,184
32,184,185
32,185,186
32,186,187
32,187,188
32,188,189
32,189,190
32,190,191
32,191,192
32,192,193
32,193,194
32,194,195
32,195,196
32,196,197
32,197,198
32,198,199
32,199,200
32,200,201
32,201,202
32,202,203
32,203,204
32,204,205
32,205,206
32,206,207
32,207,208
32,208,209
32,209,210
32,210,211
32,211,212
32,212,213
32,213,214
32,214,215
32,215,216
32,216,217
32,217,218
32,218,219
32,219,220
32,220,221
32,221,222
32,222,223
32,223,224
32,224,225
32,225,226
32,226,227
32,227,228
32,228,229
32,229,230
32,230,231
32,231,232
32,232,233
32,233,234
32,234,235
32,235,236
32,236,237
32,237,238
32,238,239
32,239,240
32,240,241
32,241,242
32,242,243
32,243,244
32,244,245
32,245,246
32,246,247
32,247,248
32,248,249
32,249,250
32,250,251
32,251,252
32,252,253
32,253,254
32,254,255
32,255,255
33,0,1
33,1,2
33,2,3
33,3,4
33,4,5
33,5,6
33,6,7
33,7,8
33,8,9
33,9,10
33,10,11
33,11,12
33,12,13
33,13,14
33,14,15
33,15,16
33,16,17
33,17,18
33,18,19
33,19,20
33,20,21
33,21,22
33,22,23
33,23,24
33,24,25
33,25,26
33,26,27
33,27,28
33,28,29
33,29,30
33,30,31
33,31,32
33,32,33
33,33,34
33,34,35
33,35,36
33,36,37
33,37,38
33,38,39
33,39,40
33,40,41
33,41,42
33,42,43
33,43,44
33,44,45
33,45,46
33,46,47
33,47,48
33,48,49
33,49,50
33,50,51
33,51,52
33,52,53
33,53,54
33,54,55
33,55,56
33,56,57
33,57,58
33,58,59
33,59,60
33,60,61
33,61,62
33,62,63
33,63,64
33,64,65
33,65,66
33,66,67
33,67,68
33,68,69
33,69,70
33,70,71
33,71,72
33,72,73
33,73,74
33,74,75
33,75,76
33,76,77
33,77,78
33,78,79
33,79,80
33,80,81
33,81,82
33,82,83
33,83,84
33,84,85
33,85,86
33,86,87
33,87,88
33,88,89
33,89,90
33,90,91
33,91,92
33,92,93
33,93,94
33,94,95
33,95,96
33,96,97
33,97,98
33,98,99
33,99,100
33,100,101
33,101,102
33,102,103
33,103,104
33,104,105
33,105,106
33,106,107
33,107,108
33,108,109
33,109,110
33,110,111
33,111,112
33,112,113
33,113,114
33,114,115
33,115,116
33,116,117
33,117,118
33,118,119
33,119,120
33,120,121
33,121,122
33,122,123
33,123,124
33,124,125
33,125,126
33,126,127
33,127,128
33,128,129
33,129,130
33,130,131
33,131,132
33,132,133
33,133,134
33,134,135
33,135,136
33,136,137
33,137,138
33,138,139
33,139,140
33,140,141
33,141,142
33,142,143
33,143,144
33,144,145
33,145,146
33,146,147
33,147,148
33,148,149
33,149,150
33,150,151
33,151,152
33,152,153
33,153,154
33,154,155
33,155,156
33,156,157
33,157,158
33,158,159
33,159,160
33,160,161
33,161,162
33,162,163
33,163,164
33,164,165
33,165,166
33,166,167
33,167,168
33,168,169
33,169,170
33,170,171
33,171,172
33,172,173
33,173,174
33,174,175
33,175,176
33,176,177
33,177,178
33,178,179
33,179,180
33,180,181
33,181,182
33,182,183
33,183,184
33,184,185
33,185,186
33,186,187
33,187,188
33,188,189
33,189,190
33,190,191
33,191,192
33,192,193
33,193,194
33,194,195
33,195,196
33,196,197
33,197,198
33,198,199
33,199,200
33,200,201
33,201,202
33,202,203
33,203,204
33,204,205
33,205,206
33,206,207
33,207,208
33,208,209
33,209,210
33,210,211
33,211,212
33,212,213
33,213,214
33,214,215
33,215,216
33,216,217
33,217,218
33,218,219
33,219,220
33,220,221
33,221,222
33,222,223
33,223,224
33,224,225
33,225,226
33,226,227
33,227,228
33,228,229
33,229,230
33,230,231
33,231,232
33,232,233
33,233,234
33,234,235
33,235,236
33,236,237
33,237,238
33,238,239
33,239,240
33,240,241
33,241,242
33,242,243
33,243,244
33,244,245
33,245,246
33,246,247
33,247,248
33,248,249
33,249,250
33,250,251
33,251,252
33,252,253
33,253,254
33,254,255
33,255,255
34,0,1
34,1,2
34,2,3
34,3,4
34,4,5
34,5,6
34,6,7
34,7,8
34,8,9
34,9,10
34,10,11
34,11,12
34,12,13
34,13,14
34,14,15
34,15,16
34,16,17
34,17,18
34,18,19
34,19,20
34,20,21
34,21,22
34,22,23
34,23,24
34,24,25
34,25,26
34,26,27
34,27,28
34,28,29
34,29,30
34,30,31
34,31,32
34,32,33
34,33,34
34,34,35
34,35,36
34,36,37
34,37,38
34,38,39
34,39,40
34,40,41
34,41,42
34,42,43
34,43,44
34,44,45
34,45,46
34,46,47
34,47,48
34,48,49
34,49,50
34,50,51
34,51,52
34,52,53
34,53,54
34,54,55
34,55,56
34,56,57
34,57,58
34,58,59
34,59,60
34,60,61
34,61,62
34,62,63
34,63,64
34,64,65
34,65,66
34,66,67
34,67,68
34,68,69
34,69,70
34,70,71
34,71,72
34,72,73
34,73,74
34,74,75
34,75,76
34,76,77
34,77,78
34,78,79
34,79,80
34,80,81
34,81,82
34,82,83
34,83,84
34,84,85
34,85,86
34,86,87
34,87,88
34,88,89
34,89,90
34,90,91
34,91,92
34,92,93
34,93,94
34,94,95
34,95,96
34,96,97
34,97,98
34,98,99
34,99,100
34,100,101
34,101,102
34,102,103
34,103,104
34,104,105
34,105,106
34,106,107
34,107,108
34,108,109
34,109,110
34,110,111
34,111,112
34,112,113
34,113,114
34,114,115
34,115,116
34,116,117
34,117,118
34,118,119
34,119,120
34,120,121
34,121,122
34,122,123
34,123,124
34,124,125
34,125,126
34,126,127
34,127,128
34,128,129
34,129,130
34,130,131
34,131,132
34,132,133
34,133,134
34,134,135
34,135,136
34,136,137
34,137,138
34,138,139
34,139,140
34,140,141
34,141,142
34,142,143
34,143,144
34,144,145
34,145,146
34,146,147
34,147,148
34,148,149
34,149,150
34,150,151
34,151,152
34,152,153
34,153,154
34,154,155
34,155,156
34,156,157
34,157,158
34,158,159
34,159,160
34,160,161
34,161,162
34,162,163
34,163,164
34,164,165
34,165,166
34,166,167
34,167,168
34,168,169
34,169,170
34,170,171
34,171,172
34,172,173
34,173,174
34,174,175
34,175,176
34,176,177
34,177,178
34,178,179
34,179,180
34,180,181
34,181,182
34,182,183
34,183,184
34,184,185
34,185,186
34,186,187
34,187,188
34,188,189
34,189,190
34,190,191
34,191,192
34,192,193
34,193,194
34,194,195
34,195,196
34,196,197
34,197,198
34,198,199
34,199,200
34,200,201
34,201,202
34,202,203
34,203,204
34,204,205
34,205,206
34,206,207
34,207,208
34,208,209
34,209,210
34,210,211
34,211,212
34,212,213
34,213,214
34,214,215
34,215,216
34,216,217
34,217,218
34,218,219
34,219,220
34,220,221
34,221,222
34,222,223
34,223,224
34,224,225
34,225,226
34,226,227
34,227,228
34,228,229
34,229,230
34,230,231
34,231,232
34,232,233
34,233,234
34,234,235
34,235,236
34,236,237
34,237,238
34,238,239
34,239,240
34,240,241
34,241,242
34,242,243
34,243,244
34,244,245
34,245,246
34,246,247
34,247,248
34,248,249
34,249,250
34,250,251
34,251,252
34,252,253
34,253,254
34,254,255
34,255,255
35,0,1
35,1,2
35,2,3
35,3,4
35,4,5
35,5,6
35,6,7
35,7,8
35,8,9
35,9,10
35,10,11
35,11,12
35,12,13
35,13,14
35,14,15
35,15,16
35,16,17
35,17,18
35,18,19
35,19,20
35,20,21
35,21,22
35,22,23
35,23,24
35,24,25
35,25,26
35,26,27
35,27,28
35,28,29
35,29,30
35,30,31
35,31,32
35,32,33
35,33,34
35,34,35
35,35,36
35,36,37
35,37,38
35,38,39
35,39,40
35,40,41
35,41,42
35,42,43
35,43,44
35,44,45
35,45,46
35,46,47
35,47,48
35,48,49
35,49,50
35,50,51
35,51,52
35,52,53
35,53,54
35,54,55
35,55,56
35,56,57
35,57,58
35,58,59
35,59,60
35,60,61
35,61,62
35,62,63
35,63,64
35,64,65
35,65,66
35,66,67
35,67,68
35,68,69
35,69,70
35,70,71
35,71,72
35,72,73
35,73,74
35,74,75
35,75,76
35,76,77
35,77,78
35,78,79
35,79,80
35,80,81
35,81,82
35,82,83
35,83,84
35,84,85
35,85,86
35,86,87
35,87,88
35,88,89
35,89,90
35,90,91
35,91,92
35,92,93
35,93,94
35,94,95
35,95,96
35,96,97
35,97,98
35,98,99
35,99,100
35,100,101
35,101,102
35,102,103
35,103,104
35,104,105
35,105,106
35,106,107
35,107,108
35,108,109
35,109,110
35,110,111
35,111,112
35,112,113
35,113,114
35,114,115
35,115,116
35,116,117
35,117,118
35,118,119
35,119,120
35,120,121
35,121,122
35,122,123
35,123,124
35,124,125
35,125,126
35,126,127
35,127,128
35,128,129
35,129,130
35,130,131
35,131,132
35,132,133
35,133,134
35,134,135
35,135,136
35,136,137
35,137,138
35,138,139
35,139,140
35,140,141
35,141,142
35,142,143
35,143,144
35,144,145
35,145,146
35,146,147
35,147,148
35,148,149
35,149,150
35,150,151
35,151,152
35,152,153
35,153,154
35,154,155
35,155,156
35,156,157
35,157,158
35,158,159
35,159,160
35,160,161
35,161,162
35,162,163
35,163,164
35,164,165
35,165,166
35,166,167
35,167,168
35,168,169
35,169,170
35,170,171
35,171,172
35,172,173
35,173,174
35,174,175
35,175,176
35,176,177
35,177,178
35,178,179
35,179,180
35,180,181
35,181,182
35,182,183
35,183,184
35,184,185
35,185,186
35,186,187
35,187,188
35,188,189
35,189,190
35,190,191
35,191,192
35,192,193
35,193,194
35,194,195
35,195,196
35,196,197
35,197,198
35,198,199
35,199,200
35,200,201
35,201,202
35,202,203
35,203,204
35,204,205
35,205,206
35,206,207
35,207,208
35,208,209
35,209,210
35,210,211
35,211,212
35,212,213
35,213,214
35,214,215
35,215,216
35,216,217
35,217,218
35,218,219
35,219,220
35,220,221
35,221,222
35,222,223
35,223,224
35,224,225
35,225,226
35,226,227
35,227,228
35,228,229
35,229,230
35,230,231
35,231,232
35,232,233
35,233,234
35,234,235
35,235,236
35,236,237
35,237,238
35,238,239
35,239,240
35,240,241
35,241,242
35,242,243
35,243,244
35,244,245
35,245,246
35,246,247
35,247,248
35,248,249
35,249,250
35,250,251
35,251,252
35,252,253
35,253,254
35,254,255
35,255,255
36,0,1
36,1,2
36,2,3
36,3,4
36,4,5
36,5,6
36,6,7
36,7,8
36,8,9
36,9,10
36,10,11
36,11,12
36,12,13
36,13,14
36,14,15
36,15,16
36,16,17
36,17,18
36,18,19
36,19,20
36,20,21
36,21,22
36,22,23
36,23,24
36,24,25
36,25,26
36,26,27
36,27,28
36,28,29
36,29,30
36,30,31
36,31,32
36,32,33
36,33,34
36,34,35
36,35,36
36,36,37
36,37,38
36,38,39
36,39,40
36,40,41
36,41,42
36,42,43
36,43,44
36,44,45
36,45,46
36,46,47
36,47,48
36,48,49
36,49,50
36,50,51
36,51,52
36,52,53
36,53,54
36,54,55
36,55,56
36,56,57
36,57,58
36,58,59
36,59,60
36,60,61
36,61,62
36,62,63
36,63,64
36,64,65
36,65,66
36,66,67
36,67,68
36,68,69
36,69,70
36,70,71
36,71,72
36,72,73
36,73,74
36,74,75
36,75,76
36,76,77
36,77,78
36,78,79
36,79,80
36,80,81
36,81,82
36,82,83
36,83,84
36,84,85
36,85,86
36,86,87
36,87,88
36,88,89
36,89,90
36,90,91
36,91,92
36,92,93
36,93,94
36,94,95
36,95,96
36,96,97
36,97,98
36,98,99
36,99,100
36,100,101
36,101,102
36,102,103
36,103,104
36,104,105
36,105,106
36,106,107
36,107,108
36,108,109
36,109,110
36,110,111
36,111,112
36,112,113
36,113,114
36,114,115
36,115,116
36,116,117
36,117,118
36,118,119
36,119,120
36,120,121
36,121,122
36,122,123
36,123,124
36,124,125
36,125,126
36,126,127
36,127,128
36,128,129
36,129,130
36,130,131
36,131,132
36,132,133
36,133,134
36,134,135
36,135,136
36,136,137
36,137,138
36,138,139
36,139,140
36,140,141
36,141,142
36,142,143
36,143,144
36,144,145
36,145,146
36,146,147
36,147,148
36,148,149
36,149,150
36,150,151
36,151,152
36,152,153
36,153,154
36,154,155
36,155,156
36,156,157
36,157,158
36,158,159
36,159,160
36,160,161
36,161,162
36,162,163
36,163,164
36,164,165
36,165,166
36,166,167
36,167,168
36,168,169
36,169,170
36,170,171
36,171,172
36,172,173
36,173,174
36,174,175
36,175,176
36,176,177
36,177,178
36,178,179
36,179,180
36,180,181
36,181,182
36,182,183
36,183,184
36,184,185
36,185,186
36,186,187
36,187,188
36,188,189
36,189,190
36,190,191
36,191,192
36,192,193
36,193,194
36,194,195
36,195,196
36,196,197
36,197,198
36,198,199
36,199,200
36,200,201
36,201,202
36,202,203
36,203,204
36,204,205
36,205,206
36,206,207
36,207,208
36,208,209
36,209,210
36,210,211
36,211,212
36,212,213
36,213,214
36,214,215
36,215,216
36,216,217
36,217,218
36,218,219
36,219,220
36,220,221
36,221,222
36,222,223
36,223,224
36,224,225
36,225,226
36,226,227
36,227,228
36,228,229
36,229,230
36,230,231
36,231,232
36,232,233
36,233,234
36,234,235
36,235,236
36,236,237
36,237,238
36,238,239
36,239,240
36,240,241
36,241,242
36,242,243
36,243,244
36,244,245
36,245,246
36,246,247
36,247,248
36,248,249
36,249,250
36,250,251
36,251,252
36,252,253
36,253,254
36,254,255
36,255,255
37,0,1
37,1,2
37,2,3
37,3,4
37,4,5
37,5,6
37,6,7
37,7,8
37,8,9
37,9,10
37,10,11
37,11,12
37,12,13
37,13,14
37,14,15
37,15,16
37,16,17
37,17,18
37,18,19
37,19,20
37,20,21
37,21,22
37,22,23
37,23,24
37,24,25
37,25,26
37,26,27
37,27,28
37,28,29
37,29,30
37,30,31
37,31,32
37,32,33
37,33,34
37,34,35
37,35,36
37,36,37
37,37,38
37,38,39
37,39,40
37,40,41
37,41,42
37,42,43
37,43,44
37,44,45
37,45,46
37,46,47
37,47,48
37,48,49
37,49,50
37,50,51
37,51,52
37,52,53
37,53,54
37,54,55
37,55,56
37,56,57
37,57,58
37,58,59
37,59,60
37,60,61
37,61,62
37,62,63
37,63,64
37,64,65
37,65,66
37,66,67
37,67,68
37,68,69
37,69,70
37,70,71
37,71,72
37,72,73
37,73,74
37,74,75
37,75,76
37,76,77
37,77,78
37,78,79
37,79,80
37,80,81
37,81,82
37,82,83
37,83,84
37,84,85
37,85,86
37,86,87
37,87,88
37,88,89
37,89,90
37,90,91
37,91,92
37,92,93
37,93,94
37,94,95
37,95,96
37,96,97
37,97,98
37,98,99
37,99,100
37,100,101
37,101,102
37,102,103
37,103,104
37,104,105
37,105,106
37,106,107
37,107,108
37,108,109
37,109,110
37,110,111
37,111,112
37,112,113
37,113,114
37,114,115
37,115,116
37,116,117
37,117,118
37,118,119
37,119,120
37,120,121
37,121,122
37,122,123
37,123,124
37,124,125
37,125,126
37,126,127
37,127,128
37,128,129
37,129,130
37,130,131
37,131,132
37,132,133
37,133,134
37,134,135
37,135,136
37,136,137
37,137,138
37,138,139
37,139,140
37,140,141
37,141,142
37,142,143
37,143,144
37,144,145
37,145,146
37,146,147
37,147,148
37,148,149
37,149,150
37,150,151
37,151,152
37,152,153
37,153,154
37,154,155
37,155,156
37,156,157
37,157,158
37,158,159
37,159,160
37,160,161
37,161,162
37,162,163
37,163,164
37,164,165
37,165,166
37,166,167
37,167,168
37,168,169
37,169,170
37,170,171
37,171,172
37,172,173
37,173,174
37,174,175
37,175,176
37,176,177
37,177,178
37,178,179
37,179,180
37,180,181
37,181,182
37,182,183
37,183,184
37,184,185
37,185,186
37,186,187
37,187,188
37,188,189
37,189,190
37,190,191
37,191,192
37,192,193
37,193,194
37,194,195
37,195,196
37,196,197
37,197,198
37,198,199
37,199,200
37,200,201
37,201,202
37,202,203
37,203,204
37,204,205
37,205,206
37,206,207
37,207,208
37,208,209
37,209,210
37,210,211
37,211,212
37,212,213
37,213,214
37,214,215
37,215,216
37,216,217
37,217,218
37,218,219
37,219,220
37,220,221
37,221,222
37,222,223
37,223,224
37,224,225
37,225,226
37,226,227
37,227,228
37,228,229
37,229,230
37,230,231
37,231,232
37,232,233
37,233,234
37,234,235
37,235,236
37,236,237
37,237,238
37,238,239
37,239,240
37,240,241
37,241,242
37,242,243
37,243,244
37,244,245
37,245,246
37,246,247
37,247,248
37,248,249
37,249,250
37,250,251
37,251,252
37,252,253
37,253,254
37,254,255
37,255,255
38,0,1
38,1,2
38,2,3
38,3,4
38,4,5
38,5,6
38,6,7
38,7,8
38,8,9
38,9,10
38,10,11
38,11,12
38,12,13
38,13,14
38,14,15
38,15,16
38,16,17
38,17,18
38,18,19
38,19,20
38,20,21
38,21,22
38,22,23
38,23,24
38,24,25
38,25,26
38,26,27
38,27,28
38,28,29
38,29,30
38,30,31
38,31,32
38,32,33
38,33,34
38,34,35
38,35,36
38,36,37
38,37,38
38,38,39
38,39,40
38,40,41
38,41,42
38,42,43
38,43,44
38,44,45
38,45,46
38,46,47
38,47,48
38,48,49
38,49,50
38,50,51
38,51,52
38,52,53
38,53,54
38,54,55
38,55,56
38,56,57
38,57,58
38,58,59
38,59,60
38,60,61
38,61,62
38,62,63
38,63,64
38,64,65
38,65,66
38,66,67
38,67,68
38,68,69
38,69,70
38,70,71
38,71,72
38,72,73
38,73,74
38,74,75
38,75,76
38,76,77
38,77,78
38,78,79
38,79,80
38,80,81
38,81,82
38,82,83
38,83,84
38,84,85
38,85,86
38,86,87
38,87,88
38,88,89
38,89,90
38,90,91
38,91,92
38,92,93
38,93,94
38,94,95
38,95,96
38,96,97
38,97,98
38,98,99
38,99,100
38,100,101
38,101,102
38,102,103
38,103,104
38,104,105
38,105,106
38,106,107
38,107,108
38,108,109
38,109,110
38,110,111
38,111,112
38,112,113
38,113,114
38,114,115
38,115,116
38,116,117
38,117,118
38,118,119
38,119,120
38,120,121
38,121,122
38,122,123
38,123,124
38,124,125
38,125,126
38,126,127
38,127,128
38,128,129
38,129,130
38,130,131
38,131,132
38,132,133
38,133,134
38,134,135
38,135,136
38,136,137
38,137,138
38,138,139
38,139,140
38,140,141
38,141,142
38,142,143
38,143,144
38,144,145
38,145,146
38,146,147
38,147,148
38,148,149
38,149,150
38,150,151
38,151,152
38,152,153
38,153,154
38,154,155
38,155,156
38,156,157
38,157,158
38,158,159
38,159,160
38,160,161
38,161,162
38,162,163
38,163,164
38,164,165
38,165,166
38,166,167
38,167,168
38,168,169
38,169,170
38,170,171
38,171,172
38,172,173
38,173,174
38,174,175
38,175,176
38,176,177
38,177,178
38,178,179
38,179,180
38,180,181
38,181,182
38,182,183
38,183,184
38,184,185
38,185,186
38,186,187
38,187,188
38,188,189
38,189,190
38,190,191
38,191,192
38,192,193
38,193,194
38,194,195
38,195,196
38,196,197
38,197,198
38,198,199
38,199,200
38,200,201
38,201,202
38,202,203
38,203,204
38,204,205
38,205,206
38,206,207
38,207,208
38,208,209
38,209,210
38,210,211
38,211,212
38,212,213
38,213,214
38,214,215
38,215,216
38,216,217
38,217,218
38,218,219
38,219,220
38,220,221
38,221,222
38,222,223
38,223,224
38,224,225
38,225,226
38,226,227
38,227,228
38,228,229
38,229,230
38,230,231
38,231,232
38,232,233
38,233,234
38,234,235
38,235,236
38,236,237
38,237,238
38,238,239
38,239,240
38,240,241
38,241,242
38,242,243
38,243,244
38,244,245
38,245,246
38,246,247
38,247,248
38,248,249
38,249,250
38,250,251
38,251,252
38,252,253
38,253,254
38,254,255
38,255,255
39,0,1
39,1,2
39,2,3
39,3,4
39,4,5
39,5,6
39,6,7
39,7,8
39,8,9
39,9,10
39,10,11
39,11,12
39,12,13
39,13,14
39,14,15
39,15,16
39,16,17
39,17,18
39,18,19
39,19,20
39,20,21
39,21,22
39,22,23
39,23,24
39,24,25
39,25,26
39,26,27
39,27,28
39,28,29
39,29,30
39,30,31
39,31,32
39,32,33
39,33,34
39,34,35
39,35,36
39,36,37
39,37,38
39,38,39
39,39,40
39,40,41
39,41,42
39,42,43
39,43,44
39,44,45
39,45,46
39,46,47
39,47,48
39,48,49
39,49,50
39,50,51
39,51,52
39,52,53
39,53,54
39,54,55
39,55,56
39,56,57
39,57,58
39,58,59
39,59,60
39,60,61
39,61,62
39,62,63
39,63,64
39,64,65
39,65,66
39,66,67
39,67,68
39,68,69
39,69,70
39,70,71
39,71,72
39,72,73
39,73,74
39,74,75
39,75,76
39,76,77
39,77,78
39,78,79
39,79,80
39,80,81
39,81,82
39,82,83
39,83,84
39,84,85
39,85,86
39,86,87
39,87,88
39,88,89
39,89,90
39,90,91
39,91,92
39,92,93
39,93,94
39,94,95
39,95,96
39,96,97
39,97,98
39,98,99
39,99,100
39,100,101
39,101,102
39,102,103
39,103,104
39,104,105
39,105,106
39,106,107
39,107,108
39,108,109
39,109,110
39,110,111
39,111,112
39,112,113
39,113,114
39,114,115
39,115,116
39,116,117
39,117,118
39,118,119
39,119,120
39,120,121
39,121,122
39,122,123
39,123,124
39,124,125
39,125,126
39,126,127
39,127,128
39,128,129
39,129,130
39,130,131
39,131,132
39,132,133
39,133,134
39,134,135
39,135,136
39,136,137
39,137,138
39,138,139
39,139,140
39,140,141
39,141,142
39,142,143
39,143,144
39,144,145
39,145,146
39,146,147
39,147,148
39,148,149
39,149,150
39,150,151
39,151,152
39,152,153
39,153,154
39,154,155
39,155,156
39,156,157
39,157,158
39,158,159
39,159,160
39,160,161
39,161,162
39,162,163
39,163,164
39,164,165
39,165,166
39,166,167
39,167,168
39,168,169
39,169,170
39,170,171
39,171,172
39,172,173
39,173,174
39,174,175
39,175,176
39,176,177
39,177,178
39,178,179
39,179,180
39,180,181
39,181,182
39,182,183
39,183,184
39,184,185
39,185,186
39,186,187
39,187,188
39,188,189
39,189,190
39,190,191
39,191,192
39,192,193
39,193,194
39,194,195
39,195,196
39,196,197
39,197,198
39,198,199
39,199,200
39,200,201
39,201,202
39,202,203
39,203,204
39,204,205
39,205,206
39,206,207
39,207,208
39,208,209
39,209,210
39,210,211
39,211,212
39,212,213
39,213,214
39,214,215
39,215,216
39,216,217
39,217,218
39,218,219
39,219,220
39,220,221
39,221,222
39,222,223
39,223,224
39,224,225
39,225,226
39,226,227
39,227,228
39,228,229
39,229,230
39,230,231
39,231,232
39,232,233
39,233,234
39,234,235
39,235,236
39,236,237
39,237,238
39,238,239
39,239,240
39,240,241
39,241,242
39,242,243
39,243,244
39,244,245
39,245,246
39,246,247
39,247,248
39,248,249
39,249,250
39,250,251
39,251,252
39,252,253
39,253,254
39,254,255
39,255,255
40,0,1
40,1,2
40,2,3
40,3,4
40,4,5
40,5,6
40,6,7
40,7,8
40,8,9
40,9,10
40,10,11
40,11,12
40,12,13
40,13,14
40,14,15
40,15,16
40,16,17
40,17,18
40,18,19
40,19,20
40,20,21
40,21,22
40,22,23
40,23,24
40,24,25
40,25,26
40,26,27
40,27,28
40,28,29
40,29,30
40,30,31
40,31,32
40,32,33
40,33,34
40,34,35
40,35,36
40,36,37
40,37,38
40,38,39
40,39,40
40,40,41
40,41,42
40,42,43
40,43,44
40,44,45
40,45,46
40,46,47
40,47,48
40,48,49
40,49,50
40,50,51
40,51,52
40,52,53
40,53,54
40,54,55
40,55,56
40,56,57
40,57,58
40,58,59
40,59,60
40,60,61
40,61,62
40,62,63
40,63,64
40,64,65
40,65,66
40,66,67
40,67,68
40,68,69
40,69,70
40,70,71
40,71,72
40,72,73
40,73,74
40,74,75
40,75,76
40,76,77
40,77,78
40,78,79
40,79,80
40,80,81
40,81,82
40,82,83
40,83,84
40,84,85
40,85,86
40,86,87
40,87,88
40,88,89
40,89,90
40,90,91
40,91,92
40,92,93
40,93,94
40,94,95
40,95,96
40,96,97
40,97,98
40,98,99
40,99,100
40,100,101
40,101,102
40,102,103
40,103,104
40,104,105
40,105,106
40,106,107
40,107,108
40,108,109
40,109,110
40,110,111
40,111,112
40,112,113
40,113,114
40,114,115
40,115,116
40,116,117
40,117,118
40,118,119
40,119,120
40,120,121
40,121,122
40,122,123
40,123,124
40,124,125
40,125,126
40,126,127
40,127,128
40,128,129
40,129,130
40,130,131
40,131,132
40,132,133
40,133,134
40,134,135
40,135,136
40,136,137
40,137,138
40,138,139
40,139,140
40,140,141
40,141,142
40,142,143
40,143,144
40,144,145
40,145,146
40,146,147
40,147,148
40,148,149
40,149,150
40,150,151
40,151,152
40,152,153
40,153,154
40,154,155
40,155,156
40,156,157
40,157,158
40,158,159
40,159,160
40,160,161
40,161,162
40,162,163
40,163,164
40,164,165
40,165,166
40,166,167
40,167,168
40,168,169
40,169,170
40,170,171
40,171,172
40,172,173
40,173,174
40,174,175
40,175,176
40,176,177
40,177,178
40,178,179
40,179,180
40,180,181
40,181,182
40,182,183
40,183,184
40,184,185
40,185,186
40,186,187
40,187,188
40,188,189
40,189,190
40,190,191
40,191,192
40,192,193
40,193,194
40,194,195
40,195,196
40,196,197
40,197,198
40,198,199
40,199,200
40,200,201
40,201,202
40,202,203
40,203,204
40,204,205
40,205,206
40,206,207
40,207,208
40,208,209
40,209,210
40,210,211
40,211,212
40,212,213
40,213,214
40,214,215
40,215,216
40,216,217
40,217,218
40,218,219
40,219,220
40,220,221
40,221,222
40,222,223
40,223,224
40,224,225
40,225,226
40,226,227
40,227,228
40,228,229
40,229,230
40,230,231
40,231,232
40,232,233
40,233,234
40,234,235
40,235,236
40,236,237
40,237,238
40,238,239
40,239,240
40,240,241
40,241,242
40,242,243
40,243,244
40,244,245
40,245,246
40,246,247
40,247,248
40,248,249
40,249,250
40,250,251
40,251,252
40,252,253
40,253,254
40,254,255
40,255,255
41,0,1
41,1,2
41,2,3
41,3,4
41,4,5
41,5,6
41,6,7
41,7,8
41,8,9
41,9,10
41,10,11
41,11,12
41,12,13
41,13,14
41,14,15
41,15,16
41,16,17
41,17,18
41,18,19
41,19,20
41,20,21
41,21,22
41,22,23
41,23,24
41,24,25
41,25,26
41,26,27
41,27,28
41,28,29
41,29,30
41,30,31
41,31,32
41,32,33
41,33,34
41,34,35
41,35,36
41,36,37
41,37,38
41,38,39
41,39,40
41,40,41
41,41,42
41,42,43
41,43,44
41,44,45
41,45,46
41,46,47
41,47,48
41,48,49
41,49,50
41,50,51
41,51,52
41,52,53
41,53,54
41,54,55
41,55,56
41,56,57
41,57,58
41,58,59
41,59,60
41,60,61
41,61,62
41,62,63
41,63,64
41,64,65
41,65,66
41,66,67
41,67,68
41,68,69
41,69,70
41,70,71
41,71,72
41,72,73
41,73,74
41,74,75
41,75,76
41,76,77
41,77,78
41,78,79
41,79,80
41,80,81
41,81,82
41,82,83
41,83,84
41,84,85
41,85,86
41,86,87
41,87,88
41,88,89
41,89,90
41,90,91
41,91,92
41,92,93
41,93,94
41,94,95
41,95,96
41,96,97
41,97,98
41,98,99
41,99,100
41,100,101
41,101,102
41,102,103
41,103,104
41,104,105
41,105,106
41,106,107
41,107,108
41,108,109
41,109,110
41,110,111
41,111,112
41,112,113
41,113,114
41,114,115
41,115,116
41,116,117
41,117,118
41,118,119
41,119,120
41,120,121
41,121,122
41,122,123
41,123,124
41,124,125
41,125,126
41,126,127
41,127,128
41,128,129
41,129,130
41,130,131
41,131,132
41,132,133
41,133,134
41,134,135
41,135,136
41,136,137
41,137,138
41,138,139
41,139,140
41,140,141
41,141,142
41,142,143
41,143,144
41,144,145
41,145,146
41,146,147
41,147,148
41,148,149
41,149,150
41,150,151
41,151,152
41,152,153
41,153,154
41,154,155
41,155,156
41,156,157
41,157,158
41,158,159
41,159,160
41,160,161
41,161,162
41,162,163
41,163,164
41,164,165
41,165,166
41,166,167
41,167,168
41,168,169
41,169,170
41,170,171
41,171,172
41,172,173
41,173,174
41,174,175
41,175,176
41,176,177
41,177,178
41,178,179
41,179,180
41,180,181
41,181,182
41,182,183
41,183,184
41,184,185
41,185,186
41,186,187
41,187,188
41,188,189
41,189,190
41,190,191
41,191,192
41,192,193
41,193,194
41,194,195
41,195,196
41,196,197
41,197,198
41,198,199
41,199,200
41,200,201
41,201,202
41,202,203
41,203,204
41,204,205
41,205,206
41,206,207
41,207,208
41,208,209
41,209,210
41,210,211
41,211,212
41,212,213
41,213,214
41,214,215
41,215,216
41,216,217
41,217,218
41,218,219
41,219,220
41,220,221
41,221,222
41,222,223
41,223,224
41,224,225
41,225,226
41,226,227
41,227,228
41,228,229
41,229,230
41,230,231
41,231,232
41,232,233
41,233,234
41,234,235
41,235,236
41,236,237
41,237,238
41,238,239
41,239,240
41,240,241
41,241,242
41,242,243
41,243,244
41,244,245
41,245,246
41,246,247
41,247,248
41,248,249
41,249,250
41,250,251
41,251,252
41,252,253
41,253,254
41,254,255
41,255,255
42,0,1
42,1,2
42,2,3
42,3,4
42,4,5
42,5,6
42,6,7
42,7,8
42,8,9
42,9,10
42,10,11
42,11,12
42,12,13
42,13,14
42,14,15
42,15,16
42,16,17
42,17,18
42,18,19
42,19,20
42,20,21
42,21,22
42,22,23
42,23,24
42,24,25
42,25,26
42,26,27
42,27,28
42,28,29
42,29,30
42,30,31
42,31,32
42,32,33
42,33,34
42,34,35
42,35,36
42,36,37
42,37,38
42,38,39
42,39,40
42,40,41
42,41,42
42,42,43
42,43,44
42,44,45
42,45,46
42,46,47
42,47,48
42,48,49
42,49,50
42,50,51
42,51,52
42,52,53
42,53,54
42,54,55
42,55,56
42,56,57
42,57,58
42,58,59
42,59,60
42,60,61
42,61,62
42,62,63
42,63,64
42,64,65
42,65,66
42,66,67
42,67,68
42,68,69
42,69,70
42,70,71
42,71,72
42,72,73
42,73,74
42,74,75
42,75,76
42,76,77
42,77,78
42,78,79
42,79,80
42,80,81
42,81,82
42,82,83
42,83,84
42,84,85
42,85,86
42,86,87
42,87,88
42,88,89
42,89,90
42,90,91
42,91,92
42,92,93
42,93,94
42,94,95
42,95,96
42,96,97
42,97,98
42,98,99
42,99,100
42,100,101
42,101,102
42,102,103
42,103,104
42,104,105
42,105,106
42,106,107
42,107,108
42,108,109
42,109,110
42,110,111
42,111,112
42,112,113
42,113,114
42,114,115
42,115,116
42,116,117
42,117,118
42,118,119
42,119,120
42,120,121
42,121,122
42,122,123
42,123,124
42,124,125
42,125,126
42,126,127
42,127,128
42,128,129
42,129,130
42,130,131
42,131,132
42,132,133
42,133,134
42,134,135
42,135,136
42,136,137
42,137,138
42,138,139
42,139,140
42,140,141
42,141,142
42,142,143
42,143,144
42,144,145
42,145,146
42,146,147
42,147,148
42,148,149
42,149,150
42,150,151
42,151,152
42,152,153
42,153,154
42,154,155
42,155,156
42,156,157
42,157,158
42,158,159
42,159,160
42,160,161
42,161,162
42,162,163
42,163,164
42,164,165
42,165,166
42,166,167
42,167,168
42,168,169
42,169,170
42,170,171
42,171,172
42,172,173
42,173,174
42,174,175
42,175,176
42,176,177
42,177,178
42,178,179
42,179,180
42,180,181
42,181,182
42,182,183
42,183,184
42,184,185
42,185,186
42,186,187
42,187,188
42,188,189
42,189,190
42,190,191
42,191,192
42,192,193
42,193,194
42,194,195
42,195,196
42,196,197
42,197,198
42,198,199
42,199,200
42,200,201
42,201,202
42,202,203
42,203,204
42,204,205
42,205,206
42,206,207
42,207,208
42,208,209
42,209,210
42,210,211
42,211,212
42,212,213
42,213,214
42,214,215
42,215,216
42,216,217
42,217,218
42,218,219
42,219,220
42,220,221
42,221,222
42,222,223
42,223,224
42,224,225
42,225,226
42,226,227
42,227,228
42,228,229
42,229,230
42,230,231
42,231,232
42,232,233
42,233,234
42,234,235
42,235,236
42,236,237
42,237,238
42,238,239
42,239,240
42,240,241
42,241,242
42,242,243
42,243,244
42,244,245
42,245,246
42,246,247
42,247,248
42,248,249
42,249,250
42,250,251
42,251,252
42,252,253
42,253,254
42,254,255
42,255,255
43,0,1
43,1,2
43,2,3
43,3,4
43,4,5
43,5,6
43,6,7
43,7,8
43,8,9
43,9,10
43,10,11
43,11,12
43,12,13
43,13,14
43,14,15
43,15,16
43,16,17
43,17,18
43,18,19
43,19,20
43,20,21
43,21,22
43,22,23
43,23,24
43,24,25
43,25,26
43,26,27
43,27,28
43,28,29
43,29,30
43,30,31
43,31,32
43,32,33
43,33,34
43,34,35
43,35,36
43,36,37
43,37,38
43,38,39
43,39,40
43,40,41
43,41,42
43,42,43
43,43,44
43,44,45
43,45,46
43,46,47
43,47,48
43,48,49
43,49,50
43,50,51
43,51,52
43,52,53
43,53,54
43,54,55
43,55,56
43,56,57
43,57,58
43,58,59
43,59,60
43,60,61
43,61,62
43,62,63
43,63,64
43,64,65
43,65,66
43,66,67
43,67,68
43,68,69
43,69,70
43,70,71
43,71,72
43,72,73
43,73,74
43,74,75
43,75,76
43,76,77
43,77,78
43,78,79
43,79,80
43,80,81
43,81,82
43,82,83
43,83,84
43,84,85
43,85,86
43,86,87
43,87,88
43,88,89
43,89,90
43,90,91
43,91,92
43,92,93
43,93,94
43,94,95
43,95,96
43,96,97
43,97,98
43,98,99
43,99,100
43,100,101
43,101,102
43,102,103
43,103,104
43,104,105
43,105,106
43,106,107
43,107,108
43,108,109
43,109,110
43,110,111
43,111,112
43,112,113
43,113,114
43,114,115
43,115,116
43,116,117
43,117,118
43,118,119
43,119,120
43,120,121
43,121,122
43,122,123
43,123,124
43,124,125
43,125,126
43,126,127
43,127,128
43,128,129
43,129,130
43,130,131
43,131,132
43,132,133
43,133,134
43,134,135
43,135,136
43,136,137
43,137,138
43,138,139
43,139,140
43,140,141
43,141,142
43,142,143
43,143,144
43,144,145
43,145,146
43,146,147
43,147,148
43,148,149
43,149,150
43,150,151
43,151,152
43,152,153
43,153,154
43,154,155
43,155,156
43,156,157
43,157,158
43,158,159
43,159,160
43,160,161
43,161,162
43,162,163
43,163,164
43,164,165
43,165,166
43,166,167
43,167,168
43,168,169
43,169,170
43,170,171
43,171,172
43,172,173
43,173,174
43,174,175
43,175,176
43,176,177
43,177,178
43,178,179
43,179,180
43,180,181
43,181,182
43,182,183
43,183,184
43,184,185
43,185,186
43,186,187
43,187,188
43,188,189
43,189,190
43,190,191
43,191,192
43,192,193
43,193,194
43,194,195
43,195,196
43,196,197
43,197,198
43,198,199
43,199,200
43,200,201
43,201,202
43,202,203
43,203,204
43,204,205
43,205,206
43,206,207
43,207,208
43,208,209
43,209,210
43,210,211
43,211,212
43,212,213
43,213,214
43,214,215
43,215,216
43,216,217
43,217,218
43,218,219
43,219,220
43,220,221
43,221,222
43,222,223
43,223,224
43,224,225
43,225,226
43,226,227
43,227,228
43,228,229
43,229,230
43,230,231
43,231,232
43,232,233
43,233,234
43,234,235
43,235,236
43,236,237
43,237,238
43,238,239
43,239,240
43,240,241
43,241,242
43,242,243
43,243,244
43,244,245
43,245,246
43,246,247
43,247,248
43,248,249
43,249,250
43,250,251
43,251,252
43,252,253
43,253,254
43,254,255
43,255,255
44,0,1
44,1,2
44,2,3
44,3,4
44,4,5
44,5,6
44,6,7
44,7,8
44,8,9
44,9,10
44,10,11
44,11,12
44,12,13
44,13,14
44,14,15
44,15,16
44,16,17
44,17,18
44,18,19
44,19,20
44,20,21
44,21,22
44,22,23
44,23,24
44,24,25
44,25,26
44,26,27
44,27,28
44,28,29
44,29,30
44,30,31
44,31,32
44,32,33
44,33,34
44,34,35
44,35,36
44,36,37
44,37,38
44,38,39
44,39,40
44,40,41
44,41,42
44,42,43
44,43,44
44,44,45
44,45,46
44,46,47
44,47,48
44,48,49
44,49,50
44,50,51
44,51,52
44,52,53
44,53,54
44,54,55
44,55,56
44,56,57
44,57,58
44,58,59
44,59,60
44,60,61
44,61,62
44,62,63
44,63,64
44,64,65
44,65,66
44,66,67
44,67,68
44,68,69
44,69,70
44,70,71
44,71,72
44,72,73
44,73,74
44,74,75
44,75,76
44,76,77
44,77,78
44,78,79
44,79,80
44,80,81
44,81,82
44,82,83
44,83,84
44,84,85
44,85,86
44,86,87
44,87,88
44,88,89
44,89,90
44,90,91
44,91,92
44,92,93
44,93,94
44,94,95
44,95,96
44,96,97
44,97,98
44,98,99
44,99,100
44,100,101
44,101,102
44,102,103
44,103,104
44,104,105
44,105,106
44,106,107
44,107,108
44,108,109
44,109,110
44,110,111
44,111,112
44,112,113
44,113,114
44,114,115
44,115,116
44,116,117
44,117,118
44,118,119
44,119,120
44,120,121
44,121,122
44,122,123
44,123,124
44,124,125
44,125,126
44,126,127
44,127,128
44,128,129
44,129,130
44,130,131
44,131,132
44,132,133
44,133,134
44,134,135
44,135,136
44,136,137
44,137,138
44,138,139
44,139,140
44,140,141
44,141,142
44,142,143
44,143,144
44,144,145
44,145,146
44,146,147
44,147,148
44,148,149
44,149,150
44,150,151
44,151,152
44,152,153
44,153,154
44,154,155
44,155,156
44,156,157
44,157,158
44,158,159
44,159,160
44,160,161
44,161,162
44,162,163
44,163,164
44,164,165
44,165,166
44,166,167
44,167,168
44,168,169
44,169,170
44,170,171
44,171,172
44,172,173
44,173,174
44,174,175
44,175,176
44,176,177
44,177,178
44,178,179
44,179,180
44,180,181
44,181,182
44,182,183
44,183,184
44,184,185
44,185,186
44,186,187
44,187,188
44,188,189
44,189,190
44,190,191
44,191,192
44,192,193
44,193,194
44,194,195
44,195,196
44,196,197
44,197,198
44,198,199
44,199,200
44,200,201
44,201,202
44,202,203
44,203,204
44,204,205
44,205,206
44,206,207
44,207,208
44,208,209
44,209,210
44,210,211
44,211,212
44,212,213
44,213,214
44,214,215
44,215,216
44,216,217
44,217,218
44,218,219
44,219,220
44,220,221
44,221,222
44,222,223
44,223,224
44,224,225
44,225,226
44,226,227
44,227,228
44,228,229
44,229,230
44,230,231
44,231,232
44,232,233
44,233,234
44,234,235
44,235,236
44,236,237
44,237,238
44,238,239
44,239,240
44,240,241
44,241,242
44,242,243
44,243,244
44,244,245
44,245,246
44,246,247
44,247,248
44,248,249
44,249,250
44,250,251
44,251,252
44,252,253
44,253,254
44,254,255
44,255,255
45,0,1
45,1,2
45,2,3
45,3,4
45,4,5
45,5,6
45,6,7
45,7,8
45,8,9
45,9,10
45,10,11
45,11,12
45,12,13
45,13,14
45,14,15
45,15,16
45,16,17
45,17,18
45,18,19
45,19,20
45,20,21
45,21,22
45,22,23
45,23,24
45,24,25
45,25,26
45,26,27
45,27,28
45,28,29
45,29,30
45,30,31
45,31,32
45,32,33
45,33,34
45,34,35
45,35,36
45,36,37
45,37,38
45,38,39
45,39,40
45,40,41
45,41,42
45,42,43
45,43,44
45,44,45
45,45,46
45,46,47
45,47,48
45,48,49
45,49,50
45,50,51
45,51,52
45,52,53
45,53,54
45,54,55
45,55,56
45,56,57
45,57,58
45,58,59
45,59,60
45,60,61
45,61,62
45,62,63
45,63,64
45,64,65
45,65,66
45,66,67
45,67,68
45,68,69
45,69,70
45,70,71
45,71,72
45,72,73
45,73,74
45,74,75
45,75,76
45,76,77
45,77,78
45,78,79
45,79,80
45,80,81
45,81,82
45,82,83
45,83,84
45,84,85
45,85,86
45,86,87
45,87,88
45,88,89
45,89,90
45,90,91
45,91,92
45,92,93
45,93,94
45,94,95
45,95,96
45,96,97
45,97,98
45,98,99
45,99,100
45,100,101
45,101,102
45,102,103
45,103,104
45,104,105
45,105,106
45,106,107
45,107,108
45,108,109
45,109,110
45,110,111
45,111,112
45,112,113
45,113,114
45,114,115
45,115,116
45,116,117
45,117,118
45,118,119
45,119,120
45,120,121
45,121,122
45,122,123
45,123,124
45,124,125
45,125,126
45,126,127
45,127,128
45,128,129
45,129,130
45,130,131
45,131,132
45,132,133
45,133,134
45,134,135
45,135,136
45,136,137
45,137,138
45,138,139
45,139,140
45,140,141
45,141,142
45,142,143
45,143,144
45,144,145
45,145,146
45,146,147
45,147,148
45,148,149
45,149,150
45,150,151
45,151,152
45,152,153
45,153,154
45,154,155
45,155,156
45,156,157
45,157,158
45,158,159
45,159,160
45,160,161
45,161,162
45,162,163
45,163,164
45,164,165
45,165,166
45,166,167
45,167,168
45,168,169
45,169,170
45,170,171
45,171,172
45,172,173
45,173,174
45,174,175
45,175,176
45,176,177
45,177,178
45,178,179
45,179,180
45,180,181
45,181,182
45,182,183
45,183,184
45,184,185
45,185,186
45,186,187
45,187,188
45,188,189
45,189,190
45,190,191
45,191,192
45,192,193
45,193,194
45,194,195
45,195,196
45,196,197
45,197,198
45,198,199
45,199,200
45,200,201
45,201,202
45,202,203
45,203,204
45,204,205
45,205,206
45,206,207
45,207,208
45,208,209
45,209,210
45,210,211
45,211,212
45,212,213
45,213,214
45,214,215
45,215,216
45,216,217
45,217,218
45,218,219
45,219,220
45,220,221
45,221,222
45,222,223
45,223,224
45,224,225
45,225,226
45,226,227
45,227,228
45,228,229
45,229,230
45,230,231
45,231,232
45,232,233
45,233,234
45,234,235
45,235,236
45,236,237
45,237,238
45,238,239
45,239,240
45,240,241
45,241,242
45,242,243
45,243,244
45,244,245
45,245,246
45,246,247
45,247,248
45,248,249
45,249,250
45,250,251
45,251,252
45,252,253
45,253,254
45,254,255
45,255,255
46,0,1
46,1,2
46,2,3
46,3,4
46,4,5
46,5,6
46,6,7
46,7,8
46,8,9
46,9,10
46,10,11
46,11,12
46,12,13
46,13,14
46,14,15
46,15,16
46,16,17
46,17,18
46,18,19
46,19,20
46,20,21
46,21,22
46,22,23
46,23,24
46,24,25
46,25,26
46,26,27
46,27,28
46,28,29
46,29,30
46,30,31
46,31,32
46,32,33
46,33,34
46,34,35
46,35,36
46,36,37
46,37,38
46,38,39
46,39,40
46,40,41
46,41,42
46,42,43
46,43,44
46,44,45
46,45,46
46,46,47
46,47,48
46,48,49
46,49,50
46,50,51
46,51,52
46,52,53
46,53,54
46,54,55
46,55,56
46,56,57
46,57,58
46,58,59
46,59,60
46,60,61
46,61,62
46,62,63
46,63,64
46,64,65
46,65,66
46,66,67
46,67,68
46,68,69
46,69,70
46,70,71
46,71,72
46,72,73
46,73,74
46,74,75
46,75,76
46,76,77
46,77,78
46,78,79
46,79,80
46,80,81
46,81,82
46,82,83
46,83,84
46,84,85
46,85,86
46,86,87
46,87,88
46,88,89
46,89,90
46,90,91
46,91,92
46,92,93
46,93,94
46,94,95
46,95,96
46,96,97
46,97,98
46,98,99
46,99,100
46,100,101
46,101,102
46,102,103
46,103,104
46,104,105
46,105,106
46,106,107
46,107,108
46,108,109
46,109,110
46,110,111
46,111,112
46,112,113
46,113,114
46,114,115
46,115,116
46,116,117
46,117,118
46,118,119
46,119,120
46,120,121
46,121,122
46,122,123
46,123,124
46,124,125
46,125,126
46,126,127
46,127,128
46,128,129
46,129,130
46,130,131
46,131,132
46,132,133
46,133,134
46,134,135
46,135,136
46,136,137
46,137,138
46,138,139
46,139,140
46,140,141
46,141,142
46,142,143
46,143,144
46,144,145
46,145,146
46,146,147
46,147,148
46,148,149
46,149,150
46,150,151
46,151,152
46,152,153
46,153,154
46,154,155
46,155,156
46,156,157
46,157,158
46,158,159
46,159,160
46,160,161
46,161,162
46,162,163
46,163,164
46,164,165
46,165,166
46,166,167
46,167,168
46,168,169
46,169,170
46,170,171
46,171,172
46,172,173
46,173,174
46,174,175
46,175,176
46,176,177
46,177,178
46,178,179
46,179,180
46,180,181
46,181,182
46,182,183
46,183,184
46,184,185
46,185,186
46,186,187
46,187,188
46,188,189
46,189,190
46,190,191
46,191,192
46,192,193
46,193,194
46,194,195
46,195,196
46,196,197
46,197,198
46,198,199
46,199,200
46,200,201
46,201,202
46,202,203
46,203,204
46,204,205
46,205,206
46,206,207
46,207,208
46,208,209
46,209,210
46,210,211
46,211,212
46,212,213
46,213,214
46,214,215
46,215,216
46,216,217
46,217,218
46,218,219
46,219,220
46,220,221
46,221,222
46,222,223
46,223,224
46,224,225
46,225,226
46,226,227
46,227,228
46,228,229
46,229,230
46,230,231
46,231,232
46,232,233
46,233,234
46,234,235
46,235,236
46,236,237
46,237,238
46,238,239
46,239,240
46,240,241
46,241,242
46,242,243
46,243,244
46,244,245
46,245,246
46,246,247
46,247,248
46,248,249
46,249,250
46,250,251
46,251,252
46,252,253
46,253,254
46,254,255
46,255,255
47,0,1
47,1,2
47,2,3
47,3,4
47,4,5
47,5,6
47,6,7
47,7,8
47,8,9
47,9,10
47,10,11
47,11,12
47,12,13
47,13,14
47,14,15
47,15,16
47,16,17
47,17,18
47,18,19
47,19,20
47,20,21
47,21,22
47,22,23
47,23,24
47,24,25
47,25,26
47,26,27
47,27,28
47,28,29
47,29,30
47,30,31
47,31,32
47,32,33
47,33,34
47,34,35
47,35,36
47,36,37
47,37,38
47,38,39
47,39,40
47,40,41
47,41,42
47,42,43
47,43,44
47,44,45
47,45,46
47,46,47
47,47,48
47,48,49
47,49,50
47,50,51
47,51,52
47,52,53
47,53,54
47,54,55
47,55,56
47,56,57
47,57,58
47,58,59
47,59,60
47,60,61
47,61,62
47,62,63
47,63,64
47,64,65
47,65,66
47,66,67
47,67,68
47,68,69
47,69,70
47,70,71
47,71,72
47,72,73
47,73,74
47,74,75
47,75,76
47,76,77
47,77,78
47,78,79
47,79,80
47,80,81
47,81,82
47,82,83
47,83,84
47,84,85
47,85,86
47,86,87
47,87,88
47,88,89
47,89,90
47,90,91
47,91,92
47,92,93
47,93,94
47,94,95
47,95,96
47,96,97
47,97,98
47,98,99
47,99,100
47,100,101
47,101,102
47,102,103
47,103,104
47,104,105
47,105,106
47,106,107
47,107,108
47,108,109
47,109,110
47,110,111
47,111,112
47,112,113
47,113,114
47,114,115
47,115,116
47,116,117
47,117,118
47,118,119
47,119,120
47,120,121
47,121,122
47,122,123
47,123,124
47,124,125
47,125,126
47,126,127
47,127,128
47,128,129
47,129,130
47,130,131
47,131,132
47,132,133
47,133,134
47,134,135
47,135,136
47,136,137
47,137,138
47,138,139
47,139,140
47,140,141
47,141,142
47,142,143
47,143,144
47,144,145
47,145,146
47,146,147
47,147,148
47,148,149
47,149,150
47,150,151
47,151,152
47,152,153
47,153,154
47,154,155
47,155,156
47,156,157
47,157,158
47,158,159
47,159,160
47,160,161
47,161,162
47,162,163
47,163,164
47,164,165
47,165,166
47,166,167
47,167,168
47,168,169
47,169,170
47,170,171
47,171,172
47,172,173
47,173,174
47,174,175
47,175,176
47,176,177
47,177,178
47,178,179
47,179,180
47,180,181
47,181,182
47,182,183
47,183,184
47,184,185
47,185,186
47,186,187
47,187,188
47,188,189
47,189,190
47,190,191
47,191,192
47,192,193
47,193,194
47,194,195
47,195,196
47,196,197
47,197,198
47,198,199
47,199,200
47,200,201
47,201,202
47,202,203
47,203,204
47,204,205
47,205,206
47,206,207
47,207,208
47,208,209
47,209,210
47,210,211
47,211,212
47,212,213
47,213,214
47,214,215
47,215,216
47,216,217
47,217,218
47,218,219
47,219,220
47,220,221
47,221,222
47,222,223
47,223,224
47,224,225
47,225,226
47,226,227
47,227,228
47,228,229
47,229,230
47,230,231
47,231,232
47,232,233
47,233,234
47,234,235
47,235,236
47,236,237
47,237,238
47,238,239
47,239,240
47,240,241
47,241,242
47,242,243
47,243,244
47,244,245
47,245,246
47,246,247
47,247,248
47,248,249
47,249,250
47,250,251
47,251,252
47,252,253
47,253,254
47,254,255
47,255,255
48,0,1
48,1,2
48,2,3
48,3,4
48,4,5
48,5,6
48,6,7
48,7,8
48,8,9
48,9,10
48,10,11
48,11,12
48,12,13
48,13,14
48,14,15
48,15,16
48,16,17
48,17,18
48,18,19
48,19,20
48,20,21
48,21,22
48,22,23
48,23,24
48,24,25
48,25,26
48,26,27
48,27,28
48,28,29
48,29,30
48,30,31
48,31,32
48,32,33
48,33,34
48,34,35
48,35,36
48,36,37
48,37,38
48,38,39
48,39,40
48,40,41
48,41,42
48,42,43
48,43,44
48,44,45
48,45,46
48,46,47
48,47,48
48,48,49
48,49,50
48,50,51
48,51,52
48,52,53
48,53,54
48,54,55
48,55,56
48,56,57
48,57,58
48,58,59
48,59,60
48,60,61
48,61,62
48,62,63
48,63,64
48,64,65
48,65,66
48,66,67
48,67,68
48,68,69
48,69,70
48,70,71
48,71,72
48,72,73
48,73,74
48,74,75
48,75,76
48,76,77
48,77,78
48,78,79
48,79,80
48,80,81
48,81,82
48,82,83
48,83,84
48,84,85
48,85,86
48,86,87
48,87,88
48,88,89
48,89,90
48,90,91
48,91,92
48,92,93
48,93,94
48,94,95
48,95,96
48,96,97
48,97,98
48,98,99
48,99,100
48,100,101
48,101,102
48,102,103
48,103,104
48,104,105
48,105,106
48,106,107
48,107,108
48,108,109
48,109,110
48,110,111
48,111,112
48,112,113
48,113,114
48,114,115
48,115,116
48,116,117
48,117,118
48,118,119
48,119,120
48,120,121
48,121,122
48,122,123
48,123,124
48,124,125
48,125,126
48,126,127
48,127,128
48,128,129
48,129,130
48,130,131
48,131,132
48,132,133
48,133,134
48,134,135
48,135,136
48,136,137
48,137,138
48,138,139
48,139,140
48,140,141
48,141,142
48,142,143
48,143,144
48,144,145
48,145,146
48,146,147
48,147,148
48,148,149
48,149,150
48,150,151
48,151,152
48,152,153
48,153,154
48,154,155
48,155,156
48,156,157
48,157,158
48,158,159
48,159,160
48,160,161
48,161,162
48,162,163
48,163,164
48,164,165
48,165,166
48,166,167
48,167,168
48,168,169
48,169,170
48,170,171
48,171,172
48,172,173
48,173,174
48,174,175
48,175,176
48,176,177
48,177,178
48,178,179
48,179,180
48,180,181
48,181,182
48,182,183
48,183,184
48,184,185
48,185,186
48,186,187
48,187,188
48,188,189
48,189,190
48,190,191
48,191,192
48,192,193
48,193,194
48,194,195
48,195,196
48,196,197
48,197,198
48,198,199
48,199,200
48,200,201
48,201,202
48,202,203
48,203,204
48,204,205
48,205,206
48,206,207
48,207,208
48,208,209
48,209,210
48,210,211
48,211,212
48,212,213
48,213,214
48,214,215
48,215,216
48,216,217
48,217,218
48,218,219
48,219,220
48,220,221
48,221,222
48,222,223
48,223,224
48,224,225
48,225,226
48,226,227
48,227,228
48,228,229
48,229,230
48,230,231
48,231,232
48,232,233
48,233,234
48,234,235
48,235,236
48,236,237
48,237,238
48,238,239
48,239,240
48,240,241
48,241,242
48,242,243
48,243,244
48,244,245
48,245,246
48,246,247
48,247,248
48,248,249
48,249,250
48,250,251
48,251,252
48,252,253
48,253,254
48,254,255
48,255,255
49,0,1
49,1,2
49,2,3
49,3,4
49,4,5
49,5,6
49,6,7
49,7,8
49,8,9
49,9,10
49,10,11
49,11,12
49,12,13
49,13,14
49,14,15
49,15,16
49,16,17
49,17,18
49,18,19
49,19,20
49,20,21
49,21,22
49,22,23
49,23,24
49,24,25
49,25,26
49,26,27
49,27,28
49,28,29
49,29,30
49,30,31
49,31,32
49,32,33
49,33,34
49,34,35
49,35,36
49,36,37
49,37,38
49,38,39
49,39,40
49,40,41
49,41,42
49,42,43
49,43,44
49,44,45
49,45,46
49,46,47
49,47,48
49,48,49
49,49,50
49,50,51
49,51,52
49,52,53
49,53,54
49,54,55
49,55,56
49,56,57
49,57,58
49,58,59
49,59,60
49,60,61
49,61,62
49,62,63
49,63,64
49,64,65
49,65,66
49,66,67
49,67,68
49,68,69
49,69,70
49,70,71
49,71,72
49,72,73
49,73,74
49,74,75
49,75,76
49,76,77
49,77,78
49,78,79
49,79,80
49,80,81
49,81,82
49,82,83
49,83,84
49,84,85
49,85,86
49,86,87
49,87,88
49,88,89
49,89,90
49,90,91
49,91,92
49,92,93
49,93,94
49,94,95
49,95,96
49,96,97
49,97,98
49,98,99
49,99,100
49,100,101
49,101,102
49,102,103
49,103,104
49,104,105
49,105,106
49,106,107
49,107,108
49,108,109
49,109,110
49,110,111
49,111,112
49,112,113
49,113,114
49,114,115
49,115,116
49,116,117
49,117,118
49,118,119
49,119,120
49,120,121
49,121,122
49,122,123
49,123,124
49,124,125
49,125,126
49,126,127
49,127,128
49,128,129
49,129,130
49,130,131
49,131,132
49,132,133
49,133,134
49,134,135
49,135,136
49,136,137
49,137,138
49,138,139
49,139,140
49,140,141
49,141,142
49,142,143
49,143,144
49,144,145
49,145,146
49,146,147
49,147,148
49,148,149
49,149,150
49,150,151
49,151,152
49,152,153
49,153,154
49,154,155
49,155,156
49,156,157
49,157,158
49,158,159
49,159,160
49,160,161
49,161,162
49,162,163
49,163,164
49,164,165
49,165,166
49,166,167
49,167,168
49,168,169
49,169,170
49,170,171
49,171,172
49,172,173
49,173,174
49,174,175
49,175,176
49,176,177
49,177,178
49,178,179
49,179,180
49,180,181
49,181,182
49,182,183
49,183,184
49,184,185
49,185,186
49,186,187
49,187,188
49,188,189
49,189,190
49,190,191
49,191,192
49,192,193
49,193,194
49,194,195
49,195,196
49,196,197
49,197,198
49,198,199
49,199,200
49,200,201
49,201,202
49,202,203
49,203,204
49,204,205
49,205,206
49,206,207
49,207,208
49,208,209
49,209,210
49,210,211
49,211,212
49,212,213
49,213,214
49,214,215
49,215,216
49,216,217
49,217,218
49,218,219
49,219,220
49,220,221
49,221,222
49,222,223
49,223,224
49,224,225
49,225,226
49,226,227
49,227,228
49,228,229
49,229,230
49,230,231
49,231,232
49,232,233
49,233,234
49,234,235
49,235,236
49,236,237
49,237,238
49,238,239
49,239,240
49,240,241
49,241,242
49,242,243
49,243,244
49,244,245
49,245,246
49,246,247
49,247,248
49,248,249
49,249,250
49,250,251
49,251,252
49,252,253
49,253,254
49,254,255
49,255,255
50,0,1
50,1,2
50,2,3
50,3,4
50,4,5
50,5,6
50,6,7
50,7,8
50,8,9
50,9,10
50,10,11
50,11,12
50,12,13
50,13,14
50,14,15
50,15,16
50,16,17
50,17,18
50,18,19
50,19,20
50,20,21
50,21,22
50,22,23
50,23,24
50,24,25
50,25,26
50,26,27
50,27,28
50,28,29
50,29,30
50,30,31
50,31,32
50,32,33
50,33,34
50,34,35
50,35,36
50,36,37
50,37,38
50,38,39
50,39,40
50,40,41
50,41,42
50,42,43
50,43,44
50,44,45
50,45,46
50,46,47
50,47,48
50,48,49
50,49,50
50,50,51
50,51,52
50,52,53
50,53,54
50,54,55
50,55,56
50,56,57
50,57,58
50,58,59
50,59,60
50,60,61
50,61,62
50,62,63
50,63,64
50,64,65
50,65,66
50,66,67
50,67,68
50,68,69
50,69,70
50,70,71
50,71,72
50,72,73
50,73,74
50,74,75
50,75,76
50,76,77
50,77,78
50,78,79
50,79,80
50,80,81
50,81,82
50,82,83
50,83,84
50,84,85
50,85,86
50,86,87
50,87,88
50,88,89
50,89,90
50,90,91
50,91,92
50,92,93
50,93,94
50,94,95
50,95,96
50,96,97
50,97,98
50,98,99
50,99,100
50,100,101
50,101,102
50,102,103
50,103,104
50,104,105
50,105,106
50,106,107
50,107,108
50,108,109
50,109,110
50,110,111
50,111,112
50,112,113
50,113,114
50,114,115
50,115,116
50,116,117
50,117,118
50,118,119
50,119,120
50,120,121
50,121,122
50,122,123
50,123,124
50,124,125
50,125,126
50,126,127
50,127,128
50,128,129
50,129,130
50,130,131
50,131,132
50,132,133
50,133,134
50,134,135
50,135,136
50,136,137
50,137,138
50,138,139
50,139,140
50,140,141
50,141,142
50,142,143
50,143,144
50,144,145
50,145,146
50,146,147
50,147,148
50,148,149
50,149,150
50,150,151
50,151,152
50,152,153
50,153,154
50,154,155
50,155,156
50,156,157
50,157,158
50,158,159
50,159,160
50,160,161
50,161,162
50,162,163
50,163,164
50,164,165
50,165,166
50,166,167
50,167,168
50,168,169
50,169,170
50,170,171
50,171,172
50,172,173
50,173,174
50,174,175
50,175,176
50,176,177
50,177,178
50,178,179
50,179,180
50,180,181
50,181,182
50,182,183
50,183,184
50,184,185
50,185,186
50,186,187
50,187,188
50,188,189
50,189,190
50,190,191
50,191,192
50,192,193
50,193,194
50,194,195
50,195,196
50,196,197
50,197,198
50,198,199
50,199,200
50,200,201
50,201,202
50,202,203
50,203,204
50,204,205
50,205,206
50,206,207
50,207,208
50,208,209
50,209,210
50,210,211
50,211,212
50,212,213
50,213,214
50,214,215
50,215,216
50,216,217
50,217,218
50,218,219
50,219,220
50,220,221
50,221,222
50,222,223
50,223,224
50,224,225
50,225,226
50,226,227
50,227,228
50,228,229
50,229,230
50,230,231
50,231,232
50,232,233
50,233,234
50,234,235
50,235,236
50,236,237
50,237,238
50,238,239
50,239,240
50,240,241
50,241,242
50,242,243
50,243,244
50,244,245
50,245,246
50,246,247
50,247,248
50,248,249
50,249,250
50,250,251
50,251,252
50,252,253
50,253,254
50,254,255
50,255,255
51,0,1
51,1,2
51,2,3
51,3,4
51,4,5
51,5,6
51,6,7
51,7,8
51,8,9
51,9,10
51,10,11
51,11,12
51,12,13
51,13,14
51,14,15
51,15,16
51,16,17
51,17,18
51,18,19
51,19,20
51,20,21
51,21,22
51,22,23
51,23,24
51,24,25
51,25,26
51,26,27
51,27,28
51,28,29
51,29,30
51,30,31
51,31,32
51,32,33
51,33,34
51,34,35
51,35,36
51,36,37
51,37,38
51,38,39
51,39,40
51,40,41
51,41,42
51,42,43
51,43,44
51,44,45
51,45,46
51,46,47
51,47,48
51,48,49
51,49,50
51,50,51
51,51,52
51,52,53
51,53,54
51,54,55
51,55,56
51,56,57
51,57,58
51,58,59
51,59,60
51,60,61
51,61,62
51,62,63
51,63,64
51,64,65
51,65,66
51,66,67
51,67,68
51,68,69
51,69,70
51,70,71
51,71,72
51,72,73
51,73,74
51,74,75
51,75,76
51,76,77
51,77,78
51,78,79
51,79,80
51,80,81
51,81,82
51,82,83
51,83,84
51,84,85
51,85,86
51,86,87
51,87,88
51,88,89
51,89,90
51,90,91
51,91,92
51,92,93
51,93,94
51,94,95
51,95,96
51,96,97
51,97,98
51,98,99
51,99,100
51,100,101
51,101,102
51,102,103
51,103,104
51,104,105
51,105,106
51,106,107
51,107,108
51,108,109
51,109,110
51,110,111
51,111,112
51,112,113
51,113,114
51,114,115
51,115,116
51,116,117
51,117,118
51,118,119
51,119,120
51,120,121
51,121,122
51,122,123
51,123,124
51,124,125
51,125,126
51,126,127
51,127,128
51,128,129
51,129,130
51,130,131
51,131,132
51,132,133
51,133,134
51,134,135
51,135,136
51,136,137
51,137,138
51,138,139
51,139,140
51,140,141
51,141,142
51,142,143
51,143,144
51,144,145
51,145,146
51,146,147
51,147,148
51,148,149
51,149,150
51,150,151
51,151,152
51,152,153
51,153,154
51,154,155
51,155,156
51,156,157
51,157,158
51,158,159
51,159,160
51,160,161
51,161,162
51,162,163
51,163,164
51,164,165
51,165,166
51,166,167
51,167,168
51,168,169
51,169,170
51,170,171
51,171,172
51,172,173
51,173,174
51,174,175
51,175,176
51,176,177
51,177,178
51,178,179
51,179,180
51,180,181
51,181,182
51,182,183
51,183,184
51,184,185
51,185,186
51,186,187
51,187,188
51,188,189
51,189,190
51,190,191
51,191,192
51,192,193
51,193,194
51,194,195
51,195,196
51,196,197
51,197,198
51,198,199
51,199,200
51,200,201
51,201,202
51,202,203
51,203,204
51,204,205
51,205,206
51,206,207
51,207,208
51,208,209
51,209,210
51,210,211
51,211,212
51,212,213
51,213,214
51,214,215
51,215,216
51,216,217
51,217,218
51,218,219
51,219,220
51,220,221
51,221,222
51,222,223
51,223,224
51,224,225
51,225,226
51,226,227
51,227,228
51,228,229
51,229,230
51,230,231
51,231,232
51,232,233
51,233,234
51,234,235
51,235,236
51,236,237
51,237,238
51,238,239
51,239,240
51,240,241
51,241,242
51,242,243
51,243,244
51,244,245
51,245,246
51,246,247
51,247,248
51,248,249
51,249,250
51,250,251
51,251,252
51,252,253
51,253,254
51,254,255
51,255,255
52,0,1
52,1,2
52,2,3
52,3,4
52,4,5
52,5,6
52,6,7
52,7,8
52,8,9
52,9,10
52,10,11
52,11,12
52,12,13
52,13,14
52,14,15
52,15,16
52,16,17
52,17,18
52,18,19
52,19,20
52,20,21
52,21,22
52,22,23
52,23,24
52,24,25
52,25,26
52,26,27
52,27,28
52,28,29
52,29,30
52,30,31
52,31,32
52,32,33
52,33,34
52,34,35
52,35,36
52,36,37
52,37,38
52,38,39
52,39,40
52,40,41
52,41,42
52,42,43
52,43,44
52,44,45
52,45,46
52,46,47
52,47,48
52,48,49
52,49,50
52,50,51
52,51,52
52,52,53
52,53,54
52,54,55
52,55,56
52,56,57
52,57,58
52,58,59
52,59,60
52,60,61
52,61,62
52,62,63
52,63,64
52,64,65
52,65,66
52,66,67
52,67,68
52,68,69
52,69,70
52,70,71
52,71,72
52,72,73
52,73,74
52,74,75
52,75,76
52,76,77
52,77,78
52,78,79
52,79,80
52,80,81
52,81,82
52,82,83
52,83,84
52,84,85
52,85,86
52,86,87
52,87,88
52,88,89
52,89,90
52,90,91
52,91,92
52,92,93
52,93,94
52,94,95
52,95,96
52,96,97
52,97,98
52,98,99
52,99,100
52,100,101
52,101,102
52,102,103
52,103,104
52,104,105
52,105,106
52,106,107
52,107,108
52,108,109
52,109,110
52,110,111
52,111,112
52,112,113
52,113,114
52,114,115
52,115,116
52,116,117
52,117,118
52,118,119
52,119,120
52,120,121
52,121,122
52,122,123
52,123,124
52,124,125
52,125,126
52,126,127
52,127,128
52,128,129
52,129,130
52,130,131
52,131,132
52,132,133
52,133,134
52,134,135
52,135,136
52,136,137
52,137,138
52,138,139
52,139,140
52,140,141
52,141,142
52,142,143
52,143,144
52,144,145
52,145,146
52,146,147
52,147,148
52,148,149
52,149,150
52,150,151
52,151,152
52,152,153
52,153,154
52,154,155
52,155,156
52,156,157
52,157,158
52,158,159
52,159,160
52,160,161
52,161,162
52,162,163
52,163,164
52,164,165
52,165,166
52,166,167
52,167,168
52,168,169
52,169,170
52,170,171
52,171,172
52,172,173
52,173,174
52,174,175
52,175,176
52,176,177
52,177,178
52,178,179
52,179,180
52,180,181
52,181,182
52,182,183
52,183,184
52,184,185
52,185,186
52,186,187
52,187,188
52,188,189
52,189,190
52,190,191
52,191,192
52,192,193
52,193,194
52,194,195
52,195,196
52,196,197
52,197,198
52,198,199
52,199,200
52,200,201
52,201,202
52,202,203
52,203,204
52,204,205
52,205,206
52,206,207
52,207,208
52,208,209
52,209,210
52,210,211
52,211,212
52,212,213
52,213,214
52,214,215
52,215,216
52,216,217
52,217,218
52,218,219
52,219,220
52,220,221
52,221,222
52,222,223
52,223,224
52,224,225
52,225,226
52,226,227
52,227,228
52,228,229
52,229,230
52,230,231
52,231,232
52,232,233
52,233,234
52,234,235
52,235,236
52,236,237
52,237,238
52,238,239
52,239,240
52,240,241
52,241,242
52,242,243
52,243,244
52,244,245
52,245,246
52,246,247
52,247,248
52,248,249
52,249,250
52,250,251
52,251,252
52,252,253
52,253,254
52,254,255
52,255,255
53,0,1
53,1,2
53,2,3
53,3,4
53,4,5
53,5,6
53,6,7
53,7,8
53,8,9
53,9,10
53,10,11
53,11,12
53,12,13
53,13,14
53,14,15
53,15,16
53,16,17
53,17,18
53,18,19
53,19,20
53,20,21
53,21,22
53,22,23
53,23,24
53,24,25
53,25,26
53,26,27
53,27,28
53,28,29
53,29,30
53,30,31
53,31,32
53,32,33
53,33,34
53,34,35
53,35,36
53,36,37
53,37,38
53,38,39
53,39,40
53,40,41
53,41,42
53,42,43
53,43,44
53,44,45
53,45,46
53,46,47
53,47,48
53,48,49
53,49,50
53,50,51
53,51,52
53,52,53
53,53,54
53,54,55
53,55,56
53,56,57
53,57,58
53,58,59
53,59,60
53,60,61
53,61,62
53,62,63
53,63,64
53,64,65
53,65,66
53,66,67
53,67,68
53,68,69
53,69,70
53,70,71
53,71,72
53,72,73
53,73,74
53,74,75
53,75,76
53,76,77
53,77,78
53,78,79
53,79,80
53,80,81
53,81,82
53,82,83
53,83,84
53,84,85
53,85,86
53,86,87
53,87,88
53,88,89
53,89,90
53,90,91
53,91,92
53,92,93
53,93,94
53,94,95
53,95,96
53,96,97
53,97,98
53,98,99
53,99,100
53,100,101
53,101,102
53,102,103
53,103,104
53,104,105
53,105,106
53,106,107
53,107,108
53,108,109
53,109,110
53,110,111
53,111,112
53,112,113
53,113,114
53,114,115
53,115,116
53,116,117
53,117,118
53,118,119
53,119,120
53,120,121
53,121,122
53,122,123
53,123,124
53,124,125
53,125,126
53,126,127
53,127,128
53,128,129
53,129,130
53,130,131
53,131,132
53,132,133
53,133,134
53,134,135
53,135,136
53,136,137
53,137,138
53,138,139
53,139,140
53,140,141
53,141,142
53,142,143
53,143,144
53,144,145
53,145,146
53,146,147
53,147,148
53,148,149
53,149,150
53,150,151
53,151,152
53,152,153
53,153,154
53,154,155
53,155,156
53,156,157
53,157,158
53,158,159
53,159,160
53,160,161
53,161,162
53,162,163
53,163,164
53,164,165
53,165,166
53,166,167
53,167,168
53,168,169
53,169,170
53,170,171
53,171,172
53,172,173
53,173,174
53,174,175
53,175,176
53,176,177
53,177,178
53,178,179
53,179,180
53,180,181
53,181,182
53,182,183
53,183,184
53,184,185
53,185,186
53,186,187
53,187,188
53,188,189
53,189,190
53,190,191
53,191,192
53,192,193
53,193,194
53,194,195
53,195,196
53,196,197
53,197,198
53,198,199
53,199,200
53,200,201
53,201,202
53,202,203
53,203,204
53,204,205
53,205,206
53,206,207
53,207,208
53,208,209
53,209,210
53,210,211
53,211,212
53,212,213
53,213,214
53,214,215
53,215,216
53,216,217
53,217,218
53,218,219
53,219,220
53,220,221
53,221,222
53,222,223
53,223,224
53,224,225
53,225,226
53,226,227
53,227,228
53,228,229
53,229,230
53,230,231
53,231,232
53,232,233
53,233,234
53,234,235
53,235,236
53,236,237
53,237,238
53,238,239
53,239,240
53,240,241
53,241,242
53,242,243
53,243,244
53,244,245
53,245,246
53,246,247
53,247,248
53,248,249
53,249,250
53,250,251
53,251,252
53,252,253
53,253,254
53,254,255
53,255,255
54,0,1
54,1,2
54,2,3
54,3,4
54,4,5
54,5,6
54,6,7
54,7,8
54,8,9
54,9,10
54,10,11
54,11,12
54,12,13
54,13,14
54,14,15
54,15,16
54,16,17
54,17,18
54,18,19
54,19,20
54,20,21
54,21,22
54,22,23
54,23,24
54,24,25
54,25,26
54,26,27
54,27,28
54,28,29
54,29,30
54,30,31
54,31,32
54,32,33
54,33,34
54,34,35
54,35,36
54,36,37
54,37,38
54,38,39
54,39,40
54,40,41
54,41,42
54,42,43
54,43,44
54,44,45
54,45,46
54,46,47
54,47,48
54,48,49
54,49,50
54,50,51
54,51,52
54,52,53
54,53,54
54,54,55
54,55,56
54,56,57
54,57,58
54,58,59
54,59,60
54,60,61
54,61,62
54,62,63
54,63,64
54,64,65
54,65,66
54,66,67
54,67,68
54,68,69
54,69,70
54,70,71
54,71,72
54,72,73
54,73,74
54,74,75
54,75,76
54,76,77
54,77,78
54,78,79
54,79,80
54,80,81
54,81,82
54,82,83
54,83,84
54,84,85
54,85,86
54,86,87
54,87,88
54,88,89
54,89,90
54,90,91
54,91,92
54,92,93
54,93,94
54,94,95
54,95,96
54,96,97
54,97,98
54,98,99
54,99,100
54,100,101
54,101,102
54,102,103
54,103,104
54,104,105
54,105,106
54,106,107
54,107,108
54,108,109
54,109,110
54,110,111
54,111,112
54,112,113
54,113,114
54,114,115
54,115,116
54,116,117
54,117,118
54,118,119
54,119,120
54,120,121
54,121,122
54,122,123
54,123,124
54,124,125
54,125,126
54,126,127
54,127,128
54,128,129
54,129,130
54,130,131
54,131,132
54,132,133
54,133,134
54,134,135
54,135,136
54,136,137
54,137,138
54,138,139
54,139,140
54,140,141
54,141,142
54,142,143
54,143,144
54,144,145
54,145,146
54,146,147
54,147,148
54,148,149
54,149,150
54,150,151
54,151,152
54,152,153
54,153,154
54,154,155
54,155,156
54,156,157
54,157,158
54,158,159
54,159,160
54,160,161
54,161,162
54,162,163
54,163,164
54,164,165
54,165,166
54,166,167
54,167,168
54,168,169
54,169,170
54,170,171
54,171,172
54,172,173
54,173,174
54,174,175
54,175,176
54,176,177
54,177,178
54,178,179
54,179,180
54,180,181
54,181,182
54,182,183
54,183,184
54,184,185
54,185,186
54,186,187
54,187,188
54,188,189
54,189,190
54,190,191
54,191,192
54,192,193
54,193,194
54,194,195
54,195,196
54,196,197
54,197,198
54,198,199
54,199,200
54,200,201
54,201,202
54,202,203
54,203,204
54,204,205
54,205,206
54,206,207
54,207,208
54,208,209
54,209,210
54,210,211
54,211,212
54,212,213
54,213,214
54,214,215
54,215,216
54,216,217
54,217,218
54,218,219
54,219,220
54,220,221
54,221,222
54,222,223
54,223,224
54,224,225
54,225,226
54,226,227
54,227,228
54,228,229
54,229,230
54,230,231
54,231,232
54,232,233
54,233,234
54,234,235
54,235,236
54,236,237
54,237,238
54,238,239
54,239,240
54,240,241
54,241,242
54,242,243
54,243,244
54,244,245
54,245,246
54,246,247
54,247,248
54,248,249
54,249,250
54,250,251
54,251,252
54,252,253
54,253,254
54,254,255
54,255,255
55,0,1
55,1,2
55,2,3
55,3,4
55,4,5
55,5,6
55,6,7
55,7,8
55,8,9
55,9,10
55,10,11
55,11,12
55,12,13
55,13,14
55,14,15
55,15,16
55,16,17
55,17,18
55,18,19
55,19,20
55,20,21
55,21,22
55,22,23
55,23,24
55,24,25
55,25,26
55,26,27
55,27,28
55,28,29
55,29,30
55,30,31
55,31,32
55,32,33
55,33,34
55,34,35
55,35,36
55,36,37
55,37,38
55,38,39
55,39,40
55,40,41
55,41,42
55,42,43
55,43,44
55,44,45
55,45,46
55,46,47
55,47,48
55,48,49
55,49,50
55,50,51
55,51,52
55,52,53
55,53,54
55,54,55
55,55,56
55,56,57
55,57,58
55,58,59
55,59,60
55,60,61
55,61,62
55,62,63
55,63,64
55,64,65
55,65,66
55,66,67
55,67,68
55,68,69
55,69,70
55,70,71
55,71,72
55,72,73
55,73,74
55,74,75
55,75,76
55,76,77
55,77,78
55,78,79
55,79,80
55,80,81
55,81,82
55,82,83
55,83,84
55,84,85
55,85,86
55,86,87
55,87,88
55,88,89
55,89,90
55,90,91
55,91,92
55,92,93
55,93,94
55,94,95
55,95,96
55,96,97
55,97,98
55,98,99
55,99,100
55,100,101
55,101,102
55,102,103
55,103,104
55,104,105
55,105,106
55,106,107
55,107,108
55,108,109
55,109,110
55,110,111
55,111,112
55,112,113
55,113,114
55,114,115
55,115,116
55,116,117
55,117,118
55,118,119
55,119,120
55,120,121
55,121,122
55,122,123
55,123,124
55,124,125
55,125,126
55,126,127
55,127,128
55,128,129
55,129,130
55,130,131
55,131,132
55,132,133
55,133,134
55,134,135
55,135,136
55,136,137
55,137,138
55,138,139
55,139,140
55,140,141
55,141,142
55,142,143
55,143,144
55,144,145
55,145,146
55,146,147
55,147,148
55,148,149
55,149,150
55,150,151
55,151,152
55,152,153
55,153,154
55,154,155
55,155,156
55,156,157
55,157,158
55,158,159
55,159,160
55,160,161
55,161,162
55,162,163
55,163,164
55,164,165
55,165,166
55,166,167
55,167,168
55,168,169
55,169,170
55,170,171
55,171,172
55,172,173
55,173,174
55,174,175
55,175,176
55,176,177
55,177,178
55,178,179
55,179,180
55,180,181
55,181,182
55,182,183
55,183,184
55,184,185
55,185,186
55,186,187
55,187,188
55,188,189
55,189,190
55,190,191
55,191,192
55,192,193
55,193,194
55,194,195
55,195,196
55,196,197
55,197,198
55,198,199
55,199,200
55,200,201
55,201,202
55,202,203
55,203,204
55,204,205
55,205,206
55,206,207
55,207,208
55,208,209
55,209,210
55,210,211
55,211,212
55,212,213
55,213,214
55,214,215
55,215,216
55,216,217
55,217,218
55,218,219
55,219,220
55,220,221
55,221,222
55,222,223
55,223,224
55,224,225
55,225,226
55,226,227
55,227,228
55,228,229
55,229,230
55,230,231
55,231,232
55,232,233
55,233,234
55,234,235
55,235,236
55,236,237
55,237,238
55,238,239
55,239,240
55,240,241
55,241,242
55,242,243
55,243,244
55,244,245
55,245,246
55,246,247
55,247,248
55,248,249
55,249,250
55,250,251
55,251,252
55,252,253
55,253,254
55,254,255
55,255,255
56,0,1
56,1,2
56,2,3
56,3,4
56,4,5
56,5,6
56,6,7
56,7,8
56,8,9
56,9,10
56,10,11
56,11,12
56,12,13
56,13,14
56,14,15
56,15,16
56,16,17
56,17,18
56,18,19
56,19,20
56,20,21
56,21,22
56,22,23
56,23,24
56,24,25
56,25,26
56,26,27
56,27,28
56,28,29
56,29,30
56,30,31
56,31,32
56,32,33
56,33,34
56,34,35
56,35,36
56,36,37
56,37,38
56,38,39
56,39,40
56,40,41
56,41,42
56,42,43
56,43,44
56,44,45
56,45,46
56,46,47
56,47,48
56,48,49
56,49,50
56,50,51
56,51,52
56,52,53
56,53,54
56,54,55
56,55,56
56,56,57
56,57,58
56,58,59
56,59,60
56,60,61
56,61,62
56,62,63
56,63,64
56,64,65
56,65,66
56,66,67
56,67,68
56,68,69
56,69,70
56,70,71
56,71,72
56,72,73
56,73,74
56,74,75
56,75,76
56,76,77
56,77,78
56,78,79
56,79,80
56,80,81
56,81,82
56,82,83
56,83,84
56,84,85
56,85,86
56,86,87
56,87,88
56,88,89
56,89,90
56,90,91
56,91,92
56,92,93
56,93,94
56,94,95
56,95,96
56,96,97
56,97,98
56,98,99
56,99,100
56,100,101
56,101,102
56,102,103
56,103,104
56,104,105
56,105,106
56,106,107
56,107,108
56,108,109
56,109,110
56,110,111
56,111,112
56,112,113
56,113,114
56,114,115
56,115,116
56,116,117
56,117,118
56,118,119
56,119,120
56,120,121
56,121,122
56,122,123
56,123,124
56,124,125
56,125,126
56,126,127
56,127,128
56,128,129
56,129,130
56,130,131
56,131,132
56,132,133
56,133,134
56,134,135
56,135,136
56,136,137
56,137,138
56,138,139
56,139,140
56,140,141
56,141,142
56,142,143
56,143,144
56,144,145
56,145,146
56,146,147
56,147,148
56,148,149
56,149,150
56,150,151
56,151,152
56,152,153
56,153,154
56,154,155
56,155,156
56,156,157
56,157,158
56,158,159
56,159,160
56,160,161
56,161,162
56,162,163
56,163,164
56,164,165
56,165,166
56,166,167
56,167,168
56,168,169
56,169,170
56,170,171
56,171,172
56,172,173
56,173,174
56,174,175
56,175,176
56,176,177
56,177,178
56,178,179
56,179,180
56,180,181
56,181,182
56,182,183
56,183,184
56,184,185
56,185,186
56,186,187
56,187,188
56,188,189
56,189,190
56,190,191
56,191,192
56,192,193
56,193,194
56,194,195
56,195,196
56,196,197
56,197,198
56,198,199
56,199,200
56,200,201
56,201,202
56,202,203
56,203,204
56,204,205
56,205,206
56,206,207
56,207,208
56,208,209
56,209,210
56,210,211
56,211,212
56,212,213
56,213,214
56,214,215
56,215,216
56,216,217
56,217,218
56,218,219
56,219,220
56,220,221
56,221,222
56,222,223
56,223,224
56,224,225
56,225,226
56,226,227
56,227,228
56,228,229
56,229,230
56,230,231
56,231,232
56,232,233
56,233,234
56,234,235
56,235,236
56,236,237
56,237,238
56,238,239
56,239,240
56,240,241
56,241,242
56,242,243
56,243,244
56,244,245
56,245,246
56,246,247
56,247,248
56,248,249
56,249,250
56,250,251
56,251,252
56,252,253
56,253,254
56,254,255
56,255,255
57,0,1
57,1,2
57,2,3
57,3,4
57,4,5
57,5,6
57,6,7
57,7,8
57,8,9
57,9,10
57,10,11
57,11,12
57,12,13
57,13,14
57,14,15
57,15,16
57,16,17
57,17,18
57,18,19
57,19,20
57,20,21
57,21,22
57,22,23
57,23,24
57,24,25
57,25,26
57,26,27
57,27,28
57,28,29
57,29,30
57,30,31
57,31,32
57,32,33
57,33,34
57,34,35
57,35,36
57,36,37
57,37,38
57,38,39
57,39,40
57,40,41
57,41,42
57,42,43
57,43,44
57,44,45
57,45,46
57,46,47
57,47,48
57,48,49
57,49,50
57,50,51
57,51,52
57,52,53
57,53,54
57,54,55
57,55,56
57,56,57
57,57,58
57,58,59
57,59,60
57,60,61
57,61,62
57,62,63
57,63,64
57,64,65
57,65,66
57,66,67
57,67,68
57,68,69
57,69,70
57,70,71
57,71,72
57,72,73
57,73,74
57,74,75
57,75,76
57,76,77
57,77,78
57,78,79
57,79,80
57,80,81
57,81,82
57,82,83
57,83,84
57,84,85
57,85,86
57,86,87
57,87,88
57,88,89
57,89,90
57,90,91
57,91,92
57,92,93
57,93,94
57,94,95
57,95,96
57,96,97
57,97,98
57,98,99
57,99,100
57,100,101
57,101,102
57,102,103
57,103,104
57,104,105
57,105,106
57,106,107
57,107,108
57,108,109
57,109,110
57,110,111
57,111,112
57,112,113
57,113,114
57,114,115
57,115,116
57,116,117
57,117,118
57,118,119
57,119,120
57,120,121
57,121,122
57,122,123
57,123,124
57,124,125
57,125,126
57,126,127
57,127,128
57,128,129
57,129,130
57,130,131
57,131,132
57,132,133
57,133,134
57,134,135
57,135,136
57,136,137
57,137,138
57,138,139
57,139,140
57,140,141
57,141,142
57,142,143
57,143,144
57,144,145
57,145,146
57,146,147
57,147,148
57,148,149
57,149,150
57,150,151
57,151,152
57,152,153
57,153,154
57,154,155
57,155,156
57,156,157
57,157,158
57,158,159
57,159,160
57,160,161
57,161,162
57,162,163
57,163,164
57,164,165
57,165,166
57,166,167
57,167,168
57,168,169
57,169,170
57,170,171
57,171,172
57,172,173
57,173,174
57,174,175
57,175,176
57,176,177
57,177,178
57,178,179
57,179,180
57,180,181
57,181,182
57,182,183
57,183,184
57,184,185
57,185,186
57,186,187
57,187,188
57,188,189
57,189,190
57,190,191
57,191,192
57,192,193
57,193,194
57,194,195
57,195,196
57,196,197
57,197,198
57,198,199
57,199,200
57,200,201
57,201,202
57,202,203
57,203,204
57,204,205
57,205,206
57,206,207
57,207,208
57,208,209
57,209,210
57,210,211
57,211,212
57,212,213
57,213,214
57,214,215
57,215,216
57,216,217
57,217,218
57,218,219
57,219,220
57,220,221
57,221,222
57,222,223
57,223,224
57,224,225
57,225,226
57,226,227
57,227,228
57,228,229
57,229,230
57,230,231
57,231,232
57,232,233
57,233,234
57,234,235
57,235,236
57,236,237
57,237,238
57,238,239
57,239,240
57,240,241
57,241,242
57,242,243
57,243,244
57,244,245
57,245,246
57,246,247
57,247,248
57,248,249
57,249,250
57,250,251
57,251,252
57,252,253
57,253,254
57,254,255
57,255,255
58,0,1
58,1,2
58,2,3
58,3,4
58,4,5
58,5,6
58,6,7
58,7,8
58,8,9
58,9,10
58,10,11
58,11,12
58,12,13
58,13,14
58,14,15
58,15,16
58,16,17
58,17,18
58,18,19
58,19,20
58,20,21
58,21,22
58,22,23
58,23,24
58,24,25
58,25,26
58,26,27
58,27,28
58,28,29
58,29,30
58,30,31
58,31,32
58,32,33
58,33,34
58,34,35
58,35,36
58,36,37
58,37,38
58,38,39
58,39,40
58,40,41
58,41,42
58,42,43
58,43,44
58,44,45
58,45,46
58,46,47
58,47,48
58,48,49
58,49,50
58,50,51
58,51,52
58,52,53
58,53,54
58,54,55
58,55,56
58,56,57
58,57,58
58,58,59
58,59,60
58,60,61
58,61,62
58,62,63
58,63,64
58,64,65
58,65,66
58,66,67
58,67,68
58,68,69
58,69,70
58,70,71
58,71,72
58,72,73
58,73,74
58,74,75
58,75,76
58,76,77
58,77,78
58,78,79
58,79,80
58,80,81
58,81,82
58,82,83
58,83,84
58,84,85
58,85,86
58,86,87
58,87,88
58,88,89
58,89,90
58,90,91
58,91,92
58,92,93
58,93,94
58,94,95
58,95,96
58,96,97
58,97,98
58,98,99
58,99,100
58,100,101
58,101,102
58,102,103
58,103,104
58,104,105
58,105,106
58,106,107
58,107,108
58,108,109
58,109,110
58,110,111
58,111,112
58,112,113
58,113,114
58,114,115
58,115,116
58,116,117
58,117,118
58,118,119
58,119,120
58,120,121
58,121,122
58,122,123
58,123,124
58,124,125
58,125,126
58,126,127
58,127,128
58,128,129
58,129,130
58,130,131
58,131,132
58,132,133
58,133,134
58,134,135
58,135,136
58,136,137
58,137,138
58,138,139
58,139,140
58,140,141
58,141,142
58,142,143
58,143,144
58,144,145
58,145,146
58,146,147
58,147,148
58,148,149
58,149,150
58,150,151
58,151,152
58,152,153
58,153,154
58,154,155
58,155,156
58,156,157
58,157,158
58,158,159
58,159,160
58,160,161
58,161,162
58,162,163
58,163,164
58,164,165
58,165,166
58,166,167
58,167,168
58,168,169
58,169,170
58,170,171
58,171,172
58,172,173
58,173,174
58,174,175
58,175,176
58,176,177
58,177,178
58,178,179
58,179,180
58,180,181
58,181,182
58,182,183
58,183,184
58,184,185
58,185,186
58,186,187
58,187,188
58,188,189
58,189,190
58,190,191
58,191,192
58,192,193
58,193,194
58,194,195
58,195,196
58,196,197
58,197,198
58,198,199
58,199,200
58,200,201
58,201,202
58,202,203
58,203,204
58,204,205
58,205,206
58,206,207
58,207,208
58,208,209
58,209,210
58,210,211
58,211,212
58,212,213
58,213,214
58,214,215
58,215,216
58,216,217
58,217,218
58,218,219
58,219,220
58,220,221
58,221,222
58,222,223
58,223,224
58,224,225
58,225,226
58,226,227
58,227,228
58,228,229
58,229,230
58,230,231
58,231,232
58,232,233
58,233,234
58,234,235
58,235,236
58,236,237
58,237,238
58,238,239
58,239,240
58,240,241
58,241,242
58,242,243
58,243,244
58,244,245
58,245,246
58,246,247
58,247,248
58,248,249
58,249,250
58,250,251
58,251,252
58,252,253
58,253,254
58,254,255
58,255,255
59,0,1
59,1,2
59,2,3
59,3,4
59,4,5
59,5,6
59,6,7
59,7,8
59,8,9
59,9,10
59,10,11
59,11,12
59,12,13
59,13,14
59,14,15
59,15,16
59,16,17
59,17,18
59,18,19
59,19,20
59,20,21
59,21,22
59,22,23
59,23,24
59,24,25
59,25,26
59,26,27
59,27,28
59,28,29
59,29,30
59,30,31
59,31,32
59,32,33
59,33,34
59,34,35
59,35,36
59,36,37
59,37,38
59,38,39
59,39,40
59,40,41
59,41,42
59,42,43
59,43,44
59,44,45
59,45,46
59,46,47
59,47,48
59,48,49
59,49,50
59,50,51
59,51,52
59,52,53
59,53,54
59,54,55
59,55,56
59,56,57
59,57,58
59,58,59
59,59,60
59,60,61
59,61,62
59,62,63
59,63,64
59,64,65
59,65,66
59,66,67
59,67,68
59,68,69
59,69,70
59,70,71
59,71,72
59,72,73
59,73,74
59,74,75
59,75,76
59,76,77
59,77,78
59,78,79
59,79,80
59,80,81
59,81,82
59,82,83
59,83,84
59,84,85
59,85,86
59,86,87
59,87,88
59,88,89
59,89,90
59,90,91
59,91,92
59,92,93
59,93,94
59,94,95
59,95,96
59,96,97
59,97,98
59,98,99
59,99,100
59,100,101
59,101,102
59,102,103
59,103,104
59,104,105
59,105,106
59,106,107
59,107,108
59,108,109
59,109,110
59,110,111
59,111,112
59,112,113
59,113,114
59,114,115
59,115,116
59,116,117
59,117,118
59,118,119
59,119,120
59,120,121
59,121,122
59,122,123
59,123,124
59,124,125
59,125,126
59,126,127
59,127,128
59,128,129
59,129,130
59,130,131
59,131,132
59,132,133
59,133,134
59,134,135
59,135,136
59,136,137
59,137,138
59,138,139
59,139,140
59,140,141
59,141,142
59,142,143
59,143,144
59,144,145
59,145,146
59,146,147
59,147,148
59,148,149
59,149,150
59,150,151
59,151,152
59,152,153
59,153,154
59,154,155
59,155,156
59,156,157
59,157,158
59,158,159
59,159,160
59,160,161
59,161,162
59,162,163
59,163,164
59,164,165
59,165,166
59,166,167
59,167,168
59,168,169
59,169,170
59,170,171
59,171,172
59,172,173
59,173,174
59,174,175
59,175,176
59,176,177
59,177,178
59,178,179
59,179,180
59,180,181
59,181,182
59,182,183
59,183,184
59,184,185
59,185,186
59,186,187
59,187,188
59,188,189
59,189,190
59,190,191
59,191,192
59,192,193
59,193,194
59,194,195
59,195,196
59,196,197
59,197,198
59,198,199
59,199,200
59,200,201
59,201,202
59,202,203
59,203,204
59,204,205
59,205,206
59,206,207
59,207,208
59,208,209
59,209,210
59,210,211
59,211,212
59,212,213
59,213,214
59,214,215
59,215,216
59,216,217
59,217,218
59,218,219
59,219,220
59,220,221
59,221,222
59,222,223
59,223,224
59,224,225
59,225,226
59,226,227
59,227,228
59,228,229
59,229,230
59,230,231
59,231,232
59,232,233
59,233,234
59,234,235
59,235,236
59,236,237
59,237,238
59,238,239
59,239,240
59,240,241
59,241,242
59,242,243
59,243,244
59,244,245
59,245,246
59,246,247
59,247,248
59,248,249
59,249,250
59,250,251
59,251,252
59,252,253
59,253,254
59,254,255
59,255,255
60,0,1
60,1,2
60,2,3
60,3,4
60,4,5
60,5,6
60,6,7
60,7,8
60,8,9
60,9,10
60,10,11
60,11,12
60,12,13
60,13,14
60,14,15
60,15,16
60,16,17
60,17,18
60,18,19
60,19,20
60,20,21
60,21,22
60,22,23
60,23,24
60,24,25
60,25,26
60,26,27
60,27,28
60,28,29
60,29,30
60,30,31
60,31,32
60,32,33
60,33,34
60,34,35
60,35,36
60,36,37
60,37,38
60,38,39
60,39,40
60,40,41
60,41,42
60,42,43
60,43,44
60,44,45
60,45,46
60,46,47
60,47,48
60,48,49
60,49,50
60,50,51
60,51,52
60,52,53
60,53,54
60,54,55
60,55,56
60,56,57
60,57,58
60,58,59
60,59,60
60,60,61
60,61,62
60,62,63
60,63,64
60,64,65
60,65,66
60,66,67
60,67,68
60,68,69
60,69,70
60,70,71
60,71,72
60,72,73
60,73,74
60,74,75
60,75,76
60,76,77
60,77,78
60,78,79
60,79,80
60,80,81
60,81,82
60,82,83
60,83,84
60,84,85
60,85,86
60,86,87
60,87,88
60,88,89
60,89,90
60,90,91
60,91,92
60,92,93
60,93,94
60,94,95
60,95,96
60,96,97
60,97,98
60,98,99
60,99,100
60,100,101
60,101,102
60,102,103
60,103,104
60,104,105
60,105,106
60,106,107
60,107,108
60,108,109
60,109,110
60,110,111
60,111,112
60,112,113
60,113,114
60,114,115
60,115,116
60,116,117
60,117,118
60,118,119
60,119,120
60,120,121
60,121,122
60,122,123
60,123,124
60,124,125
60,125,126
60,126,127
60,127,128
60,128,129
60,129,130
60,130,131
60,131,132
60,132,133
60,133,134
60,134,135
60,135,136
60,136,137
60,137,138
60,138,139
60,139,140
60,140,141
60,141,142
60,142,143
60,143,144
60,144,145
60,145,146
60,146,147
60,147,148
60,148,149
60,149,150
60,150,151
60,151,152
60,152,153
60,153,154
60,154,155
60,155,156
60,156,157
60,157,158
60,158,159
60,159,160
60,160,161
60,161,162
60,162,163
60,163,164
60,164,165
60,165,166
60,166,167
60,167,168
60,168,169
60,169,170
60,170,171
60,171,172
60,172,173
60,173,174
60,174,175
60,175,176
60,176,177
60,177,178
60,178,179
60,179,180
60,180,181
60,181,182
60,182,183
60,183,184
60,184,185
60,185,186
60,186,187
60,187,188
60,188,189
60,189,190
60,190,191
60,191,192
60,192,193
60,193,194
60,194,195
60,195,196
60,196,197
60,197,198
60,198,199
60,199,200
60,200,201
60,201,202
60,202,203
60,203,204
60,204,205
60,205,206
60,206,207
60,207,208
60,208,209
60,209,210
60,210,211
60,211,212
60,212,213
60,213,214
60,214,215
60,215,216
60,216,217
60,217,218
60,218,219
60,219,220
60,220,221
60,221,222
60,222,223
60,223,224
60,224,225
60,225,226
60,226,227
60,227,228
60,228,229
60,229,230
60,230,231
60,231,232
60,232,233
60,233,234
60,234,235
60,235,236
60,236,237
60,237,238
60,238,239
60,239,240
60,240,241
60,241,242
60,242,243
60,243,244
60,244,245
60,245,246
60,246,247
60,247,248
60,248,249
60,249,250
60,250,251
60,251,252
60,252,253
60,253,254
60,254,255
60,255,255
61,0,1
61,1,2
61,2,3
61,3,4
61,4,5
61,5,6
61,6,7
61,7,8
61,8,9
61,9,10
61,10,11
61,11,12
61,12,13
61,13,14
61,14,15
61,15,16
61,16,17
61,17,18
61,18,19
61,19,20
61,20,21
61,21,22
61,22,23
61,23,24
61,24,25
61,25,26
61,26,27
61,27,28
61,28,29
61,29,30
61,30,31
61,31,32
61,32,33
61,33,34
61,34,35
61,35,36
61,36,37
61,37,38
61,38,39
61,39,40
61,40,41
61,41,42
61,42,43
61,43,44
61,44,45
61,45,46
61,46,47
61,47,48
61,48,49
61,49,50
61,50,51
61,51,52
61,52,53
61,53,54
61,54,55
61,55,56
61,56,57
61,57,58
61,58,59
61,59,60
61,60,61
61,61,62
61,62,63
61,63,64
61,64,65
61,65,66
61,66,67
61,67,68
61,68,69
61,69,70
61,70,71
61,71,72
61,72,73
61,73,74
61,74,75
61,75,76
61,76,77
61,77,78
61,78,79
61,79,80
61,80,81
61,81,82
61,82,83
61,83,84
61,84,85
61,85,86
61,86,87
61,87,88
61,88,89
61,89,90
61,90,91
61,91,92
61,92,93
61,93,94
61,94,95
61,95,96
61,96,97
61,97,98
61,98,99
61,99,100
61,100,101
61,101,102
61,102,103
61,103,104
61,104,105
61,105,106
61,106,107
61,107,108
61,108,109
61,109,110
61,110,111
61,111,112
61,112,113
61,113,114
61,114,115
61,115,116
61,116,117
61,117,118
61,118,119
61,119,120
61,120,121
61,121,122
61,122,123
61,123,124
61,124,125
61,125,126
61,126,127
61,127,128
61,128,129
61,129,130
61,130,131
61,131,132
61,132,133
61,133,134
61,134,135
61,135,136
61,136,137
61,137,138
61,138,139
61,139,140
61,140,141
61,141,142
61,142,143
61,143,144
61,144,145
61,145,146
61,146,147
61,147,148
61,148,149
61,149,150
61,150,151
61,151,152
61,152,153
61,153,154
61,154,155
61,155,156
61,156,157
61,157,158
61,158,159
61,159,160
61,160,161
61,161,162
61,162,163
61,163,164
61,164,165
61,165,166
61,166,167
61,167,168
61,168,169
61,169,170
61,170,171
61,171,172
61,172,173
61,173,174
61,174,175
61,175,176
61,176,177
61,177,178
61,178,179
61,179,180
61,180,181
61,181,182
61,182,183
61,183,184
61,184,185
61,185,186
61,186,187
61,187,188
61,188,189
61,189,190
61,190,191
61,191,192
61,192,193
61,193,194
61,194,195
61,195,196
61,196,197
61,197,198
61,198,199
61,199,200
61,200,201
61,201,202
61,202,203
61,203,204
61,204,205
61,205,206
61,206,207
61,207,208
61,208,209
61,209,210
61,210,211
61,211,212
61,212,213
61,213,214
61,214,215
61,215,216
61,216,217
61,217,218
61,218,219
61,219,220
61,220,221
61,221,222
61,222,223
61,223,224
61,224,225
61,225,226
61,226,227
61,227,228
61,228,229
61,229,230
61,230,231
61,231,232
61,232,233
61,233,234
61,234,235
61,235,236
61,236,237
61,237,238
61,238,239
61,239,240
61,240,241
61,241,242
61,242,243
61,243,244
61,244,245
61,245,246
61,246,247
61,247,248
61,248,249
61,249,250
61,250,251
61,251,252
61,252,253
61,253,254
61,254,255
61,255,255
62,0,1
62,1,2
62,2,3
62,3,4
62,4,5
62,5,6
62,6,7
62,7,8
62,8,9
62,9,10
62,10,11
62,11,12
62,12,13
62,13,14
62,14,15
62,15,16
62,16,17
62,17,18
62,18,19
62,19,20
62,20,21
62,21,22
62,22,23
62,23,24
62,24,25
62,25,26
62,26,27
62,27,28
62,28,29
62,29,30
62,30,31
62,31,32
62,32,33
62,33,34
62,34,35
62,35,36
62,36,37
62,37,38
62,38,39
62,39,40
62,40,41
62,41,42
62,42,43
62,43,44
62,44,45
62,45,46
62,46,47
62,47,48
62,48,49
62,49,50
62,50,51
62,51,52
62,52,53
62,53,54
62,54,55
62,55,56
62,56,57
62,57,58
62,58,59
62,59,60
62,60,61
62,61,62
62,62,63
62,63,64
62,64,65
62,65,66
62,66,67
62,67,68
62,68,69
62,69,70
62,70,71
62,71,72
62,72,73
62,73,74
62,74,75
62,75,76
62,76,77
62,77,78
62,78,79
62,79,80
62,80,81
62,81,82
62,82,83
62,83,84
62,84,85
62,85,86
62,86,87
62,87,88
62,88,89
62,89,90
62,90,91
62,91,92
62,92,93
62,93,94
62,94,95
62,95,96
62,96,97
62,97,98
62,98,99
62,99,100
62,100,101
62,101,102
62,102,103
62,103,104
62,104,105
62,105,106
62,106,107
62,107,108
62,108,109
62,109,110
62,110,111
62,111,112
62,112,113
62,113,114
62,114,115
62,115,116
62,116,117
62,117,118
62,118,119
62,119,120
62,120,121
62,121,122
62,122,123
62,123,124
62,124,125
62,125,126
62,126,127
62,127,128
62,128,129
62,129,130
62,130,131
62,131,132
62,132,133
62,133,134
62,134,135
62,135,136
62,136,137
62,137,138
62,138,139
62,139,140
62,140,141
62,141,142
62,142,143
62,143,144
62,144,145
62,145,146
62,146,147
62,147,148
62,148,149
62,149,150
62,150,151
62,151,152
62,152,153
62,153,154
62,154,155
62,155,156
62,156,157
62,157,158
62,158,159
62,159,160
62,160,161
62,161,162
62,162,163
62,163,164
62,164,165
62,165,166
62,166,167
62,167,168
62,168,169
62,169,170
62,170,171
62,171,172
62,172,173
62,173,174
62,174,175
62,175,176
62,176,177
62,177,178
62,178,179
62,179,180
62,180,181
62,181,182
62,182,183
62,183,184
62,184,185
62,185,186
62,186,187
62,187,188
62,188,189
62,189,190
62,190,191
62,191,192
62,192,193
62,193,194
62,194,195
62,195,196
62,196,197
62,197,198
62,198,199
62,199,200
62,200,201
62,201,202
62,202,203
62,203,204
62,204,205
62,205,206
62,206,207
62,207,208
62,208,209
62,209,210
62,210,211
62,211,212
62,212,213
62,213,214
62,214,215
62,215,216
62,216,217
62,217,218
62,218,219
62,219,220
62,220,221
62,221,222
62,222,223
62,223,224
62,224,225
62,225,226
62,226,227
62,227,228
62,228,229
62,229,230
62,230,231
62,231,232
62,232,233
62,233,234
62,234,235
62,235,236
62,236,237
62,237,238
62,238,239
62,239,240
62,240,241
62,241,242
62,242,243
62,243,244
62,244,245
62,245,246
62,246,247
62,247,248
62,248,249
62,249,250
62,250,251
62,251,252
62,252,253
62,253,254
62,254,255
62,255,255
63,0,1
63,1,2
63,2,3
63,3,4
63,4,5
63,5,6
63,6,7
63,7,8
63,8,9
63,9,10
63,10,11
63,11,12
63,12,13
63,13,14
63,14,15
63,15,16
63,16,17
63,17,18
63,18,19
63,19,20
63,20,21
63,21,22
63,22,23
63,23,24
63,24,25
63,25,26
63,26,27
63,27,28
63,28,29
63,29,30
63,30,31
63,31,32
63,32,33
63,33,34
63,34,35
63,35,36
63,36,37
63,37,38
63,38,39
63,39,40
63,40,41
63,41,42
63,42,43
63,43,44
63,44,45
63,45,46
63,46,47
63,47,48
63,48,49
63,49,50
63,50,51
63,51,52
63,52,53
63,53,54
63,54,55
63,55,56
63,56,57
63,57,58
63,58,59
63,59,60
63,60,61
63,61,62
63,62,63
63,63,64
63,64,65
63,65,66
63,66,67
63,67,68
63,68,69
63,69,70
63,70,71
63,71,72
63,72,73
63,73,74
63,74,75
63,75,76
63,76,77
63,77,78
63,78,79
63,79,80
63,80,81
63,81,82
63,82,83
63,83,84
63,84,85
63,85,86
63,86,87
63,87,88
63,88,89
63,89,90
63,90,91
63,91,92
63,92,93
63,93,94
63,94,95
63,95,96
63,96,97
63,97,98
63,98,99
63,99,100
63,100,101
63,101,102
63,102,103
63,103,104
63,104,105
63,105,106
63,106,107
63,107,108
63,108,109
63,109,110
63,110,111
63,111,112
63,112,113
63,113,114
63,114,115
63,115,116
63,116,117
63,117,118
63,118,119
63,119,120
63,120,121
63,121,122
63,122,123
63,123,124
63,124,125
63,125,126
63,126,127
63,127,128
63,128,129
63,129,130
63,130,131
63,131,132
63,132,133
63,133,134
63,134,135
63,135,136
63,136,137
63,137,138
63,138,139
63,139,140
63,140,141
63,141,142
63,142,143
63,143,144
63,144,145
63,145,146
63,146,147
63,147,148
63,148,149
63,149,150
63,150,151
63,151,152
63,152,153
63,153,154
63,154,155
63,155,156
63,156,157
63,157,158
63,158,159
63,159,160
63,160,161
63,161,162
63,162,163
63,163,164
63,164,165
63,165,166
63,166,167
63,167,168
63,168,169
63,169,170
63,170,171
63,171,172
63,172,173
63,173,174
63,174,175
63,175,176
63,176,177
63,177,178
63,178,179
63,179,180
63,180,181
63,181,182
63,182,183
63,183,184
63,184,185
63,185,186
63,186,187
63,187,188
63,188,189
63,189,190
63,190,191
63,191,192
63,192,193
63,193,194
63,194,195
63,195,196
63,196,197
63,197,198
63,198,199
63,199,200
63,200,201
63,201,202
63,202,203
63,203,204
63,204,205
63,205,206
63,206,207
63,207,208
63,208,209
63,209,210
63,210,211
63,211,212
63,212,213
63,213,214
63,214,215
63,215,216
63,216,217
63,217,218
63,218,219
63,219,220
63,220,221
63,221,222
63,222,223
63,223,224
63,224,225
63,225,226
63,226,227
63,227,228
63,228,229
63,229,230
63,230,231
63,231,232
63,232,233
63,233,234
63,234,235
63,235,236
63,236,237
63,237,238
63,238,239
63,239,240
63,240,241
63,241,242
63,242,243
63,243,244
63,244,245
63,245,246
63,246,247
63,247,248
63,248,249
63,249,250
63,250,251
63,251,252
63,252,253
63,253,254
63,254,255
63,255,255
64,0,1
64,1,2
64,2,3
64,3,4
64,4,5
64,5,6
64,6,7
64,7,8
64,8,9
64,9,10
64,10,11
64,11,12
64,12,13
64,13,14
64,14,15
64,15,16
64,16,17
64,17,18
64,18,19
64,19,20
64,20,21
64,21,22
64,22,23
64,23,24
64,24,25
64,25,26
64,26,27
64,27,28
64,28,29
64,29,30
64,30,31
64,31,32
64,32,33
64,33,34
64,34,35
64,35,36
64,36,37
64,37,38
64,38,39
64,39,40
64,40,41
64,41,42
64,42,43
64,43,44
64,44,45
64,45,46
64,46,47
64,47,48
64,48,49
64,49,50
64,50,51
64,51,52
64,52,53
64,53,54
64,54,55
64,55,56
64,56,57
64,57,58
64,58,59
64,59,60
64,60,61
64,61,62
64,62,63
64,63,64
64,64,65
64,65,66
64,66,67
64,67,68
64,68,69
64,69,70
64,70,71
64,71,72
64,72,73
64,73,74
64,74,75
64,75,76
64,76,77
64,77,78
64,78,79
64,79,80
64,80,81
64,81,82
64,82,83
64,83,84
64,84,85
64,85,86
64,86,87
64,87,88
64,88,89
64,89,90
64,90,91
64,91,92
64,92,93
64,93,94
64,94,95
64,95,96
64,96,97
64,97,98
64,98,99
64,99,100
64,100,101
64,101,102
64,102,103
64,103,104
64,104,105
64,105,106
64,106,107
64,107,108
64,108,109
64,109,110
64,110,111
64,111,112
64,112,113
64,113,114
64,114,115
64,115,116
64,116,117
64,117,118
64,118,119
64,119,120
64,120,121
64,121,122
64,122,123
64,123,124
64,124,125
64,125,126
64,126,127
64,127,128
64,128,129
64,129,130
64,130,131
64,131,132
64,132,133
64,133,134
64,134,135
64,135,136
64,136,137
64,137,138
64,138,139
64,139,140
64,140,141
64,141,142
64,142,143
64,143,144
64,144,145
64,145,146
64,146,147
64,147,148
64,148,149
64,149,150
64,150,151
64,151,152
64,152,153
64,153,154
64,154,155
64,155,156
64,156,157
64,157,158
64,158,159
64,159,160
64,160,161
64,161,162
64,162,163
64,163,164
64,164,165
64,165,166
64,166,167
64,167,168
64,168,169
64,169,170
64,170,171
64,171,172
64,172,173
64,173,174
64,174,175
64,175,176
64,176,177
64,177,178
64,178,179
64,179,180
64,180,181
64,181,182
64,182,183
64,183,184
64,184,185
64,185,186
64,186,187
64,187,188
64,188,189
64,189,190
64,190,191
64,191,192
64,192,193
64,193,194
64,194,195
64,195,196
64,196,197
64,197,198
64,198,199
64,199,200
64,200,201
64,201,202
64,202,203
64,203,204
64,204,205
64,205,206
64,206,207
64,207,208
64,208,209
64,209,210
64,210,211
64,211,212
64,212,213
64,213,214
64,214,215
64,215,216
64,216,217
64,217,218
64,218,219
64,219,220
64,220,221
64,221,222
64,222,223
64,223,224
64,224,225
64,225,226
64,226,227
64,227,228
64,228,229
64,229,230
64,230,231
64,231,232
64,232,233
64,233,234
64,234,235
64,235,236
64,236,237
64,237,238
64,238,239
64,239,240
64,240,241
64,241,242
64,242,243
64,243,244
64,244,245
64,245,246
64,246,247
64,247,248
64,248,249
64,249,250
64,250,251
64,251,252
64,252,253
64,253,254
64,254,255
64,255,255
65,0,1
65,1,2
65,2,3
65,3,4
65,4,5
65,5,6
65,6,7
65,7,8
65,8,9
65,9,10
65,10,11
65,11,12
65,12,13
65,13,14
65,14,15
65,15,16
65,16,17
65,17,18
65,18,19
65,19,20
65,20,21
65,21,22
65,22,23
65,23,24
65,24,25
65,25,26
65,26,27
65,27,28
65,28,29
65,29,30
65,30,31
65,31,32
65,32,33
65,33,34
65,34,35
65,35,36
65,36,37
65,37,38
65,38,39
65,39,40
65,40,41
65,41,42
65,42,43
65,43,44
65,44,45
65,45,46
65,46,47
65,47,48
65,48,49
65,49,50
65,50,51
65,51,52
65,52,53
65,53,54
65,54,55
65,55,56
65,56,57
65,57,58
65,58,59
65,59,60
65,60,61
65,61,62
65,62,63
65,63,64
65,64,65
65,65,66
65,66,67
65,67,68
65,68,69
65,69,70
65,70,71
65,71,72
65,72,73
65,73,74
65,74,75
65,75,76
65,76,77
65,77,78
65,78,79
65,79,80
65,80,81
65,81,82
65,82,83
65,83,84
65,84,85
65,85,86
65,86,87
65,87,88
65,88,89
65,89,90
65,90,91
65,91,92
65,92,93
65,93,94
65,94,95
65,95,96
65,96,97
65,97,98
65,98,99
65,99,100
65,100,101
65,101,102
65,102,103
65,103,104
65,104,105
65,105,106
65,106,107
65,107,108
65,108,109
65,109,110
65,110,111
65,111,112
65,112,113
65,113,114
65,114,115
65,115,116
65,116,117
65,117,118
65,118,119
65,119,120
65,120,121
65,121,122
65,122,123
65,123,124
65,124,125
65,125,126
65,126,127
65,127,128
65,128,129
65,129,130
65,130,131
65,131,132
65,132,133
65,133,134
65,134,135
65,135,136
65,136,137
65,137,138
65,138,139
65,139,140
65,140,141
65,141,142
65,142,143
65,143,144
65,144,145
65,145,146
65,146,147
65,147,148
65,148,149
65,149,150
65,150,151
65,151,152
65,152,153
65,153,154
65,154,155
65,155,156
65,156,157
65,157,158
65,158,159
65,159,160
65,160,161
65,161,162
65,162,163
65,163,164
65,164,165
65,165,166
65,166,167
65,167,168
65,168,169
65,169,170
65,170,171
65,171,172
65,172,173
65,173,174
65,174,175
65,175,176
65,176,177
65,177,178
65,178,179
65,179,180
65,180,181
65,181,182
65,182,183
65,183,184
65,184,185
65,185,186
65,186,187
65,187,188
65,188,189
65,189,190
65,190,191
65,191,192
65,192,193
65,193,194
65,194,195
65,195,196
65,196,197
65,197,198
65,198,199
65,199,200
65,200,201
65,201,202
65,202,203
65,203,204
65,204,205
65,205,206
65,206,207
65,207,208
65,208,209
65,209,210
65,210,211
65,211,212
65,212,213
65,213,214
65,214,215
65,215,216
65,216,217
65,217,218
65,218,219
65,219,220
65,220,221
65,221,222
65,222,223
65,223,224
65,224,225
65,225,226
65,226,227
65,227,228
65,228,229
65,229,230
65,230,231
65,231,232
65,232,233
65,233,234
65,234,235
65,235,236
65,236,237
65,237,238
65,238,239
65,239,240
65,240,241
65,241,242
65,242,243
65,243,244
65,244,245
65,245,246
65,246,247
65,247,248
65,248,249
65,249,250
65,250,251
65,251,252
65,252,253
65,253,254
65,254,255
65,255,255
66,0,1
66,1,2
66,2,3
66,3,4
66,4,5
66,5,6
66,6,7
66,7,8
66,8,9
66,9,10
66,10,11
66,11,12
66,12,13
66,13,14
66,14,15
66,15,16
66,16,17
66,17,18
66,18,19
66,19,20
66,20,21
66,21,22
66,22,23
66,23,24
66,24,25
66,25,26
66,26,27
66,27,28
66,28,29
66,29,30
66,30,31
66,31,32
66,32,33
66,33,34
66,34,35
66,35,36
66,36,37
66,37,38
66,38,39
66,39,40
66,40,41
66,41,42
66,42,43
66,43,44
66,44,45
66,45,46
66,46,47
66,47,48
66,48,49
66,49,50
66,50,51
66,51,52
66,52,53
66,53,54
66,54,55
66,55,56
66,56,57
66,57,58
66,58,59
66,59,60
66,60,61
66,61,62
66,62,63
66,63,64
66,64,65
66,65,66
66,66,67
66,67,68
66,68,69
66,69,70
66,70,71
66,71,72
66,72,73
66,73,74
66,74,75
66,75,76
66,76,77
66,77,78
66,78,79
66,79,80
66,80,81
66,81,82
66,82,83
66,83,84
66,84,85
66,85,86
66,86,87
66,87,88
66,88,89
66,89,90
66,90,91
66,91,92
66,92,93
66,93,94
66,94,95
66,95,96
66,96,97
66,97,98
66,98,99
66,99,100
66,100,101
66,101,102
66,102,103
66,103,104
66,104,105
66,105,106
66,106,107
66,107,108
66,108,109
66,109,110
66,110,111
66,111,112
66,112,113
66,113,114
66,114,115
66,115,116
66,116,117
66,117,118
66,118,119
66,119,120
66,120,121
66,121,122
66,122,123
66,123,124
66,124,125
66,125,126
66,126,127
66,127,128
66,128,129
66,129,130
66,130,131
66,131,132
66,132,133
66,133,134
66,134,135
66,135,136
66,136,137
66,137,138
66,138,139
66,139,140
66,140,141
66,141,142
66,142,143
66,143,144
66,144,145
66,145,146
66,146,147
66,147,148
66,148,149
66,149,150
66,150,151
66,151,152
66,152,153
66,153,154
66,154,155
66,155,156
66,156,157
66,157,158
66,158,159
66,159,160
66,160,161
66,161,162
66,162,163
66,163,164
66,164,165
66,165,166
66,166,167
66,167,168
66,168,169
66,169,170
66,170,171
66,171,172
66,172,173
66,173,174
66,174,175
66,175,176
66,176,177
66,177,178
66,178,179
66,179,180
66,180,181
66,181,182
66,182,183
66,183,184
66,184,185
66,185,186
66,186,187
66,187,188
66,188,189
66,189,190
66,190,191
66,191,192
66,192,193
66,193,194
66,194,195
66,195,196
66,196,197
66,197,198
66,198,199
66,199,200
66,200,201
66,201,202
66,202,203
66,203,204
66,204,205
66,205,206
66,206,207
66,207,208
66,208,209
66,209,210
66,210,211
66,211,212
66,212,213
66,213,214
66,214,215
66,215,216
66,216,217
66,217,218
66,218,219
66,219,220
66,220,221
66,221,222
66,222,223
66,223,224
66,224,225
66,225,226
66,226,227
66,227,228
66,228,229
66,229,230
66,230,231
66,231,232
66,232,233
66,233,234
66,234,235
66,235,236
66,236,237
66,237,238
66,238,239
66,239,240
66,240,241
66,241,242
66,242,243
66,243,244
66,244,245
66,245,246
66,246,247
66,247,248
66,248,249
66,249,250
66,250,251
66,251,252
66,252,253
66,253,254
66,254,255
66,255,255
67,0,1
67,1,2
67,2,3
67,3,4
67,4,5
67,5,6
67,6,7
67,7,8
67,8,9
67,9,10
67,10,11
67,11,12
67,12,13
67,13,14
67,14,15
67,15,16
67,16,17
67,17,18
67,18,19
67,19,20
67,20,21
67,21,22
67,22,23
67,23,24
67,24,25
67,25,26
67,26,27
67,27,28
67,28,29
67,29,30
67,30,31
67,31,32
67,32,33
67,33,34
67,34,35
67,35,36
67,36,37
67,37,38
67,38,39
67,39,40
67,40,41
67,41,42
67,42,43
67,43,44
67,44,45
67,45,46
67,46,47
67,47,48
67,48,49
67,49,50
67,50,51
67,51,52
67,52,53
67,53,54
67,54,55
67,55,56
67,56,57
67,57,58
67,58,59
67,59,60
67,60,61
67,61,62
67,62,63
67,63,64
67,64,65
67,65,66
67,66,67
67,67,68
67,68,69
67,69,70
67,70,71
67,71,72
67,72,73
67,73,74
67,74,75
67,75,76
67,76,77
67,77,78
67,78,79
67,79,80
67,80,81
67,81,82
67,82,83
67,83,84
67,84,85
67,85,86
67,86,87
67,87,88
67,88,89
67,89,90
67,90,91
67,91,92
67,92,93
67,93,94
67,94,95
67,95,96
67,96,97
67,97,98
67,98,99
67,99,100
67,100,101
67,101,102
67,102,103
67,103,104
67,104,105
67,105,106
67,106,107
67,107,108
67,108,109
67,109,110
67,110,111
67,111,112
67,112,113
67,113,114
67,114,115
67,115,116
67,116,117
67,117,118
67,118,119
67,119,120
67,120,121
67,121,122
67,122,123
67,123,124
67,124,125
67,125,126
67,126,127
67,127,128
67,128,129
67,129,130
67,130,131
67,131,132
67,132,133
67,133,134
67,134,135
67,135,136
67,136,137
67,137,138
67,138,139
67,139,140
67,140,141
67,141,142
67,142,143
67,143,144
67,144,145
67,145,146
67,146,147
67,147,148
67,148,149
67,149,150
67,150,151
67,151,152
67,152,153
67,153,154
67,154,155
67,155,156
67,156,157
67,157,158
67,158,159
67,159,160
67,160,161
67,161,162
67,162,163
67,163,164
67,164,165
67,165,166
67,166,167
67,167,168
67,168,169
67,169,170
67,170,171
67,171,172
67,172,173
67,173,174
67,174,175
67,175,176
67,176,177
67,177,178
67,178,179
67,179,180
67,180,181
67,181,182
67,182,183
67,183,184
67,184,185
67,185,186
67,186,187
67,187,188
67,188,189
67,189,190
67,190,191
67,191,192
67,192,193
67,193,194
67,194,195
67,195,196
67,196,197
67,197,198
67,198,199
67,199,200
67,200,201
67,201,202
67,202,203
67,203,204
67,204,205
67,205,206
67,206,207
67,207,208
67,208,209
67,209,210
67,210,211
67,211,212
67,212,213
67,213,214
67,214,215
67,215,216
67,216,217
67,217,218
67,218,219
67,219,220
67,220,221
67,221,222
67,222,223
67,223,224
67,224,225
67,225,226
67,226,227
67,227,228
67,228,229
67,229,230
67,230,231
67,231,232
67,232,233
67,233,234
67,234,235
67,235,236
67,236,237
67,237,238
67,238,239
67,239,240
67,240,241
67,241,242
67,242,243
67,243,244
67,244,245
67,245,246
67,246,247
67,247,248
67,248,249
67,249,250
67,250,251
67,251,252
67,252,253
67,253,254
67,254,255
67,255,255
68,0,1
68,1,2
68,2,3
68,3,4
68,4,5
68,5,6
68,6,7
68,7,8
68,8,9
68,9,10
68,10,11
68,11,12
68,12,13
68,13,14
68,14,15
68,15,16
68,16,17
68,17,18
68,18,19
68,19,20
68,20,21
68,21,22
68,22,23
68,23,24
68,24,25
68,25,26
68,26,27
68,27,28
68,28,29
68,29,30
68,30,31
68,31,32
68,32,33
68,33,34
68,34,35
68,35,36
68,36,37
68,37,38
68,38,39
68,39,40
68,40,41
68,41,42
68,42,43
68,43,44
68,44,45
68,45,46
68,46,47
68,47,48
68,48,49
68,49,50
68,50,51
68,51,52
68,52,53
68,53,54
68,54,55
68,55,56
68,56,57
68,57,58
68,58,59
68,59,60
68,60,61
68,61,62
68,62,63
68,63,64
68,64,65
68,65,66
68,66,67
68,67,68
68,68,69
68,69,70
68,70,71
68,71,72
68,72,73
68,73,74
68,74,75
68,75,76
68,76,77
68,77,78
68,78,79
68,79,80
68,80,81
68,81,82
68,82,83
68,83,84
68,84,85
68,85,86
68,86,87
68,87,88
68,88,89
68,89,90
68,90,91
68,91,92
68,92,93
68,93,94
68,94,95
68,95,96
68,96,97
68,97,98
68,98,99
68,99,100
68,100,101
68,101,102
68,102,103
68,103,104
68,104,105
68,105,106
68,106,107
68,107,108
68,108,109
68,109,110
68,110,111
68,111,112
68,112,113
68,113,114
68,114,115
68,115,116
68,116,117
68,117,118
68,118,119
68,119,120
68,120,121
68,121,122
68,122,123
68,123,124
68,124,125
68,125,126
68,126,127
68,127,128
68,128,129
68,129,130
68,130,131
68,131,132
68,132,133
68,133,134
68,134,135
68,135,136
68,136,137
68,137,138
68,138,139
68,139,140
68,140,141
68,141,142
68,142,143
68,143,144
68,144,145
68,145,146
68,146,147
68,147,148
68,148,149
68,149,150
68,150,151
68,151,152
68,152,153
68,153,154
68,154,155
68,155,156
68,156,157
68,157,158
68,158,159
68,159,160
68,160,161
68,161,162
68,162,163
68,163,164
68,164,165
68,165,166
68,166,167
68,167,168
68,168,169
68,169,170
68,170,171
68,171,172
68,172,173
68,173,174
68,174,175
68,175,176
68,176,177
68,177,178
68,178,179
68,179,180
68,180,181
68,181,182
68,182,183
68,183,184
68,184,185
68,185,186
68,186,187
68,187,188
68,188,189
68,189,190
68,190,191
68,191,192
68,192,193
68,193,194
68,194,195
68,195,196
68,196,197
68,197,198
68,198,199
68,199,200
68,200,201
68,201,202
68,202,203
68,203,204
68,204,205
68,205,206
68,206,207
68,207,208
68,208,209
68,209,210
68,210,211
68,211,212
68,212,213
68,213,214
68,214,215
68,215,216
68,216,217
68,217,218
68,218,219
68,219,220
68,220,221
68,221,222
68,222,223
68,223,224
68,224,225
68,225,226
68,226,227
68,227,228
68,228,229
68,229,230
68,230,231
68,231,232
68,232,233
68,233,234
68,234,235
68,235,236
68,236,237
68,237,238
68,238,239
68,239,240
68,240,241
68,241,242
68,242,243
68,243,244
68,244,245
68,245,246
68,246,247
68,247,248
68,248,249
68,249,250
68,250,251
68,251,252
68,252,253
68,253,254
68,254,255
68,255,255
69,0,1
69,1,2
69,2,3
69,3,4
69,4,5
69,5,6
69,6,7
69,7,8
69,8,9
69,9,10
69,10,11
69,11,12
69,12,13
69,13,14
69,14,15
69,15,16
69,16,17
69,17,18
69,18,19
69,19,20
69,20,21
69,21,22
69,22,23
69,23,24
69,24,25
69,25,26
69,26,27
69,27,28
69,28,29
69,29,30
69,30,31
69,31,32
69,32,33
69,33,34
69,34,35
69,35,36
69,36,37
69,37,38
69,38,39
69,39,40
69,40,41
69,41,42
69,42,43
69,43,44
69,44,45
69,45,46
69,46,47
69,47,48
69,48,49
69,49,50
69,50,51
69,51,52
69,52,53
69,53,54
69,54,55
69,55,56
69,56,57
69,57,58
69,58,59
69,59,60
69,60,61
69,61,62
69,62,63
69,63,64
69,64,65
69,65,66
69,66,67
69,67,68
69,68,69
69,69,70
69,70,71
69,71,72
69,72,73
69,73,74
69,74,75
69,75,76
69,76,77
69,77,78
69,78,79
69,79,80
69,80,81
69,81,82
69,82,83
69,83,84
69,84,85
69,85,86
69,86,87
69,87,88
69,88,89
69,89,90
69,90,91
69,91,92
69,92,93
69,93,94
69,94,95
69,95,96
69,96,97
69,97,98
69,98,99
69,99,100
69,100,101
69,101,102
69,102,103
69,103,104
69,104,105
69,105,106
69,106,107
69,107,108
69,108,109
69,109,110
69,110,111
69,111,112
69,112,113
69,113,114
69,114,115
69,115,116
69,116,117
69,117,118
69,118,119
69,119,120
69,120,121
69,121,122
69,122,123
69,123,124
69,124,125
69,125,126
69,126,127
69,127,128
69,128,129
69,129,130
69,130,131
69,131,132
69,132,133
69,133,134
69,134,135
69,135,136
69,136,137
69,137,138
69,138,139
69,139,140
69,140,141
69,141,142
69,142,143
69,143,144
69,144,145
69,145,146
69,146,147
69,147,148
69,148,149
69,149,150
69,150,151
69,151,152
69,152,153
69,153,154
69,154,155
69,155,156
69,156,157
69,157,158
69,158,159
69,159,160
69,160,161
69,161,162
69,162,163
69,163,164
69,164,165
69,165,166
69,166,167
69,167,168
69,168,169
69,169,170
69,170,171
69,171,172
69,172,173
69,173,174
69,174,175
69,175,176
69,176,177
69,177,178
69,178,179
69,179,180
69,180,181
69,181,182
69,182,183
69,183,184
69,184,185
69,185,186
69,186,187
69,187,188
69,188,189
69,189,190
69,190,191
69,191,192
69,192,193
69,193,194
69,194,195
69,195,196
69,196,197
69,197,198
69,198,199
69,199,200
69,200,201
69,201,202
69,202,203
69,203,204
69,204,205
69,205,206
69,206,207
69,207,208
69,208,209
69,209,210
69,210,211
69,211,212
69,212,213
69,213,214
69,214,215
69,215,216
69,216,217
69,217,218
69,218,219
69,219,220
69,220,221
69,221,222
69,222,223
69,223,224
69,224,225
69,225,226
69,226,227
69,227,228
69,228,229
69,229,230
69,230,231
69,231,232
69,232,233
69,233,234
69,234,235
69,235,236
69,236,237
69,237,238
69,238,239
69,239,240
69,240,241
69,241,242
69,242,243
69,243,244
69,244,245
69,245,246
69,246,247
69,247,248
69,248,249
69,249,250
69,250,251
69,251,252
69,252,253
69,253,254
69,254,255
69,255,255
70,0,1
70,1,2
70,2,3
70,3,4
70,4,5
70,5,6
70,6,7
70,7,8
70,8,9
70,9,10
70,10,11
70,11,12
70,12,13
70,13,14
70,14,15
70,15,16
70,16,17
70,17,18
70,18,19
70,19,20
70,20,21
70,21,22
70,22,23
70,23,24
70,24,25
70,25,26
70,26,27
70,27,28
70,28,29
70,29,30
70,30,31
70,31,32
70,32,33
70,33,34
70,34,35
70,35,36
70,36,37
70,37,38
70,38,39
70,39,40
70,40,41
70,41,42
70,42,43
70,43,44
70,44,45
70,45,46
70,46,47
70,47,48
70,48,49
70,49,50
70,50,51
70,51,52
70,52,53
70,53,54
70,54,55
70,55,56
70,56,57
70,57,58
70,58,59
70,59,60
70,60,61
70,61,62
70,62,63
70,63,64
70,64,65
70,65,66
70,66,67
70,67,68
70,68,69
70,69,70
70,70,71
70,71,72
70,72,73
70,73,74
70,74,75
70,75,76
70,76,77
70,77,78
70,78,79
70,79,80
70,80,81
70,81,82
70,82,83
70,83,84
70,84,85
70,85,86
70,86,87
70,87,88
70,88,89
70,89,90
70,90,91
70,91,92
70,92,93
70,93,94
70,94,95
70,95,96
70,96,97
70,97,98
70,98,99
70,99,100
70,100,101
70,101,102
70,102,103
70,103,104
70,104,105
70,105,106
70,106,107
70,107,108
70,108,109
70,109,110
70,110,111
70,111,112
70,112,113
70,113,114
70,114,115
70,115,116
70,116,117
70,117,118
70,118,119
70,119,120
70,120,121
70,121,122
70,122,123
70,123,124
70,124,125
70,125,126
70,126,127
70,127,128
70,128,129
70,129,130
70,130,131
70,131,132
70,132,133
70,133,134
70,134,135
70,135,136
70,136,137
70,137,138
70,138,139
70,139,140
70,140,141
70,141,142
70,142,143
70,143,144
70,144,145
70,145,146
70,146,147
70,147,148
70,148,149
70,149,150
70,150,151
70,151,152
70,152,153
70,153,154
70,154,155
70,155,156
70,156,157
70,157,158
70,158,159
70,159,160
70,160,161
70,161,162
70,162,163
70,163,164
70,164,165
70,165,166
70,166,167
70,167,168
70,168,169
70,169,170
70,170,171
70,171,172
70,172,173
70,173,174
70,174,175
70,175,176
70,176,177
70,177,178
70,178,179
70,179,180
70,180,181
70,181,182
70,182,183
70,183,184
70,184,185
70,185,186
70,186,187
70,187,188
70,188,189
70,189,190
70,190,191
70,191,192
70,192,193
70,193,194
70,194,195
70,195,196
70,196,197
70,197,198
70,198,199
70,199,200
70,200,201
70,201,202
70,202,203
70,203,204
70,204,205
70,205,206
70,206,207
70,207,208
70,208,209
70,209,210
70,210,211
70,211,212
70,212,213
70,213,214
70,214,215
70,215,216
70,216,217
70,217,218
70,218,219
70,219,220
70,220,221
70,221,222
70,222,223
70,223,224
70,224,225
70,225,226
70,226,227
70,227,228
70,228,229
70,229,230
70,230,231
70,231,232
70,232,233
70,233,234
70,234,235
70,235,236
70,236,237
70,237,238
70,238,239
70,239,240
70,240,241
70,241,242
70,242,243
70,243,244
70,244,245
70,245,246
70,246,247
70,247,248
70,248,249
70,249,250
70,250,251
70,251,252
70,252,253
70,253,254
70,254,255
70,255,255
71,0,1
71,1,2
71,2,3
71,3,4
71,4,5
71,5,6
71,6,7
71,7,8
71,8,9
71,9,10
71,10,11
71,11,12
71,12,13
71,13,14
71,14,15
71,15,16
71,16,17
71,17,18
71,18,19
71,19,20
71,20,21
71,21,22
71,22,23
71,23,24
71,24,25
71,25,26
71,26,27
71,27,28
71,28,29
71,29,30
71,30,31
71,31,32
71,32,33
71,33,34
71,34,35
71,35,36
71,36,37
71,37,38
71,38,39
71,39,40
71,40,41
71,41,42
71,42,43
71,43,44
71,44,45
71,45,46
71,46,47
71,47,48
71,48,49
71,49,50
71,50,51
71,51,52
71,52,53
71,53,54
71,54,55
71,55,56
71,56,57
71,57,58
71,58,59
71,59,60
71,60,61
71,61,62
71,62,63
71,63,64
71,64,65
71,65,66
71,66,67
71,67,68
71,68,69
71,69,70
71,70,71
71,71,72
71,72,73
71,73,74
71,74,75
71,75,76
71,76,77
71,77,78
71,78,79
71,79,80
71,80,81
71,81,82
71,82,83
71,83,84
71,84,85
71,85,86
71,86,87
71,87,88
71,88,89
71,89,90
71,90,91
71,91,92
71,92,93
71,93,94
71,94,95
71,95,96
71,96,97
71,97,98
71,98,99
71,99,100
71,100,101
71,101,102
71,102,103
71,103,104
71,104,105
71,105,106
71,106,107
71,107,108
71,108,109
71,109,110
71,110,111
71,111,112
71,112,113
71,113,114
71,114,115
71,115,116
71,116,117
71,117,118
71,118,119
71,119,120
71,120,121
71,121,122
71,122,123
71,123,124
71,124,125
71,125,126
71,126,127
71,127,128
71,128,129
71,129,130
71,130,131
71,131,132
71,132,133
71,133,134
71,134,135
71,135,136
71,136,137
71,137,138
71,138,139
71,139,140
71,140,141
71,141,142
71,142,143
71,143,144
71,144,145
71,145,146
71,146,147
71,147,148
71,148,149
71,149,150
71,150,151
71,151,152
71,152,153
71,153,154
71,154,155
71,155,156
71,156,157
71,157,158
71,158,159
71,159,160
71,160,161
71,161,162
71,162,163
71,163,164
71,164,165
71,165,166
71,166,167
71,167,168
71,168,169
71,169,170
71,170,171
71,171,172
71,172,173
71,173,174
71,174,175
71,175,176
71,176,177
71,177,178
71,178,179
71,179,180
71,180,181
71,181,182
71,182,183
71,183,184
71,184,185
71,185,186
71,186,187
71,187,188
71,188,189
71,189,190
71,190,191
71,191,192
71,192,193
71,193,194
71,194,195
71,195,196
71,196,197
71,197,198
71,198,199
71,199,200
71,200,201
71,201,202
71,202,203
71,203,204
71,204,205
71,205,206
71,206,207
71,207,208
71,208,209
71,209,210
71,210,211
71,211,212
71,212,213
71,213,214
71,214,215
71,215,216
71,216,217
71,217,218
71,218,219
71,219,220
71,220,221
71,221,222
71,222,223
71,223,224
71,224,225
71,225,226
71,226,227
71,227,228
71,228,229
71,229,230
71,230,231
71,231,232
71,232,233
71,233,234
71,234,235
71,235,236
71,236,237
71,237,238
71,238,239
71,239,240
71,240,241
71,241,242
71,242,243
71,243,244
71,244,245
71,245,246
71,246,247
71,247,248
71,248,249
71,249,250
71,250,251
71,251,252
71,252,253
71,253,254
71,254,255
71,255,255
72,0,1
72,1,2
72,2,3
72,3,4
72,4,5
72,5,6
72,6,7
72,7,8
72,8,9
72,9,10
72,10,11
72,11,12
72,12,13
72,13,14
72,14,15
72,15,16
72,16,17
72,17,18
72,18,19
72,19,20
72,20,21
72,21,22
72,22,23
72,23,24
72,24,25
72,25,26
72,26,27
72,27,28
72,28,29
72,29,30
72,30,31
72,31,32
72,32,33
72,33,34
72,34,35
72,35,36
72,36,37
72,37,38
72,38,39
72,39,40
72,40,41
72,41,42
72,42,43
72,43,44
72,44,45
72,45,46
72,46,47
72,47,48
72,48,49
72,49,50
72,50,51
72,51,52
72,52,53
72,53,54
72,54,55
72,55,56
72,56,57
72,57,58
72,58,59
72,59,60
72,60,61
72,61,62
72,62,63
72,63,64
72,64,65
72,65,66
72,66,67
72,67,68
72,68,69
72,69,70
72,70,71
72,71,72
72,72,73
72,73,74
72,74,75
72,75,76
72,76,77
72,77,78
72,78,79
72,79,80
72,80,81
72,81,82
72,82,83
72,83,84
72,84,85
72,85,86
72,86,87
72,87,88
72,88,89
72,89,90
72,90,91
72,91,92
72,92,93
72,93,94
72,94,95
72,95,96
72,96,97
72,97,98
72,98,99
72,99,100
72,100,101
72,101,102
72,102,103
72,103,104
72,104,105
72,105,106
72,106,107
72,107,108
72,108,109
72,109,110
72,110,111
72,111,112
72,112,113
72,113,114
72,114,115
72,115,116
72,116,117
72,117,118
72,118,119
72,119,120
72,120,121
72,121,122
72,122,123
72,123,124
72,124,125
72,125,126
72,126,127
72,127,128
72,128,129
72,129,130
72,130,131
72,131,132
72,132,133
72,133,134
72,134,135
72,135,136
72,136,137
72,137,138
72,138,139
72,139,140
72,140,141
72,141,142
72,142,143
72,143,144
72,144,145
72,145,146
72,146,147
72,147,148
72,148,149
72,149,150
72,150,151
72,151,152
72,152,153
72,153,154
72,154,155
72,155,156
72,156,157
72,157,158
72,158,159
72,159,160
72,160,161
72,161,162
72,162,163
72,163,164
72,164,165
72,165,166
72,166,167
72,167,168
72,168,169
72,169,170
72,170,171
72,171,172
72,172,173
72,173,174
72,174,175
72,175,176
72,176,177
72,177,178
72,178,179
72,179,180
72,180,181
72,181,182
72,182,183
72,183,184
72,184,185
72,185,186
72,186,187
72,187,188
72,188,189
72,189,190
72,190,191
72,191,192
72,192,193
72,193,194
72,194,195
72,195,196
72,196,197
72,197,198
72,198,199
72,199,200
72,200,201
72,201,202
72,202,203
72,203,204
72,204,205
72,205,206
72,206,207
72,207,208
72,208,209
72,209,210
72,210,211
72,211,212
72,212,213
72,213,214
72,214,215
72,215,216
72,216,217
72,217,218
72,218,219
72,219,220
72,220,221
72,221,222
72,222,223
72,223,224
72,224,225
72,225,226
72,226,227
72,227,228
72,228,229
72,229,230
72,230,231
72,231,232
72,232,233
72,233,234
72,234,235
72,235,236
72,236,237
72,237,238
72,238,239
72,239,240
72,240,241
72,241,242
72,242,243
72,243,244
72,244,245
72,245,246
72,246,247
72,247,248
72,248,249
72,249,250
72,250,251
72,251,252
72,252,253
72,253,254
72,254,255
72,255,255
73,0,1
73,1,2
73,2,3
73,3,4
73,4,5
73,5,6
73,6,7
73,7,8
73,8,9
73,9,10
73,10,11
73,11,12
73,12,13
73,13,14
73,14,15
73,15,16
73,16,17
73,17,18
73,18,19
73,19,20
73,20,21
73,21,22
73,22,23
73,23,24
73,24,25
73,25,26
73,26,27
73,27,28
73,28,29
73,29,30
73,30,31
73,31,32
73,32,33
73,33,34
73,34,35
73,35,36
73,36,37
73,37,38
73,38,39
73,39,40
73,40,41
73,41,42
73,42,43
73,43,44
73,44,45
73,45,46
73,46,47
73,47,48
73,48,49
73,49,50
73,50,51
73,51,52
73,52,53
73,53,54
73,54,55
73,55,56
73,56,57
73,57,58
73,58,59
73,59,60
73,60,61
73,61,62
73,62,63
73,63,64
73,64,65
73,65,66
73,66,67
73,67,68
73,68,69
73,69,70
73,70,71
73,71,72
73,72,73
73,73,74
73,74,75
73,75,76
73,76,77
73,77,78
73,78,79
73,79,80
73,80,81
73,81,82
73,82,83
73,83,84
73,84,85
73,85,86
73,86,87
73,87,88
73,88,89
73,89,90
73,90,91
73,91,92
73,92,93
73,93,94
73,94,95
73,95,96
73,96,97
73,97,98
73,98,99
73,99,100
73,100,101
73,101,102
73,102,103
73,103,104
73,104,105
73,105,106
73,106,107
73,107,108
73,108,109
73,109,110
73,110,111
73,111,112
73,112,113
73,113,114
73,114,115
73,115,116
73,116,117
73,117,118
73,118,119
73,119,120
73,120,121
73,121,122
73,122,123
73,123,124
73,124,125
73,125,126
73,126,127
73,127,128
73,128,129
73,129,130
73,130,131
73,131,132
73,132,133
73,133,134
73,134,135
73,135,136
73,136,137
73,137,138
73,138,139
73,139,140
73,140,141
73,141,142
73,142,143
73,143,144
73,144,145
73,145,146
73,146,147
73,147,148
73,148,149
73,149,150
73,150,151
73,151,152
73,152,153
73,153,154
73,154,155
73,155,156
73,156,157
73,157,158
73,158,159
73,159,160
73,160,161
73,161,162
73,162,163
73,163,164
73,164,165
73,165,166
73,166,167
73,167,168
73,168,169
73,169,170
73,170,171
73,171,172
73,172,173
73,173,174
73,174,175
73,175,176
73,176,177
73,177,178
73,178,179
73,179,180
73,180,181
73,181,182
73,182,183
73,183,184
73,184,185
73,185,186
73,186,187
73,187,188
73,188,189
73,189,190
73,190,191
73,191,192
73,192,193
73,193,194
73,194,195
73,195,196
73,196,197
73,197,198
73,198,199
73,199,200
73,200,201
73,201,202
73,202,203
73,203,204
73,204,205
73,205,206
73,206,207
73,207,208
73,208,209
73,209,210
73,210,211
73,211,212
73,212,213
73,213,214
73,214,215
73,215,216
73,216,217
73,217,218
73,218,219
73,219,220
73,220,221
73,221,222
73,222,223
73,223,224
73,224,225
73,225,226
73,226,227
73,227,228
73,228,229
73,229,230
73,230,231
73,231,232
73,232,233
73,233,234
73,234,235
73,235,236
73,236,237
73,237,238
73,238,239
73,239,240
73,240,241
73,241,242
73,242,243
73,243,244
73,244,245
73,245,246
73,246,247
73,247,248
73,248,249
73,249,250
73,250,251
73,251,252
73,252,253
73,253,254
73,254,255
73,255,255
74,0,1
74,1,2
74,2,3
74,3,4
74,4,5
74,5,6
74,6,7
74,7,8
74,8,9
74,9,10
74,10,11
74,11,12
74,12,13
74,13,14
74,14,15
74,15,16
74,16,17
74,17,18
74,18,19
74,19,20
74,20,21
74,21,22
74,22,23
74,23,24
74,24,25
74,25,26
74,26,27
74,27,28
74,28,29
74,29,30
74,30,31
74,31,32
74,32,33
74,33,34
74,34,35
74,35,36
74,36,37
74,37,38
74,38,39
74,39,40
74,40,41
74,41,42
74,42,43
74,43,44
74,44,45
74,45,46
74,46,47
74,47,48
74,48,49
74,49,50
74,50,51
74,51,52
74,52,53
74,53,54
74,54,55
74,55,56
74,56,57
74,57,58
74,58,59
74,59,60
74,60,61
74,61,62
74,62,63
74,63,64
74,64,65
74,65,66
74,66,67
74,67,68
74,68,69
74,69,70
74,70,71
74,71,72
74,72,73
74,73,74
74,74,75
74,75,76
74,76,77
74,77,78
74,78,79
74,79,80
74,80,81
74,81,82
74,82,83
74,83,84
74,84,85
74,85,86
74,86,87
74,87,88
74,88,89
74,89,90
74,90,91
74,91,92
74,92,93
74,93,94
74,94,95
74,95,96
74,96,97
74,97,98
74,98,99
74,99,100
74,100,101
74,101,102
74,102,103
74,103,104
74,104,105
74,105,106
74,106,107
74,107,108
74,108,109
74,109,110
74,110,111
74,111,112
74,112,113
74,113,114
74,114,115
74,115,116
74,116,117
74,117,118
74,118,119
74,119,120
74,120,121
74,121,122
74,122,123
74,123,124
74,124,125
74,125,126
74,126,127
74,127,128
74,128,129
74,129,130
74,130,131
74,131,132
74,132,133
74,133,134
74,134,135
74,135,136
74,136,137
74,137,138
74,138,139
74,139,140
74,140,141
74,141,142
74,142,143
74,143,144
74,144,145
74,145,146
74,146,147
74,147,148
74,148,149
74,149,150
74,150,151
74,151,152
74,152,153
74,153,154
74,154,155
74,155,156
74,156,157
74,157,158
74,158,159
74,159,160
74,160,161
74,161,162
74,162,163
74,163,164
74,164,165
74,165,166
74,166,167
74,167,168
74,168,169
74,169,170
74,170,171
74,171,172
74,172,173
74,173,174
74,174,175
74,175,176
74,176,177
74,177,178
74,178,179
74,179,180
74,180,181
74,181,182
74,182,183
74,183,184
74,184,185
74,185,186
74,186,187
74,187,188
74,188,189
74,189,190
74,190,191
74,191,192
74,192,193
74,193,194
74,194,195
74,195,196
74,196,197
74,197,198
74,198,199
74,199,200
74,200,201
74,201,202
74,202,203
74,203,204
74,204,205
74,205,206
74,206,207
74,207,208
74,208,209
74,209,210
74,210,211
74,211,212
74,212,213
74,213,214
74,214,215
74,215,216
74,216,217
74,217,218
74,218,219
74,219,220
74,220,221
74,221,222
74,222,223
74,223,224
74,224,225
74,225,226
74,226,227
74,227,228
74,228,229
74,229,230
74,230,231
74,231,232
74,232,233
74,233,234
74,234,235
74,235,236
74,236,237
74,237,238
74,238,239
74,239,240
74,240,241
74,241,242
74,242,243
74,243,244
74,244,245
74,245,246
74,246,247
74,247,248
74,248,249
74,249,250
74,250,251
74,251,252
74,252,253
74,253,254
74,254,255
74,255,255
75,0,1
75,1,2
75,2,3
75,3,4
75,4,5
75,5,6
75,6,7
75,7,8
75,8,9
75,9,10
75,10,11
75,11,12
75,12,13
75,13,14
75,14,15
75,15,16
75,16,17
75,17,18
75,18,19
75,19,20
75,20,21
75,21,22
75,22,23
75,23,24
75,24,25
75,25,26
75,26,27
75,27,28
75,28,29
75,29,30
75,30,31
75,31,32
75,32,33
75,33,34
75,34,35
75,35,36
75,36,37
75,37,38
75,38,39
75,39,40
75,40,41
75,41,42
75,42,43
75,43,44
75,44,45
75,45,46
75,46,47
75,47,48
75,48,49
75,49,50
75,50,51
75,51,52
75,52,53
75,53,54
75,54,55
75,55,56
75,56,57
75,57,58
75,58,59
75,59,60
75,60,61
75,61,62
75,62,63
75,63,64
75,64,65
75,65,66
75,66,67
75,67,68
75,68,69
75,69,70
75,70,71
75,71,72
75,72,73
75,73,74
75,74,75
75,75,76
75,76,77
75,77,78
75,78,79
75,79,80
75,80,81
75,81,82
75,82,83
75,83,84
75,84,85
75,85,86
75,86,87
75,87,88
75,88,89
75,89,90
75,90,91
75,91,92
75,92,93
75,93,94
75,94,95
75,95,96
75,96,97
75,97,98
75,98,99
75,99,100
75,100,101
75,101,102
75,102,103
75,103,104
75,104,105
75,105,106
75,106,107
75,107,108
75,108,109
75,109,110
75,110,111
75,111,112
75,112,113
75,113,114
75,114,115
75,115,116
75,116,117
75,117,118
75,118,119
75,119,120
75,120,121
75,121,122
75,122,123
75,123,124
75,124,125
75,125,126
75,126,127
75,127,128
75,128,129
75,129,130
75,130,131
75,131,132
75,132,133
75,133,134
75,134,135
75,135,136
75,136,137
75,137,138
75,138,139
75,139,140
75,140,141
75,141,142
75,142,143
75,143,144
75,144,145
75,145,146
75,146,147
75,147,148
75,148,149
75,149,150
75,150,151
75,151,152
75,152,153
75,153,154
75,154,155
75,155,156
75,156,157
75,157,158
75,158,159
75,159,160
75,160,161
75,161,162
75,162,163
75,163,164
75,164,165
75,165,166
75,166,167
75,167,168
75,168,169
75,169,170
75,170,171
75,171,172
75,172,173
75,173,174
75,174,175
75,175,176
75,176,177
75,177,178
75,178,179
75,179,180
75,180,181
75,181,182
75,182,183
75,183,184
75,184,185
75,185,186
75,186,187
75,187,188
75,188,189
75,189,190
75,190,191
75,191,192
75,192,193
75,193,194
75,194,195
75,195,196
75,196,197
75,197,198
75,198,199
75,199,200
75,200,201
75,201,202
75,202,203
75,203,204
75,204,205
75,205,206
75,206,207
75,207,208
75,208,209
75,209,210
75,210,211
75,211,212
75,212,213
75,213,214
75,214,215
75,215,216
75,216,217
75,217,218
75,218,219
75,219,220
75,220,221
75,221,222
75,222,223
75,223,224
75,224,225
75,225,226
75,226,227
75,227,228
75,228,229
75,229,230
75,230,231
75,231,232
75,232,233
75,233,234
75,234,235
75,235,236
75,236,237
75,237,238
75,238,239
75,239,240
75,240,241
75,241,242
75,242,243
75,243,244
75,244,245
75,245,246
75,246,247
75,247,248
75,248,249
75,249,250
75,250,251
75,251,252
75,252,253
75,253,254
75,254,255
75,255,255
76,0,1
76,1,2
76,2,3
76,3,4
76,4,5
76,5,6
76,6,7
76,7,8
76,8,9
76,9,10
76,10,11
76,11,12
76,12,13
76,13,14
76,14,15
76,15,16
76,16,17
76,17,18
76,18,19
76,19,20
76,20,21
76,21,22
76,22,23
76,23,24
76,24,25
76,25,26
76,26,27
76,27,28
76,28,29
76,29,30
76,30,31
76,31,32
76,32,33
76,33,34
76,34,35
76,35,36
76,36,37
76,37,38
76,38,39
76,39,40
76,40,41
76,41,42
76,42,43
76,43,44
76,44,45
76,45,46
76,46,47
76,47,48
76,48,49
76,49,50
76,50,51
76,51,52
76,52,53
76,53,54
76,54,55
76,55,56
76,56,57
76,57,58
76,58,59
76,59,60
76,60,61
76,61,62
76,62,63
76,63,64
76,64,65
76,65,66
76,66,67
76,67,68
76,68,69
76,69,70
76,70,71
76,71,72
76,72,73
76,73,74
76,74,75
76,75,76
76,76,77
76,77,78
76,78,79
76,79,80
76,80,81
76,81,82
76,82,83
76,83,84
76,84,85
76,85,86
76,86,87
76,87,88
76,88,89
76,89,90
76,90,91
76,91,92
76,92,93
76,93,94
76,94,95
76,95,96
76,96,97
76,97,98
76,98,99
76,99,100
76,100,101
76,101,102
76,102,103
76,103,104
76,104,105
76,105,106
76,106,107
76,107,108
76,108,109
76,109,110
76,110,111
76,111,112
76,112,113
76,113,114
76,114,115
76,115,116
76,116,117
76,117,118
76,118,119
76,119,120
76,120,121
76,121,122
76,122,123
76,123,124
76,124,125
76,125,126
76,126,127
76,127,128
76,128,129
76,129,130
76,130,131
76,131,132
76,132,133
76,133,134
76,134,135
76,135,136
76,136,137
76,137,138
76,138,139
76,139,140
76,140,141
76,141,142
76,142,143
76,143,144
76,144,145
76,145,146
76,146,147
76,147,148
76,148,149
76,149,150
76,150,151
76,151,152
76,152,153
76,153,154
76,154,155
76,155,156
76,156,157
76,157,158
76,158,159
76,159,160
76,160,161
76,161,162
76,162,163
76,163,164
76,164,165
76,165,166
76,166,167
76,167,168
76,168,169
76,169,170
76,170,171
76,171,172
76,172,173
76,173,174
76,174,175
76,175,176
76,176,177
76,177,178
76,178,179
76,179,180
76,180,181
76,181,182
76,182,183
76,183,184
76,184,185
76,185,186
76,186,187
76,187,188
76,188,189
76,189,190
76,190,191
76,191,192
76,192,193
76,193,194
76,194,195
76,195,196
76,196,197
76,197,198
76,198,199
76,199,200
76,200,201
76,201,202
76,202,203
76,203,204
76,204,205
76,205,206
76,206,207
76,207,208
76,208,209
76,209,210
76,210,211
76,211,212
76,212,213
76,213,214
76,214,215
76,215,216
76,216,217
76,217,218
76,218,219
76,219,220
76,220,221
76,221,222
76,222,223
76,223,224
76,224,225
76,225,226
76,226,227
76,227,228
76,228,229
76,229,230
76,230,231
76,231,232
76,232,233
76,233,234
76,234,235
76,235,236
76,236,237
76,237,238
76,238,239
76,239,240
76,240,241
76,241,242
76,242,243
76,243,244
76,244,245
76,245,246
76,246,247
76,247,248
76,248,249
76,249,250
76,250,251
76,251,252
76,252,253
76,253,254
76,254,255
76,255,255
77,0,1
77,1,2
77,2,3
77,3,4
77,4,5
77,5,6
77,6,7
77,7,8
77,8,9
77,9,10
77,10,11
77,11,12
77,12,13
77,13,14
77,14,15
77,15,16
77,16,17
77,17,18
77,18,19
77,19,20
77,20,21
77,21,22
77,22,23
77,23,24
77,24,25
77,25,26
77,26,27
77,27,28
77,28,29
77,29,30
77,30,31
77,31,32
77,32,33
77,33,34
77,34,35
77,35,36
77,36,37
77,37,38
77,38,39
77,39,40
77,40,41
77,41,42
77,42,43
77,43,44
77,44,45
77,45,46
77,46,47
77,47,48
77,48,49
77,49,50
77,50,51
77,51,52
77,52,53
77,53,54
77,54,55
77,55,56
77,56,57
77,57,58
77,58,59
77,59,60
77,60,61
77,61,62
77,62,63
77,63,64
77,64,65
77,65,66
77,66,67
77,67,68
77,68,69
77,69,70
77,70,71
77,71,72
77,72,73
77,73,74
77,74,75
77,75,76
77,76,77
77,77,78
77,78,79
77,79,80
77,80,81
77,81,82
77,82,83
77,83,84
77,84,85
77,85,86
77,86,87
77,87,88
77,88,89
77,89,90
77,90,91
77,91,92
77,92,93
77,93,94
77,94,95
77,95,96
77,96,97
77,97,98
77,98,99
77,99,100
77,100,101
77,101,102
77,102,103
77,103,104
77,104,105
77,105,106
77,106,107
77,107,108
77,108,109
77,109,110
77,110,111
77,111,112
77,112,113
77,113,114
77,114,115
77,115,116
77,116,117
77,117,118
77,118,119
77,119,120
77,120,121
77,121,122
77,122,123
77,123,124
77,124,125
77,125,126
77,126,127
77,127,128
77,128,129
77,129,130
77,130,131
77,131,132
77,132,133
77,133,134
77,134,135
77,135,136
77,136,137
77,137,138
77,138,139
77,139,140
77,140,141
77,141,142
77,142,143
77,143,144
77,144,145
77,145,146
77,146,147
77,147,148
77,148,149
77,149,150
77,150,151
77,151,152
77,152,153
77,153,154
77,154,155
77,155,156
77,156,157
77,157,158
77,158,159
77,159,160
77,160,161
77,161,162
77,162,163
77,163,164
77,164,165
77,165,166
77,166,167
77,167,168
77,168,169
77,169,170
77,170,171
77,171,172
77,172,173
77,173,174
77,174,175
77,175,176
77,176,177
77,177,178
77,178,179
77,179,180
77,180,181
77,181,182
77,182,183
77,183,184
77,184,185
77,185,186
77,186,187
77,187,188
77,188,189
77,189,190
77,190,191
77,191,192
77,192,193
77,193,194
77,194,195
77,195,196
77,196,197
77,197,198
77,198,199
77,199,200
77,200,201
77,201,202
77,202,203
77,203,204
77,204,205
77,205,206
77,206,207
77,207,208
77,208,209
77,209,210
77,210,211
77,211,212
77,212,213
77,213,214
77,214,215
77,215,216
77,216,217
77,217,218
77,218,219
77,219,220
77,220,221
77,221,222
77,222,223
77,223,224
77,224,225
77,225,226
77,226,227
77,227,228
77,228,229
77,229,230
77,230,231
77,231,232
77,232,233
77,233,234
77,234,235
77,235,236
77,236,237
77,237,238
77,238,239
77,239,240
77,240,241
77,241,242
77,242,243
77,243,244
77,244,245
77,245,246
77,246,247
77,247,248
77,248,249
77,249,250
77,250,251
77,251,252
77,252,253
77,253,254
77,254,255
77,255,255
78,0,1
78,1,2
78,2,3
78,3,4
78,4,5
78,5,6
78,6,7
78,7,8
78,8,9
78,9,10
78,10,11
78,11,12
78,12,13
78,13,14
78,14,15
78,15,16
78,16,17
78,17,18
78,18,19
78,19,20
78,20,21
78,21,22
78,22,23
78,23,24
78,24,25
78,25,26
78,26,27
78,27,28
78,28,29
78,29,30
78,30,31
78,31,32
78,32,33
78,33,34
78,34,35
78,35,36
78,36,37
78,37,38
78,38,39
78,39,40
78,40,41
78,41,42
78,42,43
78,43,44
78,44,45
78,45,46
78,46,47
78,47,48
78,48,49
78,49,50
78,50,51
78,51,52
78,52,53
78,53,54
78,54,55
78,55,56
78,56,57
78,57,58
78,58,59
78,59,60
78,60,61
78,61,62
78,62,63
78,63,64
78,64,65
78,65,66
78,66,67
78,67,68
78,68,69
78,69,70
78,70,71
78,71,72
78,72,73
78,73,74
78,74,75
78,75,76
78,76,77
78,77,78
78,78,79
78,79,80
78,80,81
78,81,82
78,82,83
78,83,84
78,84,85
78,85,86
78,86,87
78,87,88
78,88,89
78,89,90
78,90,91
78,91,92
78,92,93
78,93,94
78,94,95
78,95,96
78,96,97
78,97,98
78,98,99
78,99,100
78,100,101
78,101,102
78,102,103
78,103,104
78,104,105
78,105,106
78,106,107
78,107,108
78,108,109
78,109,110
78,110,111
78,111,112
78,112,113
78,113,114
78,114,115
78,115,116
78,116,117
78,117,118
78,118,119
78,119,120
78,120,121
78,121,122
78,122,123
78,123,124
78,124,125
78,125,126
78,126,127
78,127,128
78,128,129
78,129,130
78,130,131
78,131,132
78,132,133
78,133,134
78,134,135
78,135,136
78,136,137
78,137,138
78,138,139
78,139,140
78,140,141
78,141,142
78,142,143
78,143,144
78,144,145
78,145,146
78,146,147
78,147,148
78,148,149
78,149,150
78,150,151
78,151,152
78,152,153
78,153,154
78,154,155
78,155,156
78,156,157
78,157,158
78,158,159
78,159,160
78,160,161
78,161,162
78,162,163
78,163,164
78,164,165
78,165,166
78,166,167
78,167,168
78,168,169
78,169,170
78,170,171
78,171,172
78,172,173
78,173,174
78,174,175
78,175,176
78,176,177
78,177,178
78,178,179
78,179,180
78,180,181
78,181,182
78,182,183
78,183,184
78,184,185
78,185,186
78,186,187
78,187,188
78,188,189
78,189,190
78,190,191
78,191,192
78,192,193
78,193,194
78,194,195
78,195,196
78,196,197
78,197,198
78,198,199
78,199,200
78,200,201
78,201,202
78,202,203
78,203,204
78,204,205
78,205,206
78,206,207
78,207,208
78,208,209
78,209,210
78,210,211
78,211,212
78,212,213
78,213,214
78,214,215
78,215,216
78,216,217
78,217,218
78,218,219
78,219,220
78,220,221
78,221,222
78,222,223
78,223,224
78,224,225
78,225,226
78,226,227
78,227,228
78,228,229
78,229,230
78,230,231
78,231,232
78,232,233
78,233,234
78,234,235
78,235,236
78,236,237
78,237,238
78,238,239
78,239,240
78,240,241
78,241,242
78,242,243
78,243,244
78,244,245
78,245,246
78,246,247
78,247,248
78,248,249
78,249,250
78,250,251
78,251,252
78,252,253
78,253,254
78,254,255
78,255,255
79,0,1
79,1,2
79,2,3
79,3,4
79,4,5
79,5,6
79,6,7
79,7,8
79,8,9
79,9,10
79,10,11
79,11,12
79,12,13
79,13,14
79,14,15
79,15,16
79,16,17
79,17,18
79,18,19
79,19,20
79,20,21
79,21,22
79,22,23
79,23,24
79,24,25
79,25,26
79,26,27
79,27,28
79,28,29
79,29,30
79,30,31
79,31,32
79,32,33
79,33,34
79,34,35
79,35,36
79,36,37
79,37,38
79,38,39
79,39,40
79,40,41
79,41,42
79,42,43
79,43,44
79,44,45
79,45,46
79,46,47
79,47,48
79,48,49
79,49,50
79,50,51
79,51,52
79,52,53
79,53,54
79,54,55
79,55,56
79,56,57
79,57,58
79,58,59
79,59,60
79,60,61
79,61,62
79,62,63
79,63,64
79,64,65
79,65,66
79,66,67
79,67,68
79,68,69
79,69,70
79,70,71
79,71,72
79,72,73
79,73,74
79,74,75
79,75,76
79,76,77
79,77,78
79,78,79
79,79,80
79,80,81
79,81,82
79,82,83
79,83,84
79,84,85
79,85,86
79,86,87
79,87,88
79,88,89
79,89,90
79,90,91
79,91,92
79,92,93
79,93,94
79,94,95
79,95,96
79,96,97
79,97,98
79,98,99
79,99,100
79,100,101
79,101,102
79,102,103
79,103,104
79,104,105
79,105,106
79,106,107
79,107,108
79,108,109
79,109,110
79,110,111
79,111,112
79,112,113
79,113,114
79,114,115
79,115,116
79,116,117
79,117,118
79,118,119
79,119,120
79,120,121
79,121,122
79,122,123
79,123,124
79,124,125
79,125,126
79,126,127
79,127,128
79,128,129
79,129,130
79,130,131
79,131,132
79,132,133
79,133,134
79,134,135
79,135,136
79,136,137
79,137,138
79,138,139
79,139,140
79,140,141
79,141,142
79,142,143
79,143,144
79,144,145
79,145,146
79,146,147
79,147,148
79,148,149
79,149,150
79,150,151
79,151,152
79,152,153
79,153,154
79,154,155
79,155,156
79,156,157
79,157,158
79,158,159
79,159,160
79,160,161
79,161,162
79,162,163
79,163,164
79,164,165
79,165,166
79,166,167
79,167,168
79,168,169
79,169,170
79,170,171
79,171,172
79,172,173
79,173,174
79,174,175
79,175,176
79,176,177
79,177,178
79,178,179
79,179,180
79,180,181
79,181,182
79,182,183
79,183,184
79,184,185
79,185,186
79,186,187
79,187,188
79,188,189
79,189,190
79,190,191
79,191,192
79,192,193
79,193,194
79,194,195
79,195,196
79,196,197
79,197,198
79,198,199
79,199,200
79,200,201
79,201,202
79,202,203
79,203,204
79,204,205
79,205,206
79,206,207
79,207,208
79,208,209
79,209,210
79,210,211
79,211,212
79,212,213
79,213,214
79,214,215
79,215,216
79,216,217
79,217,218
79,218,219
79,219,220
79,220,221
79,221,222
79,222,223
79,223,224
79,224,225
79,225,226
79,226,227
79,227,228
79,228,229
79,229,230
79,230,231
79,231,232
79,232,233
79,233,234
79,234,235
79,235,236
79,236,237
79,237,238
79,238,239
79,239,240
79,240,241
79,241,242
79,242,243
79,243,244
79,244,245
79,245,246
79,246,247
79,247,248
79,248,249
79,249,250
79,250,251
79,251,252
79,252,253
79,253,254
79,254,255
79,255,255
80,0,1
80,1,2
80,2,3
80,3,4
80,4,5
80,5,6
80,6,7
80,7,8
80,8,9
80,9,10
80,10,11
80,11,12
80,12,13
80,13,14
80,14,15
80,15,16
80,16,17
80,17,18
80,18,19
80,19,20
80,20,21
80,21,22
80,22,23
80,23,24
80,24,25
80,25,26
80,26,27
80,27,28
80,28,29
80,29,30
80,30,31
80,31,32
80,32,33
80,33,34
80,34,35
80,35,36
80,36,37
80,37,38
80,38,39
80,39,40
80,40,41
80,41,42
80,42,43
80,43,44
80,44,45
80,45,46
80,46,47
80,47,48
80,48,49
80,49,50
80,50,51
80,51,52
80,52,53
80,53,54
80,54,55
80,55,56
80,56,57
80,57,58
80,58,59
80,59,60
80,60,61
80,61,62
80,62,63
80,63,64
80,64,65
80,65,66
80,66,67
80,67,68
80,68,69
80,69,70
80,70,71
80,71,72
80,72,73
80,73,74
80,74,75
80,75,76
80,76,77
80,77,78
80,78,79
80,79,80
80,80,81
80,81,82
80,82,83
80,83,84
80,84,85
80,85,86
80,86,87
80,87,88
80,88,89
80,89,90
80,90,91
80,91,92
80,92,93
80,93,94
80,94,95
80,95,96
80,96,97
80,97,98
80,98,99
80,99,100
80,100,101
80,101,102
80,102,103
80,103,104
80,104,105
80,105,106
80,106,107
80,107,108
80,108,109
80,109,110
80,110,111
80,111,112
80,112,113
80,113,114
80,114,115
80,115,116
80,116,117
80,117,118
80,118,119
80,119,120
80,120,121
80,121,122
80,122,123
80,123,124
80,124,125
80,125,126
80,126,127
80,127,128
80,128,129
80,129,130
80,130,131
80,131,132
80,132,133
80,133,134
80,134,135
80,135,136
80,136,137
80,137,138
80,138,139
80,139,140
80,140,141
80,141,142
80,142,143
80,143,144
80,144,145
80,145,146
80,146,147
80,147,148
80,148,149
80,149,150
80,150,151
80,151,152
80,152,153
80,153,154
80,154,155
80,155,156
80,156,157
80,157,158
80,158,159
80,159,160
80,160,161
80,161,162
80,162,163
80,163,164
80,164,165
80,165,166
80,166,167
80,167,168
80,168,169
80,169,170
80,170,171
80,171,172
80,172,173
80,173,174
80,174,175
80,175,176
80,176,177
80,177,178
80,178,179
80,179,180
80,180,181
80,181,182
80,182,183
80,183,184
80,184,185
80,185,186
80,186,187
80,187,188
80,188,189
80,189,190
80,190,191
80,191,192
80,192,193
80,193,194
80,194,195
80,195,196
80,196,197
80,197,198
80,198,199
80,199,200
80,200,201
80,201,202
80,202,203
80,203,204
80,204,205
80,205,206
80,206,207
80,207,208
80,208,209
80,209,210
80,210,211
80,211,212
80,212,213
80,213,214
80,214,215
80,215,216
80,216,217
80,217,218
80,218,219
80,219,220
80,220,221
80,221,222
80,222,223
80,223,224
80,224,225
80,225,226
80,226,227
80,227,228
80,228,229
80,229,230
80,230,231
80,231,232
80,232,233
80,233,234
80,234,235
80,235,236
80,236,237
80,237,238
80,238,239
80,239,240
80,240,241
80,241,242
80,242,243
80,243,244
80,244,245
80,245,246
80,246,247
80,247,248
80,248,249
80,249,250
80,250,251
80,251,252
80,252,253
80,253,254
80,254,255
80,255,255
81,0,1
81,1,2
81,2,3
81,3,4
81,4,5
81,5,6
81,6,7
81,7,8
81,8,9
81,9,10
81,10,11
81,11,12
81,12,13
81,13,14
81,14,15
81,15,16
81,16,17
81,17,18
81,18,19
81,19,20
81,20,21
81,21,22
81,22,23
81,23,24
81,24,25
81,25,26
81,26,27
81,27,28
81,28,29
81,29,30
81,30,31
81,31,32
81,32,33
81,33,34
81,34,35
81,35,36
81,36,37
81,37,38
81,38,39
81,39,40
81,40,41
81,41,42
81,42,43
81,43,44
81,44,45
81,45,46
81,46,47
81,47,48
81,48,49
81,49,50
81,50,51
81,51,52
81,52,53
81,53,54
81,54,55
81,55,56
81,56,57
81,57,58
81,58,59
81,59,60
81,60,61
81,61,62
81,62,63
81,63,64
81,64,65
81,65,66
81,66,67
81,67,68
81,68,69
81,69,70
81,70,71
81,71,72
81,72,73
81,73,74
81,74,75
81,75,76
81,76,77
81,77,78
81,78,79
81,79,80
81,80,81
81,81,82
81,82,83
81,83,84
81,84,85
81,85,86
81,86,87
81,87,88
81,88,89
81,89,90
81,90,91
81,91,92
81,92,93
81,93,94
81,94,95
81,95,96
81,96,97
81,97,98
81,98,99
81,99,100
81,100,101
81,101,102
81,102,103
81,103,104
81,104,105
81,105,106
81,106,107
81,107,108
81,108,109
81,109,110
81,110,111
81,111,112
81,112,113
81,113,114
81,114,115
81,115,116
81,116,117
81,117,118
81,118,119
81,119,120
81,120,121
81,121,122
81,122,123
81,123,124
81,124,125
81,125,126
81,126,127
81,127,128
81,128,129
81,129,130
81,130,131
81,131,132
81,132,133
81,133,134
81,134,135
81,135,136
81,136,137
81,137,138
81,138,139
81,139,140
81,140,141
81,141,142
81,142,143
81,143,144
81,144,145
81,145,146
81,146,147
81,147,148
81,148,149
81,149,150
81,150,151
81,151,152
81,152,153
81,153,154
81,154,155
81,155,156
81,156,157
81,157,158
81,158,159
81,159,160
81,160,161
81,161,162
81,162,163
81,163,164
81,164,165
81,165,166
81,166,167
81,167,168
81,168,169
81,169,170
81,170,171
81,171,172
81,172,173
81,173,174
81,174,175
81,175,176
81,176,177
81,177,178
81,178,179
81,179,180
81,180,181
81,181,182
81,182,183
81,183,184
81,184,185
81,185,186
81,186,187
81,187,188
81,188,189
81,189,190
81,190,191
81,191,192
81,192,193
81,193,194
81,194,195
81,195,196
81,196,197
81,197,198
81,198,199
81,199,200
81,200,201
81,201,202
81,202,203
81,203,204
81,204,205
81,205,206
81,206,207
81,207,208
81,208,209
81,209,210
81,210,211
81,211,212
81,212,213
81,213,214
81,214,215
81,215,216
81,216,217
81,217,218
81,218,219
81,219,220
81,220,221
81,221,222
81,222,223
81,223,224
81,224,225
81,225,226
81,226,227
81,227,228
81,228,229
81,229,230
81,230,231
81,231,232
81,232,233
81,233,234
81,234,235
81,235,236
81,236,237
81,237,238
81,238,239
81,239,240
81,240,241
81,241,242
81,242,243
81,243,244
81,244,245
81,245,246
81,246,247
81,247,248
81,248,249
81,249,250
81,250,251
81,251,252
81,252,253
81,253,254
81,254,255
81,255,255
82,0,1
82,1,2
82,2,3
82,3,4
82,4,5
82,5,6
82,6,7
82,7,8
82,8,9
82,9,10
82,10,11
82,11,12
82,12,13
82,13,14
82,14,15
82,15,16
82,16,17
82,17,18
82,18,19
82,19,20
82,20,21
82,21,22
82,22,23
82,23,24
82,24,25
82,25,26
82,26,27
82,27,28
82,28,29
82,29,30
82,30,31
82,31,32
82,32,33
82,33,34
82,34,35
82,35,36
82,36,37
82,37,38
82,38,39
82,39,40
82,40,41
82,41,42
82,42,43
82,43,44
82,44,45
82,45,46
82,46,47
82,47,48
82,48,49
82,49,50
82,50,51
82,51,52
82,52,53
82,53,54
82,54,55
82,55,56
82,56,57
82,57,58
82,58,59
82,59,60
82,60,61
82,61,62
82,62,63
82,63,64
82,64,65
82,65,66
82,66,67
82,67,68
82,68,69
82,69,70
82,70,71
82,71,72
82,72,73
82,73,74
82,74,75
82,75,76
82,76,77
82,77,78
82,78,79
82,79,80
82,80,81
82,81,82
82,82,83
82,83,84
82,84,85
82,85,86
82,86,87
82,87,88
82,88,89
82,89,90
82,90,91
82,91,92
82,92,93
82,93,94
82,94,95
82,95,96
82,96,97
82,97,98
82,98,99
82,99,100
82,100,101
82,101,102
82,102,103
82,103,104
82,104,105
82,105,106
82,106,107
82,107,108
82,108,109
82,109,110
82,110,111
82,111,112
82,112,113
82,113,114
82,114,115
82,115,116
82,116,117
82,117,118
82,118,119
82,119,120
82,120,121
82,121,122
82,122,123
82,123,124
82,124,125
82,125,126
82,126,127
82,127,128
82,128,129
82,129,130
82,130,131
82,131,132
82,132,133
82,133,134
82,134,135
82,135,136
82,136,137
82,137,138
82,138,139
82,139,140
82,140,141
82,141,142
82,142,143
82,143,144
82,144,145
82,145,146
82,146,147
82,147,148
82,148,149
82,149,150
82,150,151
82,151,152
82,152,153
82,153,154
82,154,155
82,155,156
82,156,157
82,157,158
82,158,159
82,159,160
82,160,161
82,161,162
82,162,163
82,163,164
82,164,165
82,165,166
82,166,167
82,167,168
82,168,169
82,169,170
82,170,171
82,171,172
82,172,173
82,173,174
82,174,175
82,175,176
82,176,177
82,177,178
82,178,179
82,179,180
82,180,181
82,181,182
82,182,183
82,183,184
82,184,185
82,185,186
82,186,187
82,187,188
82,188,189
82,189,190
82,190,191
82,191,192
82,192,193
82,193,194
82,194,195
82,195,196
82,196,197
82,197,198
82,198,199
82,199,200
82,200,201
82,201,202
82,202,203
82,203,204
82,204,205
82,205,206
82,206,207
82,207,208
82,208,209
82,209,210
82,210,211
82,211,212
82,212,213
82,213,214
82,214,215
82,215,216
82,216,217
82,217,218
82,218,219
82,219,220
82,220,221
82,221,222
82,222,223
82,223,224
82,224,225
82,225,226
82,226,227
82,227,228
82,228,229
82,229,230
82,230,231
82,231,232
82,232,233
82,233,234
82,234,235
82,235,236
82,236,237
82,237,238
82,238,239
82,239,240
82,240,241
82,241,242
82,242,243
82,243,244
82,244,245
82,245,246
82,246,247
82,247,248
82,248,249
82,249,250
82,250,251
82,251,252
82,252,253
82,253,254
82,254,255
82,255,255
83,0,1
83,1,2
83,2,3
83,3,4
83,4,5
83,5,6
83,6,7
83,7,8
83,8,9
83,9,10
83,10,11
83,11,12
83,12,13
83,13,14
83,14,15
83,15,16
83,16,17
83,17,18
83,18,19
83,19,20
83,20,21
83,21,22
83,22,23
83,23,24
83,24,25
83,25,26
83,26,27
83,27,28
83,28,29
83,29,30
83,30,31
83,31,32
83,32,33
83,33,34
83,34,35
83,35,36
83,36,37
83,37,38
83,38,39
83,39,40
83,40,41
83,41,42
83,42,43
83,43,44
83,44,45
83,45,46
83,46,47
83,47,48
83,48,49
83,49,50
83,50,51
83,51,52
83,52,53
83,53,54
83,54,55
83,55,56
83,56,57
83,57,58
83,58,59
83,59,60
83,60,61
83,61,62
83,62,63
83,63,64
83,64,65
83,65,66
83,66,67
83,67,68
83,68,69
83,69,70
83,70,71
83,71,72
83,72,73
83,73,74
83,74,75
83,75,76
83,76,77
83,77,78
83,78,79
83,79,80
83,80,81
83,81,82
83,82,83
83,83,84
83,84,85
83,85,86
83,86,87
83,87,88
83,88,89
83,89,90
83,90,91
83,91,92
83,92,93
83,93,94
83,94,95
83,95,96
83,96,97
83,97,98
83,98,99
83,99,100
83,100,101
83,101,102
83,102,103
83,103,104
83,104,105
83,105,106
83,106,107
83,107,108
83,108,109
83,109,110
83,110,111
83,111,112
83,112,113
83,113,114
83,114,115
83,115,116
83,116,117
83,117,118
83,118,119
83,119,120
83,120,121
83,121,122
83,122,123
83,123,124
83,124,125
83,125,126
83,126,127
83,127,128
83,128,129
83,129,130
83,130,131
83,131,132
83,132,133
83,133,134
83,134,135
83,135,136
83,136,137
83,137,138
83,138,139
83,139,140
83,140,141
83,141,142
83,142,143
83,143,144
83,144,145
83,145,146
83,146,147
83,147,148
83,148,149
83,149,150
83,150,151
83,151,152
83,152,153
83,153,154
83,154,155
83,155,156
83,156,157
83,157,158
83,158,159
83,159,160
83,160,161
83,161,162
83,162,163
83,163,164
83,164,165
83,165,166
83,166,167
83,167,168
83,168,169
83,169,170
83,170,171
83,171,172
83,172,173
83,173,174
83,174,175
83,175,176
83,176,177
83,177,178
83,178,179
83,179,180
83,180,181
83,181,182
83,182,183
83,183,184
83,184,185
83,185,186
83,186,187
83,187,188
83,188,189
83,189,190
83,190,191
83,191,192
83,192,193
83,193,194
83,194,195
83,195,196
83,196,197
83,197,198
83,198,199
83,199,200
83,200,201
83,201,202
83,202,203
83,203,204
83,204,205
83,205,206
83,206,207
83,207,208
83,208,209
83,209,210
83,210,211
83,211,212
83,212,213
83,213,214
83,214,215
83,215,216
83,216,217
83,217,218
83,218,219
83,219,220
83,220,221
83,221,222
83,222,223
83,223,224
83,224,225
83,225,226
83,226,227
83,227,228
83,228,229
83,229,230
83,230,231
83,231,232
83,232,233
83,233,234
83,234,235
83,235,236
83,236,237
83,237,238
83,238,239
83,239,240
83,240,241
83,241,242
83,242,243
83,243,244
83,244,245
83,245,246
83,246,247
83,247,248
83,248,249
83,249,250
83,250,251
83,251,252
83,252,253
83,253,254
83,254,255
83,255,255
84,0,1
84,1,2
84,2,3
84,3,4
84,4,5
84,5,6
84,6,7
84,7,8
84,8,9
84,9,10
84,10,11
84,11,12
84,12,13
84,13,14
84,14,15
84,15,16
84,16,17
84,17,18
84,18,19
84,19,20
84,20,21
84,21,22
84,22,23
84,23,24
84,24,25
84,25,26
84,26,27
84,27,28
84,28,29
84,29,30
84,30,31
84,31,32
84,32,33
84,33,34
84,34,35
84,35,36
84,36,37
84,37,38
84,38,39
84,39,40
84,40,41
84,41,42
84,42,43
84,43,44
84,44,45
84,45,46
84,46,47
84,47,48
84,48,49
84,49,50
84,50,51
84,51,52
84,52,53
84,53,54
84,54,55
84,55,56
84,56,57
84,57,58
84,58,59
84,59,60
84,60,61
84,61,62
84,62,63
84,63,64
84,64,65
84,65,66
84,66,67
84,67,68
84,68,69
84,69,70
84,70,71
84,71,72
84,72,73
84,73,74
84,74,75
84,75,76
84,76,77
84,77,78
84,78,79
84,79,80
84,80,81
84,81,82
84,82,83
84,83,84
84,84,85
84,85,86
84,86,87
84,87,88
84,88,89
84,89,90
84,90,91
84,91,92
84,92,93
84,93,94
84,94,95
84,95,96
84,96,97
84,97,98
84,98,99
84,99,100
84,100,101
84,101,102
84,102,103
84,103,104
84,104,105
84,105,106
84,106,107
84,107,108
84,108,109
84,109,110
84,110,111
84,111,112
84,112,113
84,113,114
84,114,115
84,115,116
84,116,117
84,117,118
84,118,119
84,119,120
84,120,121
84,121,122
84,122,123
84,123,124
84,124,125
84,125,126
84,126,127
84,127,128
84,128,129
84,129,130
84,130,131
84,131,132
84,132,133
84,133,134
84,134,135
84,135,136
84,136,137
84,137,138
84,138,139
84,139,140
84,140,141
84,141,142
84,142,143
84,143,144
84,144,145
84,145,146
84,146,147
84,147,148
84,148,149
84,149,150
84,150,151
84,151,152
84,152,153
84,153,154
84,154,155
84,155,156
84,156,157
84,157,158
84,158,159
84,159,160
84,160,161
84,161,162
84,162,163
84,163,164
84,164,165
84,165,166
84,166,167
84,167,168
84,168,169
84,169,170
84,170,171
84,171,172
84,172,173
84,173,174
84,174,175
84,175,176
84,176,177
84,177,178
84,178,179
84,179,180
84,180,181
84,181,182
84,182,183
84,183,184
84,184,185
84,185,186
84,186,187
84,187,188
84,188,189
84,189,190
84,190,191
84,191,192
84,192,193
84,193,194
84,194,195
84,195,196
84,196,197
84,197,198
84,198,199
84,199,200
84,200,201
84,201,202
84,202,203
84,203,204
84,204,205
84,205,206
84,206,207
84,207,208
84,208,209
84,209,210
84,210,211
84,211,212
84,212,213
84,213,214
84,214,215
84,215,216
84,216,217
84,217,218
84,218,219
84,219,220
84,220,221
84,221,222
84,222,223
84,223,224
84,224,225
84,225,226
84,226,227
84,227,228
84,228,229
84,229,230
84,230,231
84,231,232
84,232,233
84,233,234
84,234,235
84,235,236
84,236,237
84,237,238
84,238,239
84,239,240
84,240,241
84,241,242
84,242,243
84,243,244
84,244,245
84,245,246
84,246,247
84,247,248
84,248,249
84,249,250
84,250,251
84,251,252
84,252,253
84,253,254
84,254,255
84,255,255
85,0,1
85,1,2
85,2,3
85,3,4
85,4,5
85,5,6
85,6,7
85,7,8
85,8,9
85,9,10
85,10,11
85,11,12
85,12,13
85,13,14
85,14,15
85,15,16
85,16,17
85,17,18
85,18,19
85,19,20
85,20,21
85,21,22
85,22,23
85,23,24
85,24,25
85,25,26
85,26,27
85,27,28
85,28,29
85,29,30
85,30,31
85,31,32
85,32,33
85,33,34
85,34,35
85,35,36
85,36,37
85,37,38
85,38,39
85,39,40
85,40,41
85,41,42
85,42,43
85,43,44
85,44,45
85,45,46
85,46,47
85,47,48
85,48,49
85,49,50
85,50,51
85,51,52
85,52,53
85,53,54
85,54,55
85,55,56
85,56,57
85,57,58
85,58,59
85,59,60
85,60,61
85,61,62
85,62,63
85,63,64
85,64,65
85,65,66
85,66,67
85,67,68
85,68,69
85,69,70
85,70,71
85,71,72
85,72,73
85,73,74
85,74,75
85,75,76
85,76,77
85,77,78
85,78,79
85,79,80
85,80,81
85,81,82
85,82,83
85,83,84
85,84,85
85,85,86
85,86,87
85,87,88
85,88,89
85,89,90
85,90,91
85,91,92
85,92,93
85,93,94
85,94,95
85,95,96
85,96,97
85,97,98
85,98,99
85,99,100
85,100,101
85,101,102
85,102,103
85,103,104
85,104,105
85,105,106
85,106,107
85,107,108
85,108,109
85,109,110
85,110,111
85,111,112
85,112,113
85,113,114
85,114,115
85,115,116
85,116,117
85,117,118
85,118,119
85,119,120
85,120,121
85,121,122
85,122,123
85,123,124
85,124,125
85,125,126
85,126,127
85,127,128
85,128,129
85,129,130
85,130,131
85,131,132
85,132,133
85,133,134
85,134,135
85,135,136
85,136,137
85,137,138
85,138,139
85,139,140
85,140,141
85,141,142
85,142,143
85,143,144
85,144,145
85,145,146
85,146,147
85,147,148
85,148,149
85,149,150
85,150,151
85,151,152
85,152,153
85,153,154
85,154,155
85,155,156
85,156,157
85,157,158
85,158,159
85,159,160
85,160,161
85,161,162
85,162,163
85,163,164
85,164,165
85,165,166
85,166,167
85,167,168
85,168,169
85,169,170
85,170,171
85,171,172
85,172,173
85,173,174
85,174,175
85,175,176
85,176,177
85,177,178
85,178,179
85,179,180
85,180,181
85,181,182
85,182,183
85,183,184
85,184,185
85,185,186
85,186,187
85,187,188
85,188,189
85,189,190
85,190,191
85,191,192
85,192,193
85,193,194
85,194,195
85,195,196
85,196,197
85,197,198
85,198,199
85,199,200
85,200,201
85,201,202
85,202,203
85,203,204
85,204,205
85,205,206
85,206,207
85,207,208
85,208,209
85,209,210
85,210,211
85,211,212
85,212,213
85,213,214
85,214,215
85,215,216
85,216,217
85,217,218
85,218,219
85,219,220
85,220,221
85,221,222
85,222,223
85,223,224
85,224,225
85,225,226
85,226,227
85,227,228
85,228,229
85,229,230
85,230,231
85,231,232
85,232,233
85,233,234
85,234,235
85,235,236
85,236,237
85,237,238
85,238,239
85,239,240
85,240,241
85,241,242
85,242,243
85,243,244
85,244,245
85,245,246
85,246,247
85,247,248
85,248,249
85,249,250
85,250,251
85,251,252
85,252,253
85,253,254
85,254,255
85,255,255
86,0,1
86,1,2
86,2,3
86,3,4
86,4,5
86,5,6
86,6,7
86,7,8
86,8,9
86,9,10
86,10,11
86,11,12
86,12,13
86,13,14
86,14,15
86,15,16
86,16,17
86,17,18
86,18,19
86,19,20
86,20,21
86,21,22
86,22,23
86,23,24
86,24,25
86,25,26
86,26,27
86,27,28
86,28,29
86,29,30
86,30,31
86,31,32
86,32,33
86,33,34
86,34,35
86,35,36
86,36,37
86,37,38
86,38,39
86,39,40
86,40,41
86,41,42
86,42,43
86,43,44
86,44,45
86,45,46
86,46,47
86,47,48
86,48,49
86,49,50
86,50,51
86,51,52
86,52,53
86,53,54
86,54,55
86,55,56
86,56,57
86,57,58
86,58,59
86,59,60
86,60,61
86,61,62
86,62,63
86,63,64
86,64,65
86,65,66
86,66,67
86,67,68
86,68,69
86,69,70
86,70,71
86,71,72
86,72,73
86,73,74
86,74,75
86,75,76
86,76,77
86,77,78
86,78,79
86,79,80
86,80,81
86,81,82
86,82,83
86,83,84
86,84,85
86,85,86
86,86,87
86,87,88
86,88,89
86,89,90
86,90,91
86,91,92
86,92,93
86,93,94
86,94,95
86,95,96
86,96,97
86,97,98
86,98,99
86,99,100
86,100,101
86,101,102
86,102,103
86,103,104
86,104,105
86,105,106
86,106,107
86,107,108
86,108,109
86,109,110
86,110,111
86,111,112
86,112,113
86,113,114
86,114,115
86,115,116
86,116,117
86,117,118
86,118,119
86,119,120
86,120,121
86,121,122
86,122,123
86,123,124
86,124,125
86,125,126
86,126,127
86,127,128
86,128,129
86,129,130
86,130,131
86,131,132
86,132,133
86,133,134
86,134,135
86,135,136
86,136,137
86,137,138
86,138,139
86,139,140
86,140,141
86,141,142
86,142,143
86,143,144
86,144,145
86,145,146
86,146,147
86,147,148
86,148,149
86,149,150
86,150,151
86,151,152
86,152,153
86,153,154
86,154,155
86,155,156
86,156,157
86,157,158
86,158,159
86,159,160
86,160,161
86,161,162
86,162,163
86,163,164
86,164,165
86,165,166
86,166,167
86,167,168
86,168,169
86,169,170
86,170,171
86,171,172
86,172,173
86,173,174
86,174,175
86,175,176
86,176,177
86,177,178
86,178,179
86,179,180
86,180,181
86,181,182
86,182,183
86,183,184
86,184,185
86,185,186
86,186,187
86,187,188
86,188,189
86,189,190
86,190,191
86,191,192
86,192,193
86,193,194
86,194,195
86,195,196
86,196,197
86,197,198
86,198,199
86,199,200
86,200,201
86,201,202
86,202,203
86,203,204
86,204,205
86,205,206
86,206,207
86,207,208
86,208,209
86,209,210
86,210,211
86,211,212
86,212,213
86,213,214
86,214,215
86,215,216
86,216,217
86,217,218
86,218,219
86,219,220
86,220,221
86,221,222
86,222,223
86,223,224
86,224,225
86,225,226
86,226,227
86,227,228
86,228,229
86,229,230
86,230,231
86,231,232
86,232,233
86,233,234
86,234,235
86,235,236
86,236,237
86,237,238
86,238,239
86,239,240
86,240,241
86,241,242
86,242,243
86,243,244
86,244,245
86,245,246
86,246,247
86,247,248
86,248,249
86,249,250
86,250,251
86,251,252
86,252,253
86,253,254
86,254,255
86,255,255
87,0,1
87,1,2
87,2,3
87,3,4
87,4,5
87,5,6
87,6,7
87,7,8
87,8,9
87,9,10
87,10,11
87,11,12
87,12,13
87,13,14
87,14,15
87,15,16
87,16,17
87,17,18
87,18,19
87,19,20
87,20,21
87,21,22
87,22,23
87,23,24
87,24,25
87,25,26
87,26,27
87,27,28
87,28,29
87,29,30
87,30,31
87,31,32
87,32,33
87,33,34
87,34,35
87,35,36
87,36,37
87,37,38
87,38,39
87,39,40
87,40,41
87,41,42
87,42,43
87,43,44
87,44,45
87,45,46
87,46,47
87,47,48
87,48,49
87,49,50
87,50,51
87,51,52
87,52,53
87,53,54
87,54,55
87,55,56
87,56,57
87,57,58
87,58,59
87,59,60
87,60,61
87,61,62
87,62,63
87,63,64
87,64,65
87,65,66
87,66,67
87,67,68
87,68,69
87,69,70
87,70,71
87,71,72
87,72,73
87,73,74
87,74,75
87,75,76
87,76,77
87,77,78
87,78,79
87,79,80
87,80,81
87,81,82
87,82,83
87,83,84
87,84,85
87,85,86
87,86,87
87,87,88
87,88,89
87,89,90
87,90,91
87,91,92
87,92,93
87,93,94
87,94,95
87,95,96
87,96,97
87,97,98
87,98,99
87,99,100
87,100,101
87,101,102
87,102,103
87,103,104
87,104,105
87,105,106
87,106,107
87,107,108
87,108,109
87,109,110
87,110,111
87,111,112
87,112,113
87,113,114
87,114,115
87,115,116
87,116,117
87,117,118
87,118,119
87,119,120
87,120,121
87,121,122
87,122,123
87,123,124
87,124,125
87,125,126
87,126,127
87,127,128
87,128,129
87,129,130
87,130,131
87,131,132
87,132,133
87,133,134
87,134,135
87,135,136
87,136,137
87,137,138
87,138,139
87,139,140
87,140,141
87,141,142
87,142,143
87,143,144
87,144,145
87,145,146
87,146,147
87,147,148
87,148,149
87,149,150
87,150,151
87,151,152
87,152,153
87,153,154
87,154,155
87,155,156
87,156,157
87,157,158
87,158,159
87,159,160
87,160,161
87,161,162
87,162,163
87,163,164
87,164,165
87,165,166
87,166,167
87,167,168
87,168,169
87,169,170
87,170,171
87,171,172
87,172,173
87,173,174
87,174,175
87,175,176
87,176,177
87,177,178
87,178,179
87,179,180
87,180,181
87,181,182
87,182,183
87,183,184
87,184,185
87,185,186
87,186,187
87,187,188
87,188,189
87,189,190
87,190,191
87,191,192
87,192,193
87,193,194
87,194,195
87,195,196
87,196,197
87,197,198
87,198,199
87,199,200
87,200,201
87,201,202
87,202,203
87,203,204
87,204,205
87,205,206
87,206,207
87,207,208
87,208,209
87,209,210
87,210,211
87,211,212
87,212,213
87,213,214
87,214,215
87,215,216
87,216,217
87,217,218
87,218,219
87,219,220
87,220,221
87,221,222
87,222,223
87,223,224
87,224,225
87,225,226
87,226,227
87,227,228
87,228,229
87,229,230
87,230,231
87,231,232
87,232,233
87,233,234
87,234,235
87,235,236
87,236,237
87,237,238
87,238,239
87,239,240
87,240,241
87,241,242
87,242,243
87,243,244
87,244,245
87,245,246
87,246,247
87,247,248
87,248,249
87,249,250
87,250,251
87,251,252
87,252,253
87,253,254
87,254,255
87,255,255
88,0,1
88,1,2
88,2,3
88,3,4
88,4,5
88,5,6
88,6,7
88,7,8
88,8,9
88,9,10
88,10,11
88,11,12
88,12,13
88,13,14
88,14,15
88,15,16
88,16,17
88,17,18
88,18,19
88,19,20
88,20,21
88,21,22
88,22,23
88,23,24
88,24,25
88,25,26
88,26,27
88,27,28
88,28,29
88,29,30
88,30,31
88,31,32
88,32,33
88,33,34
88,34,35
88,35,36
88,36,37
88,37,38
88,38,39
88,39,40
88,40,41
88,41,42
88,42,43
88,43,44
88,44,45
88,45,46
88,46,47
88,47,48
88,48,49
88,49,50
88,50,51
88,51,52
88,52,53
88,53,54
88,54,55
88,55,56
88,56,57
88,57,58
88,58,59
88,59,60
88,60,61
88,61,62
88,62,63
88,63,64
88,64,65
88,65,66
88,66,67
88,67,68
88,68,69
88,69,70
88,70,71
88,71,72
88,72,73
88,73,74
88,74,75
88,75,76
88,76,77
88,77,78
88,78,79
88,79,80
88,80,81
88,81,82
88,82,83
88,83,84
88,84,85
88,85,86
88,86,87
88,87,88
88,88,89
88,89,90
88,90,91
88,91,92
88,92,93
88,93,94
88,94,95
88,95,96
88,96,97
88,97,98
88,98,99
88,99,100
88,100,101
88,101,102
88,102,103
88,103,104
88,104,105
88,105,106
88,106,107
88,107,108
88,108,109
88,109,110
88,110,111
88,111,112
88,112,113
88,113,114
88,114,115
88,115,116
88,116,117
88,117,118
88,118,119
88,119,120
88,120,121
88,121,122
88,122,123
88,123,124
88,124,125
88,125,126
88,126,127
88,127,128
88,128,129
88,129,130
88,130,131
88,131,132
88,132,133
88,133,134
88,134,135
88,135,136
88,136,137
88,137,138
88,138,139
88,139,140
88,140,141
88,141,142
88,142,143
88,143,144
88,144,145
88,145,146
88,146,147
88,147,148
88,148,149
88,149,150
88,150,151
88,151,152
88,152,153
88,153,154
88,154,155
88,155,156
88,156,157
88,157,158
88,158,159
88,159,160
88,160,161
88,161,162
88,162,163
88,163,164
88,164,165
88,165,166
88,166,167
88,167,168
88,168,169
88,169,170
88,170,171
88,171,172
88,172,173
88,173,174
88,174,175
88,175,176
88,176,177
88,177,178
88,178,179
88,179,180
88,180,181
88,181,182
88,182,183
88,183,184
88,184,185
88,185,186
88,186,187
88,187,188
88,188,189
88,189,190
88,190,191
88,191,192
88,192,193
88,193,194
88,194,195
88,195,196
88,196,197
88,197,198
88,198,199
88,199,200
88,200,201
88,201,202
88,202,203
88,203,204
88,204,205
88,205,206
88,206,207
88,207,208
88,208,209
88,209,210
88,210,211
88,211,212
88,212,213
88,213,214
88,214,215
88,215,216
88,216,217
88,217,218
88,218,219
88,219,220
88,220,221
88,221,222
88,222,223
88,223,224
88,224,225
88,225,226
88,226,227
88,227,228
88,228,229
88,229,230
88,230,231
88,231,232
88,232,233
88,233,234
88,234,235
88,235,236
88,236,237
88,237,238
88,238,239
88,239,240
88,240,241
88,241,242
88,242,243
88,243,244
88,244,245
88,245,246
88,246,247
88,247,248
88,248,249
88,249,250
88,250,251
88,251,252
88,252,253
88,253,254
88,254,255
88,255,255
89,0,1
89,1,2
89,2,3
89,3,4
89,4,5
89,5,6
89,6,7
89,7,8
89,8,9
89,9,10
89,10,11
89,11,12
89,12,13
89,13,14
89,14,15
89,15,16
89,16,17
89,17,18
89,18,19
89,19,20
89,20,21
89,21,22
89,22,23
89,23,24
89,24,25
89,25,26
89,26,27
89,27,28
89,28,29
89,29,30
89,30,31
89,31,32
89,32,33
89,33,34
89,34,35
89,35,36
89,36,37
89,37,38
89,38,39
89,39,40
89,40,41
89,41,42
89,42,43
89,43,44
89,44,45
89,45,46
89,46,47
89,47,48
89,48,49
89,49,50
89,50,51
89,51,52
89,52,53
89,53,54
89,54,55
89,55,56
89,56,57
89,57,58
89,58,59
89,59,60
89,60,61
89,61,62
89,62,63
89,63,64
89,64,65
89,65,66
89,66,67
89,67,68
89,68,69
89,69,70
89,70,71
89,71,72
89,72,73
89,73,74
89,74,75
89,75,76
89,76,77
89,77,78
89,78,79
89,79,80
89,80,81
89,81,82
89,82,83
89,83,84
89,84,85
89,85,86
89,86,87
89,87,88
89,88,89
89,89,90
89,90,91
89,91,92
89,92,93
89,93,94
89,94,95
89,95,96
89,96,97
89,97,98
89,98,99
89,99,100
89,100,101
89,101,102
89,102,103
89,103,104
89,104,105
89,105,106
89,106,107
89,107,108
89,108,109
89,109,110
89,110,111
89,111,112
89,112,113
89,113,114
89,114,115
89,115,116
89,116,117
89,117,118
89,118,119
89,119,120
89,120,121
89,121,122
89,122,123
89,123,124
89,124,125
89,125,126
89,126,127
89,127,128
89,128,129
89,129,130
89,130,131
89,131,132
89,132,133
89,133,134
89,134,135
89,135,136
89,136,137
89,137,138
89,138,139
89,139,140
89,140,141
89,141,142
89,142,143
89,143,144
89,144,145
89,145,146
89,146,147
89,147,148
89,148,149
89,149,150
89,150,151
89,151,152
89,152,153
89,153,154
89,154,155
89,155,156
89,156,157
89,157,158
89,158,159
89,159,160
89,160,161
89,161,162
89,162,163
89,163,164
89,164,165
89,165,166
89,166,167
89,167,168
89,168,169
89,169,170
89,170,171
89,171,172
89,172,173
89,173,174
89,174,175
89,175,176
89,176,177
89,177,178
89,178,179
89,179,180
89,180,181
89,181,182
89,182,183
89,183,184
89,184,185
89,185,186
89,186,187
89,187,188
89,188,189
89,189,190
89,190,191
89,191,192
89,192,193
89,193,194
89,194,195
89,195,196
89,196,197
89,197,198
89,198,199
89,199,200
89,200,201
89,201,202
89,202,203
89,203,204
89,204,205
89,205,206
89,206,207
89,207,208
89,208,209
89,209,210
89,210,211
89,211,212
89,212,213
89,213,214
89,214,215
89,215,216
89,216,217
89,217,218
89,218,219
89,219,220
89,220,221
89,221,222
89,222,223
89,223,224
89,224,225
89,225,226
89,226,227
89,227,228
89,228,229
89,229,230
89,230,231
89,231,232
89,232,233
89,233,234
89,234,235
89,235,236
89,236,237
89,237,238
89,238,239
89,239,240
89,240,241
89,241,242
89,242,243
89,243,244
89,244,245
89,245,246
89,246,247
89,247,248
89,248,249
89,249,250
89,250,251
89,251,252
89,252,253
89,253,254
89,254,255
89,255,255
90,0,1
90,1,2
90,2,3
90,3,4
90,4,5
90,5,6
90,6,7
90,7,8
90,8,9
90,9,10
90,10,11
90,11,12
90,12,13
90,13,14
90,14,15
90,15,16
90,16,17
90,17,18
90,18,19
90,19,20
90,20,21
90,21,22
90,22,23
90,23,24
90,24,25
90,25,26
90,26,27
90,27,28
90,28,29
90,29,30
90,30,31
90,31,32
90,32,33
90,33,34
90,34,35
90,35,36
90,36,37
90,37,38
90,38,39
90,39,40
90,40,41
90,41,42
90,42,43
90,43,44
90,44,45
90,45,46
90,46,47
90,47,48
90,48,49
90,49,50
90,50,51
90,51,52
90,52,53
90,53,54
90,54,55
90,55,56
90,56,57
90,57,58
90,58,59
90,59,60
90,60,61
90,61,62
90,62,63
90,63,64
90,64,65
90,65,66
90,66,67
90,67,68
90,68,69
90,69,70
90,70,71
90,71,72
90,72,73
90,73,74
90,74,75
90,75,76
90,76,77
90,77,78
90,78,79
90,79,80
90,80,81
90,81,82
90,82,83
90,83,84
90,84,85
90,85,86
90,86,87
90,87,88
90,88,89
90,89,90
90,90,91
90,91,92
90,92,93
90,93,94
90,94,95
90,95,96
90,96,97
90,97,98
90,98,99
90,99,100
90,100,101
90,101,102
90,102,103
90,103,104
90,104,105
90,105,106
90,106,107
90,107,108
90,108,109
90,109,110
90,110,111
90,111,112
90,112,113
90,113,114
90,114,115
90,115,116
90,116,117
90,117,118
90,118,119
90,119,120
90,120,121
90,121,122
90,122,123
90,123,124
90,124,125
90,125,126
90,126,127
90,127,128
90,128,129
90,129,130
90,130,131
90,131,132
90,132,133
90,133,134
90,134,135
90,135,136
90,136,137
90,137,138
90,138,139
90,139,140
90,140,141
90,141,142
90,142,143
90,143,144
90,144,145
90,145,146
90,146,147
90,147,148
90,148,149
90,149,150
90,150,151
90,151,152
90,152,153
90,153,154
90,154,155
90,155,156
90,156,157
90,157,158
90,158,159
90,159,160
90,160,161
90,161,162
90,162,163
90,163,164
90,164,165
90,165,166
90,166,167
90,167,168
90,168,169
90,169,170
90,170,171
90,171,172
90,172,173
90,173,174
90,174,175
90,175,176
90,176,177
90,177,178
90,178,179
90,179,180
90,180,181
90,181,182
90,182,183
90,183,184
90,184,185
90,185,186
90,186,187
90,187,188
90,188,189
90,189,190
90,190,191
90,191,192
90,192,193
90,193,194
90,194,195
90,195,196
90,196,197
90,197,198
90,198,199
90,199,200
90,200,201
90,201,202
90,202,203
90,203,204
90,204,205
90,205,206
90,206,207
90,207,208
90,208,209
90,209,210
90,210,211
90,211,212
90,212,213
90,213,214
90,214,215
90,215,216
90,216,217
90,217,218
90,218,219
90,219,220
90,220,221
90,221,222
90,222,223
90,223,224
90,224,225
90,225,226
90,226,227
90,227,228
90,228,229
90,229,230
90,230,231
90,231,232
90,232,233
90,233,234
90,234,235
90,235,236
90,236,237
90,237,238
90,238,239
90,239,240
90,240,241
90,241,242
90,242,243
90,243,244
90,244,245
90,245,246
90,246,247
90,247,248
90,248,249
90,249,250
90,250,251
90,251,252
90,252,253
90,253,254
90,254,255
90,255,255
91,0,1
91,1,2
91,2,3
91,3,4
91,4,5
91,5,6
91,6,7
91,7,8
91,8,9
91,9,10
91,10,11
91,11,12
91,12,13
91,13,14
91,14,15
91,15,16
91,16,17
91,17,18
91,18,19
91,19,20
91,20,21
91,21,22
91,22,23
91,23,24
91,24,25
91,25,26
91,26,27
91,27,28
91,28,29
91,29,30
91,30,31
91,31,32
91,32,33
91,33,34
91,34,35
91,35,36
91,36,37
91,37,38
91,38,39
91,39,40
91,40,41
91,41,42
91,42,43
91,43,44
91,44,45
91,45,46
91,46,47
91,47,48
91,48,49
91,49,50
91,50,51
91,51,52
91,52,53
91,53,54
91,54,55
91,55,56
91,56,57
91,57,58
91,58,59
91,59,60
91,60,61
91,61,62
91,62,63
91,63,64
91,64,65
91,65,66
91,66,67
91,67,68
91,68,69
91,69,70
91,70,71
91,71,72
91,72,73
91,73,74
91,74,75
91,75,76
91,76,77
91,77,78
91,78,79
91,79,80
91,80,81
91,81,82
91,82,83
91,83,84
91,84,85
91,85,86
91,86,87
91,87,88
91,88,89
91,89,90
91,90,91
91,91,92
91,92,93
91,93,94
91,94,95
91,95,96
91,96,97
91,97,98
91,98,99
91,99,100
91,100,101
91,101,102
91,102,103
91,103,104
91,104,105
91,105,106
91,106,107
91,107,108
91,108,109
91,109,110
91,110,111
91,111,112
91,112,113
91,113,114
91,114,115
91,115,116
91,116,117
91,117,118
91,118,119
91,119,120
91,120,121
91,121,122
91,122,123
91,123,124
91,124,125
91,125,126
91,126,127
91,127,128
91,128,129
91,129,130
91,130,131
91,131,132
91,132,133
91,133,134
91,134,135
91,135,136
91,136,137
91,137,138
91,138,139
91,139,140
91,140,141
91,141,142
91,142,143
91,143,144
91,144,145
91,145,146
91,146,147
91,147,148
91,148,149
91,149,150
91,150,151
91,151,152
91,152,153
91,153,154
91,154,155
91,155,156
91,156,157
91,157,158
91,158,159
91,159,160
91,160,161
91,161,162
91,162,163
91,163,164
91,164,165
91,165,166
91,166,167
91,167,168
91,168,169
91,169,170
91,170,171
91,171,172
91,172,173
91,173,174
91,174,175
91,175,176
91,176,177
91,177,178
91,178,179
91,179,180
91,180,181
91,181,182
91,182,183
91,183,184
91,184,185
91,185,186
91,186,187
91,187,188
91,188,189
91,189,190
91,190,191
91,191,192
91,192,193
91,193,194
91,194,195
91,195,196
91,196,197
91,197,198
91,198,199
91,199,200
91,200,201
91,201,202
91,202,203
91,203,204
91,204,205
91,205,206
91,206,207
91,207,208
91,208,209
91,209,210
91,210,211
91,211,212
91,212,213
91,213,214
91,214,215
91,215,216
91,216,217
91,217,218
91,218,219
91,219,220
91,220,221
91,221,222
91,222,223
91,223,224
91,224,225
91,225,226
91,226,227
91,227,228
91,228,229
91,229,230
91,230,231
91,231,232
91,232,233
91,233,234
91,234,235
91,235,236
91,236,237
91,237,238
91,238,239
91,239,240
91,240,241
91,241,242
91,242,243
91,243,244
91,244,245
91,245,246
91,246,247
91,247,248
91,248,249
91,249,250
91,250,251
91,251,252
91,252,253
91,253,254
91,254,255
91,255,255
92,0,1
92,1,2
92,2,3
92,3,4
92,4,5
92,5,6
92,6,7
92,7,8
92,8,9
92,9,10
92,10,11
92,11,12
92,12,13
92,13,14
92,14,15
92,15,16
92,16,17
92,17,18
92,18,19
92,19,20
92,20,21
92,21,22
92,22,23
92,23,24
92,24,25
92,25,26
92,26,27
92,27,28
92,28,29
92,29,30
92,30,31
92,31,32
92,32,33
92,33,34
92,34,35
92,35,36
92,36,37
92,37,38
92,38,39
92,39,40
92,40,41
92,41,42
92,42,43
92,43,44
92,44,45
92,45,46
92,46,47
92,47,48
92,48,49
92,49,50
92,50,51
92,51,52
92,52,53
92,53,54
92,54,55
92,55,56
92,56,57
92,57,58
92,58,59
92,59,60
92,60,61
92,61,62
92,62,63
92,63,64
92,64,65
92,65,66
92,66,67
92,67,68
92,68,69
92,69,70
92,70,71
92,71,72
92,72,73
92,73,74
92,74,75
92,75,76
92,76,77
92,77,78
92,78,79
92,79,80
92,80,81
92,81,82
92,82,83
92,83,84
92,84,85
92,85,86
92,86,87
92,87,88
92,88,89
92,89,90
92,90,91
92,91,92
92,92,93
92,93,94
92,94,95
92,95,96
92,96,97
92,97,98
92,98,99
92,99,100
92,100,101
92,101,102
92,102,103
92,103,104
92,104,105
92,105,106
92,106,107
92,107,108
92,108,109
92,109,110
92,110,111
92,111,112
92,112,113
92,113,114
92,114,115
92,115,116
92,116,117
92,117,118
92,118,119
92,119,120
92,120,121
92,121,122
92,122,123
92,123,124
92,124,125
92,125,126
92,126,127
92,127,128
92,128,129
92,129,130
92,130,131
92,131,132
92,132,133
92,133,134
92,134,135
92,135,136
92,136,137
92,137,138
92,138,139
92,139,140
92,140,141
92,141,142
92,142,143
92,143,144
92,144,145
92,145,146
92,146,147
92,147,148
92,148,149
92,149,150
92,150,151
92,151,152
92,152,153
92,153,154
92,154,155
92,155,156
92,156,157
92,157,158
92,158,159
92,159,160
92,160,161
92,161,162
92,162,163
92,163,164
92,164,165
92,165,166
92,166,167
92,167,168
92,168,169
92,169,170
92,170,171
92,171,172
92,172,173
92,173,174
92,174,175
92,175,176
92,176,177
92,177,178
92,178,179
92,179,180
92,180,181
92,181,182
92,182,183
92,183,184
92,184,185
92,185,186
92,186,187
92,187,188
92,188,189
92,189,190
92,190,191
92,191,192
92,192,193
92,193,194
92,194,195
92,195,196
92,196,197
92,197,198
92,198,199
92,199,200
92,200,201
92,201,202
92,202,203
92,203,204
92,204,205
92,205,206
92,206,207
92,207,208
92,208,209
92,209,210
92,210,211
92,211,212
92,212,213
92,213,214
92,214,215
92,215,216
92,216,217
92,217,218
92,218,219
92,219,220
92,220,221
92,221,222
92,222,223
92,223,224
92,224,225
92,225,226
92,226,227
92,227,228
92,228,229
92,229,230
92,230,231
92,231,232
92,232,233
92,233,234
92,234,235
92,235,236
92,236,237
92,237,238
92,238,239
92,239,240
92,240,241
92,241,242
92,242,243
92,243,244
92,244,245
92,245,246
92,246,247
92,247,248
92,248,249
92,249,250
92,250,251
92,251,252
92,252,253
92,253,254
92,254,255
92,255,255
93,0,1
93,1,2
93,2,3
93,3,4
93,4,5
93,5,6
93,6,7
93,7,8
93,8,9
93,9,10
93,10,11
93,11,12
93,12,13
93,13,14
93,14,15
93,15,16
93,16,17
93,17,18
93,18,19
93,19,20
93,20,21
93,21,22
93,22,23
93,23,24
93,24,25
93,25,26
93,26,27
93,27,28
93,28,29
93,29,30
93,30,31
93,31,32
93,32,33
93,33,34
93,34,35
93,35,36
93,36,37
93,37,38
93,38,39
93,39,40
93,40,41
93,41,42
93,42,43
93,43,44
93,44,45
93,45,46
93,46,47
93,47,48
93,48,49
93,49,50
93,50,51
93,51,52
93,52,53
93,53,54
93,54,55
93,55,56
93,56,57
93,57,58
93,58,59
93,59,60
93,60,61
93,61,62
93,62,63
93,63,64
93,64,65
93,65,66
93,66,67
93,67,68
93,68,69
93,69,70
93,70,71
93,71,72
93,72,73
93,73,74
93,74,75
93,75,76
93,76,77
93,77,78
93,78,79
93,79,80
93,80,81
93,81,82
93,82,83
93,83,84
93,84,85
93,85,86
93,86,87
93,87,88
93,88,89
93,89,90
93,90,91
93,91,92
93,92,93
93,93,94
93,94,95
93,95,96
93,96,97
93,97,98
93,98,99
93,99,100
93,100,101
93,101,102
93,102,103
93,103,104
93,104,105
93,105,106
93,106,107
93,107,108
93,108,109
93,109,110
93,110,111
93,111,112
93,112,113
93,113,114
93,114,115
93,115,116
93,116,117
93,117,118
93,118,119
93,119,120
93,120,121
93,121,122
93,122,123
93,123,124
93,124,125
93,125,126
93,126,127
93,127,128
93,128,129
93,129,130
93,130,131
93,131,132
93,132,133
93,133,134
93,134,135
93,135,136
93,136,137
93,137,138
93,138,139
93,139,140
93,140,141
93,141,142
93,142,143
93,143,144
93,144,145
93,145,146
93,146,147
93,147,148
93,148,149
93,149,150
93,150,151
93,151,152
93,152,153
93,153,154
93,154,155
93,155,156
93,156,157
93,157,158
93,158,159
93,159,160
93,160,161
93,161,162
93,162,163
93,163,164
93,164,165
93,165,166
93,166,167
93,167,168
93,168,169
93,169,170
93,170,171
93,171,172
93,172,173
93,173,174
93,174,175
93,175,176
93,176,177
93,177,178
93,178,179
93,179,180
93,180,181
93,181,182
93,182,183
93,183,184
93,184,185
93,185,186
93,186,187
93,187,188
93,188,189
93,189,190
93,190,191
93,191,192
93,192,193
93,193,194
93,194,195
93,195,196
93,196,197
93,197,198
93,198,199
93,199,200
93,200,201
93,201,202
93,202,203
93,203,204
93,204,205
93,205,206
93,206,207
93,207,208
93,208,209
93,209,210
93,210,211
93,211,212
93,212,213
93,213,214
93,214,215
93,215,216
93,216,217
93,217,218
93,218,219
93,219,220
93,220,221
93,221,222
93,222,223
93,223,224
93,224,225
93,225,226
93,226,227
93,227,228
93,228,229
93,229,230
93,230,231
93,231,232
93,232,233
93,233,234
93,234,235
93,235,236
93,236,237
93,237,238
93,238,239
93,239,240
93,240,241
93,241,242
93,242,243
93,243,244
93,244,245
93,245,246
93,246,247
93,247,248
93,248,249
93,249,250
93,250,251
93,251,252
93,252,253
93,253,254
93,254,255
93,255,255
94,0,1
94,1,2
94,2,3
94,3,4
94,4,5
94,5,6
94,6,7
94,7,8
94,8,9
94,9,10
94,10,11
94,11,12
94,12,13
94,13,14
94,14,15
94,15,16
94,16,17
94,17,18
94,18,19
94,19,20
94,20,21
94,21,22
94,22,23
94,23,24
94,24,25
94,25,26
94,26,27
94,27,28
94,28,29
94,29,30
94,30,31
94,31,32
94,32,33
94,33,34
94,34,35
94,35,36
94,36,37
94,37,38
94,38,39
94,39,40
94,40,41
94,41,42
94,42,43
94,43,44
94,44,45
94,45,46
94,46,47
94,47,48
94,48,49
94,49,50
94,50,51
94,51,52
94,52,53
94,53,54
94,54,55
94,55,56
94,56,57
94,57,58
94,58,59
94,59,60
94,60,61
94,61,62
94,62,63
94,63,64
94,64,65
94,65,66
94,66,67
94,67,68
94,68,69
94,69,70
94,70,71
94,71,72
94,72,73
94,73,74
94,74,75
94,75,76
94,76,77
94,77,78
94,78,79
94,79,80
94,80,81
94,81,82
94,82,83
94,83,84
94,84,85
94,85,86
94,86,87
94,87,88
94,88,89
94,89,90
94,90,91
94,91,92
94,92,93
94,93,94
94,94,95
94,95,96
94,96,97
94,97,98
94,98,99
94,99,100
94,100,101
94,101,102
94,102,103
94,103,104
94,104,105
94,105,106
94,106,107
94,107,108
94,108,109
94,109,110
94,110,111
94,111,112
94,112,113
94,113,114
94,114,115
94,115,116
94,116,117
94,117,118
94,118,119
94,119,120
94,120,121
94,121,122
94,122,123
94,123,124
94,124,125
94,125,126
94,126,127
94,127,128
94,128,129
94,129,130
94,130,131
94,131,132
94,132,133
94,133,134
94,134,135
94,135,136
94,136,137
94,137,138
94,138,139
94,139,140
94,140,141
94,141,142
94,142,143
94,143,144
94,144,145
94,145,146
94,146,147
94,147,148
94,148,149
94,149,150
94,150,151
94,151,152
94,152,153
94,153,154
94,154,155
94,155,156
94,156,157
94,157,158
94,158,159
94,159,160
94,160,161
94,161,162
94,162,163
94,163,164
94,164,165
94,165,166
94,166,167
94,167,168
94,168,169
94,169,170
94,170,171
94,171,172
94,172,173
94,173,174
94,174,175
94,175,176
94,176,177
94,177,178
94,178,179
94,179,180
94,180,181
94,181,182
94,182,183
94,183,184
94,184,185
94,185,186
94,186,187
94,187,188
94,188,189
94,189,190
94,190,191
94,191,192
94,192,193
94,193,194
94,194,195
94,195,196
94,196,197
94,197,198
94,198,199
94,199,200
94,200,201
94,201,202
94,202,203
94,203,204
94,204,205
94,205,206
94,206,207
94,207,208
94,208,209
94,209,210
94,210,211
94,211,212
94,212,213
94,213,214
94,214,215
94,215,216
94,216,217
94,217,218
94,218,219
94,219,220
94,220,221
94,221,222
94,222,223
94,223,224
94,224,225
94,225,226
94,226,227
94,227,228
94,228,229
94,229,230
94,230,231
94,231,232
94,232,233
94,233,234
94,234,235
94,235,236
94,236,237
94,237,238
94,238,239
94,239,240
94,240,241
94,241,242
94,242,243
94,243,244
94,244,245
94,245,246
94,246,247
94,247,248
94,248,249
94,249,250
94,250,251
94,251,252
94,252,253
94,253,254
94,254,255
94,255,255
95,0,1
95,1,2
95,2,3
95,3,4
95,4,5
95,5,6
95,6,7
95,7,8
95,8,9
95,9,10
95,10,11
95,11,12
95,12,13
95,13,14
95,14,15
95,15,16
95,16,17
95,17,18
95,18,19
95,19,20
95,20,21
95,21,22
95,22,23
95,23,24
95,24,25
95,25,26
95,26,27
95,27,28
95,28,29
95,29,30
95,30,31
95,31,32
95,32,33
95,33,34
95,34,35
95,35,36
95,36,37
95,37,38
95,38,39
95,39,40
95,40,41
95,41,42
95,42,43
95,43,44
95,44,45
95,45,46
95,46,47
95,47,48
95,48,49
95,49,50
95,50,51
95,51,52
95,52,53
95,53,54
95,54,55
95,55,56
95,56,57
95,57,58
95,58,59
95,59,60
95,60,61
95,61,62
95,62,63
95,63,64
95,64,65
95,65,66
95,66,67
95,67,68
95,68,69
95,69,70
95,70,71
95,71,72
95,72,73
95,73,74
95,74,75
95,75,76
95,76,77
95,77,78
95,78,79
95,79,80
95,80,81
95,81,82
95,82,83
95,83,84
95,84,85
95,85,86
95,86,87
95,87,88
95,88,89
95,89,90
95,90,91
95,91,92
95,92,93
95,93,94
95,94,95
95,95,96
95,96,97
95,97,98
95,98,99
95,99,100
95,100,101
95,101,102
95,102,103
95,103,104
95,104,105
95,105,106
95,106,107
95,107,108
95,108,109
95,109,110
95,110,111
95,111,112
95,112,113
95,113,114
95,114,115
95,115,116
95,116,117
95,117,118
95,118,119
95,119,120
95,120,121
95,121,122
95,122,123
95,123,124
95,124,125
95,125,126
95,126,127
95,127,128
95,128,129
95,129,130
95,130,131
95,131,132
95,132,133
95,133,134
95,134,135
95,135,136
95,136,137
95,137,138
95,138,139
95,139,140
95,140,141
95,141,142
95,142,143
95,143,144
95,144,145
95,145,146
95,146,147
95,147,148
95,148,149
95,149,150
95,150,151
95,151,152
95,152,153
95,153,154
95,154,155
95,155,156
95,156,157
95,157,158
95,158,159
95,159,160
95,160,161
95,161,162
95,162,163
95,163,164
95,164,165
95,165,166
95,166,167
95,167,168
95,168,169
95,169,170
95,170,171
95,171,172
95,172,173
95,173,174
95,174,175
95,175,176
95,176,177
95,177,178
95,178,179
95,179,180
95,180,181
95,181,182
95,182,183
95,183,184
95,184,185
95,185,186
95,186,187
95,187,188
95,188,189
95,189,190
95,190,191
95,191,192
95,192,193
95,193,194
95,194,195
95,195,196
95,196,197
95,197,198
95,198,199
95,199,200
95,200,201
95,201,202
95,202,203
95,203,204
95,204,205
95,205,206
95,206,207
95,207,208
95,208,209
95,209,210
95,210,211
95,211,212
95,212,213
95,213,214
95,214,215
95,215,216
95,216,217
95,217,218
95,218,219
95,219,220
95,220,221
95,221,222
95,222,223
95,223,224
95,224,225
95,225,226
95,226,227
95,227,228
95,228,229
95,229,230
95,230,231
95,231,232
95,232,233
95,233,234
95,234,235
95,235,236
95,236,237
95,237,238
95,238,239
95,239,240
95,240,241
95,241,242
95,242,243
95,243,244
95,244,245
95,245,246
95,246,247
95,247,248
95,248,249
95,249,250
95,250,251
95,251,252
95,252,253
95,253,254
95,254,255
95,255,255
96,0,1
96,1,2
96,2,3
96,3,4
96,4,5
96,5,6
96,6,7
96,7,8
96,8,9
96,9,10
96,10,11
96,11,12
96,12,13
96,13,14
96,14,15
96,15,16
96,16,17
96,17,18
96,18,19
96,19,20
96,20,21
96,21,22
96,22,23
96,23,24
96,24,25
96,25,26
96,26,27
96,27,28
96,28,29
96,29,30
96,30,31
96,31,32
96,32,33
96,33,34
96,34,35
96,35,36
96,36,37
96,37,38
96,38,39
96,39,40
96,40,41
96,41,42
96,42,43
96,43,44
96,44,45
96,45,46
96,46,47
96,47,48
96,48,49
96,49,50
96,50,51
96,51,52
96,52,53
96,53,54
96,54,55
96,55,56
96,56,57
96,57,58
96,58,59
96,59,60
96,60,61
96,61,62
96,62,63
96,63,64
96,64,65
96,65,66
96,66,67
96,67,68
96,68,69
96,69,70
96,70,71
96,71,72
96,72,73
96,73,74
96,74,75
96,75,76
96,76,77
96,77,78
96,78,79
96,79,80
96,80,81
96,81,82
96,82,83
96,83,84
96,84,85
96,85,86
96,86,87
96,87,88
96,88,89
96,89,90
96,90,91
96,91,92
96,92,93
96,93,94
96,94,95
96,95,96
96,96,97
96,97,98
96,98,99
96,99,100
96,100,101
96,101,102
96,102,103
96,103,104
96,104,105
96,105,106
96,106,107
96,107,108
96,108,109
96,109,110
96,110,111
96,111,112
96,112,113
96,113,114
96,114,115
96,115,116
96,116,117
96,117,118
96,118,119
96,119,120
96,120,121
96,121,122
96,122,123
96,123,124
96,124,125
96,125,126
96,126,127
96,127,128
96,128,129
96,129,130
96,130,131
96,131,132
96,132,133
96,133,134
96,134,135
96,135,136
96,136,137
96,137,138
96,138,139
96,139,140
96,140,141
96,141,142
96,142,143
96,143,144
96,144,145
96,145,146
96,146,147
96,147,148
96,148,149
96,149,150
96,150,151
96,151,152
96,152,153
96,153,154
96,154,155
96,155,156
96,156,157
96,157,158
96,158,159
96,159,160
96,160,161
96,161,162
96,162,163
96,163,164
96,164,165
96,165,166
96,166,167
96,167,168
96,168,169
96,169,170
96,170,171
96,171,172
96,172,173
96,173,174
96,174,175
96,175,176
96,176,177
96,177,178
96,178,179
96,179,180
96,180,181
96,181,182
96,182,183
96,183,184
96,184,185
96,185,186
96,186,187
96,187,188
96,188,189
96,189,190
96,190,191
96,191,192
96,192,193
96,193,194
96,194,195
96,195,196
96,196,197
96,197,198
96,198,199
96,199,200
96,200,201
96,201,202
96,202,203
96,203,204
96,204,205
96,205,206
96,206,207
96,207,208
96,208,209
96,209,210
96,210,211
96,211,212
96,212,213
96,213,214
96,214,215
96,215,216
96,216,217
96,217,218
96,218,219
96,219,220
96,220,221
96,221,222
96,222,223
96,223,224
96,224,225
96,225,226
96,226,227
96,227,228
96,228,229
96,229,230
96,230,231
96,231,232
96,232,233
96,233,234
96,234,235
96,235,236
96,236,237
96,237,238
96,238,239
96,239,240
96,240,241
96,241,242
96,242,243
96,243,244
96,244,245
96,245,246
96,246,247
96,247,248
96,248,249
96,249,250
96,250,251
96,251,252
96,252,253
96,253,254
96,254,255
96,255,255
97,0,1
97,1,2
97,2,3
97,3,4
97,4,5
97,5,6
97,6,7
97,7,8
97,8,9
97,9,10
97,10,11
97,11,12
97,12,13
97,13,14
97,14,15
97,15,16
97,16,17
97,17,18
97,18,19
97,19,20
97,20,21
97,21,22
97,22,23
97,23,24
97,24,25
97,25,26
97,26,27
97,27,28
97,28,29
97,29,30
97,30,31
97,31,32
97,32,33
97,33,34
97,34,35
97,35,36
97,36,37
97,37,38
97,38,39
97,39,40
97,40,41
97,41,42
97,42,43
97,43,44
97,44,45
97,45,46
97,46,47
97,47,48
97,48,49
97,49,50
97,50,51
97,51,52
97,52,53
97,53,54
97,54,55
97,55,56
97,56,57
97,57,58
97,58,59
97,59,60
97,60,61
97,61,62
97,62,63
97,63,64
97,64,65
97,65,66
97,66,67
97,67,68
97,68,69
97,69,70
97,70,71
97,71,72
97,72,73
97,73,74
97,74,75
97,75,76
97,76,77
97,77,78
97,78,79
97,79,80
97,80,81
97,81,82
97,82,83
97,83,84
97,84,85
97,85,86
97,86,87
97,87,88
97,88,89
97,89,90
97,90,91
97,91,92
97,92,93
97,93,94
97,94,95
97,95,96
97,96,97
97,97,98
97,98,99
97,99,100
97,100,101
97,101,102
97,102,103
97,103,104
97,104,105
97,105,106
97,106,107
97,107,108
97,108,109
97,109,110
97,110,111
97,111,112
97,112,113
97,113,114
97,114,115
97,115,116
97,116,117
97,117,118
97,118,119
97,119,120
97,120,121
97,121,122
97,122,123
97,123,124
97,124,125
97,125,126
97,126,127
97,127,128
97,128,129
97,129,130
97,130,131
97,131,132
97,132,133
97,133,134
97,134,135
97,135,136
97,136,137
97,137,138
97,138,139
97,139,140
97,140,141
97,141,142
97,142,143
97,143,144
97,144,145
97,145,146
97,146,147
97,147,148
97,148,149
97,149,150
97,150,151
97,151,152
97,152,153
97,153,154
97,154,155
97,155,156
97,156,157
97,157,158
97,158,159
97,159,160
97,160,161
97,161,162
97,162,163
97,163,164
97,164,165
97,165,166
97,166,167
97,167,168
97,168,169
97,169,170
97,170,171
97,171,172
97,172,173
97,173,174
97,174,175
97,175,176
97,176,177
97,177,178
97,178,179
97,179,180
97,180,181
97,181,182
97,182,183
97,183,184
97,184,185
97,185,186
97,186,187
97,187,188
97,188,189
97,189,190
97,190,191
97,191,192
97,192,193
97,193,194
97,194,195
97,195,196
97,196,197
97,197,198
97,198,199
97,199,200
97,200,201
97,201,202
97,202,203
97,203,204
97,204,205
97,205,206
97,206,207
97,207,208
97,208,209
97,209,210
97,210,211
97,211,212
97,212,213
97,213,214
97,214,215
97,215,216
97,216,217
97,217,218
97,218,219
97,219,220
97,220,221
97,221,222
97,222,223
97,223,224
97,224,225
97,225,226
97,226,227
97,227,228
97,228,229
97,229,230
97,230,231
97,231,232
97,232,233
97,233,234
97,234,235
97,235,236
97,236,237
97,237,238
97,238,239
97,239,240
97,240,241
97,241,242
97,242,243
97,243,244
97,244,245
97,245,246
97,246,247
97,247,248
97,248,249
97,249,250
97,250,251
97,251,252
97,252,253
97,253,254
97,254,255
97,255,255
98,0,1
98,1,2
98,2,3
98,3,4
98,4,5
98,5,6
98,6,7
98,7,8
98,8,9
98,9,10
98,10,11
98,11,12
98,12,13
98,13,14
98,14,15
98,15,16
98,16,17
98,17,18
98,18,19
98,19,20
98,20,21
98,21,22
98,22,23
98,23,24
98,24,25
98,25,26
98,26,27
98,27,28
98,28,29
98,29,30
98,30,31
98,31,32
98,32,33
98,33,34
98,34,35
98,35,36
98,36,37
98,37,38
98,38,39
98,39,40
98,40,41
98,41,42
98,42,43
98,43,44
98,44,45
98,45,46
98,46,47
98,47,48
98,48,49
98,49,50
98,50,51
98,51,52
98,52,53
98,53,54
98,54,55
98,55,56
98,56,57
98,57,58
98,58,59
98,59,60
98,60,61
98,61,62
98,62,63
98,63,64
98,64,65
98,65,66
98,66,67
98,67,68
98,68,69
98,69,70
98,70,71
98,71,72
98,72,73
98,73,74
98,74,75
98,75,76
98,76,77
98,77,78
98,78,79
98,79,80
98,80,81
98,81,82
98,82,83
98,83,84
98,84,85
98,85,86
98,86,87
98,87,88
98,88,89
98,89,90
98,90,91
98,91,92
98,92,93
98,93,94
98,94,95
98,95,96
98,96,97
98,97,98
98,98,99
98,99,100
98,100,101
98,101,102
98,102,103
98,103,104
98,104,105
98,105,106
98,106,107
98,107,108
98,108,109
98,109,110
98,110,111
98,111,112
98,112,113
98,113,114
98,114,115
98,115,116
98,116,117
98,117,118
98,118,119
98,119,120
98,120,121
98,121,122
98,122,123
98,123,124
98,124,125
98,125,126
98,126,127
98,127,128
98,128,129
98,129,130
98,130,131
98,131,132
98,132,133
98,133,134
98,134,135
98,135,136
98,136,137
98,137,138
98,138,139
98,139,140
98,140,141
98,141,142
98,142,143
98,143,144
98,144,145
98,145,146
98,146,147
98,147,148
98,148,149
98,149,150
98,150,151
98,151,152
98,152,153
98,153,154
98,154,155
98,155,156
98,156,157
98,157,158
98,158,159
98,159,160
98,160,161
98,161,162
98,162,163
98,163,164
98,164,165
98,165,166
98,166,167
98,167,168
98,168,169
98,169,170
98,170,171
98,171,172
98,172,173
98,173,174
98,174,175
98,175,176
98,176,177
98,177,178
98,178,179
98,179,180
98,180,181
98,181,182
98,182,183
98,183,184
98,184,185
98,185,186
98,186,187
98,187,188
98,188,189
98,189,190
98,190,191
98,191,192
98,192,193
98,193,194
98,194,195
98,195,196
98,196,197
98,197,198
98,198,199
98,199,200
98,200,201
98,201,202
98,202,203
98,203,204
98,204,205
98,205,206
98,206,207
98,207,208
98,208,209
98,209,210
98,210,211
98,211,212
98,212,213
98,213,214
98,214,215
98,215,216
98,216,217
98,217,218
98,218,219
98,219,220
98,220,221
98,221,222
98,222,223
98,223,224
98,224,225
98,225,226
98,226,227
98,227,228
98,228,229
98,229,230
98,230,231
98,231,232
98,232,233
98,233,234
98,234,235
98,235,236
98,236,237
98,237,238
98,238,239
98,239,240
98,240,241
98,241,242
98,242,243
98,243,244
98,244,245
98,245,246
98,246,247
98,247,248
98,248,249
98,249,250
98,250,251
98,251,252
98,252,253
98,253,254
98,254,255
98,255,255
99,0,1
99,1,2
99,2,3
99,3,4
99,4,5
99,5,6
99,6,7
99,7,8
99,8,9
99,9,10
99,10,11
99,11,12
99,12,13
99,13,14
99,14,15
99,15,16
99,16,17
99,17,18
99,18,19
99,19,20
99,20,21
99,21,22
99,22,23
99,23,24
99,24,25
99,25,26
99,26,27
99,27,28
99,28,29
99,29,30
99,30,31
99,31,32
99,32,33
99,33,34
99,34,35
99,35,36
99,36,37
99,37,38
99,38,39
99,39,40
99,40,41
99,41,42
99,42,43
99,43,44
99,44,45
99,45,46
99,46,47
99,47,48
99,48,49
99,49,50
99,50,51
99,51,52
99,52,53
99,53,54
99,54,55
99,55,56
99,56,57
99,57,58
99,58,59
99,59,60
99,60,61
99,61,62
99,62,63
99,63,64
99,64,65
99,65,66
99,66,67
99,67,68
99,68,69
99,69,70
99,70,71
99,71,72
99,72,73
99,73,74
99,74,75
99,75,76
99,76,77
99,77,78
99,78,79
99,79,80
99,80,81
99,81,82
99,82,83
99,83,84
99,84,85
99,85,86
99,86,87
99,87,88
99,88,89
99,89,90
99,90,91
99,91,92
99,92,93
99,93,94
99,94,95
99,95,96
99,96,97
99,97,98
99,98,99
99,99,100
99,100,101
99,101,102
99,102,103
99,103,104
99,104,105
99,105,106
99,106,107
99,107,108
99,108,109
99,109,110
99,110,111
99,111,112
99,112,113
99,113,114
99,114,115
99,115,116
99,116,117
99,117,118
99,118,119
99,119,120
99,120,121
99,121,122
99,122,123
99,123,124
99,124,125
99,125,126
99,126,127
99,127,128
99,128,129
99,129,130
99,130,131
99,131,132
99,132,133
99,133,134
99,134,135
99,135,136
99,136,137
99,137,138
99,138,139
99,139,140
99,140,141
99,141,142
99,142,143
99,143,144
99,144,145
99,145,146
99,146,147
99,147,148
99,148,149
99,149,150
99,150,151
99,151,152
99,152,153
99,153,154
99,154,155
99,155,156
99,156,157
99,157,158
99,158,159
99,159,160
99,160,161
99,161,162
99,162,163
99,163,164
99,164,165
99,165,166
99,166,167
99,167,168
99,168,169
99,169,170
99,170,171
99,171,172
99,172,173
99,173,174
99,174,175
99,175,176
99,176,177
99,177,178
99,178,179
99,179,180
99,180,181
99,181,182
99,182,183
99,183,184
99,184,185
99,185,186
99,186,187
99,187,188
99,188,189
99,189,190
99,190,191
99,191,192
99,192,193
99,193,194
99,194,195
99,195,196
99,196,197
99,197,198
99,198,199
99,199,200
99,200,201
99,201,202
99,202,203
99,203,204
99,204,205
99,205,206
99,206,207
99,207,208
99,208,209
99,209,210
99,210,211
99,211,212
99,212,213
99,213,214
99,214,215
99,215,216
99,216,217
99,217,218
99,218,219
99,219,220
99,220,221
99,221,222
99,222,223
99,223,224
99,224,225
99,225,226
99,226,227
99,227,228
99,228,229
99,229,230
99,230,231
99,231,232
99,232,233
99,233,234
99,234,235
99,235,236
99,236,237
99,237,238
99,238,239
99,239,240
99,240,241
99,241,242
99,242,243
99,243,244
99,244,245
99,245,246
99,246,247
99,247,248
99,248,249
99,249,250
99,250,251
99,251,252
99,252,253
99,253,254
99,254,255
99,255,255
100,0,1
100,1,2
100,2,3
100,3,4
100,4,5
100,5,6
100,6,7
100,7,8
100,8,9
100,9,10
100,10,11
100,11,12
100,12,13
100,13,14
100,14,15
100,15,16
100,16,17
100,17,18
100,18,19
100,19,20
100,20,21
100,21,22
100,22,23
100,23,24
100,24,25
100,25,26
100,26,27
100,27,28
100,28,29
100,29,30
100,30,31
100,31,32
100,32,33
100,33,34
100,34,35
100,35,36
100,36,37
100,37,38
100,38,39
100,39,40
100,40,41
100,41,42
100,42,43
100,43,44
100,44,45
100,45,46
100,46,47
100,47,48
100,48,49
100,49,50
100,50,51
100,51,52
100,52,53
100,53,54
100,54,55
100,55,56
100,56,57
100,57,58
100,58,59
100,59,60
100,60,61
100,61,62
100,62,63
100,63,64
100,64,65
100,65,66
100,66,67
100,67,68
100,68,69
100,69,70
100,70,71
100,71,72
100,72,73
100,73,74
100,74,75
100,75,76
100,76,77
100,77,78
100,78,79
100,79,80
100,80,81
100,81,82
100,82,83
100,83,84
100,84,85
100,85,86
100,86,87
100,87,88
100,88,89
100,89,90
100,90,91
100,91,92
100,92,93
100,93,94
100,94,95
100,95,96
100,96,97
100,97,98
100,98,99
100,99,100
100,100,101
100,101,102
100,102,103
100,103,104
100,104,105
100,105,106
100,106,107
100,107,108
100,108,109
100,109,110
100,110,111
100,111,112
100,112,113
100,113,114
100,114,115
100,115,116
100,116,117
100,117,118
100,118,119
100,119,120
100,120,121
100,121,122
100,122,123
100,123,124
100,124,125
100,125,126
100,126,127
100,127,128
100,128,129
100,129,130
100,130,131
100,131,132
100,132,133
100,133,134
100,134,135
100,135,136
100,136,137
100,137,138
100,138,139
100,139,140
100,140,141
100,141,142
100,142,143
100,143,144
100,144,145
100,145,146
100,146,147
100,147,148
100,148,149
100,149,150
100,150,151
100,151,152
100,152,153
100,153,154
100,154,155
100,155,156
100,156,157
100,157,158
100,158,159
100,159,160
100,160,161
100,161,162
100,162,163
100,163,164
100,164,165
100,165,166
100,166,167
100,167,168
100,168,169
100,169,170
100,170,171
100,171,172
100,172,173
100,173,174
100,174,175
100,175,176
100,176,177
100,177,178
100,178,179
100,179,180
100,180,181
100,181,182
100,182,183
100,183,184
100,184,185
100,185,186
100,186,187
100,187,188
100,188,189
100,189,190
100,190,191
100,191,192
100,192,193
100,193,194
100,194,195
100,195,196
100,196,197
100,197,198
100,198,199
100,199,200
100,200,201
100,201,202
100,202,203
100,203,204
100,204,205
100,205,206
100,206,207
100,207,208
100,208,209
100,209,210
100,210,211
100,211,212
100,212,213
100,213,214
100,214,215
100,215,216
100,216,217
100,217,218
100,218,219
100,219,220
100,220,221
100,221,222
100,222,223
100,223,224
100,224,225
100,225,226
100,226,227
100,227,228
100,228,229
100,229,230
100,230,231
100,231,232
100,232,233
100,233,234
100,234,235
100,235,236
100,236,237
100,237,238
100,238,239
100,239,240
100,240,241
100,241,242
100,242,243
100,243,244
100,244,245
100,245,246
100,246,247
100,247,248
100,248,249
100,249,250
100,250,251
100,251,252
100,252,253
100,253,254
100,254,255
100,255,255
101,0,1
101,1,2
101,2,3
101,3,4
101,4,5
101,5,6
101,6,7
101,7,8
101,8,9
101,9,10
101,10,11
101,11,12
101,12,13
101,13,14
101,14,15
101,15,16
101,16,17
101,17,18
101,18,19
101,19,20
101,20,21
101,21,22
101,22,23
101,23,24
101,24,25
101,25,26
101,26,27
101,27,28
101,28,29
101,29,30
101,30,31
101,31,32
101,32,33
101,33,34
101,34,35
101,35,36
101,36,37
101,37,38
101,38,39
101,39,40
101,40,41
101,41,42
101,42,43
101,43,44
101,44,45
101,45,46
101,46,47
101,47,48
101,48,49
101,49,50
101,50,51
101,51,52
101,52,53
101,53,54
101,54,55
101,55,56
101,56,57
101,57,58
101,58,59
101,59,60
101,60,61
101,61,62
101,62,63
101,63,64
101,64,65
101,65,66
101,66,67
101,67,68
101,68,69
101,69,70
101,70,71
101,71,72
101,72,73
101,73,74
101,74,75
101,75,76
101,76,77
101,77,78
101,78,79
101,79,80
101,80,81
101,81,82
101,82,83
101,83,84
101,84,85
101,85,86
101,86,87
101,87,88
101,88,89
101,89,90
101,90,91
101,91,92
101,92,93
101,93,94
101,94,95
101,95,96
101,96,97
101,97,98
101,98,99
101,99,100
101,100,101
101,101,102
101,102,103
101,103,104
101,104,105
101,105,106
101,106,107
101,107,108
101,108,109
101,109,110
101,110,111
101,111,112
101,112,113
101,113,114
101,114,115
101,115,116
101,116,117
101,117,118
101,118,119
101,119,120
101,120,121
101,121,122
101,122,123
101,123,124
101,124,125
101,125,126
101,126,127
101,127,128
101,128,129
101,129,130
101,130,131
101,131,132
101,132,133
101,133,134
101,134,135
101,135,136
101,136,137
101,137,138
101,138,139
101,139,140
101,140,141
101,141,142
101,142,143
101,143,144
101,144,145
101,145,146
101,146,147
101,147,148
101,148,149
101,149,150
101,150,151
101,151,152
101,152,153
101,153,154
101,154,155
101,155,156
101,156,157
101,157,158
101,158,159
101,159,160
101,160,161
101,161,162
101,162,163
101,163,164
101,164,165
101,165,166
101,166,167
101,167,168
101,168,169
101,169,170
101,170,171
101,171,172
101,172,173
101,173,174
101,174,175
101,175,176
101,176,177
101,177,178
101,178,179
101,179,180
101,180,181
101,181,182
101,182,183
101,183,184
101,184,185
101,185,186
101,186,187
101,187,188
101,188,189
101,189,190
101,190,191
101,191,192
101,192,193
101,193,194
101,194,195
101,195,196
101,196,197
101,197,198
101,198,199
101,199,200
101,200,201
101,201,202
101,202,203
101,203,204
101,204,205
101,205,206
101,206,207
101,207,208
101,208,209
101,209,210
101,210,211
101,211,212
101,212,213
101,213,214
101,214,215
101,215,216
101,216,217
101,217,218
101,218,219
101,219,220
101,220,221
101,221,222
101,222,223
101,223,224
101,224,225
101,225,226
101,226,227
101,227,228
101,228,229
101,229,230
101,230,231
101,231,232
101,232,233
101,233,234
101,234,235
101,235,236
101,236,237
101,237,238
101,238,239
101,239,240
101,240,241
101,241,242
101,242,243
101,243,244
101,244,245
101,245,246
101,246,247
101,247,248
101,248,249
101,249,250
101,250,251
101,251,252
101,252,253
101,253,254
101,254,255
101,255,255
102,0,1
102,1,2
102,2,3
102,3,4
102,4,5
102,5,6
102,6,7
102,7,8
102,8,9
102,9,10
102,10,11
102,11,12
102,12,13
102,13,14
102,14,15
102,15,16
102,16,17
102,17,18
102,18,19
102,19,20
102,20,21
102,21,22
102,22,23
102,23,24
102,24,25
102,25,26
102,26,27
102,27,28
102,28,29
102,29,30
102,30,31
102,31,32
102,32,33
102,33,34
102,34,35
102,35,36
102,36,37
102,37,38
102,38,39
102,39,40
102,40,41
102,41,42
102,42,43
102,43,44
102,44,45
102,45,46
102,46,47
102,47,48
102,48,49
102,49,50
102,50,51
102,51,52
102,52,53
102,53,54
102,54,55
102,55,56
102,56,57
102,57,58
102,58,59
102,59,60
102,60,61
102,61,62
102,62,63
102,63,64
102,64,65
102,65,66
102,66,67
102,67,68
102,68,69
102,69,70
102,70,71
102,71,72
102,72,73
102,73,74
102,74,75
102,75,76
102,76,77
102,77,78
102,78,79
102,79,80
102,80,81
102,81,82
102,82,83
102,83,84
102,84,85
102,85,86
102,86,87
102,87,88
102,88,89
102,89,90
102,90,91
102,91,92
102,92,93
102,93,94
102,94,95
102,95,96
102,96,97
102,97,98
102,98,99
102,99,100
102,100,101
102,101,102
102,102,103
102,103,104
102,104,105
102,105,106
102,106,107
102,107,108
102,108,109
102,109,110
102,110,111
102,111,112
102,112,113
102,113,114
102,114,115
102,115,116
102,116,117
102,117,118
102,118,119
102,119,120
102,120,121
102,121,122
102,122,123
102,123,124
102,124,125
102,125,126
102,126,127
102,127,128
102,128,129
102,129,130
102,130,131
102,131,132
102,132,133
102,133,134
102,134,135
102,135,136
102,136,137
102,137,138
102,138,139
102,139,140
102,140,141
102,141,142
102,142,143
102,143,144
102,144,145
102,145,146
102,146,147
102,147,148
102,148,149
102,149,150
102,150,151
102,151,152
102,152,153
102,153,154
102,154,155
102,155,156
102,156,157
102,157,158
102,158,159
102,159,160
102,160,161
102,161,162
102,162,163
102,163,164
102,164,165
102,165,166
102,166,167
102,167,168
102,168,169
102,169,170
102,170,171
102,171,172
102,172,173
102,173,174
102,174,175
102,175,176
102,176,177
102,177,178
102,178,179
102,179,180
102,180,181
102,181,182
102,182,183
102,183,184
102,184,185
102,185,186
102,186,187
102,187,188
102,188,189
102,189,190
102,190,191
102,191,192
102,192,193
102,193,194
102,194,195
102,195,196
102,196,197
102,197,198
102,198,199
102,199,200
102,200,201
102,201,202
102,202,203
102,203,204
102,204,205
102,205,206
102,206,207
102,207,208
102,208,209
102,209,210
102,210,211
102,211,212
102,212,213
102,213,214
102,214,215
102,215,216
102,216,217
102,217,218
102,218,219
102,219,220
102,220,221
102,221,222
102,222,223
102,223,224
102,224,225
102,225,226
102,226,227
102,227,228
102,228,229
102,229,230
102,230,231
102,231,232
102,232,233
102,233,234
102,234,235
102,235,236
102,236,237
102,237,238
102,238,239
102,239,240
102,240,241
102,241,242
102,242,243
102,243,244
102,244,245
102,245,246
102,246,247
102,247,248
102,248,249
102,249,250
102,250,251
102,251,252
102,252,253
102,253,254
102,254,255
102,255,255
103,0,1
103,1,2
103,2,3
103,3,4
103,4,5
103,5,6
103,6,7
103,7,8
103,8,9
103,9,10
103,10,11
103,11,12
103,12,13
103,13,14
103,14,15
103,15,16
103,16,17
103,17,18
103,18,19
103,19,20
103,20,21
103,21,22
103,22,23
103,23,24
103,24,25
103,25,26
103,26,27
103,27,28
103,28,29
103,29,30
103,30,31
103,31,32
103,32,33
103,33,34
103,34,35
103,35,36
103,36,37
103,37,38
103,38,39
103,39,40
103,40,41
103,41,42
103,42,43
103,43,44
103,44,45
103,45,46
103,46,47
103,47,48
103,48,49
103,49,50
103,50,51
103,51,52
103,52,53
103,53,54
103,54,55
103,55,56
103,56,57
103,57,58
103,58,59
103,59,60
103,60,61
103,61,62
103,62,63
103,63,64
103,64,65
103,65,66
103,66,67
103,67,68
103,68,69
103,69,70
103,70,71
103,71,72
103,72,73
103,73,74
103,74,75
103,75,76
103,76,77
103,77,78
103,78,79
103,79,80
103,80,81
103,81,82
103,82,83
103,83,84
103,84,85
103,85,86
103,86,87
103,87,88
103,88,89
103,89,90
103,90,91
103,91,92
103,92,93
103,93,94
103,94,95
103,95,96
103,96,97
103,97,98
103,98,99
103,99,100
103,100,101
103,101,102
103,102,103
103,103,104
103,104,105
103,105,106
103,106,107
103,107,108
103,108,109
103,109,110
103,110,111
103,111,112
103,112,113
103,113,114
103,114,115
103,115,116
103,116,117
103,117,118
103,118,119
103,119,120
103,120,121
103,121,122
103,122,123
103,123,124
103,124,125
103,125,126
103,126,127
103,127,128
103,128,129
103,129,130
103,130,131
103,131,132
103,132,133
103,133,134
103,134,135
103,135,136
103,136,137
103,137,138
103,138,139
103,139,140
103,140,141
103,141,142
103,142,143
103,143,144
103,144,145
103,145,146
103,146,147
103,147,148
103,148,149
103,149,150
103,150,151
103,151,152
103,152,153
103,153,154
103,154,155
103,155,156
103,156,157
103,157,158
103,158,159
103,159,160
103,160,161
103,161,162
103,162,163
103,163,164
103,164,165
103,165,166
103,166,167
103,167,168
103,168,169
103,169,170
103,170,171
103,171,172
103,172,173
103,173,174
103,174,175
103,175,176
103,176,177
103,177,178
103,178,179
103,179,180
103,180,181
103,181,182
103,182,183
103,183,184
103,184,185
103,185,186
103,186,187
103,187,188
103,188,189
103,189,190
103,190,191
103,191,192
103,192,193
103,193,194
103,194,195
103,195,196
103,196,197
103,197,198
103,198,199
103,199,200
103,200,201
103,201,202
103,202,203
103,203,204
103,204,205
103,205,206
103,206,207
103,207,208
103,208,209
103,209,210
103,210,211
103,211,212
103,212,213
103,213,214
103,214,215
103,215,216
103,216,217
103,217,218
103,218,219
103,219,220
103,220,221
103,221,222
103,222,223
103,223,224
103,224,225
103,225,226
103,226,227
103,227,228
103,228,229
103,229,230
103,230,231
103,231,232
103,232,233
103,233,234
103,234,235
103,235,236
103,236,237
103,237,238
103,238,239
103,239,240
103,240,241
103,241,242
103,242,243
103,243,244
103,244,245
103,245,246
103,246,247
103,247,248
103,248,249
103,249,250
103,250,251
103,251,252
103,252,253
103,253,254
103,254,255
103,255,255
104,0,1
104,1,2
104,2,3
104,3,4
104,4,5
104,5,6
104,6,7
104,7,8
104,8,9
104,9,10
104,10,11
104,11,12
104,12,13
104,13,14
104,14,15
104,15,16
104,16,17
104,17,18
104,18,19
104,19,20
104,20,21
104,21,22
104,22,23
104,23,24
104,24,25
104,25,26
104,26,27
104,27,28
104,28,29
104,29,30
104,30,31
104,31,32
104,32,33
104,33,34
104,34,35
104,35,36
104,36,37
104,37,38
104,38,39
104,39,40
104,40,41
104,41,42
104,42,43
104,43,44
104,44,45
104,45,46
104,46,47
104,47,48
104,48,49
104,49,50
104,50,51
104,51,52
104,52,53
104,53,54
104,54,55
104,55,56
104,56,57
104,57,58
104,58,59
104,59,60
104,60,61
104,61,62
104,62,63
104,63,64
104,64,65
104,65,66
104,66,67
104,67,68
104,68,69
104,69,70
104,70,71
104,71,72
104,72,73
104,73,74
104,74,75
104,75,76
104,76,77
104,77,78
104,78,79
104,79,80
104,80,81
104,81,82
104,82,83
104,83,84
104,84,85
104,85,86
104,86,87
104,87,88
104,88,89
104,89,90
104,90,91
104,91,92
104,92,93
104,93,94
104,94,95
104,95,96
104,96,97
104,97,98
104,98,99
104,99,100
104,100,101
104,101,102
104,102,103
104,103,104
104,104,105
104,105,106
104,106,107
104,107,108
104,108,109
104,109,110
104,110,111
104,111,112
104,112,113
104,113,114
104,114,115
104,115,116
104,116,117
104,117,118
104,118,119
104,119,120
104,120,121
104,121,122
104,122,123
104,123,124
104,124,125
104,125,126
104,126,127
104,127,128
104,128,129
104,129,130
104,130,131
104,131,132
104,132,133
104,133,134
104,134,135
104,135,136
104,136,137
104,137,138
104,138,139
104,139,140
104,140,141
104,141,142
104,142,143
104,143,144
104,144,145
104,145,146
104,146,147
104,147,148
104,148,149
104,149,150
104,150,151
104,151,152
104,152,153
104,153,154
104,154,155
104,155,156
104,156,157
104,157,158
104,158,159
104,159,160
104,160,161
104,161,162
104,162,163
104,163,164
104,164,165
104,165,166
104,166,167
104,167,168
104,168,169
104,169,170
104,170,171
104,171,172
104,172,173
104,173,174
104,174,175
104,175,176
104,176,177
104,177,178
104,178,179
104,179,180
104,180,181
104,181,182
104,182,183
104,183,184
104,184,185
104,185,186
104,186,187
104,187,188
104,188,189
104,189,190
104,190,191
104,191,192
104,192,193
104,193,194
104,194,195
104,195,196
104,196,197
104,197,198
104,198,199
104,199,200
104,200,201
104,201,202
104,202,203
104,203,204
104,204,205
104,205,206
104,206,207
104,207,208
104,208,209
104,209,210
104,210,211
104,211,212
104,212,213
104,213,214
104,214,215
104,215,216
104,216,217
104,217,218
104,218,219
104,219,220
104,220,221
104,221,222
104,222,223
104,223,224
104,224,225
104,225,226
104,226,227
104,227,228
104,228,229
104,229,230
104,230,231
104,231,232
104,232,233
104,233,234
104,234,235
104,235,236
104,236,237
104,237,238
104,238,239
104,239,240
104,240,241
104,241,242
104,242,243
104,243,244
104,244,245
104,245,246
104,246,247
104,247,248
104,248,249
104,249,250
104,250,251
104,251,252
104,252,253
104,253,254
104,254,255
104,255,255
105,0,1
105,1,2
105,2,3
105,3,4
105,4,5
105,5,6
105,6,7
105,7,8
105,8,9
105,9,10
105,10,11
105,11,12
105,12,13
105,13,14
105,14,15
105,15,16
105,16,17
105,17,18
105,18,19
105,19,20
105,20,21
105,21,22
105,22,23
105,23,24
105,24,25
105,25,26
105,26,27
105,27,28
105,28,29
105,29,30
105,30,31
105,31,32
105,32,33
105,33,34
105,34,35
105,35,36
105,36,37
105,37,38
105,38,39
105,39,40
105,40,41
105,41,42
105,42,43
105,43,44
105,44,45
105,45,46
105,46,47
105,47,48
105,48,49
105,49,50
105,50,51
105,51,52
105,52,53
105,53,54
105,54,55
105,55,56
105,56,57
105,57,58
105,58,59
105,59,60
105,60,61
105,61,62
105,62,63
105,63,64
105,64,65
105,65,66
105,66,67
105,67,68
105,68,69
105,69,70
105,70,71
105,71,72
105,72,73
105,73,74
105,74,75
105,75,76
105,76,77
105,77,78
105,78,79
105,79,80
105,80,81
105,81,82
105,82,83
105,83,84
105,84,85
105,85,86
105,86,87
105,87,88
105,88,89
105,89,90
105,90,91
105,91,92
105,92,93
105,93,94
105,94,95
105,95,96
105,96,97
105,97,98
105,98,99
105,99,100
105,100,101
105,101,102
105,102,103
105,103,104
105,104,105
105,105,106
105,106,107
105,107,108
105,108,109
105,109,110
105,110,111
105,111,112
105,112,113
105,113,114
105,114,115
105,115,116
105,116,117
105,117,118
105,118,119
105,119,120
105,120,121
105,121,122
105,122,123
105,123,124
105,124,125
105,125,126
105,126,127
105,127,128
105,128,129
105,129,130
105,130,131
105,131,132
105,132,133
105,133,134
105,134,135
105,135,136
105,136,137
105,137,138
105,138,139
105,139,140
105,140,141
105,141,142
105,142,143
105,143,144
105,144,145
105,145,146
105,146,147
105,147,148
105,148,149
105,149,150
105,150,151
105,151,152
105,152,153
105,153,154
105,154,155
105,155,156
105,156,157
105,157,158
105,158,159
105,159,160
105,160,161
105,161,162
105,162,163
105,163,164
105,164,165
105,165,166
105,166,167
105,167,168
105,168,169
105,169,170
105,170,171
105,171,172
105,172,173
105,173,174
105,174,175
105,175,176
105,176,177
105,177,178
105,178,179
105,179,180
105,180,181
105,181,182
105,182,183
105,183,184
105,184,185
105,185,186
105,186,187
105,187,188
105,188,189
105,189,190
105,190,191
105,191,192
105,192,193
105,193,194
105,194,195
105,195,196
105,196,197
105,197,198
105,198,199
105,199,200
105,200,201
105,201,202
105,202,203
105,203,204
105,204,205
105,205,206
105,206,207
105,207,208
105,208,209
105,209,210
105,210,211
105,211,212
105,212,213
105,213,214
105,214,215
105,215,216
105,216,217
105,217,218
105,218,219
105,219,220
105,220,221
105,221,222
105,222,223
105,223,224
105,224,225
105,225,226
105,226,227
105,227,228
105,228,229
105,229,230
105,230,231
105,231,232
105,232,233
105,233,234
105,234,235
105,235,236
105,236,237
105,237,238
105,238,239
105,239,240
105,240,241
105,241,242
105,242,243
105,243,244
105,244,245
105,245,246
105,246,247
105,247,248
105,248,249
105,249,250
105,250,251
105,251,252
105,252,253
105,253,254
105,254,255
105,255,255
106,0,1
106,1,2
106,2,3
106,3,4
106,4,5
106,5,6
106,6,7
106,7,8
106,8,9
106,9,10
106,10,11
106,11,12
106,12,13
106,13,14
106,14,15
106,15,16
106,16,17
106,17,18
106,18,19
106,19,20
106,20,21
106,21,22
106,22,23
106,23,24
106,24,25
106,25,26
106,26,27
106,27,28
106,28,29
106,29,30
106,30,31
106,31,32
106,32,33
106,33,34
106,34,35
106,35,36
106,36,37
106,37,38
106,38,39
106,39,40
106,40,41
106,41,42
106,42,43
106,43,44
106,44,45
106,45,46
106,46,47
106,47,48
106,48,49
106,49,50
106,50,51
106,51,52
106,52,53
106,53,54
106,54,55
106,55,56
106,56,57
106,57,58
106,58,59
106,59,60
106,60,61
106,61,62
106,62,63
106,63,64
106,64,65
106,65,66
106,66,67
106,67,68
106,68,69
106,69,70
106,70,71
106,71,72
106,72,73
106,73,74
106,74,75
106,75,76
106,76,77
106,77,78
106,78,79
106,79,80
106,80,81
106,81,82
106,82,83
106,83,84
106,84,85
106,85,86
106,86,87
106,87,88
106,88,89
106,89,90
106,90,91
106,91,92
106,92,93
106,93,94
106,94,95
106,95,96
106,96,97
106,97,98
106,98,99
106,99,100
106,100,101
106,101,102
106,102,103
106,103,104
106,104,105
106,105,106
106,106,107
106,107,108
106,108,109
106,109,110
106,110,111
106,111,112
106,112,113
106,113,114
106,114,115
106,115,116
106,116,117
106,117,118
106,118,119
106,119,120
106,120,121
106,121,122
106,122,123
106,123,124
106,124,125
106,125,126
106,126,127
106,127,128
106,128,129
106,129,130
106,130,131
106,131,132
106,132,133
106,133,134
106,134,135
106,135,136
106,136,137
106,137,138
106,138,139
106,139,140
106,140,141
106,141,142
106,142,143
106,143,144
106,144,145
106,145,146
106,146,147
106,147,148
106,148,149
106,149,150
106,150,151
106,151,152
106,152,153
106,153,154
106,154,155
106,155,156
106,156,157
106,157,158
106,158,159
106,159,160
106,160,161
106,161,162
106,162,163
106,163,164
106,164,165
106,165,166
106,166,167
106,167,168
106,168,169
106,169,170
106,170,171
106,171,172
106,172,173
106,173,174
106,174,175
106,175,176
106,176,177
106,177,178
106,178,179
106,179,180
106,180,181
106,181,182
106,182,183
106,183,184
106,184,185
106,185,186
106,186,187
106,187,188
106,188,189
106,189,190
106,190,191
106,191,192
106,192,193
106,193,194
106,194,195
106,195,196
106,196,197
106,197,198
106,198,199
106,199,200
106,200,201
106,201,202
106,202,203
106,203,204
106,204,205
106,205,206
106,206,207
106,207,208
106,208,209
106,209,210
106,210,211
106,211,212
106,212,213
106,213,214
106,214,215
106,215,216
106,216,217
106,217,218
106,218,219
106,219,220
106,220,221
106,221,222
106,222,223
106,223,224
106,224,225
106,225,226
106,226,227
106,227,228
106,228,229
106,229,230
106,230,231
106,231,232
106,232,233
106,233,234
106,234,235
106,235,236
106,236,237
106,237,238
106,238,239
106,239,240
106,240,241
106,241,242
106,242,243
106,243,244
106,244,245
106,245,246
106,246,247
106,247,248
106,248,249
106,249,250
106,250,251
106,251,252
106,252,253
106,253,254
106,254,255
106,255,255
107,0,1
107,1,2
107,2,3
107,3,4
107,4,5
107,5,6
107,6,7
107,7,8
107,8,9
107,9,10
107,10,11
107,11,12
107,12,13
107,13,14
107,14,15
107,15,16
107,16,17
107,17,18
107,18,19
107,19,20
107,20,21
107,21,22
107,22,23
107,23,24
107,24,25
107,25,26
107,26,27
107,27,28
107,28,29
107,29,30
107,30,31
107,31,32
107,32,33
107,33,34
107,34,35
107,35,36
107,36,37
107,37,38
107,38,39
107,39,40
107,40,41
107,41,42
107,42,43
107,43,44
107,44,45
107,45,46
107,46,47
107,47,48
107,48,49
107,49,50
107,50,51
107,51,52
107,52,53
107,53,54
107,54,55
107,55,56
107,56,57
107,57,58
107,58,59
107,59,60
107,60,61
107,61,62
107,62,63
107,63,64
107,64,65
107,65,66
107,66,67
107,67,68
107,68,69
107,69,70
107,70,71
107,71,72
107,72,73
107,73,74
107,74,75
107,75,76
107,76,77
107,77,78
107,78,79
107,79,80
107,80,81
107,81,82
107,82,83
107,83,84
107,84,85
107,85,86
107,86,87
107,87,88
107,88,89
107,89,90
107,90,91
107,91,92
107,92,93
107,93,94
107,94,95
107,95,96
107,96,97
107,97,98
107,98,99
107,99,100
107,100,101
107,101,102
107,102,103
107,103,104
107,104,105
107,105,106
107,106,107
107,107,108
107,108,109
107,109,110
107,110,111
107,111,112
107,112,113
107,113,114
107,114,115
107,115,116
107,116,117
107,117,118
107,118,119
107,119,120
107,120,121
107,121,122
107,122,123
107,123,124
107,124,125
107,125,126
107,126,127
107,127,128
107,128,129
107,129,130
107,130,131
107,131,132
107,132,133
107,133,134
107,134,135
107,135,136
107,136,137
107,137,138
107,138,139
107,139,140
107,140,141
107,141,142
107,142,143
107,143,144
107,144,145
107,145,146
107,146,147
107,147,148
107,148,149
107,149,150
107,150,151
107,151,152
107,152,153
107,153,154
107,154,155
107,155,156
107,156,157
107,157,158
107,158,159
107,159,160
107,160,161
107,161,162
107,162,163
107,163,164
107,164,165
107,165,166
107,166,167
107,167,168
107,168,169
107,169,170
107,170,171
107,171,172
107,172,173
107,173,174
107,174,175
107,175,176
107,176,177
107,177,178
107,178,179
107,179,180
107,180,181
107,181,182
107,182,183
107,183,184
107,184,185
107,185,186
107,186,187
107,187,188
107,188,189
107,189,190
107,190,191
107,191,192
107,192,193
107,193,194
107,194,195
107,195,196
107,196,197
107,197,198
107,198,199
107,199,200
107,200,201
107,201,202
107,202,203
107,203,204
107,204,205
107,205,206
107,206,207
107,207,208
107,208,209
107,209,210
107,210,211
107,211,212
107,212,213
107,213,214
107,214,215
107,215,216
107,216,217
107,217,218
107,218,219
107,219,220
107,220,221
107,221,222
107,222,223
107,223,224
107,224,225
107,225,226
107,226,227
107,227,228
107,228,229
107,229,230
107,230,231
107,231,232
107,232,233
107,233,234
107,234,235
107,235,236
107,236,237
107,237,238
107,238,239
107,239,240
107,240,241
107,241,242
107,242,243
107,243,244
107,244,245
107,245,246
107,246,247
107,247,248
107,248,249
107,249,250
107,250,251
107,251,252
107,252,253
107,253,254
107,254,255
107,255,255
108,0,1
108,1,2
108,2,3
108,3,4
108,4,5
108,5,6
108,6,7
108,7,8
108,8,9
108,9,10
108,10,11
108,11,12
108,12,13
108,13,14
108,14,15
108,15,16
108,16,17
108,17,18
108,18,19
108,19,20
108,20,21
108,21,22
108,22,23
108,23,24
108,24,25
108,25,26
108,26,27
108,27,28
108,28,29
108,29,30
108,30,31
108,31,32
108,32,33
108,33,34
108,34,35
108,35,36
108,36,37
108,37,38
108,38,39
108,39,40
108,40,41
108,41,42
108,42,43
108,43,44
108,44,45
108,45,46
108,46,47
108,47,48
108,48,49
108,49,50
108,50,51
108,51,52
108,52,53
108,53,54
108,54,55
108,55,56
108,56,57
108,57,58
108,58,59
108,59,60
108,60,61
108,61,62
108,62,63
108,63,64
108,64,65
108,65,66
108,66,67
108,67,68
108,68,69
108,69,70
108,70,71
108,71,72
108,72,73
108,73,74
108,74,75
108,75,76
108,76,77
108,77,78
108,78,79
108,79,80
108,80,81
108,81,82
108,82,83
108,83,84
108,84,85
108,85,86
108,86,87
108,87,88
108,88,89
108,89,90
108,90,91
108,91,92
108,92,93
108,93,94
108,94,95
108,95,96
108,96,97
108,97,98
108,98,99
108,99,100
108,100,101
108,101,102
108,102,103
108,103,104
108,104,105
108,105,106
108,106,107
108,107,108
108,108,109
108,109,110
108,110,111
108,111,112
108,112,113
108,113,114
108,114,115
108,115,116
108,116,117
108,117,118
108,118,119
108,119,120
108,120,121
108,121,122
108,122,123
108,123,124
108,124,125
108,125,126
108,126,127
108,127,128
108,128,129
108,129,130
108,130,131
108,131,132
108,132,133
108,133,134
108,134,135
108,135,136
108,136,137
108,137,138
108,138,139
108,139,140
108,140,141
108,141,142
108,142,143
108,143,144
108,144,145
108,145,146
108,146,147
108,147,148
108,148,149
108,149,150
108,150,151
108,151,152
108,152,153
108,153,154
108,154,155
108,155,156
108,156,157
108,157,158
108,158,159
108,159,160
108,160,161
108,161,162
108,162,163
108,163,164
108,164,165
108,165,166
108,166,167
108,167,168
108,168,169
108,169,170
108,170,171
108,171,172
108,172,173
108,173,174
108,174,175
108,175,176
108,176,177
108,177,178
108,178,179
108,179,180
108,180,181
108,181,182
108,182,183
108,183,184
108,184,185
108,185,186
108,186,187
108,187,188
108,188,189
108,189,190
108,190,191
108,191,192
108,192,193
108,193,194
108,194,195
108,195,196
108,196,197
108,197,198
108,198,199
108,199,200
108,200,201
108,201,202
108,202,203
108,203,204
108,204,205
108,205,206
108,206,207
108,207,208
108,208,209
108,209,210
108,210,211
108,211,212
108,212,213
108,213,214
108,214,215
108,215,216
108,216,217
108,217,218
108,218,219
108,219,220
108,220,221
108,221,222
108,222,223
108,223,224
108,224,225
108,225,226
108,226,227
108,227,228
108,228,229
108,229,230
108,230,231
108,231,232
108,232,233
108,233,234
108,234,235
108,235,236
108,236,237
108,237,238
108,238,239
108,239,240
108,240,241
108,241,242
108,242,243
108,243,244
108,244,245
108,245,246
108,246,247
108,247,248
108,248,249
108,249,250
108,250,251
108,251,252
108,252,253
108,253,254
108,254,255
108,255,255
109,0,1
109,1,2
109,2,3
109,3,4
109,4,5
109,5,6
109,6,7
109,7,8
109,8,9
109,9,10
109,10,11
109,11,12
109,12,13
109,13,14
109,14,15
109,15,16
109,16,17
109,17,18
109,18,19
109,19,20
109,20,21
109,21,22
109,22,23
109,23,24
109,24,25
109,25,26
109,26,27
109,27,28
109,28,29
109,29,30
109,30,31
109,31,32
109,32,33
109,33,34
109,34,35
109,35,36
109,36,37
109,37,38
109,38,39
109,39,40
109,40,41
109,41,42
109,42,43
109,43,44
109,44,45
109,45,46
109,46,47
109,47,48
109,48,49
109,49,50
109,50,51
109,51,52
109,52,53
109,53,54
109,54,55
109,55,56
109,56,57
109,57,58
109,58,59
109,59,60
109,60,61
109,61,62
109,62,63
109,63,64
109,64,65
109,65,66
109,66,67
109,67,68
109,68,69
109,69,70
109,70,71
109,71,72
109,72,73
109,73,74
109,74,75
109,75,76
109,76,77
109,77,78
109,78,79
109,79,80
109,80,81
109,81,82
109,82,83
109,83,84
109,84,85
109,85,86
109,86,87
109,87,88
109,88,89
109,89,90
109,90,91
109,91,92
109,92,93
109,93,94
109,94,95
109,95,96
109,96,97
109,97,98
109,98,99
109,99,100
109,100,101
109,101,102
109,102,103
109,103,104
109,104,105
109,105,106
109,106,107
109,107,108
109,108,109
109,109,110
109,110,111
109,111,112
109,112,113
109,113,114
109,114,115
109,115,116
109,116,117
109,117,118
109,118,119
109,119,120
109,120,121
109,121,122
109,122,123
109,123,124
109,124,125
109,125,126
109,126,127
109,127,128
109,128,129
109,129,130
109,130,131
109,131,132
109,132,133
109,133,134
109,134,135
109,135,136
109,136,137
109,137,138
109,138,139
109,139,140
109,140,141
109,141,142
109,142,143
109,143,144
109,144,145
109,145,146
109,146,147
109,147,148
109,148,149
109,149,150
109,150,151
109,151,152
109,152,153
109,153,154
109,154,155
109,155,156
109,156,157
109,157,158
109,158,159
109,159,160
109,160,161
109,161,162
109,162,163
109,163,164
109,164,165
109,165,166
109,166,167
109,167,168
109,168,169
109,169,170
109,170,171
109,171,172
109,172,173
109,173,174
109,174,175
109,175,176
109,176,177
109,177,178
109,178,179
109,179,180
109,180,181
109,181,182
109,182,183
109,183,184
109,184,185
109,185,186
109,186,187
109,187,188
109,188,189
109,189,190
109,190,191
109,191,192
109,192,193
109,193,194
109,194,195
109,195,196
109,196,197
109,197,198
109,198,199
109,199,200
109,200,201
109,201,202
109,202,203
109,203,204
109,204,205
109,205,206
109,206,207
109,207,208
109,208,209
109,209,210
109,210,211
109,211,212
109,212,213
109,213,214
109,214,215
109,215,216
109,216,217
109,217,218
109,218,219
109,219,220
109,220,221
109,221,222
109,222,223
109,223,224
109,224,225
109,225,226
109,226,227
109,227,228
109,228,229
109,229,230
109,230,231
109,231,232
109,232,233
109,233,234
109,234,235
109,235,236
109,236,237
109,237,238
109,238,239
109,239,240
109,240,241
109,241,242
109,242,243
109,243,244
109,244,245
109,245,246
109,246,247
109,247,248
109,248,249
109,249,250
109,250,251
109,251,252
109,252,253
109,253,254
109,254,255
109,255,255
110,0,1
110,1,2
110,2,3
110,3,4
110,4,5
110,5,6
110,6,7
110,7,8
110,8,9
110,9,10
110,10,11
110,11,12
110,12,13
110,13,14
110,14,15
110,15,16
110,16,17
110,17,18
110,18,19
110,19,20
110,20,21
110,21,22
110,22,23
110,23,24
110,24,25
110,25,26
110,26,27
110,27,28
110,28,29
110,29,30
110,30,31
110,31,32
110,32,33
110,33,34
110,34,35
110,35,36
110,36,37
110,37,38
110,38,39
110,39,40
110,40,41
110,41,42
110,42,43
110,43,44
110,44,45
110,45,46
110,46,47
110,47,48
110,48,49
110,49,50
110,50,51
110,51,52
110,52,53
110,53,54
110,54,55
110,55,56
110,56,57
110,57,58
110,58,59
110,59,60
110,60,61
110,61,62
110,62,63
110,63,64
110,64,65
110,65,66
110,66,67
110,67,68
110,68,69
110,69,70
110,70,71
110,71,72
110,72,73
110,73,74
110,74,75
110,75,76
110,76,77
110,77,78
110,78,79
110,79,80
110,80,81
110,81,82
110,82,83
110,83,84
110,84,85
110,85,86
110,86,87
110,87,88
110,88,89
110,89,90
110,90,91
110,91,92
110,92,93
110,93,94
110,94,95
110,95,96
110,96,97
110,97,98
110,98,99
110,99,100
110,100,101
110,101,102
110,102,103
110,103,104
110,104,105
110,105,106
110,106,107
110,107,108
110,108,109
110,109,110
110,110,111
110,111,112
110,112,113
110,113,114
110,114,115
110,115,116
110,116,117
110,117,118
110,118,119
110,119,120
110,120,121
110,121,122
110,122,123
110,123,124
110,124,125
110,125,126
110,126,127
110,127,128
110,128,129
110,129,130
110,130,131
110,131,132
110,132,133
110,133,134
110,134,135
110,135,136
110,136,137
110,137,138
110,138,139
110,139,140
110,140,141
110,141,142
110,142,143
110,143,144
110,144,145
110,145,146
110,146,147
110,147,148
110,148,149
110,149,150
110,150,151
110,151,152
110,152,153
110,153,154
110,154,155
110,155,156
110,156,157
110,157,158
110,158,159
110,159,160
110,160,161
110,161,162
110,162,163
110,163,164
110,164,165
110,165,166
110,166,167
110,167,168
110,168,169
110,169,170
110,170,171
110,171,172
110,172,173
110,173,174
110,174,175
110,175,176
110,176,177
110,177,178
110,178,179
110,179,180
110,180,181
110,181,182
110,182,183
110,183,184
110,184,185
110,185,186
110,186,187
110,187,188
110,188,189
110,189,190
110,190,191
110,191,192
110,192,193
110,193,194
110,194,195
110,195,196
110,196,197
110,197,198
110,198,199
110,199,200
110,200,201
110,201,202
110,202,203
110,203,204
110,204,205
110,205,206
110,206,207
110,207,208
110,208,209
110,209,210
110,210,211
110,211,212
110,212,213
110,213,214
110,214,215
110,215,216
110,216,217
110,217,218
110,218,219
110,219,220
110,220,221
110,221,222
110,222,223
110,223,224
110,224,225
110,225,226
110,226,227
110,227,228
110,228,229
110,229,230
110,230,231
110,231,232
110,232,233
110,233,234
110,234,235
110,235,236
110,236,237
110,237,238
110,238,239
110,239,240
110,240,241
110,241,242
110,242,243
110,243,244
110,244,245
110,245,246
110,246,247
110,247,248
110,248,249
110,249,250
110,250,251
110,251,252
110,252,253
110,253,254
110,254,255
110,255,255
111,0,1
111,1,2
111,2,3
111,3,4
111,4,5
111,5,6
111,6,7
111,7,8
111,8,9
111,9,10
111,10,11
111,11,12
111,12,13
111,13,14
111,14,15
111,15,16
111,16,17
111,17,18
111,18,19
111,19,20
111,20,21
111,21,22
111,22,23
111,23,24
111,24,25
111,25,26
111,26,27
111,27,28
111,28,29
111,29,30
111,30,31
111,31,32
111,32,33
111,33,34
111,34,35
111,35,36
111,36,37
111,37,38
111,38,39
111,39,40
111,40,41
111,41,42
111,42,43
111,43,44
111,44,45
111,45,46
111,46,47
111,47,48
111,48,49
111,49,50
111,50,51
111,51,52
111,52,53
111,53,54
111,54,55
111,55,56
111,56,57
111,57,58
111,58,59
111,59,60
111,60,61
111,61,62
111,62,63
111,63,64
111,64,65
111,65,66
111,66,67
111,67,68
111,68,69
111,69,70
111,70,71
111,71,72
111,72,73
111,73,74
111,74,75
111,75,76
111,76,77
111,77,78
111,78,79
111,79,80
111,80,81
111,81,82
111,82,83
111,83,84
111,84,85
111,85,86
111,86,87
111,87,88
111,88,89
111,89,90
111,90,91
111,91,92
111,92,93
111,93,94
111,94,95
111,95,96
111,96,97
111,97,98
111,98,99
111,99,100
111,100,101
111,101,102
111,102,103
111,103,104
111,104,105
111,105,106
111,106,107
111,107,108
111,108,109
111,109,110
111,110,111
111,111,112
111,112,113
111,113,114
111,114,115
111,115,116
111,116,117
111,117,118
111,118,119
111,119,120
111,120,121
111,121,122
111,122,123
111,123,124
111,124,125
111,125,126
111,126,127
111,127,128
111,128,129
111,129,130
111,130,131
111,131,132
111,132,133
111,133,134
111,134,135
111,135,136
111,136,137
111,137,138
111,138,139
111,139,140
111,140,141
111,141,142
111,142,143
111,143,144
111,144,145
111,145,146
111,146,147
111,147,148
111,148,149
111,149,150
111,150,151
111,151,152
111,152,153
111,153,154
111,154,155
111,155,156
111,156,157
111,157,158
111,158,159
111,159,160
111,160,161
111,161,162
111,162,163
111,163,164
111,164,165
111,165,166
111,166,167
111,167,168
111,168,169
111,169,170
111,170,171
111,171,172
111,172,173
111,173,174
111,174,175
111,175,176
111,176,177
111,177,178
111,178,179
111,179,180
111,180,181
111,181,182
111,182,183
111,183,184
111,184,185
111,185,186
111,186,187
111,187,188
111,188,189
111,189,190
111,190,191
111,191,192
111,192,193
111,193,194
111,194,195
111,195,196
111,196,197
111,197,198
111,198,199
111,199,200
111,200,201
111,201,202
111,202,203
111,203,204
111,204,205
111,205,206
111,206,207
111,207,208
111,208,209
111,209,210
111,210,211
111,211,212
111,212,213
111,213,214
111,214,215
111,215,216
111,216,217
111,217,218
111,218,219
111,219,220
111,220,221
111,221,222
111,222,223
111,223,224
111,224,225
111,225,226
111,226,227
111,227,228
111,228,229
111,229,230
111,230,231
111,231,232
111,232,233
111,233,234
111,234,235
111,235,236
111,236,237
111,237,238
111,238,239
111,239,240
111,240,241
111,241,242
111,242,243
111,243,244
111,244,245
111,245,246
111,246,247
111,247,248
111,248,249
111,249,250
111,250,251
111,251,252
111,252,253
111,253,254
111,254,255
111,255,255
112,0,1
112,1,2
112,2,3
112,3,4
112,4,5
112,5,6
112,6,7
112,7,8
112,8,9
112,9,10
112,10,11
112,11,12
112,12,13
112,13,14
112,14,15
112,15,16
112,16,17
112,17,18
112,18,19
112,19,20
112,20,21
112,21,22
112,22,23
112,23,24
112,24,25
112,25,26
112,26,27
112,27,28
112,28,29
112,29,30
112,30,31
112,31,32
112,32,33
112,33,34
112,34,35
112,35,36
112,36,37
112,37,38
112,38,39
112,39,40
112,40,41
112,41,42
112,42,43
112,43,44
112,44,45
112,45,46
112,46,47
112,47,48
112,48,49
112,49,50
112,50,51
112,51,52
112,52,53
112,53,54
112,54,55
112,55,56
112,56,57
112,57,58
112,58,59
112,59,60
112,60,61
112,61,62
112,62,63
112,63,64
112,64,65
112,65,66
112,66,67
112,67,68
112,68,69
112,69,70
112,70,71
112,71,72
112,72,73
112,73,74
112,74,75
112,75,76
112,76,77
112,77,78
112,78,79
112,79,80
112,80,81
112,81,82
112,82,83
112,83,84
112,84,85
112,85,86
112,86,87
112,87,88
112,88,89
112,89,90
112,90,91
112,91,92
112,92,93
112,93,94
112,94,95
112,95,96
112,96,97
112,97,98
112,98,99
112,99,100
112,100,101
112,101,102
112,102,103
112,103,104
112,104,105
112,105,106
112,106,107
112,107,108
112,108,109
112,109,110
112,110,111
112,111,112
112,112,113
112,113,114
112,114,115
112,115,116
112,116,117
112,117,118
112,118,119
112,119,120
112,120,121
112,121,122
112,122,123
112,123,124
112,124,125
112,125,126
112,126,127
112,127,128
112,128,129
112,129,130
112,130,131
112,131,132
112,132,133
112,133,134
112,134,135
112,135,136
112,136,137
112,137,138
112,138,139
112,139,140
112,140,141
112,141,142
112,142,143
112,143,144
112,144,145
112,145,146
112,146,147
112,147,148
112,148,149
112,149,150
112,150,151
112,151,152
112,152,153
112,153,154
112,154,155
112,155,156
112,156,157
112,157,158
112,158,159
112,159,160
112,160,161
112,161,162
112,162,163
112,163,164
112,164,165
112,165,166
112,166,167
112,167,168
112,168,169
112,169,170
112,170,171
112,171,172
112,172,173
112,173,174
112,174,175
112,175,176
112,176,177
112,177,178
112,178,179
112,179,180
112,180,181
112,181,182
112,182,183
112,183,184
112,184,185
112,185,186
112,186,187
112,187,188
112,188,189
112,189,190
112,190,191
112,191,192
112,192,193
112,193,194
112,194,195
112,195,196
112,196,197
112,197,198
112,198,199
112,199,200
112,200,201
112,201,202
112,202,203
112,203,204
112,204,205
112,205,206
112,206,207
112,207,208
112,208,209
112,209,210
112,210,211
112,211,212
112,212,213
112,213,214
112,214,215
112,215,216
112,216,217
112,217,218
112,218,219
112,219,220
112,220,221
112,221,222
112,222,223
112,223,224
112,224,225
112,225,226
112,226,227
112,227,228
112,228,229
112,229,230
112,230,231
112,231,232
112,232,233
112,233,234
112,234,235
112,235,236
112,236,237
112,237,238
112,238,239
112,239,240
112,240,241
112,241,242
112,242,243
112,243,244
112,244,245
112,245,246
112,246,247
112,247,248
112,248,249
112,249,250
112,250,251
112,251,252
112,252,253
112,253,254
112,254,255
112,255,255
113,0,1
113,1,2
113,2,3
113,3,4
113,4,5
113,5,6
113,6,7
113,7,8
113,8,9
113,9,10
113,10,11
113,11,12
113,12,13
113,13,14
113,14,15
113,15,16
113,16,17
113,17,18
113,18,19
113,19,20
113,20,21
113,21,22
113,22,23
113,23,24
113,24,25
113,25,26
113,26,27
113,27,28
113,28,29
113,29,30
113,30,31
113,31,32
113,32,33
113,33,34
113,34,35
113,35,36
113,36,37
113,37,38
113,38,39
113,39,40
113,40,41
113,41,42
113,42,43
113,43,44
113,44,45
113,45,46
113,46,47
113,47,48
113,48,49
113,49,50
113,50,51
113,51,52
113,52,53
113,53,54
113,54,55
113,55,56
113,56,57
113,57,58
113,58,59
113,59,60
113,60,61
113,61,62
113,62,63
113,63,64
113,64,65
113,65,66
113,66,67
113,67,68
113,68,69
113,69,70
113,70,71
113,71,72
113,72,73
113,73,74
113,74,75
113,75,76
113,76,77
113,77,78
113,78,79
113,79,80
113,80,81
113,81,82
113,82,83
113,83,84
113,84,85
113,85,86
113,86,87
113,87,88
113,88,89
113,89,90
113,90,91
113,91,92
113,92,93
113,93,94
113,94,95
113,95,96
113,96,97
113,97,98
113,98,99
113,99,100
113,100,101
113,101,102
113,102,103
113,103,104
113,104,105
113,105,106
113,106,107
113,107,108
113,108,109
113,109,110
113,110,111
113,111,112
113,112,113
113,113,114
113,114,115
113,115,116
113,116,117
113,117,118
113,118,119
113,119,120
113,120,121
113,121,122
113,122,123
113,123,124
113,124,125
113,125,126
113,126,127
113,127,128
113,128,129
113,129,130
113,130,131
113,131,132
113,132,133
113,133,134
113,134,135
113,135,136
113,136,137
113,137,138
113,138,139
113,139,140
113,140,141
113,141,142
113,142,143
113,143,144
113,144,145
113,145,146
113,146,147
113,147,148
113,148,149
113,149,150
113,150,151
113,151,152
113,152,153
113,153,154
113,154,155
113,155,156
113,156,157
113,157,158
113,158,159
113,159,160
113,160,161
113,161,162
113,162,163
113,163,164
113,164,165
113,165,166
113,166,167
113,167,168
113,168,169
113,169,170
113,170,171
113,171,172
113,172,173
113,173,174
113,174,175
113,175,176
113,176,177
113,177,178
113,178,179
113,179,180
113,180,181
113,181,182
113,182,183
113,183,184
113,184,185
113,185,186
113,186,187
113,187,188
113,188,189
113,189,190
113,190,191
113,191,192
113,192,193
113,193,194
113,194,195
113,195,196
113,196,197
113,197,198
113,198,199
113,199,200
113,200,201
113,201,202
113,202,203
113,203,204
113,204,205
113,205,206
113,206,207
113,207,208
113,208,209
113,209,210
113,210,211
113,211,212
113,212,213
113,213,214
113,214,215
113,215,216
113,216,217
113,217,218
113,218,219
113,219,220
113,220,221
113,221,222
113,222,223
113,223,224
113,224,225
113,225,226
113,226,227
113,227,228
113,228,229
113,229,230
113,230,231
113,231,232
113,232,233
113,233,234
113,234,235
113,235,236
113,236,237
113,237,238
113,238,239
113,239,240
113,240,241
113,241,242
113,242,243
113,243,244
113,244,245
113,245,246
113,246,247
113,247,248
113,248,249
113,249,250
113,250,251
113,251,252
113,252,253
113,253,254
113,254,255
113,255,255
114,0,1
114,1,2
114,2,3
114,3,4
114,4,5
114,5,6
114,6,7
114,7,8
114,8,9
114,9,10
114,10,11
114,11,12
114,12,13
114,13,14
114,14,15
114,15,16
114,16,17
114,17,18
114,18,19
114,19,20
114,20,21
114,21,22
114,22,23
114,23,24
114,24,25
114,25,26
114,26,27
114,27,28
114,28,29
114,29,30
114,30,31
114,31,32
114,32,33
114,33,34
114,34,35
114,35,36
114,36,37
114,37,38
114,38,39
114,39,40
114,40,41
114,41,42
114,42,43
114,43,44
114,44,45
114,45,46
114,46,47
114,47,48
114,48,49
114,49,50
114,50,51
114,51,52
114,52,53
114,53,54
114,54,55
114,55,56
114,56,57
114,57,58
114,58,59
114,59,60
114,60,61
114,61,62
114,62,63
114,63,64
114,64,65
114,65,66
114,66,67
114,67,68
114,68,69
114,69,70
114,70,71
114,71,72
114,72,73
114,73,74
114,74,75
114,75,76
114,76,77
114,77,78
114,78,79
114,79,80
114,80,81
114,81,82
114,82,83
114,83,84
114,84,85
114,85,86
114,86,87
114,87,88
114,88,89
114,89,90
114,90,91
114,91,92
114,92,93
114,93,94
114,94,95
114,95,96
114,96,97
114,97,98
114,98,99
114,99,100
114,100,101
114,101,102
114,102,103
114,103,104
114,104,105
114,105,106
114,106,107
114,107,108
114,108,109
114,109,110
114,110,111
114,111,112
114,112,113
114,113,114
114,114,115
114,115,116
114,116,117
114,117,118
114,118,119
114,119,120
114,120,121
114,121,122
114,122,123
114,123,124
114,124,125
114,125,126
114,126,127
114,127,128
114,128,129
114,129,130
114,130,131
114,131,132
114,132,133
114,133,134
114,134,135
114,135,136
114,136,137
114,137,138
114,138,139
114,139,140
114,140,141
114,141,142
114,142,143
114,143,144
114,144,145
114,145,146
114,146,147
114,147,148
114,148,149
114,149,150
114,150,151
114,151,152
114,152,153
114,153,154
114,154,155
114,155,156
114,156,157
114,157,158
114,158,159
114,159,160
114,160,161
114,161,162
114,162,163
114,163,164
114,164,165
114,165,166
114,166,167
114,167,168
114,168,169
114,169,170
114,170,171
114,171,172
114,172,173
114,173,174
114,174,175
114,175,176
114,176,177
114,177,178
114,178,179
114,179,180
114,180,181
114,181,182
114,182,183
114,183,184
114,184,185
114,185,186
114,186,187
114,187,188
114,188,189
114,189,190
114,190,191
114,191,192
114,192,193
114,193,194
114,194,195
114,195,196
114,196,197
114,197,198
114,198,199
114,199,200
114,200,201
114,201,202
114,202,203
114,203,204
114,204,205
114,205,206
114,206,207
114,207,208
114,208,209
114,209,210
114,210,211
114,211,212
114,212,213
114,213,214
114,214,215
114,215,216
114,216,217
114,217,218
114,218,219
114,219,220
114,220,221
114,221,222
114,222,223
114,223,224
114,224,225
114,225,226
114,226,227
114,227,228
114,228,229
114,229,230
114,230,231
114,231,232
114,232,233
114,233,234
114,234,235
114,235,236
114,236,237
114,237,238
114,238,239
114,239,240
114,240,241
114,241,242
114,242,243
114,243,244
114,244,245
114,245,246
114,246,247
114,247,248
114,248,249
114,249,250
114,250,251
114,251,252
114,252,253
114,253,254
114,254,255
114,255,255
115,0,1
115,1,2
115,2,3
115,3,4
115,4,5
115,5,6
115,6,7
115,7,8
115,8,9
115,9,10
115,10,11
115,11,12
115,12,13
115,13,14
115,14,15
115,15,16
115,16,17
115,17,18
115,18,19
115,19,20
115,20,21
115,21,22
115,22,23
115,23,24
115,24,25
115,25,26
115,26,27
115,27,28
115,28,29
115,29,30
115,30,31
115,31,32
115,32,33
115,33,34
115,34,35
115,35,36
115,36,37
115,37,38
115,38,39
115,39,40
115,40,41
115,41,42
115,42,43
115,43,44
115,44,45
115,45,46
115,46,47
115,47,48
115,48,49
115,49,50
115,50,51
115,51,52
115,52,53
115,53,54
115,54,55
115,55,56
115,56,57
115,57,58
115,58,59
115,59,60
115,60,61
115,61,62
115,62,63
115,63,64
115,64,65
115,65,66
115,66,67
115,67,68
115,68,69
115,69,70
115,70,71
115,71,72
115,72,73
115,73,74
115,74,75
115,75,76
115,76,77
115,77,78
115,78,79
115,79,80
115,80,81
115,81,82
115,82,83
115,83,84
115,84,85
115,85,86
115,86,87
115,87,88
115,88,89
115,89,90
115,90,91
115,91,92
115,92,93
115,93,94
115,94,95
115,95,96
115,96,97
115,97,98
115,98,99
115,99,100
115,100,101
115,101,102
115,102,103
115,103,104
115,104,105
115,105,106
115,106,107
115,107,108
115,108,109
115,109,110
115,110,111
115,111,112
115,112,113
115,113,114
115,114,115
115,115,116
115,116,117
115,117,118
115,118,119
115,119,120
115,120,121
115,121,122
115,122,123
115,123,124
115,124,125
115,125,126
115,126,127
115,127,128
115,128,129
115,129,130
115,130,131
115,131,132
115,132,133
115,133,134
115,134,135
115,135,136
115,136,137
115,137,138
115,138,139
115,139,140
115,140,141
115,141,142
115,142,143
115,143,144
115,144,145
115,145,146
115,146,147
115,147,148
115,148,149
115,149,150
115,150,151
115,151,152
115,152,153
115,153,154
115,154,155
115,155,156
115,156,157
115,157,158
115,158,159
115,159,160
115,160,161
115,161,162
115,162,163
115,163,164
115,164,165
115,165,166
115,166,167
115,167,168
115,168,169
115,169,170
115,170,171
115,171,172
115,172,173
115,173,174
115,174,175
115,175,176
115,176,177
115,177,178
115,178,179
115,179,180
115,180,181
115,181,182
115,182,183
115,183,184
115,184,185
115,185,186
115,186,187
115,187,188
115,188,189
115,189,190
115,190,191
115,191,192
115,192,193
115,193,194
115,194,195
115,195,196
115,196,197
115,197,198
115,198,199
115,199,200
115,200,201
115,201,202
115,202,203
115,203,204
115,204,205
115,205,206
115,206,207
115,207,208
115,208,209
115,209,210
115,210,211
115,211,212
115,212,213
115,213,214
115,214,215
115,215,216
115,216,217
115,217,218
115,218,219
115,219,220
115,220,221
115,221,222
115,222,223
115,223,224
115,224,225
115,225,226
115,226,227
115,227,228
115,228,229
115,229,230
115,230,231
115,231,232
115,232,233
115,233,234
115,234,235
115,235,236
115,236,237
115,237,238
115,238,239
115,239,240
115,240,241
115,241,242
115,242,243
115,243,244
115,244,245
115,245,246
115,246,247
115,247,248
115,248,249
115,249,250
115,250,251
115,251,252
115,252,253
115,253,254
115,254,255
115,255,255
116,0,1
116,1,2
116,2,3
116,3,4
116,4,5
116,5,6
116,6,7
116,7,8
116,8,9
116,9,10
116,10,11
116,11,12
116,12,13
116,13,14
116,14,15
116,15,16
116,16,17
116,17,18
116,18,19
116,19,20
116,20,21
116,21,22
116,22,23
116,23,24
116,24,25
116,25,26
116,26,27
116,27,28
116,28,29
116,29,30
116,30,31
116,31,32
116,32,33
116,33,34
116,34,35
116,35,36
116,36,37
116,37,38
116,38,39
116,39,40
116,40,41
116,41,42
116,42,43
116,43,44
116,44,45
116,45,46
116,46,47
116,47,48
116,48,49
116,49,50
116,50,51
116,51,52
116,52,53
116,53,54
116,54,55
116,55,56
116,56,57
116,57,58
116,58,59
116,59,60
116,60,61
116,61,62
116,62,63
116,63,64
116,64,65
116,65,66
116,66,67
116,67,68
116,68,69
116,69,70
116,70,71
116,71,72
116,72,73
116,73,74
116,74,75
116,75,76
116,76,77
116,77,78
116,78,79
116,79,80
116,80,81
116,81,82
116,82,83
116,83,84
116,84,85
116,85,86
116,86,87
116,87,88
116,88,89
116,89,90
116,90,91
116,91,92
116,92,93
116,93,94
116,94,95
116,95,96
116,96,97
116,97,98
116,98,99
116,99,100
116,100,101
116,101,102
116,102,103
116,103,104
116,104,105
116,105,106
116,106,107
116,107,108
116,108,109
116,109,110
116,110,111
116,111,112
116,112,113
116,113,114
116,114,115
116,115,116
116,116,117
116,117,118
116,118,119
116,119,120
116,120,121
116,121,122
116,122,123
116,123,124
116,124,125
116,125,126
116,126,127
116,127,128
116,128,129
116,129,130
116,130,131
116,131,132
116,132,133
116,133,134
116,134,135
116,135,136
116,136,137
116,137,138
116,138,139
116,139,140
116,140,141
116,141,142
116,142,143
116,143,144
116,144,145
116,145,146
116,146,147
116,147,148
116,148,149
116,149,150
116,150,151
116,151,152
116,152,153
116,153,154
116,154,155
116,155,156
116,156,157
116,157,158
116,158,159
116,159,160
116,160,161
116,161,162
116,162,163
116,163,164
116,164,165
116,165,166
116,166,167
116,167,168
116,168,169
116,169,170
116,170,171
116,171,172
116,172,173
116,173,174
116,174,175
116,175,176
116,176,177
116,177,178
116,178,179
116,179,180
116,180,181
116,181,182
116,182,183
116,183,184
116,184,185
116,185,186
116,186,187
116,187,188
116,188,189
116,189,190
116,190,191
116,191,192
116,192,193
116,193,194
116,194,195
116,195,196
116,196,197
116,197,198
116,198,199
116,199,200
116,200,201
116,201,202
116,202,203
116,203,204
116,204,205
116,205,206
116,206,207
116,207,208
116,208,209
116,209,210
116,210,211
116,211,212
116,212,213
116,213,214
116,214,215
116,215,216
116,216,217
116,217,218
116,218,219
116,219,220
116,220,221
116,221,222
116,222,223
116,223,224
116,224,225
116,225,226
116,226,227
116,227,228
116,228,229
116,229,230
116,230,231
116,231,232
116,232,233
116,233,234
116,234,235
116,235,236
116,236,237
116,237,238
116,238,239
116,239,240
116,240,241
116,241,242
116,242,243
116,243,244
116,244,245
116,245,246
116,246,247
116,247,248
116,248,249
116,249,250
116,250,251
116,251,252
116,252,253
116,253,254
116,254,255
116,255,255
117,0,1
117,1,2
117,2,3
117,3,4
117,4,5
117,5,6
117,6,7
117,7,8
117,8,9
117,9,10
117,10,11
117,11,12
117,12,13
117,13,14
117,14,15
117,15,16
117,16,17
117,17,18
117,18,19
117,19,20
117,20,21
117,21,22
117,22,23
117,23,24
117,24,25
117,25,26
117,26,27
117,27,28
117,28,29
117,29,30
117,30,31
117,31,32
117,32,33
117,33,34
117,34,35
117,35,36
117,36,37
117,37,38
117,38,39
117,39,40
117,40,41
117,41,42
117,42,43
117,43,44
117,44,45
117,45,46
117,46,47
117,47,48
117,48,49
117,49,50
117,50,51
117,51,52
117,52,53
117,53,54
117,54,55
117,55,56
117,56,57
117,57,58
117,58,59
117,59,60
117,60,61
117,61,62
117,62,63
117,63,64
117,64,65
117,65,66
117,66,67
117,67,68
117,68,69
117,69,70
117,70,71
117,71,72
117,72,73
117,73,74
117,74,75
117,75,76
117,76,77
117,77,78
117,78,79
117,79,80
117,80,81
117,81,82
117,82,83
117,83,84
117,84,85
117,85,86
117,86,87
117,87,88
117,88,89
117,89,90
117,90,91
117,91,92
117,92,93
117,93,94
117,94,95
117,95,96
117,96,97
117,97,98
117,98,99
117,99,100
117,100,101
117,101,102
117,102,103
117,103,104
117,104,105
117,105,106
117,106,107
117,107,108
117,108,109
117,109,110
117,110,111
117,111,112
117,112,113
117,113,114
117,114,115
117,115,116
117,116,117
117,117,118
117,118,119
117,119,120
117,120,121
117,121,122
117,122,123
117,123,124
117,124,125
117,125,126
117,126,127
117,127,128
117,128,129
117,129,130
117,130,131
117,131,132
117,132,133
117,133,134
117,134,135
117,135,136
117,136,137
117,137,138
117,138,139
117,139,140
117,140,141
117,141,142
117,142,143
117,143,144
117,144,145
117,145,146
117,146,147
117,147,148
117,148,149
117,149,150
117,150,151
117,151,152
117,152,153
117,153,154
117,154,155
117,155,156
117,156,157
117,157,158
117,158,159
117,159,160
117,160,161
117,161,162
117,162,163
117,163,164
117,164,165
117,165,166
117,166,167
117,167,168
117,168,169
117,169,170
117,170,171
117,171,172
117,172,173
117,173,174
117,174,175
117,175,176
117,176,177
117,177,178
117,178,179
117,179,180
117,180,181
117,181,182
117,182,183
117,183,184
117,184,185
117,185,186
117,186,187
117,187,188
117,188,189
117,189,190
117,190,191
117,191,192
117,192,193
117,193,194
117,194,195
117,195,196
117,196,197
117,197,198
117,198,199
117,199,200
117,200,201
117,201,202
117,202,203
117,203,204
117,204,205
117,205,206
117,206,207
117,207,208
117,208,209
117,209,210
117,210,211
117,211,212
117,212,213
117,213,214
117,214,215
117,215,216
117,216,217
117,217,218
117,218,219
117,219,220
117,220,221
117,221,222
117,222,223
117,223,224
117,224,225
117,225,226
117,226,227
117,227,228
117,228,229
117,229,230
117,230,231
117,231,232
117,232,233
117,233,234
117,234,235
117,235,236
117,236,237
117,237,238
117,238,239
117,239,240
117,240,241
117,241,242
117,242,243
117,243,244
117,244,245
117,245,246
117,246,247
117,247,248
117,248,249
117,249,250
117,250,251
117,251,252
117,252,253
117,253,254
117,254,255
117,255,255
118,0,1
118,1,2
118,2,3
118,3,4
118,4,5
118,5,6
118,6,7
118,7,8
118,8,9
118,9,10
118,10,11
118,11,12
118,12,13
118,13,14
118,14,15
118,15,16
118,16,17
118,17,18
118,18,19
118,19,20
118,20,21
118,21,22
118,22,23
118,23,24
118,24,25
118,25,26
118,26,27
118,27,28
118,28,29
118,29,30
118,30,31
118,31,32
118,32,33
118,33,34
118,34,35
118,35,36
118,36,37
118,37,38
118,38,39
118,39,40
118,40,41
118,41,42
118,42,43
118,43,44
118,44,45
118,45,46
118,46,47
118,47,48
118,48,49
118,49,50
118,50,51
118,51,52
118,52,53
118,53,54
118,54,55
118,55,56
118,56,57
118,57,58
118,58,59
118,59,60
118,60,61
118,61,62
118,62,63
118,63,64
118,64,65
118,65,66
118,66,67
118,67,68
118,68,69
118,69,70
118,70,71
118,71,72
118,72,73
118,73,74
118,74,75
118,75,76
118,76,77
118,77,78
118,78,79
118,79,80
118,80,81
118,81,82
118,82,83
118,83,84
118,84,85
118,85,86
118,86,87
118,87,88
118,88,89
118,89,90
118,90,91
118,91,92
118,92,93
118,93,94
118,94,95
118,95,96
118,96,97
118,97,98
118,98,99
118,99,100
118,100,101
118,101,102
118,102,103
118,103,104
118,104,105
118,105,106
118,106,107
118,107,108
118,108,109
118,109,110
118,110,111
118,111,112
118,112,113
118,113,114
118,114,115
118,115,116
118,116,117
118,117,118
118,118,119
118,119,120
118,120,121
118,121,122
118,122,123
118,123,124
118,124,125
118,125,126
118,126,127
118,127,128
118,128,129
118,129,130
118,130,131
118,131,132
118,132,133
118,133,134
118,134,135
118,135,136
118,136,137
118,137,138
118,138,139
118,139,140
118,140,141
118,141,142
118,142,143
118,143,144
118,144,145
118,145,146
118,146,147
118,147,148
118,148,149
118,149,150
118,150,151
118,151,152
118,152,153
118,153,154
118,154,155
118,155,156
118,156,157
118,157,158
118,158,159
118,159,160
118,160,161
118,161,162
118,162,163
118,163,164
118,164,165
118,165,166
118,166,167
118,167,168
118,168,169
118,169,170
118,170,171
118,171,172
118,172,173
118,173,174
118,174,175
118,175,176
118,176,177
118,177,178
118,178,179
118,179,180
118,180,181
118,181,182
118,182,183
118,183,184
118,184,185
118,185,186
118,186,187
118,187,188
118,188,189
118,189,190
118,190,191
118,191,192
118,192,193
118,193,194
118,194,195
118,195,196
118,196,197
118,197,198
118,198,199
118,199,200
118,200,201
118,201,202
118,202,203
118,203,204
118,204,205
118,205,206
118,206,207
118,207,208
118,208,209
118,209,210
118,210,211
118,211,212
118,212,213
118,213,214
118,214,215
118,215,216
118,216,217
118,217,218
118,218,219
118,219,220
118,220,221
118,221,222
118,222,223
118,223,224
118,224,225
118,225,226
118,226,227
118,227,228
118,228,229
118,229,230
118,230,231
118,231,232
118,232,233
118,233,234
118,234,235
118,235,236
118,236,237
118,237,238
118,238,239
118,239,240
118,240,241
118,241,242
118,242,243
118,243,244
118,244,245
118,245,246
118,246,247
118,247,248
118,248,249
118,249,250
118,250,251
118,251,252
118,252,253
118,253,254
118,254,255
118,255,255
119,0,1
119,1,2
119,2,3
119,3,4
119,4,5
119,5,6
119,6,7
119,7,8
119,8,9
119,9,10
119,10,11
119,11,12
119,12,13
119,13,14
119,14,15
119,15,16
119,16,17
119,17,18
119,18,19
119,19,20
119,20,21
119,21,22
119,22,23
119,23,24
119,24,25
119,25,26
119,26,27
119,27,28
119,28,29
119,29,30
119,30,31
119,31,32
119,32,33
119,33,34
119,34,35
119,35,36
119,36,37
119,37,38
119,38,39
119,39,40
119,40,41
119,41,42
119,42,43
119,43,44
119,44,45
119,45,46
119,46,47
119,47,48
119,48,49
119,49,50
119,50,51
119,51,52
119,52,53
119,53,54
119,54,55
119,55,56
119,56,57
119,57,58
119,58,59
119,59,60
119,60,61
119,61,62
119,62,63
119,63,64
119,64,65
119,65,66
119,66,67
119,67,68
119,68,69
119,69,70
119,70,71
119,71,72
119,72,73
119,73,74
119,74,75
119,75,76
119,76,77
119,77,78
119,78,79
119,79,80
119,80,81
119,81,82
119,82,83
119,83,84
119,84,85
119,85,86
119,86,87
119,87,88
119,88,89
119,89,90
119,90,91
119,91,92
119,92,93
119,93,94
119,94,95
119,95,96
119,96,97
119,97,98
119,98,99
119,99,100
119,100,101
119,101,102
119,102,103
119,103,104
119,104,105
119,105,106
119,106,107
119,107,108
119,108,109
119,109,110
119,110,111
119,111,112
119,112,113
119,113,114
119,114,115
119,115,116
119,116,117
119,117,118
119,118,119
119,119,120
119,120,121
119,121,122
119,122,123
119,123,124
119,124,125
119,125,126
119,126,127
119,127,128
119,128,129
119,129,130
119,130,131
119,131,132
119,132,133
119,133,134
119,134,135
119,135,136
119,136,137
119,137,138
119,138,139
119,139,140
119,140,141
119,141,142
119,142,143
119,143,144
119,144,145
119,145,146
119,146,147
119,147,148
119,148,149
119,149,150
119,150,151
119,151,152
119,152,153
119,153,154
119,154,155
119,155,156
119,156,157
119,157,158
119,158,159
119,159,160
119,160,161
119,161,162
119,162,163
119,163,164
119,164,165
119,165,166
119,166,167
119,167,168
119,168,169
119,169,170
119,170,171
119,171,172
119,172,173
119,173,174
119,174,175
119,175,176
119,176,177
119,177,178
119,178,179
119,179,180
119,180,181
119,181,182
119,182,183
119,183,184
119,184,185
119,185,186
119,186,187
119,187,188
119,188,189
119,189,190
119,190,191
119,191,192
119,192,193
119,193,194
119,194,195
119,195,196
119,196,197
119,197,198
119,198,199
119,199,200
119,200,201
119,201,202
119,202,203
119,203,204
119,204,205
119,205,206
119,206,207
119,207,208
119,208,209
119,209,210
119,210,211
119,211,212
119,212,213
119,213,214
119,214,215
119,215,216
119,216,217
119,217,218
119,218,219
119,219,220
119,220,221
119,221,222
119,222,223
119,223,224
119,224,225
119,225,226
119,226,227
119,227,228
119,228,229
119,229,230
119,230,231
119,231,232
119,232,233
119,233,234
119,234,235
119,235,236
119,236,237
119,237,238
119,238,239
119,239,240
119,240,241
119,241,242
119,242,243
119,243,244
119,244,245
119,245,246
119,246,247
119,247,248
119,248,249
119,249,250
119,250,251
119,251,252
119,252,253
119,253,254
119,254,255
119,255,255
120,0,1
120,1,2
120,2,3
120,3,4
120,4,5
120,5,6
120,6,7
120,7,8
120,8,9
120,9,10
120,10,11
120,11,12
120,12,13
120,13,14
120,14,15
120,15,16
120,16,17
120,17,18
120,18,19
120,19,20
120,20,21
120,21,22
120,22,23
120,23,24
120,24,25
120,25,26
120,26,27
120,27,28
120,28,29
120,29,30
120,30,31
120,31,32
120,32,33
120,33,34
120,34,35
120,35,36
120,36,37
120,37,38
120,38,39
120,39,40
120,40,41
120,41,42
120,42,43
120,43,44
120,44,45
120,45,46
120,46,47
120,47,48
120,48,49
120,49,50
120,50,51
120,51,52
120,52,53
120,53,54
120,54,55
120,55,56
120,56,57
120,57,58
120,58,59
120,59,60
120,60,61
120,61,62
120,62,63
120,63,64
120,64,65
120,65,66
120,66,67
120,67,68
120,68,69
120,69,70
120,70,71
120,71,72
120,72,73
120,73,74
120,74,75
120,75,76
120,76,77
120,77,78
120,78,79
120,79,80
120,80,81
120,81,82
120,82,83
120,83,84
120,84,85
120,85,86
120,86,87
120,87,88
120,88,89
120,89,90
120,90,91
120,91,92
120,92,93
120,93,94
120,94,95
120,95,96
120,96,97
120,97,98
120,98,99
120,99,100
120,100,101
120,101,102
120,102,103
120,103,104
120,104,105
120,105,106
120,106,107
120,107,108
120,108,109
120,109,110
120,110,111
120,111,112
120,112,113
120,113,114
120,114,115
120,115,116
120,116,117
120,117,118
120,118,119
120,119,120
120,120,121
120,121,122
120,122,123
120,123,124
120,124,125
120,125,126
120,126,127
120,127,128
120,128,129
120,129,130
120,130,131
120,131,132
120,132,133
120,133,134
120,134,135
120,135,136
120,136,137
120,137,138
120,138,139
120,139,140
120,140,141
120,141,142
120,142,143
120,143,144
120,144,145
120,145,146
120,146,147
120,147,148
120,148,149
120,149,150
120,150,151
120,151,152
120,152,153
120,153,154
120,154,155
120,155,156
120,156,157
120,157,158
120,158,159
120,159,160
120,160,161
120,161,162
120,162,163
120,163,164
120,164,165
120,165,166
120,166,167
120,167,168
120,168,169
120,169,170
120,170,171
120,171,172
120,172,173
120,173,174
120,174,175
120,175,176
120,176,177
120,177,178
120,178,179
120,179,180
120,180,181
120,181,182
120,182,183
120,183,184
120,184,185
120,185,186
120,186,187
120,187,188
120,188,189
120,189,190
120,190,191
120,191,192
120,192,193
120,193,194
120,194,195
120,195,196
120,196,197
120,197,198
120,198,199
120,199,200
120,200,201
120,201,202
120,202,203
120,203,204
120,204,205
120,205,206
120,206,207
120,207,208
120,208,209
120,209,210
120,210,211
120,211,212
120,212,213
120,213,214
120,214,215
120,215,216
120,216,217
120,217,218
120,218,219
120,219,220
120,220,221
120,221,222
120,222,223
120,223,224
120,224,225
120,225,226
120,226,227
120,227,228
120,228,229
120,229,230
120,230,231
120,231,232
120,232,233
120,233,234
120,234,235
120,235,236
120,236,237
120,237,238
120,238,239
120,239,240
120,240,241
120,241,242
120,242,243
120,243,244
120,244,245
120,245,246
120,246,247
120,247,248
120,248,249
120,249,250
120,250,251
120,251,252
120,252,253
120,253,254
120,254,255
120,255,255
121,0,1
121,1,2
121,2,3
121,3,4
121,4,5
121,5,6
121,6,7
121,7,8
121,8,9
121,9,10
121,10,11
121,11,12
121,12,13
121,13,14
121,14,15
121,15,16
121,16,17
121,17,18
121,18,19
121,19,20
121,20,21
121,21,22
121,22,23
121,23,24
121,24,25
121,25,26
121,26,27
121,27,28
121,28,29
121,29,30
121,30,31
121,31,32
121,32,33
121,33,34
121,34,35
121,35,36
121,36,37
121,37,38
121,38,39
121,39,40
121,40,41
121,41,42
121,42,43
121,43,44
121,44,45
121,45,46
121,46,47
121,47,48
121,48,49
121,49,50
121,50,51
121,51,52
121,52,53
121,53,54
121,54,55
121,55,56
121,56,57
121,57,58
121,58,59
121,59,60
121,60,61
121,61,62
121,62,63
121,63,64
121,64,65
121,65,66
121,66,67
121,67,68
121,68,69
121,69,70
121,70,71
121,71,72
121,72,73
121,73,74
121,74,75
121,75,76
121,76,77
121,77,78
121,78,79
121,79,80
121,80,81
121,81,82
121,82,83
121,83,84
121,84,85
121,85,86
121,86,87
121,87,88
121,88,89
121,89,90
121,90,91
121,91,92
121,92,93
121,93,94
121,94,95
121,95,96
121,96,97
121,97,98
121,98,99
121,99,100
121,100,101
121,101,102
121,102,103
121,103,104
121,104,105
121,105,106
121,106,107
121,107,108
121,108,109
121,109,110
121,110,111
121,111,112
121,112,113
121,113,114
121,114,115
121,115,116
121,116,117
121,117,118
121,118,119
121,119,120
121,120,121
121,121,122
121,122,123
121,123,124
121,124,125
121,125,126
121,126,127
121,127,128
121,128,129
121,129,130
121,130,131
121,131,132
121,132,133
121,133,134
121,134,135
121,135,136
121,136,137
121,137,138
121,138,139
121,139,140
121,140,141
121,141,142
121,142,143
121,143,144
121,144,145
121,145,146
121,146,147
121,147,148
121,148,149
121,149,150
121,150,151
121,151,152
121,152,153
121,153,154
121,154,155
121,155,156
121,156,157
121,157,158
121,158,159
121,159,160
121,160,161
121,161,162
121,162,163
121,163,164
121,164,165
121,165,166
121,166,167
121,167,168
121,168,169
121,169,170
121,170,171
121,171,172
121,172,173
121,173,174
121,174,175
121,175,176
121,176,177
121,177,178
121,178,179
121,179,180
121,180,181
121,181,182
121,182,183
121,183,184
121,184,185
121,185,186
121,186,187
121,187,188
121,188,189
121,189,190
121,190,191
121,191,192
121,192,193
121,193,194
121,194,195
121,195,196
121,196,197
121,197,198
121,198,199
121,199,200
121,200,201
121,201,202
121,202,203
121,203,204
121,204,205
121,205,206
121,206,207
121,207,208
121,208,209
121,209,210
121,210,211
121,211,212
121,212,213
121,213,214
121,214,215
121,215,216
121,216,217
121,217,218
121,218,219
121,219,220
121,220,221
121,221,222
121,222,223
121,223,224
121,224,225
121,225,226
121,226,227
121,227,228
121,228,229
121,229,230
121,230,231
121,231,232
121,232,233
121,233,234
121,234,235
121,235,236
121,236,237
121,237,238
121,238,239
121,239,240
121,240,241
121,241,242
121,242,243
121,243,244
121,244,245
121,245,246
121,246,247
121,247,248
121,248,249
121,249,250
121,250,251
121,251,252
121,252,253
121,253,254
121,254,255
121,255,255
122,0,1
122,1,2
122,2,3
122,3,4
122,4,5
122,5,6
122,6,7
122,7,8
122,8,9
122,9,10
122,10,11
122,11,12
122,12,13
122,13,14
122,14,15
122,15,16
122,16,17
122,17,18
122,18,19
122,19,20
122,20,21
122,21,22
122,22,23
122,23,24
122,24,25
122,25,26
122,26,27
122,27,28
122,28,29
122,29,30
122,30,31
122,31,32
122,32,33
122,33,34
122,34,35
122,35,36
122,36,37
122,37,38
122,38,39
122,39,40
122,40,41
122,41,42
122,42,43
122,43,44
122,44,45
122,45,46
122,46,47
122,47,48
122,48,49
122,49,50
122,50,51
122,51,52
122,52,53
122,53,54
122,54,55
122,55,56
122,56,57
122,57,58
122,58,59
122,59,60
122,60,61
122,61,62
122,62,63
122,63,64
122,64,65
122,65,66
122,66,67
122,67,68
122,68,69
122,69,70
122,70,71
122,71,72
122,72,73
122,73,74
122,74,75
122,75,76
122,76,77
122,77,78
122,78,79
122,79,80
122,80,81
122,81,82
122,82,83
122,83,84
122,84,85
122,85,86
122,86,87
122,87,88
122,88,89
122,89,90
122,90,91
122,91,92
122,92,93
122,93,94
122,94,95
122,95,96
122,96,97
122,97,98
122,98,99
122,99,100
122,100,101
122,101,102
122,102,103
122,103,104
122,104,105
122,105,106
122,106,107
122,107,108
122,108,109
122,109,110
122,110,111
122,111,112
122,112,113
122,113,114
122,114,115
122,115,116
122,116,117
122,117,118
122,118,119
122,119,120
122,120,121
122,121,122
122,122,123
122,123,124
122,124,125
122,125,126
122,126,127
122,127,128
122,128,129
122,129,130
122,130,131
122,131,132
122,132,133
122,133,134
122,134,135
122,135,136
122,136,137
122,137,138
122,138,139
122,139,140
122,140,141
122,141,142
122,142,143
122,143,144
122,144,145
122,145,146
122,146,147
122,147,148
122,148,149
122,149,150
122,150,151
122,151,152
122,152,153
122,153,154
122,154,155
122,155,156
122,156,157
122,157,158
122,158,159
122,159,160
122,160,161
122,161,162
122,162,163
122,163,164
122,164,165
122,165,166
122,166,167
122,167,168
122,168,169
122,169,170
122,170,171
122,171,172
122,172,173
122,173,174
122,174,175
122,175,176
122,176,177
122,177,178
122,178,179
122,179,180
122,180,181
122,181,182
122,182,183
122,183,184
122,184,185
122,185,186
122,186,187
122,187,188
122,188,189
122,189,190
122,190,191
122,191,192
122,192,193
122,193,194
122,194,195
122,195,196
122,196,197
122,197,198
122,198,199
122,199,200
122,200,201
122,201,202
122,202,203
122,203,204
122,204,205
122,205,206
122,206,207
122,207,208
122,208,209
122,209,210
122,210,211
122,211,212
122,212,213
122,213,214
122,214,215
122,215,216
122,216,217
122,217,218
122,218,219
122,219,220
122,220,221
122,221,222
122,222,223
122,223,224
122,224,225
122,225,226
122,226,227
122,227,228
122,228,229
122,229,230
122,230,231
122,231,232
122,232,233
122,233,234
122,234,235
122,235,236
122,236,237
122,237,238
122,238,239
122,239,240
122,240,241
122,241,242
122,242,243
122,243,244
122,244,245
122,245,246
122,246,247
122,247,248
122,248,249
122,249,250
122,250,251
122,251,252
122,252,253
122,253,254
122,254,255
122,255,255
123,0,1
123,1,2
123,2,3
123,3,4
123,4,5
123,5,6
123,6,7
123,7,8
123,8,9
123,9,10
123,10,11
123,11,12
123,12,13
123,13,14
123,14,15
123,15,16
123,16,17
123,17,18
123,18,19
123,19,20
123,20,21
123,21,22
123,22,23
123,23,24
123,24,25
123,25,26
123,26,27
123,27,28
123,28,29
123,29,30
123,30,31
123,31,32
123,32,33
123,33,34
123,34,35
123,35,36
123,36,37
123,37,38
123,38,39
123,39,40
123,40,41
123,41,42
123,42,43
123,43,44
123,44,45
123,45,46
123,46,47
123,47,48
123,48,49
123,49,50
123,50,51
123,51,52
123,52,53
123,53,54
123,54,55
123,55,56
123,56,57
123,57,58
123,58,59
123,59,60
123,60,61
123,61,62
123,62,63
123,63,64
123,64,65
123,65,66
123,66,67
123,67,68
123,68,69
123,69,70
123,70,71
123,71,72
123,72,73
123,73,74
123,74,75
123,75,76
123,76,77
123,77,78
123,78,79
123,79,80
123,80,81
123,81,82
123,82,83
123,83,84
123,84,85
123,85,86
123,86,87
123,87,88
123,88,89
123,89,90
123,90,91
123,91,92
123,92,93
123,93,94
123,94,95
123,95,96
123,96,97
123,97,98
123,98,99
123,99,100
123,100,101
123,101,102
123,102,103
123,103,104
123,104,105
123,105,106
123,106,107
123,107,108
123,108,109
123,109,110
123,110,111
123,111,112
123,112,113
123,113,114
123,114,115
123,115,116
123,116,117
123,117,118
123,118,119
123,119,120
123,120,121
123,121,122
123,122,123
123,123,124
123,124,125
123,125,126
123,126,127
123,127,128
123,128,129
123,129,130
123,130,131
123,131,132
123,132,133
123,133,134
123,134,135
123,135,136
123,136,137
123,137,138
123,138,139
123,139,140
123,140,141
123,141,142
123,142,143
123,143,144
123,144,145
123,145,146
123,146,147
123,147,148
123,148,149
123,149,150
123,150,151
123,151,152
123,152,153
123,153,154
123,154,155
123,155,156
123,156,157
123,157,158
123,158,159
123,159,160
123,160,161
123,161,162
123,162,163
123,163,164
123,164,165
123,165,166
123,166,167
123,167,168
123,168,169
123,169,170
123,170,171
123,171,172
123,172,173
123,173,174
123,174,175
123,175,176
123,176,177
123,177,178
123,178,179
123,179,180
123,180,181
123,181,182
123,182,183
123,183,184
123,184,185
123,185,186
123,186,187
123,187,188
123,188,189
123,189,190
123,190,191
123,191,192
123,192,193
123,193,194
123,194,195
123,195,196
123,196,197
123,197,198
123,198,199
123,199,200
123,200,201
123,201,202
123,202,203
123,203,204
123,204,205
123,205,206
123,206,207
123,207,208
123,208,209
123,209,210
123,210,211
123,211,212
123,212,213
123,213,214
123,214,215
123,215,216
123,216,217
123,217,218
123,218,219
123,219,220
123,220,221
123,221,222
123,222,223
123,223,224
123,224,225
123,225,226
123,226,227
123,227,228
123,228,229
123,229,230
123,230,231
123,231,232
123,232,233
123,233,234
123,234,235
123,235,236
123,236,237
123,237,238
123,238,239
123,239,240
123,240,241
123,241,242
123,242,243
123,243,244
123,244,245
123,245,246
123,246,247
123,247,248
123,248,249
123,249,250
123,250,251
123,251,252
123,252,253
123,253,254
123,254,255
123,255,255
124,0,1
124,1,2
124,2,3
124,3,4
124,4,5
124,5,6
124,6,7
124,7,8
124,8,9
124,9,10
124,10,11
124,11,12
124,12,13
124,13,14
124,14,15
124,15,16
124,16,17
124,17,18
124,18,19
124,19,20
124,20,21
124,21,22
124,22,23
124,23,24
124,24,25
124,25,26
124,26,27
124,27,28
124,28,29
124,29,30
124,30,31
124,31,32
124,32,33
124,33,34
124,34,35
124,35,36
124,36,37
124,37,38
124,38,39
124,39,40
124,40,41
124,41,42
124,42,43
124,43,44
124,44,45
124,45,46
124,46,47
124,47,48
124,48,49
124,49,50
124,50,51
124,51,52
124,52,53
124,53,54
124,54,55
124,55,56
124,56,57
124,57,58
124,58,59
124,59,60
124,60,61
124,61,62
124,62,63
124,63,64
124,64,65
124,65,66
124,66,67
124,67,68
124,68,69
124,69,70
124,70,71
124,71,72
124,72,73
124,73,74
124,74,75
124,75,76
124,76,77
124,77,78
124,78,79
124,79,80
124,80,81
124,81,82
124,82,83
124,83,84
124,84,85
124,85,86
124,86,87
124,87,88
124,88,89
124,89,90
124,90,91
124,91,92
124,92,93
124,93,94
124,94,95
124,95,96
124,96,97
124,97,98
124,98,99
124,99,100
124,100,101
124,101,102
124,102,103
124,103,104
124,104,105
124,105,106
124,106,107
124,107,108
124,108,109
124,109,110
124,110,111
124,111,112
124,112,113
124,113,114
124,114,115
124,115,116
124,116,117
124,117,118
124,118,119
124,119,120
124,120,121
124,121,122
124,122,123
124,123,124
124,124,125
124,125,126
124,126,127
124,127,128
124,128,129
124,129,130
124,130,131
124,131,132
124,132,133
124,133,134
124,134,135
124,135,136
124,136,137
124,137,138
124,138,139
124,139,140
124,140,141
124,141,142
124,142,143
124,143,144
124,144,145
124,145,146
124,146,147
124,147,148
124,148,149
124,149,150
124,150,151
124,151,152
124,152,153
124,153,154
124,154,155
124,155,156
124,156,157
124,157,158
124,158,159
124,159,160
124,160,161
124,161,162
124,162,163
124,163,164
124,164,165
124,165,166
124,166,167
124,167,168
124,168,169
124,169,170
124,170,171
124,171,172
124,172,173
124,173,174
124,174,175
124,175,176
124,176,177
124,177,178
124,178,179
124,179,180
124,180,181
124,181,182
124,182,183
124,183,184
124,184,185
124,185,186
124,186,187
124,187,188
124,188,189
124,189,190
124,190,191
124,191,192
124,192,193
124,193,194
124,194,195
124,195,196
124,196,197
124,197,198
124,198,199
124,199,200
124,200,201
124,201,202
124,202,203
124,203,204
124,204,205
124,205,206
124,206,207
124,207,208
124,208,209
124,209,210
124,210,211
124,211,212
124,212,213
124,213,214
124,214,215
124,215,216
124,216,217
124,217,218
124,218,219
124,219,220
124,220,221
124,221,222
124,222,223
124,223,224
124,224,225
124,225,226
124,226,227
124,227,228
124,228,229
124,229,230
124,230,231
124,231,232
124,232,233
124,233,234
124,234,235
124,235,236
124,236,237
124,237,238
124,238,239
124,239,240
124,240,241
124,241,242
124,242,243
124,243,244
124,244,245
124,245,246
124,246,247
124,247,248
124,248,249
124,249,250
124,250,251
124,251,252
124,252,253
124,253,254
124,254,255
124,255,255
125,0,1
125,1,2
125,2,3
125,3,4
125,4,5
125,5,6
125,6,7
125,7,8
125,8,9
125,9,10
125,10,11
125,11,12
125,12,13
125,13,14
125,14,15
125,15,16
125,16,17
125,17,18
125,18,19
125,19,20
125,20,21
125,21,22
125,22,23
125,23,24
125,24,25
125,25,26
125,26,27
125,27,28
125,28,29
125,29,30
125,30,31
125,31,32
125,32,33
125,33,34
125,34,35
125,35,36
125,36,37
125,37,38
125,38,39
125,39,40
125,40,41
125,41,42
125,42,43
125,43,44
125,44,45
125,45,46
125,46,47
125,47,48
125,48,49
125,49,50
125,50,51
125,51,52
125,52,53
125,53,54
125,54,55
125,55,56
125,56,57
125,57,58
125,58,59
125,59,60
125,60,61
125,61,62
125,62,63
125,63,64
125,64,65
125,65,66
125,66,67
125,67,68
125,68,69
125,69,70
125,70,71
125,71,72
125,72,73
125,73,74
125,74,75
125,75,76
125,76,77
125,77,78
125,78,79
125,79,80
125,80,81
125,81,82
125,82,83
125,83,84
125,84,85
125,85,86
125,86,87
125,87,88
125,88,89
125,89,90
125,90,91
125,91,92
125,92,93
125,93,94
125,94,95
125,95,96
125,96,97
125,97,98
125,98,99
125,99,100
125,100,101
125,101,102
125,102,103
125,103,104
125,104,105
125,105,106
125,106,107
125,107,108
125,108,109
125,109,110
125,110,111
125,111,112
125,112,113
125,113,114
125,114,115
125,115,116
125,116,117
125,117,118
125,118,119
125,119,120
125,120,121
125,121,122
125,122,123
125,123,124
125,124,125
125,125,126
125,126,127
125,127,128
125,128,129
125,129,130
125,130,131
125,131,132
125,132,133
125,133,134
125,134,135
125,135,136
125,136,137
125,137,138
125,138,139
125,139,140
125,140,141
125,141,142
125,142,143
125,143,144
125,144,145
125,145,146
125,146,147
125,147,148
125,148,149
125,149,150
125,150,151
125,151,152
125,152,153
125,153,154
125,154,155
125,155,156
125,156,157
125,157,158
125,158,159
125,159,160
125,160,161
125,161,162
125,162,163
125,163,164
125,164,165
125,165,166
125,166,167
125,167,168
125,168,169
125,169,170
125,170,171
125,171,172
125,172,173
125,173,174
125,174,175
125,175,176
125,176,177
125,177,178
125,178,179
125,179,180
125,180,181
125,181,182
125,182,183
125,183,184
125,184,185
125,185,186
125,186,187
125,187,188
125,188,189
125,189,190
125,190,191
125,191,192
125,192,193
125,193,194
125,194,195
125,195,196
125,196,197
125,197,198
125,198,199
125,199,200
125,200,201
125,201,202
125,202,203
125,203,204
125,204,205
125,205,206
125,206,207
125,207,208
125,208,209
125,209,210
125,210,211
125,211,212
125,212,213
125,213,214
125,214,215
125,215,216
125,216,217
125,217,218
125,218,219
125,219,220
125,220,221
125,221,222
125,222,223
125,223,224
125,224,225
125,225,226
125,226,227
125,227,228
125,228,229
125,229,230
125,230,231
125,231,232
125,232,233
125,233,234
125,234,235
125,235,236
125,236,237
125,237,238
125,238,239
125,239,240
125,240,241
125,241,242
125,242,243
125,243,244
125,244,245
125,245,246
125,246,247
125,247,248
125,248,249
125,249,250
125,250,251
125,251,252
125,252,253
125,253,254
125,254,255
125,255,255
126,0,1
126,1,2
126,2,3
126,3,4
126,4,5
126,5,6
126,6,7
126,7,8
126,8,9
126,9,10
126,10,11
126,11,12
126,12,13
126,13,14
126,14,15
126,15,16
126,16,17
126,17,18
126,18,19
126,19,20
126,20,21
126,21,22
126,22,23
126,23,24
126,24,25
126,25,26
126,26,27
126,27,28
126,28,29
126,29,30
126,30,31
126,31,32
126,32,33
126,33,34
126,34,35
126,35,36
126,36,37
126,37,38
126,38,39
126,39,40
126,40,41
126,41,42
126,42,43
126,43,44
126,44,45
126,45,46
126,46,47
126,47,48
126,48,49
126,49,50
126,50,51
126,51,52
126,52,53
126,53,54
126,54,55
126,55,56
126,56,57
126,57,58
126,58,59
126,59,60
126,60,61
126,61,62
126,62,63
126,63,64
126,64,65
126,65,66
126,66,67
126,67,68
126,68,69
126,69,70
126,70,71
126,71,72
126,72,73
126,73,74
126,74,75
126,75,76
126,76,77
126,77,78
126,78,79
126,79,80
126,80,81
126,81,82
126,82,83
126,83,84
126,84,85
126,85,86
126,86,87
126,87,88
126,88,89
126,89,90
126,90,91
126,91,92
126,92,93
126,93,94
126,94,95
126,95,96
126,96,97
126,97,98
126,98,99
126,99,100
126,100,101
126,101,102
126,102,103
126,103,104
126,104,105
126,105,106
126,106,107
126,107,108
126,108,109
126,109,110
126,110,111
126,111,112
126,112,113
126,113,114
126,114,115
126,115,116
126,116,117
126,117,118
126,118,119
126,119,120
126,120,121
126,121,122
126,122,123
126,123,124
126,124,125
126,125,126
126,126,127
126,127,128
126,128,129
126,129,130
126,130,131
126,131,132
126,132,133
126,133,134
126,134,135
126,135,136
126,136,137
126,137,138
126,138,139
126,139,140
126,140,141
126,141,142
126,142,143
126,143,144
126,144,145
126,145,146
126,146,147
126,147,148
126,148,149
126,149,150
126,150,151
126,151,152
126,152,153
126,153,154
126,154,155
126,155,156
126,156,157
126,157,158
126,158,159
126,159,160
126,160,161
126,161,162
126,162,163
126,163,164
126,164,165
126,165,166
126,166,167
126,167,168
126,168,169
126,169,170
126,170,171
126,171,172
126,172,173
126,173,174
126,174,175
126,175,176
126,176,177
126,177,178
126,178,179
126,179,180
126,180,181
126,181,182
126,182,183
126,183,184
126,184,185
126,185,186
126,186,187
126,187,188
126,188,189
126,189,190
126,190,191
126,191,192
126,192,193
126,193,194
126,194,195
126,195,196
126,196,197
126,197,198
126,198,199
126,199,200
126,200,201
126,201,202
126,202,203
126,203,204
126,204,205
126,205,206
126,206,207
126,207,208
126,208,209
126,209,210
126,210,211
126,211,212
126,212,213
126,213,214
126,214,215
126,215,216
126,216,217
126,217,218
126,218,219
126,219,220
126,220,221
126,221,222
126,222,223
126,223,224
126,224,225
126,225,226
126,226,227
126,227,228
126,228,229
126,229,230
126,230,231
126,231,232
126,232,233
126,233,234
126,234,235
126,235,236
126,236,237
126,237,238
126,238,239
126,239,240
126,240,241
126,241,242
126,242,243
126,243,244
126,244,245
126,245,246
126,246,247
126,247,248
126,248,249
126,249,250
126,250,251
126,251,252
126,252,253
126,253,254
126,254,255
126,255,255
127,0,1
127,1,2
127,2,3
127,3,4
127,4,5
127,5,6
127,6,7
127,7,8
127,8,9
127,9,10
127,10,11
127,11,12
127,12,13
127,13,14
127,14,15
127,15,16
127,16,17
127,17,18
127,18,19
127,19,20
127,20,21
127,21,22
127,22,23
127,23,24
127,24,25
127,25,26
127,26,27
127,27,28
127,28,29
127,29,30
127,30,31
127,31,32
127,32,33
127,33,34
127,34,35
127,35,36
127,36,37
127,37,38
127,38,39
127,39,40
127,40,41
127,41,42
127,42,43
127,43,44
127,44,45
127,45,46
127,46,47
127,47,48
127,48,49
127,49,50
127,50,51
127,51,52
127,52,53
127,53,54
127,54,55
127,55,56
127,56,57
127,57,58
127,58,59
127,59,60
127,60,61
127,61,62
127,62,63
127,63,64
127,64,65
127,65,66
127,66,67
127,67,68
127,68,69
127,69,70
127,70,71
127,71,72
127,72,73
127,73,74
127,74,75
127,75,76
127,76,77
127,77,78
127,78,79
127,79,80
127,80,81
127,81,82
127,82,83
127,83,84
127,84,85
127,85,86
127,86,87
127,87,88
127,88,89
127,89,90
127,90,91
127,91,92
127,92,93
127,93,94
127,94,95
127,95,96
127,96,97
127,97,98
127,98,99
127,99,100
127,100,101
127,101,102
127,102,103
127,103,104
127,104,105
127,105,106
127,106,107
127,107,108
127,108,109
127,109,110
127,110,111
127,111,112
127,112,113
127,113,114
127,114,115
127,115,116
127,116,117
127,117,118
127,118,119
127,119,120
127,120,121
127,121,122
127,122,123
127,123,124
127,124,125
127,125,126
127,126,127
127,127,128
127,128,129
127,129,130
127,130,131
127,131,132
127,132,133
127,133,134
127,134,135
127,135,136
127,136,137
127,137,138
127,138,139
127,139,140
127,140,141
127,141,142
127,142,143
127,143,144
127,144,145
127,145,146
127,146,147
127,147,148
127,148,149
127,149,150
127,150,151
127,151,152
127,152,153
127,153,154
127,154,155
127,155,156
127,156,157
127,157,158
127,158,159
127,159,160
127,160,161
127,161,162
127,162,163
127,163,164
127,164,165
127,165,166
127,166,167
127,167,168
127,168,169
127,169,170
127,170,171
127,171,172
127,172,173
127,173,174
127,174,175
127,175,176
127,176,177
127,177,178
127,178,179
127,179,180
127,180,181
127,181,182
127,182,183
127,183,184
127,184,185
127,185,186
127,186,187
127,187,188
127,188,189
127,189,190
127,190,191
127,191,192
127,192,193
127,193,194
127,194,195
127,195,196
127,196,197
127,197,198
127,198,199
127,199,200
127,200,201
127,201,202
127,202,203
127,203,204
127,204,205
127,205,206
127,206,207
127,207,208
127,208,209
127,209,210
127,210,211
127,211,212
127,212,213
127,213,214
127,214,215
127,215,216
127,216,217
127,217,218
127,218,219
127,219,220
127,220,221
127,221,222
127,222,223
127,223,224
127,224,225
127,225,226
127,226,227
127,227,228
127,228,229
127,229,230
127,230,231
127,231,232
127,232,233
127,233,234
127,234,235
127,235,236
127,236,237
127,237,238
127,238,239
127,239,240
127,240,241
127,241,242
127,242,243
127,243,244
127,244,245
127,245,246
127,246,247
127,247,248
127,248,249
127,249,250
127,250,251
127,251,252
127,252,253
127,253,254
127,254,255
127,255,255
