operator,encoding,ber_max,pitch_um,pitch_px,sigma_um,bits_per_mm2,lifetime_trips,lifetime_s,bits_in_fov,fov_mm2,censored
A_img,presence_phase0,0.0,40.0,2.0,10.0,625.0,0,0.0,400,0.6400000000000001,False
A_img,presence_phase0,0.0,60.00000000000001,3.0,15.000000000000002,277.77777777777766,0,0.0,177,0.6400000000000001,False
A_img,presence_phase0,0.0,80.0,4.0,20.0,156.25,0,0.0,100,0.6400000000000001,False
A_img,presence_phase0,0.0,100.0,5.0,25.0,99.99999999999999,0,0.0,64,0.6400000000000001,False
A_img,presence_phase0,0.0,120.00000000000001,6.0,30.000000000000004,69.44444444444441,0,0.0,44,0.6400000000000001,False
A_img,presence_phase0,0.0,160.0,8.0,40.0,39.0625,0,0.0,25,0.6400000000000001,False
A_img,presence_phase0,0.0,200.0,10.0,50.0,24.999999999999996,0,0.0,16,0.6400000000000001,False
A_img,presence_phase0,0.0,240.00000000000003,12.0,60.00000000000001,17.361111111111104,0,0.0,11,0.6400000000000001,False
A_img,presence_phase0,0.0,320.0,16.0,80.0,9.765625,32,2.135416248527032e-08,6,0.6400000000000001,False
A_img,presence_phase0_sq,0.0,40.0,2.0,10.0,625.0,0,0.0,400,0.6400000000000001,False
A_img,presence_phase0_sq,0.0,60.00000000000001,3.0,15.000000000000002,277.77777777777766,0,0.0,177,0.6400000000000001,False
A_img,presence_phase0_sq,0.0,80.0,4.0,20.0,156.25,0,0.0,100,0.6400000000000001,False
A_img,presence_phase0_sq,0.0,100.0,5.0,25.0,99.99999999999999,0,0.0,64,0.6400000000000001,False
A_img,presence_phase0_sq,0.0,120.00000000000001,6.0,30.000000000000004,69.44444444444441,0,0.0,44,0.6400000000000001,False
A_img,presence_phase0_sq,0.0,160.0,8.0,40.0,39.0625,0,0.0,25,0.6400000000000001,False
A_img,presence_phase0_sq,0.0,200.0,10.0,50.0,24.999999999999996,0,0.0,16,0.6400000000000001,False
A_img,presence_phase0_sq,0.0,240.00000000000003,12.0,60.00000000000001,17.361111111111104,2,1.334635155329395e-09,11,0.6400000000000001,False
A_img,presence_phase0_sq,0.0,320.0,16.0,80.0,9.765625,1024,6.833331995286502e-07,6,0.6400000000000001,False
A_img,presence_phase0_sqcal,0.0,40.0,2.0,10.0,625.0,0,0.0,400,0.6400000000000001,False
A_img,presence_phase0_sqcal,0.0,60.00000000000001,3.0,15.000000000000002,277.77777777777766,0,0.0,177,0.6400000000000001,False
A_img,presence_phase0_sqcal,0.0,80.0,4.0,20.0,156.25,0,0.0,100,0.6400000000000001,False
A_img,presence_phase0_sqcal,0.0,100.0,5.0,25.0,99.99999999999999,0,0.0,64,0.6400000000000001,False
A_img,presence_phase0_sqcal,0.0,120.00000000000001,6.0,30.000000000000004,69.44444444444441,8,5.33854062131758e-09,44,0.6400000000000001,False
A_img,presence_phase0_sqcal,0.0,160.0,8.0,40.0,39.0625,2,1.334635155329395e-09,25,0.6400000000000001,False
A_img,presence_phase0_sqcal,0.0,200.0,10.0,50.0,24.999999999999996,8,5.33854062131758e-09,16,0.6400000000000001,False
A_img,presence_phase0_sqcal,0.0,240.00000000000003,12.0,60.00000000000001,17.361111111111104,1024,6.833331995286502e-07,11,0.6400000000000001,False
A_img,presence_phase0_sqcal,0.0,320.0,16.0,80.0,9.765625,1024,6.833331995286502e-07,6,0.6400000000000001,False
A_img,presence_randphase_sqcal,0.0,40.0,2.0,10.0,625.0,0,0.0,400,0.6400000000000001,False
A_img,presence_randphase_sqcal,0.0,60.00000000000001,3.0,15.000000000000002,277.77777777777766,0,0.0,177,0.6400000000000001,False
A_img,presence_randphase_sqcal,0.0,80.0,4.0,20.0,156.25,0,0.0,100,0.6400000000000001,False
A_img,presence_randphase_sqcal,0.0,100.0,5.0,25.0,99.99999999999999,0,0.0,64,0.6400000000000001,False
A_img,presence_randphase_sqcal,0.0,120.00000000000001,6.0,30.000000000000004,69.44444444444441,8,5.33854062131758e-09,44,0.6400000000000001,False
A_img,presence_randphase_sqcal,0.0,160.0,8.0,40.0,39.0625,1,6.673175776646975e-10,25,0.6400000000000001,False
A_img,presence_randphase_sqcal,0.0,200.0,10.0,50.0,24.999999999999996,4,2.66927031065879e-09,16,0.6400000000000001,False
A_img,presence_randphase_sqcal,0.0,240.00000000000003,12.0,60.00000000000001,17.361111111111104,512,3.416665997643251e-07,11,0.6400000000000001,False
A_img,presence_randphase_sqcal,0.0,320.0,16.0,80.0,9.765625,1024,6.833331995286502e-07,6,0.6400000000000001,False
A_img,phase_0pi,0.0,40.0,2.0,10.0,625.0,0,0.0,400,0.6400000000000001,False
A_img,phase_0pi,0.0,60.00000000000001,3.0,15.000000000000002,277.77777777777766,0,0.0,177,0.6400000000000001,False
A_img,phase_0pi,0.0,80.0,4.0,20.0,156.25,0,0.0,100,0.6400000000000001,False
A_img,phase_0pi,0.0,100.0,5.0,25.0,99.99999999999999,0,0.0,64,0.6400000000000001,False
A_img,phase_0pi,0.0,120.00000000000001,6.0,30.000000000000004,69.44444444444441,8,5.33854062131758e-09,44,0.6400000000000001,False
A_img,phase_0pi,0.0,160.0,8.0,40.0,39.0625,2,1.334635155329395e-09,25,0.6400000000000001,False
A_img,phase_0pi,0.0,200.0,10.0,50.0,24.999999999999996,4,2.66927031065879e-09,16,0.6400000000000001,False
A_img,phase_0pi,0.0,240.00000000000003,12.0,60.00000000000001,17.361111111111104,1024,6.833331995286502e-07,11,0.6400000000000001,False
A_img,phase_0pi,0.0,320.0,16.0,80.0,9.765625,512,3.416665997643251e-07,6,0.6400000000000001,False
A_img,dual_rail,0.0,40.0,2.0,10.0,312.5,0,0.0,200,0.6400000000000001,False
A_img,dual_rail,0.0,60.00000000000001,3.0,15.000000000000002,138.88888888888883,0,0.0,88,0.6400000000000001,False
A_img,dual_rail,0.0,80.0,4.0,20.0,78.125,0,0.0,50,0.6400000000000001,False
A_img,dual_rail,0.0,100.0,5.0,25.0,49.99999999999999,0,0.0,32,0.6400000000000001,False
A_img,dual_rail,0.0,120.00000000000001,6.0,30.000000000000004,34.72222222222221,4,2.66927031065879e-09,22,0.6400000000000001,False
A_img,dual_rail,0.0,160.0,8.0,40.0,19.53125,0,0.0,12,0.6400000000000001,False
A_img,dual_rail,0.0,200.0,10.0,50.0,12.499999999999998,1,6.673175776646975e-10,8,0.6400000000000001,False
A_img,dual_rail,0.0,240.00000000000003,12.0,60.00000000000001,8.680555555555552,128,8.541664994108128e-08,5,0.6400000000000001,False
A_img,dual_rail,0.0,320.0,16.0,80.0,4.8828125,512,3.416665997643251e-07,3,0.6400000000000001,False
A_img,dual_rail_sq,0.0,40.0,2.0,10.0,312.5,0,0.0,200,0.6400000000000001,False
A_img,dual_rail_sq,0.0,60.00000000000001,3.0,15.000000000000002,138.88888888888883,0,0.0,88,0.6400000000000001,False
A_img,dual_rail_sq,0.0,80.0,4.0,20.0,78.125,0,0.0,50,0.6400000000000001,False
A_img,dual_rail_sq,0.0,100.0,5.0,25.0,49.99999999999999,0,0.0,32,0.6400000000000001,False
A_img,dual_rail_sq,0.0,120.00000000000001,6.0,30.000000000000004,34.72222222222221,16,1.067708124263516e-08,22,0.6400000000000001,False
A_img,dual_rail_sq,0.0,160.0,8.0,40.0,19.53125,2,1.334635155329395e-09,12,0.6400000000000001,False
A_img,dual_rail_sq,0.0,200.0,10.0,50.0,12.499999999999998,4,2.66927031065879e-09,8,0.6400000000000001,False
A_img,dual_rail_sq,0.0,240.00000000000003,12.0,60.00000000000001,8.680555555555552,1024,6.833331995286502e-07,5,0.6400000000000001,False
A_img,dual_rail_sq,0.0,320.0,16.0,80.0,4.8828125,1024,6.833331995286502e-07,3,0.6400000000000001,False
A_img,differential_sq,0.0,40.0,2.0,10.0,312.5,0,0.0,200,0.6400000000000001,False
A_img,differential_sq,0.0,60.00000000000001,3.0,15.000000000000002,138.88888888888883,0,0.0,88,0.6400000000000001,False
A_img,differential_sq,0.0,80.0,4.0,20.0,78.125,0,0.0,50,0.6400000000000001,False
A_img,differential_sq,0.0,100.0,5.0,25.0,49.99999999999999,0,0.0,32,0.6400000000000001,False
A_img,differential_sq,0.0,120.00000000000001,6.0,30.000000000000004,34.72222222222221,0,0.0,22,0.6400000000000001,False
A_img,differential_sq,0.0,160.0,8.0,40.0,19.53125,0,0.0,12,0.6400000000000001,False
A_img,differential_sq,0.0,200.0,10.0,50.0,12.499999999999998,0,0.0,8,0.6400000000000001,False
A_img,differential_sq,0.0,240.00000000000003,12.0,60.00000000000001,8.680555555555552,4,2.66927031065879e-09,5,0.6400000000000001,False
A_img,differential_sq,0.0,320.0,16.0,80.0,4.8828125,1024,6.833331995286502e-07,3,0.6400000000000001,False
A_img,presence_phase0,0.01,40.0,2.0,10.0,625.0,0,0.0,400,0.6400000000000001,False
A_img,presence_phase0,0.01,60.00000000000001,3.0,15.000000000000002,277.77777777777766,0,0.0,177,0.6400000000000001,False
A_img,presence_phase0,0.01,80.0,4.0,20.0,156.25,0,0.0,100,0.6400000000000001,False
A_img,presence_phase0,0.01,100.0,5.0,25.0,99.99999999999999,0,0.0,64,0.6400000000000001,False
A_img,presence_phase0,0.01,120.00000000000001,6.0,30.000000000000004,69.44444444444441,0,0.0,44,0.6400000000000001,False
A_img,presence_phase0,0.01,160.0,8.0,40.0,39.0625,0,0.0,25,0.6400000000000001,False
A_img,presence_phase0,0.01,200.0,10.0,50.0,24.999999999999996,0,0.0,16,0.6400000000000001,False
A_img,presence_phase0,0.01,240.00000000000003,12.0,60.00000000000001,17.361111111111104,0,0.0,11,0.6400000000000001,False
A_img,presence_phase0,0.01,320.0,16.0,80.0,9.765625,32,2.135416248527032e-08,6,0.6400000000000001,False
A_img,presence_phase0_sq,0.01,40.0,2.0,10.0,625.0,0,0.0,400,0.6400000000000001,False
A_img,presence_phase0_sq,0.01,60.00000000000001,3.0,15.000000000000002,277.77777777777766,0,0.0,177,0.6400000000000001,False
A_img,presence_phase0_sq,0.01,80.0,4.0,20.0,156.25,0,0.0,100,0.6400000000000001,False
A_img,presence_phase0_sq,0.01,100.0,5.0,25.0,99.99999999999999,0,0.0,64,0.6400000000000001,False
A_img,presence_phase0_sq,0.01,120.00000000000001,6.0,30.000000000000004,69.44444444444441,0,0.0,44,0.6400000000000001,False
A_img,presence_phase0_sq,0.01,160.0,8.0,40.0,39.0625,0,0.0,25,0.6400000000000001,False
A_img,presence_phase0_sq,0.01,200.0,10.0,50.0,24.999999999999996,0,0.0,16,0.6400000000000001,False
A_img,presence_phase0_sq,0.01,240.00000000000003,12.0,60.00000000000001,17.361111111111104,2,1.334635155329395e-09,11,0.6400000000000001,False
A_img,presence_phase0_sq,0.01,320.0,16.0,80.0,9.765625,1024,6.833331995286502e-07,6,0.6400000000000001,False
A_img,presence_phase0_sqcal,0.01,40.0,2.0,10.0,625.0,0,0.0,400,0.6400000000000001,False
A_img,presence_phase0_sqcal,0.01,60.00000000000001,3.0,15.000000000000002,277.77777777777766,0,0.0,177,0.6400000000000001,False
A_img,presence_phase0_sqcal,0.01,80.0,4.0,20.0,156.25,0,0.0,100,0.6400000000000001,False
A_img,presence_phase0_sqcal,0.01,100.0,5.0,25.0,99.99999999999999,1,6.673175776646975e-10,64,0.6400000000000001,False
A_img,presence_phase0_sqcal,0.01,120.00000000000001,6.0,30.000000000000004,69.44444444444441,128,8.541664994108128e-08,44,0.6400000000000001,False
A_img,presence_phase0_sqcal,0.01,160.0,8.0,40.0,39.0625,4,2.66927031065879e-09,25,0.6400000000000001,False
A_img,presence_phase0_sqcal,0.01,200.0,10.0,50.0,24.999999999999996,128,8.541664994108128e-08,16,0.6400000000000001,False
A_img,presence_phase0_sqcal,0.01,240.00000000000003,12.0,60.00000000000001,17.361111111111104,1024,6.833331995286502e-07,11,0.6400000000000001,False
A_img,presence_phase0_sqcal,0.01,320.0,16.0,80.0,9.765625,2048,1.3666663990573005e-06,6,0.6400000000000001,False
A_img,presence_randphase_sqcal,0.01,40.0,2.0,10.0,625.0,0,0.0,400,0.6400000000000001,False
A_img,presence_randphase_sqcal,0.01,60.00000000000001,3.0,15.000000000000002,277.77777777777766,0,0.0,177,0.6400000000000001,False
A_img,presence_randphase_sqcal,0.01,80.0,4.0,20.0,156.25,0,0.0,100,0.6400000000000001,False
A_img,presence_randphase_sqcal,0.01,100.0,5.0,25.0,99.99999999999999,0,0.0,64,0.6400000000000001,False
A_img,presence_randphase_sqcal,0.01,120.00000000000001,6.0,30.000000000000004,69.44444444444441,64,4.270832497054064e-08,44,0.6400000000000001,False
A_img,presence_randphase_sqcal,0.01,160.0,8.0,40.0,39.0625,4,2.66927031065879e-09,25,0.6400000000000001,False
A_img,presence_randphase_sqcal,0.01,200.0,10.0,50.0,24.999999999999996,16,1.067708124263516e-08,16,0.6400000000000001,False
A_img,presence_randphase_sqcal,0.01,240.00000000000003,12.0,60.00000000000001,17.361111111111104,1024,6.833331995286502e-07,11,0.6400000000000001,False
A_img,presence_randphase_sqcal,0.01,320.0,16.0,80.0,9.765625,2048,1.3666663990573005e-06,6,0.6400000000000001,False
A_img,phase_0pi,0.01,40.0,2.0,10.0,625.0,0,0.0,400,0.6400000000000001,False
A_img,phase_0pi,0.01,60.00000000000001,3.0,15.000000000000002,277.77777777777766,0,0.0,177,0.6400000000000001,False
A_img,phase_0pi,0.01,80.0,4.0,20.0,156.25,0,0.0,100,0.6400000000000001,False
A_img,phase_0pi,0.01,100.0,5.0,25.0,99.99999999999999,1,6.673175776646975e-10,64,0.6400000000000001,False
A_img,phase_0pi,0.01,120.00000000000001,6.0,30.000000000000004,69.44444444444441,8,5.33854062131758e-09,44,0.6400000000000001,False
A_img,phase_0pi,0.01,160.0,8.0,40.0,39.0625,2,1.334635155329395e-09,25,0.6400000000000001,False
A_img,phase_0pi,0.01,200.0,10.0,50.0,24.999999999999996,4,2.66927031065879e-09,16,0.6400000000000001,False
A_img,phase_0pi,0.01,240.00000000000003,12.0,60.00000000000001,17.361111111111104,1024,6.833331995286502e-07,11,0.6400000000000001,False
A_img,phase_0pi,0.01,320.0,16.0,80.0,9.765625,512,3.416665997643251e-07,6,0.6400000000000001,False
A_img,dual_rail,0.01,40.0,2.0,10.0,312.5,0,0.0,200,0.6400000000000001,False
A_img,dual_rail,0.01,60.00000000000001,3.0,15.000000000000002,138.88888888888883,0,0.0,88,0.6400000000000001,False
A_img,dual_rail,0.01,80.0,4.0,20.0,78.125,0,0.0,50,0.6400000000000001,False
A_img,dual_rail,0.01,100.0,5.0,25.0,49.99999999999999,1,6.673175776646975e-10,32,0.6400000000000001,False
A_img,dual_rail,0.01,120.00000000000001,6.0,30.000000000000004,34.72222222222221,16,1.067708124263516e-08,22,0.6400000000000001,False
A_img,dual_rail,0.01,160.0,8.0,40.0,19.53125,0,0.0,12,0.6400000000000001,False
A_img,dual_rail,0.01,200.0,10.0,50.0,12.499999999999998,1,6.673175776646975e-10,8,0.6400000000000001,False
A_img,dual_rail,0.01,240.00000000000003,12.0,60.00000000000001,8.680555555555552,128,8.541664994108128e-08,5,0.6400000000000001,False
A_img,dual_rail,0.01,320.0,16.0,80.0,4.8828125,512,3.416665997643251e-07,3,0.6400000000000001,False
A_img,dual_rail_sq,0.01,40.0,2.0,10.0,312.5,0,0.0,200,0.6400000000000001,False
A_img,dual_rail_sq,0.01,60.00000000000001,3.0,15.000000000000002,138.88888888888883,0,0.0,88,0.6400000000000001,False
A_img,dual_rail_sq,0.01,80.0,4.0,20.0,78.125,0,0.0,50,0.6400000000000001,False
A_img,dual_rail_sq,0.01,100.0,5.0,25.0,49.99999999999999,1,6.673175776646975e-10,32,0.6400000000000001,False
A_img,dual_rail_sq,0.01,120.00000000000001,6.0,30.000000000000004,34.72222222222221,32,2.135416248527032e-08,22,0.6400000000000001,False
A_img,dual_rail_sq,0.01,160.0,8.0,40.0,19.53125,2,1.334635155329395e-09,12,0.6400000000000001,False
A_img,dual_rail_sq,0.01,200.0,10.0,50.0,12.499999999999998,4,2.66927031065879e-09,8,0.6400000000000001,False
A_img,dual_rail_sq,0.01,240.00000000000003,12.0,60.00000000000001,8.680555555555552,1024,6.833331995286502e-07,5,0.6400000000000001,False
A_img,dual_rail_sq,0.01,320.0,16.0,80.0,4.8828125,1024,6.833331995286502e-07,3,0.6400000000000001,False
A_img,differential_sq,0.01,40.0,2.0,10.0,312.5,0,0.0,200,0.6400000000000001,False
A_img,differential_sq,0.01,60.00000000000001,3.0,15.000000000000002,138.88888888888883,0,0.0,88,0.6400000000000001,False
A_img,differential_sq,0.01,80.0,4.0,20.0,78.125,0,0.0,50,0.6400000000000001,False
A_img,differential_sq,0.01,100.0,5.0,25.0,49.99999999999999,0,0.0,32,0.6400000000000001,False
A_img,differential_sq,0.01,120.00000000000001,6.0,30.000000000000004,34.72222222222221,0,0.0,22,0.6400000000000001,False
A_img,differential_sq,0.01,160.0,8.0,40.0,19.53125,0,0.0,12,0.6400000000000001,False
A_img,differential_sq,0.01,200.0,10.0,50.0,12.499999999999998,0,0.0,8,0.6400000000000001,False
A_img,differential_sq,0.01,240.00000000000003,12.0,60.00000000000001,8.680555555555552,4,2.66927031065879e-09,5,0.6400000000000001,False
A_img,differential_sq,0.01,320.0,16.0,80.0,4.8828125,1024,6.833331995286502e-07,3,0.6400000000000001,False
A_img,presence_phase0,0.05,40.0,2.0,10.0,625.0,0,0.0,400,0.6400000000000001,False
A_img,presence_phase0,0.05,60.00000000000001,3.0,15.000000000000002,277.77777777777766,0,0.0,177,0.6400000000000001,False
A_img,presence_phase0,0.05,80.0,4.0,20.0,156.25,0,0.0,100,0.6400000000000001,False
A_img,presence_phase0,0.05,100.0,5.0,25.0,99.99999999999999,0,0.0,64,0.6400000000000001,False
A_img,presence_phase0,0.05,120.00000000000001,6.0,30.000000000000004,69.44444444444441,16,1.067708124263516e-08,44,0.6400000000000001,False
A_img,presence_phase0,0.05,160.0,8.0,40.0,39.0625,0,0.0,25,0.6400000000000001,False
A_img,presence_phase0,0.05,200.0,10.0,50.0,24.999999999999996,0,0.0,16,0.6400000000000001,False
A_img,presence_phase0,0.05,240.00000000000003,12.0,60.00000000000001,17.361111111111104,1,6.673175776646975e-10,11,0.6400000000000001,False
A_img,presence_phase0,0.05,320.0,16.0,80.0,9.765625,512,3.416665997643251e-07,6,0.6400000000000001,False
A_img,presence_phase0_sq,0.05,40.0,2.0,10.0,625.0,0,0.0,400,0.6400000000000001,False
A_img,presence_phase0_sq,0.05,60.00000000000001,3.0,15.000000000000002,277.77777777777766,0,0.0,177,0.6400000000000001,False
A_img,presence_phase0_sq,0.05,80.0,4.0,20.0,156.25,0,0.0,100,0.6400000000000001,False
A_img,presence_phase0_sq,0.05,100.0,5.0,25.0,99.99999999999999,0,0.0,64,0.6400000000000001,False
A_img,presence_phase0_sq,0.05,120.00000000000001,6.0,30.000000000000004,69.44444444444441,64,4.270832497054064e-08,44,0.6400000000000001,False
A_img,presence_phase0_sq,0.05,160.0,8.0,40.0,39.0625,0,0.0,25,0.6400000000000001,False
A_img,presence_phase0_sq,0.05,200.0,10.0,50.0,24.999999999999996,0,0.0,16,0.6400000000000001,False
A_img,presence_phase0_sq,0.05,240.00000000000003,12.0,60.00000000000001,17.361111111111104,4,2.66927031065879e-09,11,0.6400000000000001,False
A_img,presence_phase0_sq,0.05,320.0,16.0,80.0,9.765625,1024,6.833331995286502e-07,6,0.6400000000000001,False
A_img,presence_phase0_sqcal,0.05,40.0,2.0,10.0,625.0,0,0.0,400,0.6400000000000001,False
A_img,presence_phase0_sqcal,0.05,60.00000000000001,3.0,15.000000000000002,277.77777777777766,2,1.334635155329395e-09,177,0.6400000000000001,False
A_img,presence_phase0_sqcal,0.05,80.0,4.0,20.0,156.25,16,1.067708124263516e-08,100,0.6400000000000001,False
A_img,presence_phase0_sqcal,0.05,100.0,5.0,25.0,99.99999999999999,128,8.541664994108128e-08,64,0.6400000000000001,False
A_img,presence_phase0_sqcal,0.05,120.00000000000001,6.0,30.000000000000004,69.44444444444441,512,3.416665997643251e-07,44,0.6400000000000001,False
A_img,presence_phase0_sqcal,0.05,160.0,8.0,40.0,39.0625,1024,6.833331995286502e-07,25,0.6400000000000001,False
A_img,presence_phase0_sqcal,0.05,200.0,10.0,50.0,24.999999999999996,1024,6.833331995286502e-07,16,0.6400000000000001,False
A_img,presence_phase0_sqcal,0.05,240.00000000000003,12.0,60.00000000000001,17.361111111111104,1024,6.833331995286502e-07,11,0.6400000000000001,False
A_img,presence_phase0_sqcal,0.05,320.0,16.0,80.0,9.765625,2048,1.3666663990573005e-06,6,0.6400000000000001,False
A_img,presence_randphase_sqcal,0.05,40.0,2.0,10.0,625.0,0,0.0,400,0.6400000000000001,False
A_img,presence_randphase_sqcal,0.05,60.00000000000001,3.0,15.000000000000002,277.77777777777766,0,0.0,177,0.6400000000000001,False
A_img,presence_randphase_sqcal,0.05,80.0,4.0,20.0,156.25,4,2.66927031065879e-09,100,0.6400000000000001,False
A_img,presence_randphase_sqcal,0.05,100.0,5.0,25.0,99.99999999999999,16,1.067708124263516e-08,64,0.6400000000000001,False
A_img,presence_randphase_sqcal,0.05,120.00000000000001,6.0,30.000000000000004,69.44444444444441,512,3.416665997643251e-07,44,0.6400000000000001,False
A_img,presence_randphase_sqcal,0.05,160.0,8.0,40.0,39.0625,1024,6.833331995286502e-07,25,0.6400000000000001,False
A_img,presence_randphase_sqcal,0.05,200.0,10.0,50.0,24.999999999999996,1024,6.833331995286502e-07,16,0.6400000000000001,False
A_img,presence_randphase_sqcal,0.05,240.00000000000003,12.0,60.00000000000001,17.361111111111104,2048,1.3666663990573005e-06,11,0.6400000000000001,False
A_img,presence_randphase_sqcal,0.05,320.0,16.0,80.0,9.765625,2048,1.3666663990573005e-06,6,0.6400000000000001,False
A_img,phase_0pi,0.05,40.0,2.0,10.0,625.0,0,0.0,400,0.6400000000000001,False
A_img,phase_0pi,0.05,60.00000000000001,3.0,15.000000000000002,277.77777777777766,2,1.334635155329395e-09,177,0.6400000000000001,False
A_img,phase_0pi,0.05,80.0,4.0,20.0,156.25,16,1.067708124263516e-08,100,0.6400000000000001,False
A_img,phase_0pi,0.05,100.0,5.0,25.0,99.99999999999999,64,4.270832497054064e-08,64,0.6400000000000001,False
A_img,phase_0pi,0.05,120.00000000000001,6.0,30.000000000000004,69.44444444444441,512,3.416665997643251e-07,44,0.6400000000000001,False
A_img,phase_0pi,0.05,160.0,8.0,40.0,39.0625,128,8.541664994108128e-08,25,0.6400000000000001,False
A_img,phase_0pi,0.05,200.0,10.0,50.0,24.999999999999996,1024,6.833331995286502e-07,16,0.6400000000000001,False
A_img,phase_0pi,0.05,240.00000000000003,12.0,60.00000000000001,17.361111111111104,2048,1.3666663990573005e-06,11,0.6400000000000001,False
A_img,phase_0pi,0.05,320.0,16.0,80.0,9.765625,512,3.416665997643251e-07,6,0.6400000000000001,False
A_img,dual_rail,0.05,40.0,2.0,10.0,312.5,0,0.0,200,0.6400000000000001,False
A_img,dual_rail,0.05,60.00000000000001,3.0,15.000000000000002,138.88888888888883,0,0.0,88,0.6400000000000001,False
A_img,dual_rail,0.05,80.0,4.0,20.0,78.125,2,1.334635155329395e-09,50,0.6400000000000001,False
A_img,dual_rail,0.05,100.0,5.0,25.0,49.99999999999999,16,1.067708124263516e-08,32,0.6400000000000001,False
A_img,dual_rail,0.05,120.00000000000001,6.0,30.000000000000004,34.72222222222221,512,3.416665997643251e-07,22,0.6400000000000001,False
A_img,dual_rail,0.05,160.0,8.0,40.0,19.53125,2,1.334635155329395e-09,12,0.6400000000000001,False
A_img,dual_rail,0.05,200.0,10.0,50.0,12.499999999999998,16,1.067708124263516e-08,8,0.6400000000000001,False
A_img,dual_rail,0.05,240.00000000000003,12.0,60.00000000000001,8.680555555555552,1024,6.833331995286502e-07,5,0.6400000000000001,False
A_img,dual_rail,0.05,320.0,16.0,80.0,4.8828125,512,3.416665997643251e-07,3,0.6400000000000001,False
A_img,dual_rail_sq,0.05,40.0,2.0,10.0,312.5,0,0.0,200,0.6400000000000001,False
A_img,dual_rail_sq,0.05,60.00000000000001,3.0,15.000000000000002,138.88888888888883,0,0.0,88,0.6400000000000001,False
A_img,dual_rail_sq,0.05,80.0,4.0,20.0,78.125,4,2.66927031065879e-09,50,0.6400000000000001,False
A_img,dual_rail_sq,0.05,100.0,5.0,25.0,49.99999999999999,64,4.270832497054064e-08,32,0.6400000000000001,False
A_img,dual_rail_sq,0.05,120.00000000000001,6.0,30.000000000000004,34.72222222222221,512,3.416665997643251e-07,22,0.6400000000000001,False
A_img,dual_rail_sq,0.05,160.0,8.0,40.0,19.53125,4,2.66927031065879e-09,12,0.6400000000000001,False
A_img,dual_rail_sq,0.05,200.0,10.0,50.0,12.499999999999998,64,4.270832497054064e-08,8,0.6400000000000001,False
A_img,dual_rail_sq,0.05,240.00000000000003,12.0,60.00000000000001,8.680555555555552,1024,6.833331995286502e-07,5,0.6400000000000001,False
A_img,dual_rail_sq,0.05,320.0,16.0,80.0,4.8828125,1024,6.833331995286502e-07,3,0.6400000000000001,False
A_img,differential_sq,0.05,40.0,2.0,10.0,312.5,0,0.0,200,0.6400000000000001,False
A_img,differential_sq,0.05,60.00000000000001,3.0,15.000000000000002,138.88888888888883,0,0.0,88,0.6400000000000001,False
A_img,differential_sq,0.05,80.0,4.0,20.0,78.125,0,0.0,50,0.6400000000000001,False
A_img,differential_sq,0.05,100.0,5.0,25.0,49.99999999999999,0,0.0,32,0.6400000000000001,False
A_img,differential_sq,0.05,120.00000000000001,6.0,30.000000000000004,34.72222222222221,256,1.7083329988216256e-07,22,0.6400000000000001,False
A_img,differential_sq,0.05,160.0,8.0,40.0,19.53125,0,0.0,12,0.6400000000000001,False
A_img,differential_sq,0.05,200.0,10.0,50.0,12.499999999999998,0,0.0,8,0.6400000000000001,False
A_img,differential_sq,0.05,240.00000000000003,12.0,60.00000000000001,8.680555555555552,4,2.66927031065879e-09,5,0.6400000000000001,False
A_img,differential_sq,0.05,320.0,16.0,80.0,4.8828125,1024,6.833331995286502e-07,3,0.6400000000000001,False
A_img_450_fov200,presence_phase0,0.0,20.0,1.0,6.0,2500.0,0,0.0,400,0.16000000000000003,False
A_img_450_fov200,presence_phase0,0.0,40.0,2.0,10.0,625.0,0,0.0,100,0.16000000000000003,False
A_img_450_fov200,presence_phase0,0.0,60.00000000000001,3.0,15.000000000000002,277.77777777777766,128,8.541777819105465e-08,44,0.16000000000000003,False
A_img_450_fov200,presence_phase0,0.0,80.0,4.0,20.0,156.25,256,1.708355563821093e-07,25,0.16000000000000003,False
A_img_450_fov200,presence_phase0,0.0,100.0,5.0,25.0,99.99999999999999,256,1.708355563821093e-07,16,0.16000000000000003,False
A_img_450_fov200,presence_phase0,0.0,120.00000000000001,6.0,30.000000000000004,69.44444444444441,512,3.416711127642186e-07,11,0.16000000000000003,False
A_img_450_fov200,presence_phase0,0.0,160.0,8.0,40.0,39.0625,512,3.416711127642186e-07,6,0.16000000000000003,False
A_img_450_fov200,presence_phase0,0.0,200.0,10.0,50.0,24.999999999999996,256,1.708355563821093e-07,4,0.16000000000000003,False
A_img_450_fov200,presence_phase0_sq,0.0,20.0,1.0,6.0,2500.0,0,0.0,400,0.16000000000000003,False
A_img_450_fov200,presence_phase0_sq,0.0,40.0,2.0,10.0,625.0,8,5.338611136940916e-09,100,0.16000000000000003,False
A_img_450_fov200,presence_phase0_sq,0.0,60.00000000000001,3.0,15.000000000000002,277.77777777777766,256,1.708355563821093e-07,44,0.16000000000000003,False
A_img_450_fov200,presence_phase0_sq,0.0,80.0,4.0,20.0,156.25,256,1.708355563821093e-07,25,0.16000000000000003,False
A_img_450_fov200,presence_phase0_sq,0.0,100.0,5.0,25.0,99.99999999999999,512,3.416711127642186e-07,16,0.16000000000000003,False
A_img_450_fov200,presence_phase0_sq,0.0,120.00000000000001,6.0,30.000000000000004,69.44444444444441,1024,6.833422255284372e-07,11,0.16000000000000003,False
A_img_450_fov200,presence_phase0_sq,0.0,160.0,8.0,40.0,39.0625,1024,6.833422255284372e-07,6,0.16000000000000003,False
A_img_450_fov200,presence_phase0_sq,0.0,200.0,10.0,50.0,24.999999999999996,1024,6.833422255284372e-07,4,0.16000000000000003,False
A_img_450_fov200,presence_phase0_sqcal,0.0,20.0,1.0,6.0,2500.0,0,0.0,400,0.16000000000000003,False
A_img_450_fov200,presence_phase0_sqcal,0.0,40.0,2.0,10.0,625.0,4,2.669305568470458e-09,100,0.16000000000000003,False
A_img_450_fov200,presence_phase0_sqcal,0.0,60.00000000000001,3.0,15.000000000000002,277.77777777777766,256,1.708355563821093e-07,44,0.16000000000000003,False
A_img_450_fov200,presence_phase0_sqcal,0.0,80.0,4.0,20.0,156.25,256,1.708355563821093e-07,25,0.16000000000000003,False
A_img_450_fov200,presence_phase0_sqcal,0.0,100.0,5.0,25.0,99.99999999999999,512,3.416711127642186e-07,16,0.16000000000000003,False
A_img_450_fov200,presence_phase0_sqcal,0.0,120.00000000000001,6.0,30.000000000000004,69.44444444444441,1024,6.833422255284372e-07,11,0.16000000000000003,False
A_img_450_fov200,presence_phase0_sqcal,0.0,160.0,8.0,40.0,39.0625,1024,6.833422255284372e-07,6,0.16000000000000003,False
A_img_450_fov200,presence_phase0_sqcal,0.0,200.0,10.0,50.0,24.999999999999996,2048,1.3666844510568745e-06,4,0.16000000000000003,False
A_img_450_fov200,presence_randphase_sqcal,0.0,20.0,1.0,6.0,2500.0,0,0.0,400,0.16000000000000003,False
A_img_450_fov200,presence_randphase_sqcal,0.0,40.0,2.0,10.0,625.0,32,2.1354444547763663e-08,100,0.16000000000000003,False
A_img_450_fov200,presence_randphase_sqcal,0.0,60.00000000000001,3.0,15.000000000000002,277.77777777777766,128,8.541777819105465e-08,44,0.16000000000000003,False
A_img_450_fov200,presence_randphase_sqcal,0.0,80.0,4.0,20.0,156.25,256,1.708355563821093e-07,25,0.16000000000000003,False
A_img_450_fov200,presence_randphase_sqcal,0.0,100.0,5.0,25.0,99.99999999999999,512,3.416711127642186e-07,16,0.16000000000000003,False
A_img_450_fov200,presence_randphase_sqcal,0.0,120.00000000000001,6.0,30.000000000000004,69.44444444444441,1024,6.833422255284372e-07,11,0.16000000000000003,False
A_img_450_fov200,presence_randphase_sqcal,0.0,160.0,8.0,40.0,39.0625,1024,6.833422255284372e-07,6,0.16000000000000003,False
A_img_450_fov200,presence_randphase_sqcal,0.0,200.0,10.0,50.0,24.999999999999996,2048,1.3666844510568745e-06,4,0.16000000000000003,False
A_img_450_fov200,phase_0pi,0.0,20.0,1.0,6.0,2500.0,0,0.0,400,0.16000000000000003,False
A_img_450_fov200,phase_0pi,0.0,40.0,2.0,10.0,625.0,64,4.270888909552733e-08,100,0.16000000000000003,False
A_img_450_fov200,phase_0pi,0.0,60.00000000000001,3.0,15.000000000000002,277.77777777777766,256,1.708355563821093e-07,44,0.16000000000000003,False
A_img_450_fov200,phase_0pi,0.0,80.0,4.0,20.0,156.25,256,1.708355563821093e-07,25,0.16000000000000003,False
A_img_450_fov200,phase_0pi,0.0,100.0,5.0,25.0,99.99999999999999,512,3.416711127642186e-07,16,0.16000000000000003,False
A_img_450_fov200,phase_0pi,0.0,120.00000000000001,6.0,30.000000000000004,69.44444444444441,1024,6.833422255284372e-07,11,0.16000000000000003,False
A_img_450_fov200,phase_0pi,0.0,160.0,8.0,40.0,39.0625,1024,6.833422255284372e-07,6,0.16000000000000003,False
A_img_450_fov200,phase_0pi,0.0,200.0,10.0,50.0,24.999999999999996,1024,6.833422255284372e-07,4,0.16000000000000003,False
A_img_450_fov200,dual_rail,0.0,20.0,1.0,6.0,1250.0,0,0.0,200,0.16000000000000003,False
A_img_450_fov200,dual_rail,0.0,40.0,2.0,10.0,312.5,64,4.270888909552733e-08,50,0.16000000000000003,False
A_img_450_fov200,dual_rail,0.0,60.00000000000001,3.0,15.000000000000002,138.88888888888883,256,1.708355563821093e-07,22,0.16000000000000003,False
A_img_450_fov200,dual_rail,0.0,80.0,4.0,20.0,78.125,256,1.708355563821093e-07,12,0.16000000000000003,False
A_img_450_fov200,dual_rail,0.0,100.0,5.0,25.0,49.99999999999999,512,3.416711127642186e-07,8,0.16000000000000003,False
A_img_450_fov200,dual_rail,0.0,120.00000000000001,6.0,30.000000000000004,34.72222222222221,512,3.416711127642186e-07,5,0.16000000000000003,False
A_img_450_fov200,dual_rail,0.0,160.0,8.0,40.0,19.53125,1024,6.833422255284372e-07,3,0.16000000000000003,False
A_img_450_fov200,dual_rail,0.0,200.0,10.0,50.0,12.499999999999998,1024,6.833422255284372e-07,2,0.16000000000000003,False
A_img_450_fov200,dual_rail_sq,0.0,20.0,1.0,6.0,1250.0,0,0.0,200,0.16000000000000003,False
A_img_450_fov200,dual_rail_sq,0.0,40.0,2.0,10.0,312.5,64,4.270888909552733e-08,50,0.16000000000000003,False
A_img_450_fov200,dual_rail_sq,0.0,60.00000000000001,3.0,15.000000000000002,138.88888888888883,256,1.708355563821093e-07,22,0.16000000000000003,False
A_img_450_fov200,dual_rail_sq,0.0,80.0,4.0,20.0,78.125,256,1.708355563821093e-07,12,0.16000000000000003,False
A_img_450_fov200,dual_rail_sq,0.0,100.0,5.0,25.0,49.99999999999999,512,3.416711127642186e-07,8,0.16000000000000003,False
A_img_450_fov200,dual_rail_sq,0.0,120.00000000000001,6.0,30.000000000000004,34.72222222222221,1024,6.833422255284372e-07,5,0.16000000000000003,False
A_img_450_fov200,dual_rail_sq,0.0,160.0,8.0,40.0,19.53125,1024,6.833422255284372e-07,3,0.16000000000000003,False
A_img_450_fov200,dual_rail_sq,0.0,200.0,10.0,50.0,12.499999999999998,1024,6.833422255284372e-07,2,0.16000000000000003,False
A_img_450_fov200,differential_sq,0.0,20.0,1.0,6.0,1250.0,0,0.0,200,0.16000000000000003,False
A_img_450_fov200,differential_sq,0.0,40.0,2.0,10.0,312.5,64,4.270888909552733e-08,50,0.16000000000000003,False
A_img_450_fov200,differential_sq,0.0,60.00000000000001,3.0,15.000000000000002,138.88888888888883,256,1.708355563821093e-07,22,0.16000000000000003,False
A_img_450_fov200,differential_sq,0.0,80.0,4.0,20.0,78.125,256,1.708355563821093e-07,12,0.16000000000000003,False
A_img_450_fov200,differential_sq,0.0,100.0,5.0,25.0,49.99999999999999,512,3.416711127642186e-07,8,0.16000000000000003,False
A_img_450_fov200,differential_sq,0.0,120.00000000000001,6.0,30.000000000000004,34.72222222222221,1024,6.833422255284372e-07,5,0.16000000000000003,False
A_img_450_fov200,differential_sq,0.0,160.0,8.0,40.0,19.53125,1024,6.833422255284372e-07,3,0.16000000000000003,False
A_img_450_fov200,differential_sq,0.0,200.0,10.0,50.0,12.499999999999998,1024,6.833422255284372e-07,2,0.16000000000000003,False
A_img_450_fov200,presence_phase0,0.01,20.0,1.0,6.0,2500.0,0,0.0,400,0.16000000000000003,False
A_img_450_fov200,presence_phase0,0.01,40.0,2.0,10.0,625.0,4,2.669305568470458e-09,100,0.16000000000000003,False
A_img_450_fov200,presence_phase0,0.01,60.00000000000001,3.0,15.000000000000002,277.77777777777766,128,8.541777819105465e-08,44,0.16000000000000003,False
A_img_450_fov200,presence_phase0,0.01,80.0,4.0,20.0,156.25,256,1.708355563821093e-07,25,0.16000000000000003,False
A_img_450_fov200,presence_phase0,0.01,100.0,5.0,25.0,99.99999999999999,512,3.416711127642186e-07,16,0.16000000000000003,False
A_img_450_fov200,presence_phase0,0.01,120.00000000000001,6.0,30.000000000000004,69.44444444444441,512,3.416711127642186e-07,11,0.16000000000000003,False
A_img_450_fov200,presence_phase0,0.01,160.0,8.0,40.0,39.0625,512,3.416711127642186e-07,6,0.16000000000000003,False
A_img_450_fov200,presence_phase0,0.01,200.0,10.0,50.0,24.999999999999996,256,1.708355563821093e-07,4,0.16000000000000003,False
A_img_450_fov200,presence_phase0_sq,0.01,20.0,1.0,6.0,2500.0,0,0.0,400,0.16000000000000003,False
A_img_450_fov200,presence_phase0_sq,0.01,40.0,2.0,10.0,625.0,64,4.270888909552733e-08,100,0.16000000000000003,False
A_img_450_fov200,presence_phase0_sq,0.01,60.00000000000001,3.0,15.000000000000002,277.77777777777766,256,1.708355563821093e-07,44,0.16000000000000003,False
A_img_450_fov200,presence_phase0_sq,0.01,80.0,4.0,20.0,156.25,256,1.708355563821093e-07,25,0.16000000000000003,False
A_img_450_fov200,presence_phase0_sq,0.01,100.0,5.0,25.0,99.99999999999999,512,3.416711127642186e-07,16,0.16000000000000003,False
A_img_450_fov200,presence_phase0_sq,0.01,120.00000000000001,6.0,30.000000000000004,69.44444444444441,1024,6.833422255284372e-07,11,0.16000000000000003,False
A_img_450_fov200,presence_phase0_sq,0.01,160.0,8.0,40.0,39.0625,1024,6.833422255284372e-07,6,0.16000000000000003,False
A_img_450_fov200,presence_phase0_sq,0.01,200.0,10.0,50.0,24.999999999999996,1024,6.833422255284372e-07,4,0.16000000000000003,False
A_img_450_fov200,presence_phase0_sqcal,0.01,20.0,1.0,6.0,2500.0,0,0.0,400,0.16000000000000003,False
A_img_450_fov200,presence_phase0_sqcal,0.01,40.0,2.0,10.0,625.0,64,4.270888909552733e-08,100,0.16000000000000003,False
A_img_450_fov200,presence_phase0_sqcal,0.01,60.00000000000001,3.0,15.000000000000002,277.77777777777766,256,1.708355563821093e-07,44,0.16000000000000003,False
A_img_450_fov200,presence_phase0_sqcal,0.01,80.0,4.0,20.0,156.25,512,3.416711127642186e-07,25,0.16000000000000003,False
A_img_450_fov200,presence_phase0_sqcal,0.01,100.0,5.0,25.0,99.99999999999999,512,3.416711127642186e-07,16,0.16000000000000003,False
A_img_450_fov200,presence_phase0_sqcal,0.01,120.00000000000001,6.0,30.000000000000004,69.44444444444441,1024,6.833422255284372e-07,11,0.16000000000000003,False
A_img_450_fov200,presence_phase0_sqcal,0.01,160.0,8.0,40.0,39.0625,1024,6.833422255284372e-07,6,0.16000000000000003,False
A_img_450_fov200,presence_phase0_sqcal,0.01,200.0,10.0,50.0,24.999999999999996,2048,1.3666844510568745e-06,4,0.16000000000000003,False
A_img_450_fov200,presence_randphase_sqcal,0.01,20.0,1.0,6.0,2500.0,0,0.0,400,0.16000000000000003,False
A_img_450_fov200,presence_randphase_sqcal,0.01,40.0,2.0,10.0,625.0,64,4.270888909552733e-08,100,0.16000000000000003,False
A_img_450_fov200,presence_randphase_sqcal,0.01,60.00000000000001,3.0,15.000000000000002,277.77777777777766,256,1.708355563821093e-07,44,0.16000000000000003,False
A_img_450_fov200,presence_randphase_sqcal,0.01,80.0,4.0,20.0,156.25,256,1.708355563821093e-07,25,0.16000000000000003,False
A_img_450_fov200,presence_randphase_sqcal,0.01,100.0,5.0,25.0,99.99999999999999,512,3.416711127642186e-07,16,0.16000000000000003,False
A_img_450_fov200,presence_randphase_sqcal,0.01,120.00000000000001,6.0,30.000000000000004,69.44444444444441,1024,6.833422255284372e-07,11,0.16000000000000003,False
A_img_450_fov200,presence_randphase_sqcal,0.01,160.0,8.0,40.0,39.0625,1024,6.833422255284372e-07,6,0.16000000000000003,False
A_img_450_fov200,presence_randphase_sqcal,0.01,200.0,10.0,50.0,24.999999999999996,2048,1.3666844510568745e-06,4,0.16000000000000003,False
A_img_450_fov200,phase_0pi,0.01,20.0,1.0,6.0,2500.0,0,0.0,400,0.16000000000000003,False
A_img_450_fov200,phase_0pi,0.01,40.0,2.0,10.0,625.0,64,4.270888909552733e-08,100,0.16000000000000003,False
A_img_450_fov200,phase_0pi,0.01,60.00000000000001,3.0,15.000000000000002,277.77777777777766,256,1.708355563821093e-07,44,0.16000000000000003,False
A_img_450_fov200,phase_0pi,0.01,80.0,4.0,20.0,156.25,256,1.708355563821093e-07,25,0.16000000000000003,False
A_img_450_fov200,phase_0pi,0.01,100.0,5.0,25.0,99.99999999999999,512,3.416711127642186e-07,16,0.16000000000000003,False
A_img_450_fov200,phase_0pi,0.01,120.00000000000001,6.0,30.000000000000004,69.44444444444441,1024,6.833422255284372e-07,11,0.16000000000000003,False
A_img_450_fov200,phase_0pi,0.01,160.0,8.0,40.0,39.0625,1024,6.833422255284372e-07,6,0.16000000000000003,False
A_img_450_fov200,phase_0pi,0.01,200.0,10.0,50.0,24.999999999999996,1024,6.833422255284372e-07,4,0.16000000000000003,False
A_img_450_fov200,dual_rail,0.01,20.0,1.0,6.0,1250.0,0,0.0,200,0.16000000000000003,False
A_img_450_fov200,dual_rail,0.01,40.0,2.0,10.0,312.5,64,4.270888909552733e-08,50,0.16000000000000003,False
A_img_450_fov200,dual_rail,0.01,60.00000000000001,3.0,15.000000000000002,138.88888888888883,256,1.708355563821093e-07,22,0.16000000000000003,False
A_img_450_fov200,dual_rail,0.01,80.0,4.0,20.0,78.125,256,1.708355563821093e-07,12,0.16000000000000003,False
A_img_450_fov200,dual_rail,0.01,100.0,5.0,25.0,49.99999999999999,512,3.416711127642186e-07,8,0.16000000000000003,False
A_img_450_fov200,dual_rail,0.01,120.00000000000001,6.0,30.000000000000004,34.72222222222221,512,3.416711127642186e-07,5,0.16000000000000003,False
A_img_450_fov200,dual_rail,0.01,160.0,8.0,40.0,19.53125,1024,6.833422255284372e-07,3,0.16000000000000003,False
A_img_450_fov200,dual_rail,0.01,200.0,10.0,50.0,12.499999999999998,1024,6.833422255284372e-07,2,0.16000000000000003,False
A_img_450_fov200,dual_rail_sq,0.01,20.0,1.0,6.0,1250.0,0,0.0,200,0.16000000000000003,False
A_img_450_fov200,dual_rail_sq,0.01,40.0,2.0,10.0,312.5,128,8.541777819105465e-08,50,0.16000000000000003,False
A_img_450_fov200,dual_rail_sq,0.01,60.00000000000001,3.0,15.000000000000002,138.88888888888883,256,1.708355563821093e-07,22,0.16000000000000003,False
A_img_450_fov200,dual_rail_sq,0.01,80.0,4.0,20.0,78.125,256,1.708355563821093e-07,12,0.16000000000000003,False
A_img_450_fov200,dual_rail_sq,0.01,100.0,5.0,25.0,49.99999999999999,512,3.416711127642186e-07,8,0.16000000000000003,False
A_img_450_fov200,dual_rail_sq,0.01,120.00000000000001,6.0,30.000000000000004,34.72222222222221,1024,6.833422255284372e-07,5,0.16000000000000003,False
A_img_450_fov200,dual_rail_sq,0.01,160.0,8.0,40.0,19.53125,1024,6.833422255284372e-07,3,0.16000000000000003,False
A_img_450_fov200,dual_rail_sq,0.01,200.0,10.0,50.0,12.499999999999998,1024,6.833422255284372e-07,2,0.16000000000000003,False
A_img_450_fov200,differential_sq,0.01,20.0,1.0,6.0,1250.0,0,0.0,200,0.16000000000000003,False
A_img_450_fov200,differential_sq,0.01,40.0,2.0,10.0,312.5,64,4.270888909552733e-08,50,0.16000000000000003,False
A_img_450_fov200,differential_sq,0.01,60.00000000000001,3.0,15.000000000000002,138.88888888888883,256,1.708355563821093e-07,22,0.16000000000000003,False
A_img_450_fov200,differential_sq,0.01,80.0,4.0,20.0,78.125,256,1.708355563821093e-07,12,0.16000000000000003,False
A_img_450_fov200,differential_sq,0.01,100.0,5.0,25.0,49.99999999999999,512,3.416711127642186e-07,8,0.16000000000000003,False
A_img_450_fov200,differential_sq,0.01,120.00000000000001,6.0,30.000000000000004,34.72222222222221,1024,6.833422255284372e-07,5,0.16000000000000003,False
A_img_450_fov200,differential_sq,0.01,160.0,8.0,40.0,19.53125,1024,6.833422255284372e-07,3,0.16000000000000003,False
A_img_450_fov200,differential_sq,0.01,200.0,10.0,50.0,12.499999999999998,1024,6.833422255284372e-07,2,0.16000000000000003,False
A_img_450_fov200,presence_phase0,0.05,20.0,1.0,6.0,2500.0,0,0.0,400,0.16000000000000003,False
A_img_450_fov200,presence_phase0,0.05,40.0,2.0,10.0,625.0,128,8.541777819105465e-08,100,0.16000000000000003,False
A_img_450_fov200,presence_phase0,0.05,60.00000000000001,3.0,15.000000000000002,277.77777777777766,256,1.708355563821093e-07,44,0.16000000000000003,False
A_img_450_fov200,presence_phase0,0.05,80.0,4.0,20.0,156.25,512,3.416711127642186e-07,25,0.16000000000000003,False
A_img_450_fov200,presence_phase0,0.05,100.0,5.0,25.0,99.99999999999999,512,3.416711127642186e-07,16,0.16000000000000003,False
A_img_450_fov200,presence_phase0,0.05,120.00000000000001,6.0,30.000000000000004,69.44444444444441,512,3.416711127642186e-07,11,0.16000000000000003,False
A_img_450_fov200,presence_phase0,0.05,160.0,8.0,40.0,39.0625,512,3.416711127642186e-07,6,0.16000000000000003,False
A_img_450_fov200,presence_phase0,0.05,200.0,10.0,50.0,24.999999999999996,512,3.416711127642186e-07,4,0.16000000000000003,False
A_img_450_fov200,presence_phase0_sq,0.05,20.0,1.0,6.0,2500.0,0,0.0,400,0.16000000000000003,False
A_img_450_fov200,presence_phase0_sq,0.05,40.0,2.0,10.0,625.0,128,8.541777819105465e-08,100,0.16000000000000003,False
A_img_450_fov200,presence_phase0_sq,0.05,60.00000000000001,3.0,15.000000000000002,277.77777777777766,256,1.708355563821093e-07,44,0.16000000000000003,False
A_img_450_fov200,presence_phase0_sq,0.05,80.0,4.0,20.0,156.25,512,3.416711127642186e-07,25,0.16000000000000003,False
A_img_450_fov200,presence_phase0_sq,0.05,100.0,5.0,25.0,99.99999999999999,512,3.416711127642186e-07,16,0.16000000000000003,False
A_img_450_fov200,presence_phase0_sq,0.05,120.00000000000001,6.0,30.000000000000004,69.44444444444441,1024,6.833422255284372e-07,11,0.16000000000000003,False
A_img_450_fov200,presence_phase0_sq,0.05,160.0,8.0,40.0,39.0625,1024,6.833422255284372e-07,6,0.16000000000000003,False
A_img_450_fov200,presence_phase0_sq,0.05,200.0,10.0,50.0,24.999999999999996,1024,6.833422255284372e-07,4,0.16000000000000003,False
A_img_450_fov200,presence_phase0_sqcal,0.05,20.0,1.0,6.0,2500.0,0,0.0,400,0.16000000000000003,False
A_img_450_fov200,presence_phase0_sqcal,0.05,40.0,2.0,10.0,625.0,128,8.541777819105465e-08,100,0.16000000000000003,False
A_img_450_fov200,presence_phase0_sqcal,0.05,60.00000000000001,3.0,15.000000000000002,277.77777777777766,256,1.708355563821093e-07,44,0.16000000000000003,False
A_img_450_fov200,presence_phase0_sqcal,0.05,80.0,4.0,20.0,156.25,512,3.416711127642186e-07,25,0.16000000000000003,False
A_img_450_fov200,presence_phase0_sqcal,0.05,100.0,5.0,25.0,99.99999999999999,512,3.416711127642186e-07,16,0.16000000000000003,False
A_img_450_fov200,presence_phase0_sqcal,0.05,120.00000000000001,6.0,30.000000000000004,69.44444444444441,1024,6.833422255284372e-07,11,0.16000000000000003,False
A_img_450_fov200,presence_phase0_sqcal,0.05,160.0,8.0,40.0,39.0625,2048,1.3666844510568745e-06,6,0.16000000000000003,False
A_img_450_fov200,presence_phase0_sqcal,0.05,200.0,10.0,50.0,24.999999999999996,2048,1.3666844510568745e-06,4,0.16000000000000003,False
A_img_450_fov200,presence_randphase_sqcal,0.05,20.0,1.0,6.0,2500.0,0,0.0,400,0.16000000000000003,False
A_img_450_fov200,presence_randphase_sqcal,0.05,40.0,2.0,10.0,625.0,128,8.541777819105465e-08,100,0.16000000000000003,False
A_img_450_fov200,presence_randphase_sqcal,0.05,60.00000000000001,3.0,15.000000000000002,277.77777777777766,256,1.708355563821093e-07,44,0.16000000000000003,False
A_img_450_fov200,presence_randphase_sqcal,0.05,80.0,4.0,20.0,156.25,512,3.416711127642186e-07,25,0.16000000000000003,False
A_img_450_fov200,presence_randphase_sqcal,0.05,100.0,5.0,25.0,99.99999999999999,512,3.416711127642186e-07,16,0.16000000000000003,False
A_img_450_fov200,presence_randphase_sqcal,0.05,120.00000000000001,6.0,30.000000000000004,69.44444444444441,1024,6.833422255284372e-07,11,0.16000000000000003,False
A_img_450_fov200,presence_randphase_sqcal,0.05,160.0,8.0,40.0,39.0625,2048,1.3666844510568745e-06,6,0.16000000000000003,False
A_img_450_fov200,presence_randphase_sqcal,0.05,200.0,10.0,50.0,24.999999999999996,2048,1.3666844510568745e-06,4,0.16000000000000003,False
A_img_450_fov200,phase_0pi,0.05,20.0,1.0,6.0,2500.0,0,0.0,400,0.16000000000000003,False
A_img_450_fov200,phase_0pi,0.05,40.0,2.0,10.0,625.0,128,8.541777819105465e-08,100,0.16000000000000003,False
A_img_450_fov200,phase_0pi,0.05,60.00000000000001,3.0,15.000000000000002,277.77777777777766,256,1.708355563821093e-07,44,0.16000000000000003,False
A_img_450_fov200,phase_0pi,0.05,80.0,4.0,20.0,156.25,512,3.416711127642186e-07,25,0.16000000000000003,False
A_img_450_fov200,phase_0pi,0.05,100.0,5.0,25.0,99.99999999999999,512,3.416711127642186e-07,16,0.16000000000000003,False
A_img_450_fov200,phase_0pi,0.05,120.00000000000001,6.0,30.000000000000004,69.44444444444441,1024,6.833422255284372e-07,11,0.16000000000000003,False
A_img_450_fov200,phase_0pi,0.05,160.0,8.0,40.0,39.0625,1024,6.833422255284372e-07,6,0.16000000000000003,False
A_img_450_fov200,phase_0pi,0.05,200.0,10.0,50.0,24.999999999999996,1024,6.833422255284372e-07,4,0.16000000000000003,False
A_img_450_fov200,dual_rail,0.05,20.0,1.0,6.0,1250.0,0,0.0,200,0.16000000000000003,False
A_img_450_fov200,dual_rail,0.05,40.0,2.0,10.0,312.5,128,8.541777819105465e-08,50,0.16000000000000003,False
A_img_450_fov200,dual_rail,0.05,60.00000000000001,3.0,15.000000000000002,138.88888888888883,256,1.708355563821093e-07,22,0.16000000000000003,False
A_img_450_fov200,dual_rail,0.05,80.0,4.0,20.0,78.125,512,3.416711127642186e-07,12,0.16000000000000003,False
A_img_450_fov200,dual_rail,0.05,100.0,5.0,25.0,49.99999999999999,512,3.416711127642186e-07,8,0.16000000000000003,False
A_img_450_fov200,dual_rail,0.05,120.00000000000001,6.0,30.000000000000004,34.72222222222221,1024,6.833422255284372e-07,5,0.16000000000000003,False
A_img_450_fov200,dual_rail,0.05,160.0,8.0,40.0,19.53125,1024,6.833422255284372e-07,3,0.16000000000000003,False
A_img_450_fov200,dual_rail,0.05,200.0,10.0,50.0,12.499999999999998,1024,6.833422255284372e-07,2,0.16000000000000003,False
A_img_450_fov200,dual_rail_sq,0.05,20.0,1.0,6.0,1250.0,0,0.0,200,0.16000000000000003,False
A_img_450_fov200,dual_rail_sq,0.05,40.0,2.0,10.0,312.5,128,8.541777819105465e-08,50,0.16000000000000003,False
A_img_450_fov200,dual_rail_sq,0.05,60.00000000000001,3.0,15.000000000000002,138.88888888888883,256,1.708355563821093e-07,22,0.16000000000000003,False
A_img_450_fov200,dual_rail_sq,0.05,80.0,4.0,20.0,78.125,512,3.416711127642186e-07,12,0.16000000000000003,False
A_img_450_fov200,dual_rail_sq,0.05,100.0,5.0,25.0,49.99999999999999,512,3.416711127642186e-07,8,0.16000000000000003,False
A_img_450_fov200,dual_rail_sq,0.05,120.00000000000001,6.0,30.000000000000004,34.72222222222221,1024,6.833422255284372e-07,5,0.16000000000000003,False
A_img_450_fov200,dual_rail_sq,0.05,160.0,8.0,40.0,19.53125,2048,1.3666844510568745e-06,3,0.16000000000000003,False
A_img_450_fov200,dual_rail_sq,0.05,200.0,10.0,80.0,12.499999999999998,2048,1.3666844510568745e-06,2,0.16000000000000003,False
A_img_450_fov200,differential_sq,0.05,20.0,1.0,6.0,1250.0,0,0.0,200,0.16000000000000003,False
A_img_450_fov200,differential_sq,0.05,40.0,2.0,10.0,312.5,128,8.541777819105465e-08,50,0.16000000000000003,False
A_img_450_fov200,differential_sq,0.05,60.00000000000001,3.0,15.000000000000002,138.88888888888883,256,1.708355563821093e-07,22,0.16000000000000003,False
A_img_450_fov200,differential_sq,0.05,80.0,4.0,20.0,78.125,512,3.416711127642186e-07,12,0.16000000000000003,False
A_img_450_fov200,differential_sq,0.05,100.0,5.0,25.0,49.99999999999999,512,3.416711127642186e-07,8,0.16000000000000003,False
A_img_450_fov200,differential_sq,0.05,120.00000000000001,6.0,30.000000000000004,34.72222222222221,1024,6.833422255284372e-07,5,0.16000000000000003,False
A_img_450_fov200,differential_sq,0.05,160.0,8.0,40.0,19.53125,1024,6.833422255284372e-07,3,0.16000000000000003,False
A_img_450_fov200,differential_sq,0.05,200.0,10.0,50.0,12.499999999999998,1024,6.833422255284372e-07,2,0.16000000000000003,False
A_img_532_fov200,presence_phase0,0.0,20.0,1.0,6.0,2500.0,0,0.0,400,0.16000000000000003,False
A_img_532_fov200,presence_phase0,0.0,40.0,2.0,10.0,625.0,0,0.0,100,0.16000000000000003,False
A_img_532_fov200,presence_phase0,0.0,60.00000000000001,3.0,15.000000000000002,277.77777777777766,128,8.541715022734771e-08,44,0.16000000000000003,False
A_img_532_fov200,presence_phase0,0.0,80.0,4.0,20.0,156.25,256,1.7083430045469542e-07,25,0.16000000000000003,False
A_img_532_fov200,presence_phase0,0.0,100.0,5.0,25.0,99.99999999999999,256,1.7083430045469542e-07,16,0.16000000000000003,False
A_img_532_fov200,presence_phase0,0.0,120.00000000000001,6.0,30.000000000000004,69.44444444444441,512,3.4166860090939084e-07,11,0.16000000000000003,False
A_img_532_fov200,presence_phase0,0.0,160.0,8.0,40.0,39.0625,512,3.4166860090939084e-07,6,0.16000000000000003,False
A_img_532_fov200,presence_phase0,0.0,200.0,10.0,50.0,24.999999999999996,512,3.4166860090939084e-07,4,0.16000000000000003,False
A_img_532_fov200,presence_phase0_sq,0.0,20.0,1.0,6.0,2500.0,0,0.0,400,0.16000000000000003,False
A_img_532_fov200,presence_phase0_sq,0.0,40.0,2.0,10.0,625.0,0,0.0,100,0.16000000000000003,False
A_img_532_fov200,presence_phase0_sq,0.0,60.00000000000001,3.0,15.000000000000002,277.77777777777766,128,8.541715022734771e-08,44,0.16000000000000003,False
A_img_532_fov200,presence_phase0_sq,0.0,80.0,4.0,20.0,156.25,256,1.7083430045469542e-07,25,0.16000000000000003,False
A_img_532_fov200,presence_phase0_sq,0.0,100.0,5.0,25.0,99.99999999999999,512,3.4166860090939084e-07,16,0.16000000000000003,False
A_img_532_fov200,presence_phase0_sq,0.0,120.00000000000001,6.0,30.000000000000004,69.44444444444441,512,3.4166860090939084e-07,11,0.16000000000000003,False
A_img_532_fov200,presence_phase0_sq,0.0,160.0,8.0,40.0,39.0625,1024,6.833372018187817e-07,6,0.16000000000000003,False
A_img_532_fov200,presence_phase0_sq,0.0,200.0,10.0,50.0,24.999999999999996,1024,6.833372018187817e-07,4,0.16000000000000003,False
A_img_532_fov200,presence_phase0_sqcal,0.0,20.0,1.0,6.0,2500.0,0,0.0,400,0.16000000000000003,False
A_img_532_fov200,presence_phase0_sqcal,0.0,40.0,2.0,10.0,625.0,0,0.0,100,0.16000000000000003,False
A_img_532_fov200,presence_phase0_sqcal,0.0,60.00000000000001,3.0,15.000000000000002,277.77777777777766,128,8.541715022734771e-08,44,0.16000000000000003,False
A_img_532_fov200,presence_phase0_sqcal,0.0,80.0,4.0,20.0,156.25,256,1.7083430045469542e-07,25,0.16000000000000003,False
A_img_532_fov200,presence_phase0_sqcal,0.0,100.0,5.0,25.0,99.99999999999999,512,3.4166860090939084e-07,16,0.16000000000000003,False
A_img_532_fov200,presence_phase0_sqcal,0.0,120.00000000000001,6.0,30.000000000000004,69.44444444444441,1024,6.833372018187817e-07,11,0.16000000000000003,False
A_img_532_fov200,presence_phase0_sqcal,0.0,160.0,8.0,40.0,39.0625,1024,6.833372018187817e-07,6,0.16000000000000003,False
A_img_532_fov200,presence_phase0_sqcal,0.0,200.0,10.0,50.0,24.999999999999996,1024,6.833372018187817e-07,4,0.16000000000000003,False
A_img_532_fov200,presence_randphase_sqcal,0.0,20.0,1.0,6.0,2500.0,0,0.0,400,0.16000000000000003,False
A_img_532_fov200,presence_randphase_sqcal,0.0,40.0,2.0,10.0,625.0,2,1.334642972302308e-09,100,0.16000000000000003,False
A_img_532_fov200,presence_randphase_sqcal,0.0,60.00000000000001,3.0,15.000000000000002,277.77777777777766,128,8.541715022734771e-08,44,0.16000000000000003,False
A_img_532_fov200,presence_randphase_sqcal,0.0,80.0,4.0,20.0,156.25,256,1.7083430045469542e-07,25,0.16000000000000003,False
A_img_532_fov200,presence_randphase_sqcal,0.0,100.0,5.0,25.0,99.99999999999999,512,3.4166860090939084e-07,16,0.16000000000000003,False
A_img_532_fov200,presence_randphase_sqcal,0.0,120.00000000000001,6.0,30.000000000000004,69.44444444444441,512,3.4166860090939084e-07,11,0.16000000000000003,False
A_img_532_fov200,presence_randphase_sqcal,0.0,160.0,8.0,40.0,39.0625,1024,6.833372018187817e-07,6,0.16000000000000003,False
A_img_532_fov200,presence_randphase_sqcal,0.0,200.0,10.0,50.0,24.999999999999996,2048,1.3666744036375634e-06,4,0.16000000000000003,False
A_img_532_fov200,phase_0pi,0.0,20.0,1.0,6.0,2500.0,0,0.0,400,0.16000000000000003,False
A_img_532_fov200,phase_0pi,0.0,40.0,2.0,10.0,625.0,8,5.338571889209232e-09,100,0.16000000000000003,False
A_img_532_fov200,phase_0pi,0.0,60.00000000000001,3.0,15.000000000000002,277.77777777777766,128,8.541715022734771e-08,44,0.16000000000000003,False
A_img_532_fov200,phase_0pi,0.0,80.0,4.0,20.0,156.25,256,1.7083430045469542e-07,25,0.16000000000000003,False
A_img_532_fov200,phase_0pi,0.0,100.0,5.0,25.0,99.99999999999999,512,3.4166860090939084e-07,16,0.16000000000000003,False
A_img_532_fov200,phase_0pi,0.0,120.00000000000001,6.0,30.000000000000004,69.44444444444441,1024,6.833372018187817e-07,11,0.16000000000000003,False
A_img_532_fov200,phase_0pi,0.0,160.0,8.0,40.0,39.0625,1024,6.833372018187817e-07,6,0.16000000000000003,False
A_img_532_fov200,phase_0pi,0.0,200.0,10.0,50.0,24.999999999999996,1024,6.833372018187817e-07,4,0.16000000000000003,False
A_img_532_fov200,dual_rail,0.0,20.0,1.0,6.0,1250.0,0,0.0,200,0.16000000000000003,False
A_img_532_fov200,dual_rail,0.0,40.0,2.0,10.0,312.5,8,5.338571889209232e-09,50,0.16000000000000003,False
A_img_532_fov200,dual_rail,0.0,60.00000000000001,3.0,15.000000000000002,138.88888888888883,128,8.541715022734771e-08,22,0.16000000000000003,False
A_img_532_fov200,dual_rail,0.0,80.0,4.0,20.0,78.125,256,1.7083430045469542e-07,12,0.16000000000000003,False
A_img_532_fov200,dual_rail,0.0,100.0,5.0,25.0,49.99999999999999,512,3.4166860090939084e-07,8,0.16000000000000003,False
A_img_532_fov200,dual_rail,0.0,120.00000000000001,6.0,30.000000000000004,34.72222222222221,512,3.4166860090939084e-07,5,0.16000000000000003,False
A_img_532_fov200,dual_rail,0.0,160.0,8.0,40.0,19.53125,1024,6.833372018187817e-07,3,0.16000000000000003,False
A_img_532_fov200,dual_rail,0.0,200.0,10.0,50.0,12.499999999999998,1024,6.833372018187817e-07,2,0.16000000000000003,False
A_img_532_fov200,dual_rail_sq,0.0,20.0,1.0,6.0,1250.0,0,0.0,200,0.16000000000000003,False
A_img_532_fov200,dual_rail_sq,0.0,40.0,2.0,10.0,312.5,32,2.1354287556836928e-08,50,0.16000000000000003,False
A_img_532_fov200,dual_rail_sq,0.0,60.00000000000001,3.0,15.000000000000002,138.88888888888883,128,8.541715022734771e-08,22,0.16000000000000003,False
A_img_532_fov200,dual_rail_sq,0.0,80.0,4.0,20.0,78.125,256,1.7083430045469542e-07,12,0.16000000000000003,False
A_img_532_fov200,dual_rail_sq,0.0,100.0,5.0,25.0,49.99999999999999,512,3.4166860090939084e-07,8,0.16000000000000003,False
A_img_532_fov200,dual_rail_sq,0.0,120.00000000000001,6.0,30.000000000000004,34.72222222222221,512,3.4166860090939084e-07,5,0.16000000000000003,False
A_img_532_fov200,dual_rail_sq,0.0,160.0,8.0,40.0,19.53125,1024,6.833372018187817e-07,3,0.16000000000000003,False
A_img_532_fov200,dual_rail_sq,0.0,200.0,10.0,50.0,12.499999999999998,1024,6.833372018187817e-07,2,0.16000000000000003,False
A_img_532_fov200,differential_sq,0.0,20.0,1.0,6.0,1250.0,0,0.0,200,0.16000000000000003,False
A_img_532_fov200,differential_sq,0.0,40.0,2.0,10.0,312.5,0,0.0,50,0.16000000000000003,False
A_img_532_fov200,differential_sq,0.0,60.00000000000001,3.0,15.000000000000002,138.88888888888883,128,8.541715022734771e-08,22,0.16000000000000003,False
A_img_532_fov200,differential_sq,0.0,80.0,4.0,20.0,78.125,256,1.7083430045469542e-07,12,0.16000000000000003,False
A_img_532_fov200,differential_sq,0.0,100.0,5.0,25.0,49.99999999999999,512,3.4166860090939084e-07,8,0.16000000000000003,False
A_img_532_fov200,differential_sq,0.0,120.00000000000001,6.0,30.000000000000004,34.72222222222221,512,3.4166860090939084e-07,5,0.16000000000000003,False
A_img_532_fov200,differential_sq,0.0,160.0,8.0,40.0,19.53125,1024,6.833372018187817e-07,3,0.16000000000000003,False
A_img_532_fov200,differential_sq,0.0,200.0,10.0,50.0,12.499999999999998,1024,6.833372018187817e-07,2,0.16000000000000003,False
A_img_532_fov200,presence_phase0,0.01,20.0,1.0,6.0,2500.0,0,0.0,400,0.16000000000000003,False
A_img_532_fov200,presence_phase0,0.01,40.0,2.0,10.0,625.0,0,0.0,100,0.16000000000000003,False
A_img_532_fov200,presence_phase0,0.01,60.00000000000001,3.0,15.000000000000002,277.77777777777766,128,8.541715022734771e-08,44,0.16000000000000003,False
A_img_532_fov200,presence_phase0,0.01,80.0,4.0,20.0,156.25,256,1.7083430045469542e-07,25,0.16000000000000003,False
A_img_532_fov200,presence_phase0,0.01,100.0,5.0,25.0,99.99999999999999,512,3.4166860090939084e-07,16,0.16000000000000003,False
A_img_532_fov200,presence_phase0,0.01,120.00000000000001,6.0,30.000000000000004,69.44444444444441,512,3.4166860090939084e-07,11,0.16000000000000003,False
A_img_532_fov200,presence_phase0,0.01,160.0,8.0,40.0,39.0625,512,3.4166860090939084e-07,6,0.16000000000000003,False
A_img_532_fov200,presence_phase0,0.01,200.0,10.0,50.0,24.999999999999996,512,3.4166860090939084e-07,4,0.16000000000000003,False
A_img_532_fov200,presence_phase0_sq,0.01,20.0,1.0,6.0,2500.0,0,0.0,400,0.16000000000000003,False
A_img_532_fov200,presence_phase0_sq,0.01,40.0,2.0,10.0,625.0,2,1.334642972302308e-09,100,0.16000000000000003,False
A_img_532_fov200,presence_phase0_sq,0.01,60.00000000000001,3.0,15.000000000000002,277.77777777777766,128,8.541715022734771e-08,44,0.16000000000000003,False
A_img_532_fov200,presence_phase0_sq,0.01,80.0,4.0,20.0,156.25,256,1.7083430045469542e-07,25,0.16000000000000003,False
A_img_532_fov200,presence_phase0_sq,0.01,100.0,5.0,25.0,99.99999999999999,512,3.4166860090939084e-07,16,0.16000000000000003,False
A_img_532_fov200,presence_phase0_sq,0.01,120.00000000000001,6.0,30.000000000000004,69.44444444444441,512,3.4166860090939084e-07,11,0.16000000000000003,False
A_img_532_fov200,presence_phase0_sq,0.01,160.0,8.0,40.0,39.0625,1024,6.833372018187817e-07,6,0.16000000000000003,False
A_img_532_fov200,presence_phase0_sq,0.01,200.0,10.0,50.0,24.999999999999996,1024,6.833372018187817e-07,4,0.16000000000000003,False
A_img_532_fov200,presence_phase0_sqcal,0.01,20.0,1.0,6.0,2500.0,0,0.0,400,0.16000000000000003,False
A_img_532_fov200,presence_phase0_sqcal,0.01,40.0,2.0,10.0,625.0,64,4.2708575113673855e-08,100,0.16000000000000003,False
A_img_532_fov200,presence_phase0_sqcal,0.01,60.00000000000001,3.0,15.000000000000002,277.77777777777766,128,8.541715022734771e-08,44,0.16000000000000003,False
A_img_532_fov200,presence_phase0_sqcal,0.01,80.0,4.0,20.0,156.25,256,1.7083430045469542e-07,25,0.16000000000000003,False
A_img_532_fov200,presence_phase0_sqcal,0.01,100.0,5.0,25.0,99.99999999999999,512,3.4166860090939084e-07,16,0.16000000000000003,False
A_img_532_fov200,presence_phase0_sqcal,0.01,120.00000000000001,6.0,30.000000000000004,69.44444444444441,1024,6.833372018187817e-07,11,0.16000000000000003,False
A_img_532_fov200,presence_phase0_sqcal,0.01,160.0,8.0,40.0,39.0625,1024,6.833372018187817e-07,6,0.16000000000000003,False
A_img_532_fov200,presence_phase0_sqcal,0.01,200.0,10.0,50.0,24.999999999999996,1024,6.833372018187817e-07,4,0.16000000000000003,False
A_img_532_fov200,presence_randphase_sqcal,0.01,20.0,1.0,6.0,2500.0,0,0.0,400,0.16000000000000003,False
A_img_532_fov200,presence_randphase_sqcal,0.01,40.0,2.0,10.0,625.0,64,4.2708575113673855e-08,100,0.16000000000000003,False
A_img_532_fov200,presence_randphase_sqcal,0.01,60.00000000000001,3.0,15.000000000000002,277.77777777777766,128,8.541715022734771e-08,44,0.16000000000000003,False
A_img_532_fov200,presence_randphase_sqcal,0.01,80.0,4.0,20.0,156.25,256,1.7083430045469542e-07,25,0.16000000000000003,False
A_img_532_fov200,presence_randphase_sqcal,0.01,100.0,5.0,25.0,99.99999999999999,512,3.4166860090939084e-07,16,0.16000000000000003,False
A_img_532_fov200,presence_randphase_sqcal,0.01,120.00000000000001,6.0,30.000000000000004,69.44444444444441,1024,6.833372018187817e-07,11,0.16000000000000003,False
A_img_532_fov200,presence_randphase_sqcal,0.01,160.0,8.0,40.0,39.0625,1024,6.833372018187817e-07,6,0.16000000000000003,False
A_img_532_fov200,presence_randphase_sqcal,0.01,200.0,10.0,50.0,24.999999999999996,2048,1.3666744036375634e-06,4,0.16000000000000003,False
A_img_532_fov200,phase_0pi,0.01,20.0,1.0,6.0,2500.0,0,0.0,400,0.16000000000000003,False
A_img_532_fov200,phase_0pi,0.01,40.0,2.0,10.0,625.0,64,4.2708575113673855e-08,100,0.16000000000000003,False
A_img_532_fov200,phase_0pi,0.01,60.00000000000001,3.0,15.000000000000002,277.77777777777766,128,8.541715022734771e-08,44,0.16000000000000003,False
A_img_532_fov200,phase_0pi,0.01,80.0,4.0,20.0,156.25,256,1.7083430045469542e-07,25,0.16000000000000003,False
A_img_532_fov200,phase_0pi,0.01,100.0,5.0,25.0,99.99999999999999,512,3.4166860090939084e-07,16,0.16000000000000003,False
A_img_532_fov200,phase_0pi,0.01,120.00000000000001,6.0,30.000000000000004,69.44444444444441,1024,6.833372018187817e-07,11,0.16000000000000003,False
A_img_532_fov200,phase_0pi,0.01,160.0,8.0,40.0,39.0625,1024,6.833372018187817e-07,6,0.16000000000000003,False
A_img_532_fov200,phase_0pi,0.01,200.0,10.0,50.0,24.999999999999996,1024,6.833372018187817e-07,4,0.16000000000000003,False
A_img_532_fov200,dual_rail,0.01,20.0,1.0,6.0,1250.0,0,0.0,200,0.16000000000000003,False
A_img_532_fov200,dual_rail,0.01,40.0,2.0,10.0,312.5,64,4.2708575113673855e-08,50,0.16000000000000003,False
A_img_532_fov200,dual_rail,0.01,60.00000000000001,3.0,15.000000000000002,138.88888888888883,128,8.541715022734771e-08,22,0.16000000000000003,False
A_img_532_fov200,dual_rail,0.01,80.0,4.0,20.0,78.125,256,1.7083430045469542e-07,12,0.16000000000000003,False
A_img_532_fov200,dual_rail,0.01,100.0,5.0,25.0,49.99999999999999,512,3.4166860090939084e-07,8,0.16000000000000003,False
A_img_532_fov200,dual_rail,0.01,120.00000000000001,6.0,30.000000000000004,34.72222222222221,512,3.4166860090939084e-07,5,0.16000000000000003,False
A_img_532_fov200,dual_rail,0.01,160.0,8.0,40.0,19.53125,1024,6.833372018187817e-07,3,0.16000000000000003,False
A_img_532_fov200,dual_rail,0.01,200.0,10.0,50.0,12.499999999999998,1024,6.833372018187817e-07,2,0.16000000000000003,False
A_img_532_fov200,dual_rail_sq,0.01,20.0,1.0,6.0,1250.0,0,0.0,200,0.16000000000000003,False
A_img_532_fov200,dual_rail_sq,0.01,40.0,2.0,10.0,312.5,64,4.2708575113673855e-08,50,0.16000000000000003,False
A_img_532_fov200,dual_rail_sq,0.01,60.00000000000001,3.0,15.000000000000002,138.88888888888883,128,8.541715022734771e-08,22,0.16000000000000003,False
A_img_532_fov200,dual_rail_sq,0.01,80.0,4.0,20.0,78.125,256,1.7083430045469542e-07,12,0.16000000000000003,False
A_img_532_fov200,dual_rail_sq,0.01,100.0,5.0,25.0,49.99999999999999,512,3.4166860090939084e-07,8,0.16000000000000003,False
A_img_532_fov200,dual_rail_sq,0.01,120.00000000000001,6.0,30.000000000000004,34.72222222222221,512,3.4166860090939084e-07,5,0.16000000000000003,False
A_img_532_fov200,dual_rail_sq,0.01,160.0,8.0,40.0,19.53125,1024,6.833372018187817e-07,3,0.16000000000000003,False
A_img_532_fov200,dual_rail_sq,0.01,200.0,10.0,50.0,12.499999999999998,1024,6.833372018187817e-07,2,0.16000000000000003,False
A_img_532_fov200,differential_sq,0.01,20.0,1.0,6.0,1250.0,0,0.0,200,0.16000000000000003,False
A_img_532_fov200,differential_sq,0.01,40.0,2.0,10.0,312.5,32,2.1354287556836928e-08,50,0.16000000000000003,False
A_img_532_fov200,differential_sq,0.01,60.00000000000001,3.0,15.000000000000002,138.88888888888883,128,8.541715022734771e-08,22,0.16000000000000003,False
A_img_532_fov200,differential_sq,0.01,80.0,4.0,20.0,78.125,256,1.7083430045469542e-07,12,0.16000000000000003,False
A_img_532_fov200,differential_sq,0.01,100.0,5.0,25.0,49.99999999999999,512,3.4166860090939084e-07,8,0.16000000000000003,False
A_img_532_fov200,differential_sq,0.01,120.00000000000001,6.0,30.000000000000004,34.72222222222221,512,3.4166860090939084e-07,5,0.16000000000000003,False
A_img_532_fov200,differential_sq,0.01,160.0,8.0,40.0,19.53125,1024,6.833372018187817e-07,3,0.16000000000000003,False
A_img_532_fov200,differential_sq,0.01,200.0,10.0,50.0,12.499999999999998,1024,6.833372018187817e-07,2,0.16000000000000003,False
A_img_532_fov200,presence_phase0,0.05,20.0,1.0,6.0,2500.0,0,0.0,400,0.16000000000000003,False
A_img_532_fov200,presence_phase0,0.05,40.0,2.0,10.0,625.0,64,4.2708575113673855e-08,100,0.16000000000000003,False
A_img_532_fov200,presence_phase0,0.05,60.00000000000001,3.0,15.000000000000002,277.77777777777766,128,8.541715022734771e-08,44,0.16000000000000003,False
A_img_532_fov200,presence_phase0,0.05,80.0,4.0,20.0,156.25,256,1.7083430045469542e-07,25,0.16000000000000003,False
A_img_532_fov200,presence_phase0,0.05,100.0,5.0,25.0,99.99999999999999,512,3.4166860090939084e-07,16,0.16000000000000003,False
A_img_532_fov200,presence_phase0,0.05,120.00000000000001,6.0,30.000000000000004,69.44444444444441,512,3.4166860090939084e-07,11,0.16000000000000003,False
A_img_532_fov200,presence_phase0,0.05,160.0,8.0,40.0,39.0625,512,3.4166860090939084e-07,6,0.16000000000000003,False
A_img_532_fov200,presence_phase0,0.05,200.0,10.0,50.0,24.999999999999996,512,3.4166860090939084e-07,4,0.16000000000000003,False
A_img_532_fov200,presence_phase0_sq,0.05,20.0,1.0,6.0,2500.0,0,0.0,400,0.16000000000000003,False
A_img_532_fov200,presence_phase0_sq,0.05,40.0,2.0,10.0,625.0,128,8.541715022734771e-08,100,0.16000000000000003,False
A_img_532_fov200,presence_phase0_sq,0.05,60.00000000000001,3.0,15.000000000000002,277.77777777777766,256,1.7083430045469542e-07,44,0.16000000000000003,False
A_img_532_fov200,presence_phase0_sq,0.05,80.0,4.0,20.0,156.25,256,1.7083430045469542e-07,25,0.16000000000000003,False
A_img_532_fov200,presence_phase0_sq,0.05,100.0,5.0,25.0,99.99999999999999,512,3.4166860090939084e-07,16,0.16000000000000003,False
A_img_532_fov200,presence_phase0_sq,0.05,120.00000000000001,6.0,30.000000000000004,69.44444444444441,1024,6.833372018187817e-07,11,0.16000000000000003,False
A_img_532_fov200,presence_phase0_sq,0.05,160.0,8.0,40.0,39.0625,1024,6.833372018187817e-07,6,0.16000000000000003,False
A_img_532_fov200,presence_phase0_sq,0.05,200.0,10.0,50.0,24.999999999999996,1024,6.833372018187817e-07,4,0.16000000000000003,False
A_img_532_fov200,presence_phase0_sqcal,0.05,20.0,1.0,6.0,2500.0,0,0.0,400,0.16000000000000003,False
A_img_532_fov200,presence_phase0_sqcal,0.05,40.0,2.0,10.0,625.0,128,8.541715022734771e-08,100,0.16000000000000003,False
A_img_532_fov200,presence_phase0_sqcal,0.05,60.00000000000001,3.0,15.000000000000002,277.77777777777766,256,1.7083430045469542e-07,44,0.16000000000000003,False
A_img_532_fov200,presence_phase0_sqcal,0.05,80.0,4.0,20.0,156.25,512,3.4166860090939084e-07,25,0.16000000000000003,False
A_img_532_fov200,presence_phase0_sqcal,0.05,100.0,5.0,25.0,99.99999999999999,512,3.4166860090939084e-07,16,0.16000000000000003,False
A_img_532_fov200,presence_phase0_sqcal,0.05,120.00000000000001,6.0,30.000000000000004,69.44444444444441,1024,6.833372018187817e-07,11,0.16000000000000003,False
A_img_532_fov200,presence_phase0_sqcal,0.05,160.0,8.0,40.0,39.0625,2048,1.3666744036375634e-06,6,0.16000000000000003,False
A_img_532_fov200,presence_phase0_sqcal,0.05,200.0,10.0,50.0,24.999999999999996,2048,1.3666744036375634e-06,4,0.16000000000000003,False
A_img_532_fov200,presence_randphase_sqcal,0.05,20.0,1.0,6.0,2500.0,0,0.0,400,0.16000000000000003,False
A_img_532_fov200,presence_randphase_sqcal,0.05,40.0,2.0,10.0,625.0,128,8.541715022734771e-08,100,0.16000000000000003,False
A_img_532_fov200,presence_randphase_sqcal,0.05,60.00000000000001,3.0,15.000000000000002,277.77777777777766,256,1.7083430045469542e-07,44,0.16000000000000003,False
A_img_532_fov200,presence_randphase_sqcal,0.05,80.0,4.0,20.0,156.25,512,3.4166860090939084e-07,25,0.16000000000000003,False
A_img_532_fov200,presence_randphase_sqcal,0.05,100.0,5.0,25.0,99.99999999999999,512,3.4166860090939084e-07,16,0.16000000000000003,False
A_img_532_fov200,presence_randphase_sqcal,0.05,120.00000000000001,6.0,30.000000000000004,69.44444444444441,1024,6.833372018187817e-07,11,0.16000000000000003,False
A_img_532_fov200,presence_randphase_sqcal,0.05,160.0,8.0,64.00000000000001,39.0625,2048,1.3666744036375634e-06,6,0.16000000000000003,False
A_img_532_fov200,presence_randphase_sqcal,0.05,200.0,10.0,50.0,24.999999999999996,2048,1.3666744036375634e-06,4,0.16000000000000003,False
A_img_532_fov200,phase_0pi,0.05,20.0,1.0,6.0,2500.0,0,0.0,400,0.16000000000000003,False
A_img_532_fov200,phase_0pi,0.05,40.0,2.0,10.0,625.0,128,8.541715022734771e-08,100,0.16000000000000003,False
A_img_532_fov200,phase_0pi,0.05,60.00000000000001,3.0,15.000000000000002,277.77777777777766,256,1.7083430045469542e-07,44,0.16000000000000003,False
A_img_532_fov200,phase_0pi,0.05,80.0,4.0,20.0,156.25,256,1.7083430045469542e-07,25,0.16000000000000003,False
A_img_532_fov200,phase_0pi,0.05,100.0,5.0,25.0,99.99999999999999,512,3.4166860090939084e-07,16,0.16000000000000003,False
A_img_532_fov200,phase_0pi,0.05,120.00000000000001,6.0,30.000000000000004,69.44444444444441,1024,6.833372018187817e-07,11,0.16000000000000003,False
A_img_532_fov200,phase_0pi,0.05,160.0,8.0,40.0,39.0625,1024,6.833372018187817e-07,6,0.16000000000000003,False
A_img_532_fov200,phase_0pi,0.05,200.0,10.0,50.0,24.999999999999996,1024,6.833372018187817e-07,4,0.16000000000000003,False
A_img_532_fov200,dual_rail,0.05,20.0,1.0,6.0,1250.0,0,0.0,200,0.16000000000000003,False
A_img_532_fov200,dual_rail,0.05,40.0,2.0,10.0,312.5,64,4.2708575113673855e-08,50,0.16000000000000003,False
A_img_532_fov200,dual_rail,0.05,60.00000000000001,3.0,15.000000000000002,138.88888888888883,256,1.7083430045469542e-07,22,0.16000000000000003,False
A_img_532_fov200,dual_rail,0.05,80.0,4.0,20.0,78.125,256,1.7083430045469542e-07,12,0.16000000000000003,False
A_img_532_fov200,dual_rail,0.05,100.0,5.0,25.0,49.99999999999999,512,3.4166860090939084e-07,8,0.16000000000000003,False
A_img_532_fov200,dual_rail,0.05,120.00000000000001,6.0,30.000000000000004,34.72222222222221,512,3.4166860090939084e-07,5,0.16000000000000003,False
A_img_532_fov200,dual_rail,0.05,160.0,8.0,40.0,19.53125,1024,6.833372018187817e-07,3,0.16000000000000003,False
A_img_532_fov200,dual_rail,0.05,200.0,10.0,50.0,12.499999999999998,1024,6.833372018187817e-07,2,0.16000000000000003,False
A_img_532_fov200,dual_rail_sq,0.05,20.0,1.0,6.0,1250.0,0,0.0,200,0.16000000000000003,False
A_img_532_fov200,dual_rail_sq,0.05,40.0,2.0,10.0,312.5,128,8.541715022734771e-08,50,0.16000000000000003,False
A_img_532_fov200,dual_rail_sq,0.05,60.00000000000001,3.0,15.000000000000002,138.88888888888883,256,1.7083430045469542e-07,22,0.16000000000000003,False
A_img_532_fov200,dual_rail_sq,0.05,80.0,4.0,20.0,78.125,256,1.7083430045469542e-07,12,0.16000000000000003,False
A_img_532_fov200,dual_rail_sq,0.05,100.0,5.0,25.0,49.99999999999999,512,3.4166860090939084e-07,8,0.16000000000000003,False
A_img_532_fov200,dual_rail_sq,0.05,120.00000000000001,6.0,30.000000000000004,34.72222222222221,1024,6.833372018187817e-07,5,0.16000000000000003,False
A_img_532_fov200,dual_rail_sq,0.05,160.0,8.0,40.0,19.53125,1024,6.833372018187817e-07,3,0.16000000000000003,False
A_img_532_fov200,dual_rail_sq,0.05,200.0,10.0,80.0,12.499999999999998,2048,1.3666744036375634e-06,2,0.16000000000000003,False
A_img_532_fov200,differential_sq,0.05,20.0,1.0,6.0,1250.0,0,0.0,200,0.16000000000000003,False
A_img_532_fov200,differential_sq,0.05,40.0,2.0,10.0,312.5,64,4.2708575113673855e-08,50,0.16000000000000003,False
A_img_532_fov200,differential_sq,0.05,60.00000000000001,3.0,15.000000000000002,138.88888888888883,256,1.7083430045469542e-07,22,0.16000000000000003,False
A_img_532_fov200,differential_sq,0.05,80.0,4.0,20.0,78.125,256,1.7083430045469542e-07,12,0.16000000000000003,False
A_img_532_fov200,differential_sq,0.05,100.0,5.0,25.0,49.99999999999999,512,3.4166860090939084e-07,8,0.16000000000000003,False
A_img_532_fov200,differential_sq,0.05,120.00000000000001,6.0,30.000000000000004,34.72222222222221,512,3.4166860090939084e-07,5,0.16000000000000003,False
A_img_532_fov200,differential_sq,0.05,160.0,8.0,40.0,19.53125,1024,6.833372018187817e-07,3,0.16000000000000003,False
A_img_532_fov200,differential_sq,0.05,200.0,10.0,50.0,12.499999999999998,1024,6.833372018187817e-07,2,0.16000000000000003,False
A_img_fov200,presence_phase0,0.0,20.0,1.0,6.0,2500.0,0,0.0,400,0.16000000000000003,False
A_img_fov200,presence_phase0,0.0,40.0,2.0,10.0,625.0,0,0.0,100,0.16000000000000003,False
A_img_fov200,presence_phase0,0.0,60.00000000000001,3.0,15.000000000000002,277.77777777777766,2,1.334635155329395e-09,44,0.16000000000000003,False
A_img_fov200,presence_phase0,0.0,80.0,4.0,20.0,156.25,128,8.541664994108128e-08,25,0.16000000000000003,False
A_img_fov200,presence_phase0,0.0,100.0,5.0,25.0,99.99999999999999,256,1.7083329988216256e-07,16,0.16000000000000003,False
A_img_fov200,presence_phase0,0.0,120.00000000000001,6.0,30.000000000000004,69.44444444444441,512,3.416665997643251e-07,11,0.16000000000000003,False
A_img_fov200,presence_phase0,0.0,160.0,8.0,40.0,39.0625,512,3.416665997643251e-07,6,0.16000000000000003,False
A_img_fov200,presence_phase0,0.0,200.0,10.0,50.0,24.999999999999996,512,3.416665997643251e-07,4,0.16000000000000003,False
A_img_fov200,presence_phase0_sq,0.0,20.0,1.0,6.0,2500.0,0,0.0,400,0.16000000000000003,False
A_img_fov200,presence_phase0_sq,0.0,40.0,2.0,10.0,625.0,0,0.0,100,0.16000000000000003,False
A_img_fov200,presence_phase0_sq,0.0,60.00000000000001,3.0,15.000000000000002,277.77777777777766,128,8.541664994108128e-08,44,0.16000000000000003,False
A_img_fov200,presence_phase0_sq,0.0,80.0,4.0,20.0,156.25,256,1.7083329988216256e-07,25,0.16000000000000003,False
A_img_fov200,presence_phase0_sq,0.0,100.0,5.0,25.0,99.99999999999999,512,3.416665997643251e-07,16,0.16000000000000003,False
A_img_fov200,presence_phase0_sq,0.0,120.00000000000001,6.0,30.000000000000004,69.44444444444441,512,3.416665997643251e-07,11,0.16000000000000003,False
A_img_fov200,presence_phase0_sq,0.0,160.0,8.0,40.0,39.0625,1024,6.833331995286502e-07,6,0.16000000000000003,False
A_img_fov200,presence_phase0_sq,0.0,200.0,10.0,50.0,24.999999999999996,1024,6.833331995286502e-07,4,0.16000000000000003,False
A_img_fov200,presence_phase0_sqcal,0.0,20.0,1.0,6.0,2500.0,0,0.0,400,0.16000000000000003,False
A_img_fov200,presence_phase0_sqcal,0.0,40.0,2.0,10.0,625.0,0,0.0,100,0.16000000000000003,False
A_img_fov200,presence_phase0_sqcal,0.0,60.00000000000001,3.0,15.000000000000002,277.77777777777766,128,8.541664994108128e-08,44,0.16000000000000003,False
A_img_fov200,presence_phase0_sqcal,0.0,80.0,4.0,20.0,156.25,256,1.7083329988216256e-07,25,0.16000000000000003,False
A_img_fov200,presence_phase0_sqcal,0.0,100.0,5.0,25.0,99.99999999999999,256,1.7083329988216256e-07,16,0.16000000000000003,False
A_img_fov200,presence_phase0_sqcal,0.0,120.00000000000001,6.0,30.000000000000004,69.44444444444441,512,3.416665997643251e-07,11,0.16000000000000003,False
A_img_fov200,presence_phase0_sqcal,0.0,160.0,8.0,40.0,39.0625,1024,6.833331995286502e-07,6,0.16000000000000003,False
A_img_fov200,presence_phase0_sqcal,0.0,200.0,10.0,50.0,24.999999999999996,1024,6.833331995286502e-07,4,0.16000000000000003,False
A_img_fov200,presence_randphase_sqcal,0.0,20.0,1.0,6.0,2500.0,0,0.0,400,0.16000000000000003,False
A_img_fov200,presence_randphase_sqcal,0.0,40.0,2.0,10.0,625.0,0,0.0,100,0.16000000000000003,False
A_img_fov200,presence_randphase_sqcal,0.0,60.00000000000001,3.0,15.000000000000002,277.77777777777766,128,8.541664994108128e-08,44,0.16000000000000003,False
A_img_fov200,presence_randphase_sqcal,0.0,80.0,4.0,20.0,156.25,256,1.7083329988216256e-07,25,0.16000000000000003,False
A_img_fov200,presence_randphase_sqcal,0.0,100.0,5.0,25.0,99.99999999999999,256,1.7083329988216256e-07,16,0.16000000000000003,False
A_img_fov200,presence_randphase_sqcal,0.0,120.00000000000001,6.0,30.000000000000004,69.44444444444441,512,3.416665997643251e-07,11,0.16000000000000003,False
A_img_fov200,presence_randphase_sqcal,0.0,160.0,8.0,40.0,39.0625,1024,6.833331995286502e-07,6,0.16000000000000003,False
A_img_fov200,presence_randphase_sqcal,0.0,200.0,10.0,50.0,24.999999999999996,1024,6.833331995286502e-07,4,0.16000000000000003,False
A_img_fov200,phase_0pi,0.0,20.0,1.0,6.0,2500.0,0,0.0,400,0.16000000000000003,False
A_img_fov200,phase_0pi,0.0,40.0,2.0,10.0,625.0,0,0.0,100,0.16000000000000003,False
A_img_fov200,phase_0pi,0.0,60.00000000000001,3.0,15.000000000000002,277.77777777777766,128,8.541664994108128e-08,44,0.16000000000000003,False
A_img_fov200,phase_0pi,0.0,80.0,4.0,20.0,156.25,256,1.7083329988216256e-07,25,0.16000000000000003,False
A_img_fov200,phase_0pi,0.0,100.0,5.0,25.0,99.99999999999999,512,3.416665997643251e-07,16,0.16000000000000003,False
A_img_fov200,phase_0pi,0.0,120.00000000000001,6.0,30.000000000000004,69.44444444444441,512,3.416665997643251e-07,11,0.16000000000000003,False
A_img_fov200,phase_0pi,0.0,160.0,8.0,40.0,39.0625,1024,6.833331995286502e-07,6,0.16000000000000003,False
A_img_fov200,phase_0pi,0.0,200.0,10.0,50.0,24.999999999999996,1024,6.833331995286502e-07,4,0.16000000000000003,False
A_img_fov200,dual_rail,0.0,20.0,1.0,6.0,1250.0,0,0.0,200,0.16000000000000003,False
A_img_fov200,dual_rail,0.0,40.0,2.0,10.0,312.5,0,0.0,50,0.16000000000000003,False
A_img_fov200,dual_rail,0.0,60.00000000000001,3.0,15.000000000000002,138.88888888888883,128,8.541664994108128e-08,22,0.16000000000000003,False
A_img_fov200,dual_rail,0.0,80.0,4.0,20.0,78.125,256,1.7083329988216256e-07,12,0.16000000000000003,False
A_img_fov200,dual_rail,0.0,100.0,5.0,25.0,49.99999999999999,256,1.7083329988216256e-07,8,0.16000000000000003,False
A_img_fov200,dual_rail,0.0,120.00000000000001,6.0,30.000000000000004,34.72222222222221,512,3.416665997643251e-07,5,0.16000000000000003,False
A_img_fov200,dual_rail,0.0,160.0,8.0,40.0,19.53125,1024,6.833331995286502e-07,3,0.16000000000000003,False
A_img_fov200,dual_rail,0.0,200.0,10.0,50.0,12.499999999999998,1024,6.833331995286502e-07,2,0.16000000000000003,False
A_img_fov200,dual_rail_sq,0.0,20.0,1.0,6.0,1250.0,0,0.0,200,0.16000000000000003,False
A_img_fov200,dual_rail_sq,0.0,40.0,2.0,10.0,312.5,0,0.0,50,0.16000000000000003,False
A_img_fov200,dual_rail_sq,0.0,60.00000000000001,3.0,15.000000000000002,138.88888888888883,128,8.541664994108128e-08,22,0.16000000000000003,False
A_img_fov200,dual_rail_sq,0.0,80.0,4.0,20.0,78.125,256,1.7083329988216256e-07,12,0.16000000000000003,False
A_img_fov200,dual_rail_sq,0.0,100.0,5.0,25.0,49.99999999999999,512,3.416665997643251e-07,8,0.16000000000000003,False
A_img_fov200,dual_rail_sq,0.0,120.00000000000001,6.0,30.000000000000004,34.72222222222221,512,3.416665997643251e-07,5,0.16000000000000003,False
A_img_fov200,dual_rail_sq,0.0,160.0,8.0,40.0,19.53125,1024,6.833331995286502e-07,3,0.16000000000000003,False
A_img_fov200,dual_rail_sq,0.0,200.0,10.0,50.0,12.499999999999998,1024,6.833331995286502e-07,2,0.16000000000000003,False
A_img_fov200,differential_sq,0.0,20.0,1.0,6.0,1250.0,0,0.0,200,0.16000000000000003,False
A_img_fov200,differential_sq,0.0,40.0,2.0,10.0,312.5,0,0.0,50,0.16000000000000003,False
A_img_fov200,differential_sq,0.0,60.00000000000001,3.0,15.000000000000002,138.88888888888883,128,8.541664994108128e-08,22,0.16000000000000003,False
A_img_fov200,differential_sq,0.0,80.0,4.0,20.0,78.125,256,1.7083329988216256e-07,12,0.16000000000000003,False
A_img_fov200,differential_sq,0.0,100.0,5.0,25.0,49.99999999999999,512,3.416665997643251e-07,8,0.16000000000000003,False
A_img_fov200,differential_sq,0.0,120.00000000000001,6.0,30.000000000000004,34.72222222222221,512,3.416665997643251e-07,5,0.16000000000000003,False
A_img_fov200,differential_sq,0.0,160.0,8.0,40.0,19.53125,1024,6.833331995286502e-07,3,0.16000000000000003,False
A_img_fov200,differential_sq,0.0,200.0,10.0,50.0,12.499999999999998,1024,6.833331995286502e-07,2,0.16000000000000003,False
A_img_fov200,presence_phase0,0.01,20.0,1.0,6.0,2500.0,0,0.0,400,0.16000000000000003,False
A_img_fov200,presence_phase0,0.01,40.0,2.0,10.0,625.0,0,0.0,100,0.16000000000000003,False
A_img_fov200,presence_phase0,0.01,60.00000000000001,3.0,15.000000000000002,277.77777777777766,16,1.067708124263516e-08,44,0.16000000000000003,False
A_img_fov200,presence_phase0,0.01,80.0,4.0,20.0,156.25,256,1.7083329988216256e-07,25,0.16000000000000003,False
A_img_fov200,presence_phase0,0.01,100.0,5.0,25.0,99.99999999999999,256,1.7083329988216256e-07,16,0.16000000000000003,False
A_img_fov200,presence_phase0,0.01,120.00000000000001,6.0,30.000000000000004,69.44444444444441,512,3.416665997643251e-07,11,0.16000000000000003,False
A_img_fov200,presence_phase0,0.01,160.0,8.0,40.0,39.0625,1024,6.833331995286502e-07,6,0.16000000000000003,False
A_img_fov200,presence_phase0,0.01,200.0,10.0,50.0,24.999999999999996,512,3.416665997643251e-07,4,0.16000000000000003,False
A_img_fov200,presence_phase0_sq,0.01,20.0,1.0,6.0,2500.0,0,0.0,400,0.16000000000000003,False
A_img_fov200,presence_phase0_sq,0.01,40.0,2.0,10.0,625.0,0,0.0,100,0.16000000000000003,False
A_img_fov200,presence_phase0_sq,0.01,60.00000000000001,3.0,15.000000000000002,277.77777777777766,128,8.541664994108128e-08,44,0.16000000000000003,False
A_img_fov200,presence_phase0_sq,0.01,80.0,4.0,20.0,156.25,256,1.7083329988216256e-07,25,0.16000000000000003,False
A_img_fov200,presence_phase0_sq,0.01,100.0,5.0,25.0,99.99999999999999,512,3.416665997643251e-07,16,0.16000000000000003,False
A_img_fov200,presence_phase0_sq,0.01,120.00000000000001,6.0,30.000000000000004,69.44444444444441,512,3.416665997643251e-07,11,0.16000000000000003,False
A_img_fov200,presence_phase0_sq,0.01,160.0,8.0,40.0,39.0625,1024,6.833331995286502e-07,6,0.16000000000000003,False
A_img_fov200,presence_phase0_sq,0.01,200.0,10.0,50.0,24.999999999999996,1024,6.833331995286502e-07,4,0.16000000000000003,False
A_img_fov200,presence_phase0_sqcal,0.01,20.0,1.0,6.0,2500.0,0,0.0,400,0.16000000000000003,False
A_img_fov200,presence_phase0_sqcal,0.01,40.0,2.0,10.0,625.0,0,0.0,100,0.16000000000000003,False
A_img_fov200,presence_phase0_sqcal,0.01,60.00000000000001,3.0,15.000000000000002,277.77777777777766,128,8.541664994108128e-08,44,0.16000000000000003,False
A_img_fov200,presence_phase0_sqcal,0.01,80.0,4.0,20.0,156.25,256,1.7083329988216256e-07,25,0.16000000000000003,False
A_img_fov200,presence_phase0_sqcal,0.01,100.0,5.0,25.0,99.99999999999999,512,3.416665997643251e-07,16,0.16000000000000003,False
A_img_fov200,presence_phase0_sqcal,0.01,120.00000000000001,6.0,30.000000000000004,69.44444444444441,512,3.416665997643251e-07,11,0.16000000000000003,False
A_img_fov200,presence_phase0_sqcal,0.01,160.0,8.0,40.0,39.0625,1024,6.833331995286502e-07,6,0.16000000000000003,False
A_img_fov200,presence_phase0_sqcal,0.01,200.0,10.0,50.0,24.999999999999996,1024,6.833331995286502e-07,4,0.16000000000000003,False
A_img_fov200,presence_randphase_sqcal,0.01,20.0,1.0,6.0,2500.0,0,0.0,400,0.16000000000000003,False
A_img_fov200,presence_randphase_sqcal,0.01,40.0,2.0,10.0,625.0,0,0.0,100,0.16000000000000003,False
A_img_fov200,presence_randphase_sqcal,0.01,60.00000000000001,3.0,15.000000000000002,277.77777777777766,128,8.541664994108128e-08,44,0.16000000000000003,False
A_img_fov200,presence_randphase_sqcal,0.01,80.0,4.0,20.0,156.25,256,1.7083329988216256e-07,25,0.16000000000000003,False
A_img_fov200,presence_randphase_sqcal,0.01,100.0,5.0,25.0,99.99999999999999,512,3.416665997643251e-07,16,0.16000000000000003,False
A_img_fov200,presence_randphase_sqcal,0.01,120.00000000000001,6.0,30.000000000000004,69.44444444444441,512,3.416665997643251e-07,11,0.16000000000000003,False
A_img_fov200,presence_randphase_sqcal,0.01,160.0,8.0,40.0,39.0625,1024,6.833331995286502e-07,6,0.16000000000000003,False
A_img_fov200,presence_randphase_sqcal,0.01,200.0,10.0,50.0,24.999999999999996,1024,6.833331995286502e-07,4,0.16000000000000003,False
A_img_fov200,phase_0pi,0.01,20.0,1.0,6.0,2500.0,0,0.0,400,0.16000000000000003,False
A_img_fov200,phase_0pi,0.01,40.0,2.0,10.0,625.0,0,0.0,100,0.16000000000000003,False
A_img_fov200,phase_0pi,0.01,60.00000000000001,3.0,15.000000000000002,277.77777777777766,128,8.541664994108128e-08,44,0.16000000000000003,False
A_img_fov200,phase_0pi,0.01,80.0,4.0,20.0,156.25,256,1.7083329988216256e-07,25,0.16000000000000003,False
A_img_fov200,phase_0pi,0.01,100.0,5.0,25.0,99.99999999999999,512,3.416665997643251e-07,16,0.16000000000000003,False
A_img_fov200,phase_0pi,0.01,120.00000000000001,6.0,30.000000000000004,69.44444444444441,512,3.416665997643251e-07,11,0.16000000000000003,False
A_img_fov200,phase_0pi,0.01,160.0,8.0,40.0,39.0625,1024,6.833331995286502e-07,6,0.16000000000000003,False
A_img_fov200,phase_0pi,0.01,200.0,10.0,50.0,24.999999999999996,1024,6.833331995286502e-07,4,0.16000000000000003,False
A_img_fov200,dual_rail,0.01,20.0,1.0,6.0,1250.0,0,0.0,200,0.16000000000000003,False
A_img_fov200,dual_rail,0.01,40.0,2.0,10.0,312.5,0,0.0,50,0.16000000000000003,False
A_img_fov200,dual_rail,0.01,60.00000000000001,3.0,15.000000000000002,138.88888888888883,128,8.541664994108128e-08,22,0.16000000000000003,False
A_img_fov200,dual_rail,0.01,80.0,4.0,20.0,78.125,256,1.7083329988216256e-07,12,0.16000000000000003,False
A_img_fov200,dual_rail,0.01,100.0,5.0,25.0,49.99999999999999,512,3.416665997643251e-07,8,0.16000000000000003,False
A_img_fov200,dual_rail,0.01,120.00000000000001,6.0,30.000000000000004,34.72222222222221,512,3.416665997643251e-07,5,0.16000000000000003,False
A_img_fov200,dual_rail,0.01,160.0,8.0,40.0,19.53125,1024,6.833331995286502e-07,3,0.16000000000000003,False
A_img_fov200,dual_rail,0.01,200.0,10.0,50.0,12.499999999999998,1024,6.833331995286502e-07,2,0.16000000000000003,False
A_img_fov200,dual_rail_sq,0.01,20.0,1.0,6.0,1250.0,0,0.0,200,0.16000000000000003,False
A_img_fov200,dual_rail_sq,0.01,40.0,2.0,10.0,312.5,2,1.334635155329395e-09,50,0.16000000000000003,False
A_img_fov200,dual_rail_sq,0.01,60.00000000000001,3.0,15.000000000000002,138.88888888888883,128,8.541664994108128e-08,22,0.16000000000000003,False
A_img_fov200,dual_rail_sq,0.01,80.0,4.0,20.0,78.125,256,1.7083329988216256e-07,12,0.16000000000000003,False
A_img_fov200,dual_rail_sq,0.01,100.0,5.0,25.0,49.99999999999999,512,3.416665997643251e-07,8,0.16000000000000003,False
A_img_fov200,dual_rail_sq,0.01,120.00000000000001,6.0,30.000000000000004,34.72222222222221,512,3.416665997643251e-07,5,0.16000000000000003,False
A_img_fov200,dual_rail_sq,0.01,160.0,8.0,40.0,19.53125,1024,6.833331995286502e-07,3,0.16000000000000003,False
A_img_fov200,dual_rail_sq,0.01,200.0,10.0,50.0,12.499999999999998,1024,6.833331995286502e-07,2,0.16000000000000003,False
A_img_fov200,differential_sq,0.01,20.0,1.0,6.0,1250.0,0,0.0,200,0.16000000000000003,False
A_img_fov200,differential_sq,0.01,40.0,2.0,10.0,312.5,0,0.0,50,0.16000000000000003,False
A_img_fov200,differential_sq,0.01,60.00000000000001,3.0,15.000000000000002,138.88888888888883,128,8.541664994108128e-08,22,0.16000000000000003,False
A_img_fov200,differential_sq,0.01,80.0,4.0,20.0,78.125,256,1.7083329988216256e-07,12,0.16000000000000003,False
A_img_fov200,differential_sq,0.01,100.0,5.0,25.0,49.99999999999999,512,3.416665997643251e-07,8,0.16000000000000003,False
A_img_fov200,differential_sq,0.01,120.00000000000001,6.0,30.000000000000004,34.72222222222221,512,3.416665997643251e-07,5,0.16000000000000003,False
A_img_fov200,differential_sq,0.01,160.0,8.0,40.0,19.53125,1024,6.833331995286502e-07,3,0.16000000000000003,False
A_img_fov200,differential_sq,0.01,200.0,10.0,50.0,12.499999999999998,1024,6.833331995286502e-07,2,0.16000000000000003,False
A_img_fov200,presence_phase0,0.05,20.0,1.0,6.0,2500.0,0,0.0,400,0.16000000000000003,False
A_img_fov200,presence_phase0,0.05,40.0,2.0,10.0,625.0,2,1.334635155329395e-09,100,0.16000000000000003,False
A_img_fov200,presence_phase0,0.05,60.00000000000001,3.0,15.000000000000002,277.77777777777766,128,8.541664994108128e-08,44,0.16000000000000003,False
A_img_fov200,presence_phase0,0.05,80.0,4.0,20.0,156.25,256,1.7083329988216256e-07,25,0.16000000000000003,False
A_img_fov200,presence_phase0,0.05,100.0,5.0,25.0,99.99999999999999,512,3.416665997643251e-07,16,0.16000000000000003,False
A_img_fov200,presence_phase0,0.05,120.00000000000001,6.0,30.000000000000004,69.44444444444441,512,3.416665997643251e-07,11,0.16000000000000003,False
A_img_fov200,presence_phase0,0.05,160.0,8.0,40.0,39.0625,1024,6.833331995286502e-07,6,0.16000000000000003,False
A_img_fov200,presence_phase0,0.05,200.0,10.0,50.0,24.999999999999996,512,3.416665997643251e-07,4,0.16000000000000003,False
A_img_fov200,presence_phase0_sq,0.05,20.0,1.0,6.0,2500.0,0,0.0,400,0.16000000000000003,False
A_img_fov200,presence_phase0_sq,0.05,40.0,2.0,10.0,625.0,8,5.33854062131758e-09,100,0.16000000000000003,False
A_img_fov200,presence_phase0_sq,0.05,60.00000000000001,3.0,15.000000000000002,277.77777777777766,256,1.7083329988216256e-07,44,0.16000000000000003,False
A_img_fov200,presence_phase0_sq,0.05,80.0,4.0,20.0,156.25,256,1.7083329988216256e-07,25,0.16000000000000003,False
A_img_fov200,presence_phase0_sq,0.05,100.0,5.0,25.0,99.99999999999999,512,3.416665997643251e-07,16,0.16000000000000003,False
A_img_fov200,presence_phase0_sq,0.05,120.00000000000001,6.0,30.000000000000004,69.44444444444441,512,3.416665997643251e-07,11,0.16000000000000003,False
A_img_fov200,presence_phase0_sq,0.05,160.0,8.0,40.0,39.0625,1024,6.833331995286502e-07,6,0.16000000000000003,False
A_img_fov200,presence_phase0_sq,0.05,200.0,10.0,50.0,24.999999999999996,1024,6.833331995286502e-07,4,0.16000000000000003,False
A_img_fov200,presence_phase0_sqcal,0.05,20.0,1.0,6.0,2500.0,0,0.0,400,0.16000000000000003,False
A_img_fov200,presence_phase0_sqcal,0.05,40.0,2.0,10.0,625.0,32,2.135416248527032e-08,100,0.16000000000000003,False
A_img_fov200,presence_phase0_sqcal,0.05,60.00000000000001,3.0,15.000000000000002,277.77777777777766,256,1.7083329988216256e-07,44,0.16000000000000003,False
A_img_fov200,presence_phase0_sqcal,0.05,80.0,4.0,20.0,156.25,256,1.7083329988216256e-07,25,0.16000000000000003,False
A_img_fov200,presence_phase0_sqcal,0.05,100.0,5.0,25.0,99.99999999999999,512,3.416665997643251e-07,16,0.16000000000000003,False
A_img_fov200,presence_phase0_sqcal,0.05,120.00000000000001,6.0,30.000000000000004,69.44444444444441,512,3.416665997643251e-07,11,0.16000000000000003,False
A_img_fov200,presence_phase0_sqcal,0.05,160.0,8.0,40.0,39.0625,1024,6.833331995286502e-07,6,0.16000000000000003,False
A_img_fov200,presence_phase0_sqcal,0.05,200.0,10.0,80.0,24.999999999999996,2048,1.3666663990573005e-06,4,0.16000000000000003,False
A_img_fov200,presence_randphase_sqcal,0.05,20.0,1.0,6.0,2500.0,0,0.0,400,0.16000000000000003,False
A_img_fov200,presence_randphase_sqcal,0.05,40.0,2.0,10.0,625.0,16,1.067708124263516e-08,100,0.16000000000000003,False
A_img_fov200,presence_randphase_sqcal,0.05,60.00000000000001,3.0,15.000000000000002,277.77777777777766,128,8.541664994108128e-08,44,0.16000000000000003,False
A_img_fov200,presence_randphase_sqcal,0.05,80.0,4.0,20.0,156.25,256,1.7083329988216256e-07,25,0.16000000000000003,False
A_img_fov200,presence_randphase_sqcal,0.05,100.0,5.0,25.0,99.99999999999999,512,3.416665997643251e-07,16,0.16000000000000003,False
A_img_fov200,presence_randphase_sqcal,0.05,120.00000000000001,6.0,30.000000000000004,69.44444444444441,512,3.416665997643251e-07,11,0.16000000000000003,False
A_img_fov200,presence_randphase_sqcal,0.05,160.0,8.0,40.0,39.0625,1024,6.833331995286502e-07,6,0.16000000000000003,False
A_img_fov200,presence_randphase_sqcal,0.05,200.0,10.0,50.0,24.999999999999996,2048,1.3666663990573005e-06,4,0.16000000000000003,False
A_img_fov200,phase_0pi,0.05,20.0,1.0,6.0,2500.0,0,0.0,400,0.16000000000000003,False
A_img_fov200,phase_0pi,0.05,40.0,2.0,10.0,625.0,16,1.067708124263516e-08,100,0.16000000000000003,False
A_img_fov200,phase_0pi,0.05,60.00000000000001,3.0,15.000000000000002,277.77777777777766,128,8.541664994108128e-08,44,0.16000000000000003,False
A_img_fov200,phase_0pi,0.05,80.0,4.0,20.0,156.25,256,1.7083329988216256e-07,25,0.16000000000000003,False
A_img_fov200,phase_0pi,0.05,100.0,5.0,25.0,99.99999999999999,512,3.416665997643251e-07,16,0.16000000000000003,False
A_img_fov200,phase_0pi,0.05,120.00000000000001,6.0,30.000000000000004,69.44444444444441,1024,6.833331995286502e-07,11,0.16000000000000003,False
A_img_fov200,phase_0pi,0.05,160.0,8.0,40.0,39.0625,1024,6.833331995286502e-07,6,0.16000000000000003,False
A_img_fov200,phase_0pi,0.05,200.0,10.0,50.0,24.999999999999996,1024,6.833331995286502e-07,4,0.16000000000000003,False
A_img_fov200,dual_rail,0.05,20.0,1.0,6.0,1250.0,0,0.0,200,0.16000000000000003,False
A_img_fov200,dual_rail,0.05,40.0,2.0,10.0,312.5,16,1.067708124263516e-08,50,0.16000000000000003,False
A_img_fov200,dual_rail,0.05,60.00000000000001,3.0,15.000000000000002,138.88888888888883,128,8.541664994108128e-08,22,0.16000000000000003,False
A_img_fov200,dual_rail,0.05,80.0,4.0,20.0,78.125,256,1.7083329988216256e-07,12,0.16000000000000003,False
A_img_fov200,dual_rail,0.05,100.0,5.0,25.0,49.99999999999999,512,3.416665997643251e-07,8,0.16000000000000003,False
A_img_fov200,dual_rail,0.05,120.00000000000001,6.0,30.000000000000004,34.72222222222221,512,3.416665997643251e-07,5,0.16000000000000003,False
A_img_fov200,dual_rail,0.05,160.0,8.0,40.0,19.53125,1024,6.833331995286502e-07,3,0.16000000000000003,False
A_img_fov200,dual_rail,0.05,200.0,10.0,50.0,12.499999999999998,1024,6.833331995286502e-07,2,0.16000000000000003,False
A_img_fov200,dual_rail_sq,0.05,20.0,1.0,6.0,1250.0,0,0.0,200,0.16000000000000003,False
A_img_fov200,dual_rail_sq,0.05,40.0,2.0,10.0,312.5,32,2.135416248527032e-08,50,0.16000000000000003,False
A_img_fov200,dual_rail_sq,0.05,60.00000000000001,3.0,15.000000000000002,138.88888888888883,128,8.541664994108128e-08,22,0.16000000000000003,False
A_img_fov200,dual_rail_sq,0.05,80.0,4.0,20.0,78.125,256,1.7083329988216256e-07,12,0.16000000000000003,False
A_img_fov200,dual_rail_sq,0.05,100.0,5.0,25.0,49.99999999999999,512,3.416665997643251e-07,8,0.16000000000000003,False
A_img_fov200,dual_rail_sq,0.05,120.00000000000001,6.0,30.000000000000004,34.72222222222221,512,3.416665997643251e-07,5,0.16000000000000003,False
A_img_fov200,dual_rail_sq,0.05,160.0,8.0,40.0,19.53125,1024,6.833331995286502e-07,3,0.16000000000000003,False
A_img_fov200,dual_rail_sq,0.05,200.0,10.0,80.0,12.499999999999998,2048,1.3666663990573005e-06,2,0.16000000000000003,False
A_img_fov200,differential_sq,0.05,20.0,1.0,6.0,1250.0,0,0.0,200,0.16000000000000003,False
A_img_fov200,differential_sq,0.05,40.0,2.0,10.0,312.5,0,0.0,50,0.16000000000000003,False
A_img_fov200,differential_sq,0.05,60.00000000000001,3.0,15.000000000000002,138.88888888888883,128,8.541664994108128e-08,22,0.16000000000000003,False
A_img_fov200,differential_sq,0.05,80.0,4.0,20.0,78.125,256,1.7083329988216256e-07,12,0.16000000000000003,False
A_img_fov200,differential_sq,0.05,100.0,5.0,25.0,49.99999999999999,512,3.416665997643251e-07,8,0.16000000000000003,False
A_img_fov200,differential_sq,0.05,120.00000000000001,6.0,30.000000000000004,34.72222222222221,512,3.416665997643251e-07,5,0.16000000000000003,False
A_img_fov200,differential_sq,0.05,160.0,8.0,40.0,19.53125,1024,6.833331995286502e-07,3,0.16000000000000003,False
A_img_fov200,differential_sq,0.05,200.0,10.0,50.0,12.499999999999998,1024,6.833331995286502e-07,2,0.16000000000000003,False
A_img_rand,presence_phase0,0.0,40.0,2.0,10.0,625.0,0,0.0,400,0.6400000000000001,False
A_img_rand,presence_phase0,0.0,60.00000000000001,3.0,15.000000000000002,277.77777777777766,0,0.0,177,0.6400000000000001,False
A_img_rand,presence_phase0,0.0,80.0,4.0,20.0,156.25,0,0.0,100,0.6400000000000001,False
A_img_rand,presence_phase0,0.0,100.0,5.0,25.0,99.99999999999999,0,0.0,64,0.6400000000000001,False
A_img_rand,presence_phase0,0.0,120.00000000000001,6.0,30.000000000000004,69.44444444444441,0,0.0,44,0.6400000000000001,False
A_img_rand,presence_phase0,0.0,160.0,8.0,40.0,39.0625,0,0.0,25,0.6400000000000001,False
A_img_rand,presence_phase0,0.0,200.0,10.0,50.0,24.999999999999996,0,0.0,16,0.6400000000000001,False
A_img_rand,presence_phase0,0.0,240.00000000000003,12.0,60.00000000000001,17.361111111111104,0,0.0,11,0.6400000000000001,False
A_img_rand,presence_phase0,0.0,320.0,16.0,80.0,9.765625,8,5.33854062131758e-09,6,0.6400000000000001,False
A_img_rand,presence_phase0_sq,0.0,40.0,2.0,10.0,625.0,0,0.0,400,0.6400000000000001,False
A_img_rand,presence_phase0_sq,0.0,60.00000000000001,3.0,15.000000000000002,277.77777777777766,0,0.0,177,0.6400000000000001,False
A_img_rand,presence_phase0_sq,0.0,80.0,4.0,20.0,156.25,0,0.0,100,0.6400000000000001,False
A_img_rand,presence_phase0_sq,0.0,100.0,5.0,25.0,99.99999999999999,0,0.0,64,0.6400000000000001,False
A_img_rand,presence_phase0_sq,0.0,120.00000000000001,6.0,30.000000000000004,69.44444444444441,0,0.0,44,0.6400000000000001,False
A_img_rand,presence_phase0_sq,0.0,160.0,8.0,40.0,39.0625,0,0.0,25,0.6400000000000001,False
A_img_rand,presence_phase0_sq,0.0,200.0,10.0,50.0,24.999999999999996,0,0.0,16,0.6400000000000001,False
A_img_rand,presence_phase0_sq,0.0,240.00000000000003,12.0,60.00000000000001,17.361111111111104,1,6.673175776646975e-10,11,0.6400000000000001,False
A_img_rand,presence_phase0_sq,0.0,320.0,16.0,80.0,9.765625,64,4.270832497054064e-08,6,0.6400000000000001,False
A_img_rand,presence_phase0_sqcal,0.0,40.0,2.0,10.0,625.0,0,0.0,400,0.6400000000000001,False
A_img_rand,presence_phase0_sqcal,0.0,60.00000000000001,3.0,15.000000000000002,277.77777777777766,0,0.0,177,0.6400000000000001,False
A_img_rand,presence_phase0_sqcal,0.0,80.0,4.0,20.0,156.25,0,0.0,100,0.6400000000000001,False
A_img_rand,presence_phase0_sqcal,0.0,100.0,5.0,25.0,99.99999999999999,0,0.0,64,0.6400000000000001,False
A_img_rand,presence_phase0_sqcal,0.0,120.00000000000001,6.0,30.000000000000004,69.44444444444441,4,2.66927031065879e-09,44,0.6400000000000001,False
A_img_rand,presence_phase0_sqcal,0.0,160.0,8.0,40.0,39.0625,2,1.334635155329395e-09,25,0.6400000000000001,False
A_img_rand,presence_phase0_sqcal,0.0,200.0,10.0,50.0,24.999999999999996,4,2.66927031065879e-09,16,0.6400000000000001,False
A_img_rand,presence_phase0_sqcal,0.0,240.00000000000003,12.0,60.00000000000001,17.361111111111104,32,2.135416248527032e-08,11,0.6400000000000001,False
A_img_rand,presence_phase0_sqcal,0.0,320.0,16.0,80.0,9.765625,128,8.541664994108128e-08,6,0.6400000000000001,False
A_img_rand,presence_randphase_sqcal,0.0,40.0,2.0,10.0,625.0,0,0.0,400,0.6400000000000001,False
A_img_rand,presence_randphase_sqcal,0.0,60.00000000000001,3.0,15.000000000000002,277.77777777777766,0,0.0,177,0.6400000000000001,False
A_img_rand,presence_randphase_sqcal,0.0,80.0,4.0,20.0,156.25,0,0.0,100,0.6400000000000001,False
A_img_rand,presence_randphase_sqcal,0.0,100.0,5.0,25.0,99.99999999999999,0,0.0,64,0.6400000000000001,False
A_img_rand,presence_randphase_sqcal,0.0,120.00000000000001,6.0,30.000000000000004,69.44444444444441,8,5.33854062131758e-09,44,0.6400000000000001,False
A_img_rand,presence_randphase_sqcal,0.0,160.0,8.0,40.0,39.0625,1,6.673175776646975e-10,25,0.6400000000000001,False
A_img_rand,presence_randphase_sqcal,0.0,200.0,10.0,50.0,24.999999999999996,16,1.067708124263516e-08,16,0.6400000000000001,False
A_img_rand,presence_randphase_sqcal,0.0,240.00000000000003,12.0,60.00000000000001,17.361111111111104,64,4.270832497054064e-08,11,0.6400000000000001,False
A_img_rand,presence_randphase_sqcal,0.0,320.0,16.0,80.0,9.765625,128,8.541664994108128e-08,6,0.6400000000000001,False
A_img_rand,phase_0pi,0.0,40.0,2.0,10.0,625.0,0,0.0,400,0.6400000000000001,False
A_img_rand,phase_0pi,0.0,60.00000000000001,3.0,15.000000000000002,277.77777777777766,0,0.0,177,0.6400000000000001,False
A_img_rand,phase_0pi,0.0,80.0,4.0,20.0,156.25,0,0.0,100,0.6400000000000001,False
A_img_rand,phase_0pi,0.0,100.0,5.0,25.0,99.99999999999999,0,0.0,64,0.6400000000000001,False
A_img_rand,phase_0pi,0.0,120.00000000000001,6.0,30.000000000000004,69.44444444444441,4,2.66927031065879e-09,44,0.6400000000000001,False
A_img_rand,phase_0pi,0.0,160.0,8.0,40.0,39.0625,1,6.673175776646975e-10,25,0.6400000000000001,False
A_img_rand,phase_0pi,0.0,200.0,10.0,50.0,24.999999999999996,2,1.334635155329395e-09,16,0.6400000000000001,False
A_img_rand,phase_0pi,0.0,240.00000000000003,12.0,60.00000000000001,17.361111111111104,32,2.135416248527032e-08,11,0.6400000000000001,False
A_img_rand,phase_0pi,0.0,320.0,16.0,80.0,9.765625,16,1.067708124263516e-08,6,0.6400000000000001,False
A_img_rand,dual_rail,0.0,40.0,2.0,10.0,312.5,0,0.0,200,0.6400000000000001,False
A_img_rand,dual_rail,0.0,60.00000000000001,3.0,15.000000000000002,138.88888888888883,0,0.0,88,0.6400000000000001,False
A_img_rand,dual_rail,0.0,80.0,4.0,20.0,78.125,0,0.0,50,0.6400000000000001,False
A_img_rand,dual_rail,0.0,100.0,5.0,25.0,49.99999999999999,0,0.0,32,0.6400000000000001,False
A_img_rand,dual_rail,0.0,120.00000000000001,6.0,30.000000000000004,34.72222222222221,4,2.66927031065879e-09,22,0.6400000000000001,False
A_img_rand,dual_rail,0.0,160.0,8.0,40.0,19.53125,0,0.0,12,0.6400000000000001,False
A_img_rand,dual_rail,0.0,200.0,10.0,50.0,12.499999999999998,1,6.673175776646975e-10,8,0.6400000000000001,False
A_img_rand,dual_rail,0.0,240.00000000000003,12.0,60.00000000000001,8.680555555555552,32,2.135416248527032e-08,5,0.6400000000000001,False
A_img_rand,dual_rail,0.0,320.0,16.0,80.0,4.8828125,64,4.270832497054064e-08,3,0.6400000000000001,False
A_img_rand,dual_rail_sq,0.0,40.0,2.0,10.0,312.5,0,0.0,200,0.6400000000000001,False
A_img_rand,dual_rail_sq,0.0,60.00000000000001,3.0,15.000000000000002,138.88888888888883,0,0.0,88,0.6400000000000001,False
A_img_rand,dual_rail_sq,0.0,80.0,4.0,20.0,78.125,0,0.0,50,0.6400000000000001,False
A_img_rand,dual_rail_sq,0.0,100.0,5.0,25.0,49.99999999999999,0,0.0,32,0.6400000000000001,False
A_img_rand,dual_rail_sq,0.0,120.00000000000001,6.0,30.000000000000004,34.72222222222221,8,5.33854062131758e-09,22,0.6400000000000001,False
A_img_rand,dual_rail_sq,0.0,160.0,8.0,40.0,19.53125,2,1.334635155329395e-09,12,0.6400000000000001,False
A_img_rand,dual_rail_sq,0.0,200.0,10.0,50.0,12.499999999999998,4,2.66927031065879e-09,8,0.6400000000000001,False
A_img_rand,dual_rail_sq,0.0,240.00000000000003,12.0,60.00000000000001,8.680555555555552,32,2.135416248527032e-08,5,0.6400000000000001,False
A_img_rand,dual_rail_sq,0.0,320.0,16.0,80.0,4.8828125,128,8.541664994108128e-08,3,0.6400000000000001,False
A_img_rand,differential_sq,0.0,40.0,2.0,10.0,312.5,0,0.0,200,0.6400000000000001,False
A_img_rand,differential_sq,0.0,60.00000000000001,3.0,15.000000000000002,138.88888888888883,0,0.0,88,0.6400000000000001,False
A_img_rand,differential_sq,0.0,80.0,4.0,20.0,78.125,0,0.0,50,0.6400000000000001,False
A_img_rand,differential_sq,0.0,100.0,5.0,25.0,49.99999999999999,0,0.0,32,0.6400000000000001,False
A_img_rand,differential_sq,0.0,120.00000000000001,6.0,30.000000000000004,34.72222222222221,0,0.0,22,0.6400000000000001,False
A_img_rand,differential_sq,0.0,160.0,8.0,40.0,19.53125,0,0.0,12,0.6400000000000001,False
A_img_rand,differential_sq,0.0,200.0,10.0,50.0,12.499999999999998,0,0.0,8,0.6400000000000001,False
A_img_rand,differential_sq,0.0,240.00000000000003,12.0,60.00000000000001,8.680555555555552,4,2.66927031065879e-09,5,0.6400000000000001,False
A_img_rand,differential_sq,0.0,320.0,16.0,80.0,4.8828125,64,4.270832497054064e-08,3,0.6400000000000001,False
A_img_rand,presence_phase0,0.01,40.0,2.0,10.0,625.0,0,0.0,400,0.6400000000000001,False
A_img_rand,presence_phase0,0.01,60.00000000000001,3.0,15.000000000000002,277.77777777777766,0,0.0,177,0.6400000000000001,False
A_img_rand,presence_phase0,0.01,80.0,4.0,20.0,156.25,0,0.0,100,0.6400000000000001,False
A_img_rand,presence_phase0,0.01,100.0,5.0,25.0,99.99999999999999,0,0.0,64,0.6400000000000001,False
A_img_rand,presence_phase0,0.01,120.00000000000001,6.0,30.000000000000004,69.44444444444441,0,0.0,44,0.6400000000000001,False
A_img_rand,presence_phase0,0.01,160.0,8.0,40.0,39.0625,0,0.0,25,0.6400000000000001,False
A_img_rand,presence_phase0,0.01,200.0,10.0,50.0,24.999999999999996,0,0.0,16,0.6400000000000001,False
A_img_rand,presence_phase0,0.01,240.00000000000003,12.0,60.00000000000001,17.361111111111104,0,0.0,11,0.6400000000000001,False
A_img_rand,presence_phase0,0.01,320.0,16.0,80.0,9.765625,8,5.33854062131758e-09,6,0.6400000000000001,False
A_img_rand,presence_phase0_sq,0.01,40.0,2.0,10.0,625.0,0,0.0,400,0.6400000000000001,False
A_img_rand,presence_phase0_sq,0.01,60.00000000000001,3.0,15.000000000000002,277.77777777777766,0,0.0,177,0.6400000000000001,False
A_img_rand,presence_phase0_sq,0.01,80.0,4.0,20.0,156.25,0,0.0,100,0.6400000000000001,False
A_img_rand,presence_phase0_sq,0.01,100.0,5.0,25.0,99.99999999999999,0,0.0,64,0.6400000000000001,False
A_img_rand,presence_phase0_sq,0.01,120.00000000000001,6.0,30.000000000000004,69.44444444444441,0,0.0,44,0.6400000000000001,False
A_img_rand,presence_phase0_sq,0.01,160.0,8.0,40.0,39.0625,0,0.0,25,0.6400000000000001,False
A_img_rand,presence_phase0_sq,0.01,200.0,10.0,50.0,24.999999999999996,0,0.0,16,0.6400000000000001,False
A_img_rand,presence_phase0_sq,0.01,240.00000000000003,12.0,60.00000000000001,17.361111111111104,2,1.334635155329395e-09,11,0.6400000000000001,False
A_img_rand,presence_phase0_sq,0.01,320.0,16.0,80.0,9.765625,64,4.270832497054064e-08,6,0.6400000000000001,False
A_img_rand,presence_phase0_sqcal,0.01,40.0,2.0,10.0,625.0,0,0.0,400,0.6400000000000001,False
A_img_rand,presence_phase0_sqcal,0.01,60.00000000000001,3.0,15.000000000000002,277.77777777777766,0,0.0,177,0.6400000000000001,False
A_img_rand,presence_phase0_sqcal,0.01,80.0,4.0,20.0,156.25,0,0.0,100,0.6400000000000001,False
A_img_rand,presence_phase0_sqcal,0.01,100.0,5.0,25.0,99.99999999999999,1,6.673175776646975e-10,64,0.6400000000000001,False
A_img_rand,presence_phase0_sqcal,0.01,120.00000000000001,6.0,30.000000000000004,69.44444444444441,16,1.067708124263516e-08,44,0.6400000000000001,False
A_img_rand,presence_phase0_sqcal,0.01,160.0,8.0,40.0,39.0625,8,5.33854062131758e-09,25,0.6400000000000001,False
A_img_rand,presence_phase0_sqcal,0.01,200.0,10.0,50.0,24.999999999999996,16,1.067708124263516e-08,16,0.6400000000000001,False
A_img_rand,presence_phase0_sqcal,0.01,240.00000000000003,12.0,60.00000000000001,17.361111111111104,64,4.270832497054064e-08,11,0.6400000000000001,False
A_img_rand,presence_phase0_sqcal,0.01,320.0,16.0,80.0,9.765625,128,8.541664994108128e-08,6,0.6400000000000001,False
A_img_rand,presence_randphase_sqcal,0.01,40.0,2.0,10.0,625.0,0,0.0,400,0.6400000000000001,False
A_img_rand,presence_randphase_sqcal,0.01,60.00000000000001,3.0,15.000000000000002,277.77777777777766,0,0.0,177,0.6400000000000001,False
A_img_rand,presence_randphase_sqcal,0.01,80.0,4.0,20.0,156.25,0,0.0,100,0.6400000000000001,False
A_img_rand,presence_randphase_sqcal,0.01,100.0,5.0,25.0,99.99999999999999,0,0.0,64,0.6400000000000001,False
A_img_rand,presence_randphase_sqcal,0.01,120.00000000000001,6.0,30.000000000000004,69.44444444444441,16,1.067708124263516e-08,44,0.6400000000000001,False
A_img_rand,presence_randphase_sqcal,0.01,160.0,8.0,40.0,39.0625,4,2.66927031065879e-09,25,0.6400000000000001,False
A_img_rand,presence_randphase_sqcal,0.01,200.0,10.0,50.0,24.999999999999996,16,1.067708124263516e-08,16,0.6400000000000001,False
A_img_rand,presence_randphase_sqcal,0.01,240.00000000000003,12.0,60.00000000000001,17.361111111111104,64,4.270832497054064e-08,11,0.6400000000000001,False
A_img_rand,presence_randphase_sqcal,0.01,320.0,16.0,80.0,9.765625,128,8.541664994108128e-08,6,0.6400000000000001,False
A_img_rand,phase_0pi,0.01,40.0,2.0,10.0,625.0,0,0.0,400,0.6400000000000001,False
A_img_rand,phase_0pi,0.01,60.00000000000001,3.0,15.000000000000002,277.77777777777766,0,0.0,177,0.6400000000000001,False
A_img_rand,phase_0pi,0.01,80.0,4.0,20.0,156.25,0,0.0,100,0.6400000000000001,False
A_img_rand,phase_0pi,0.01,100.0,5.0,25.0,99.99999999999999,1,6.673175776646975e-10,64,0.6400000000000001,False
A_img_rand,phase_0pi,0.01,120.00000000000001,6.0,30.000000000000004,69.44444444444441,16,1.067708124263516e-08,44,0.6400000000000001,False
A_img_rand,phase_0pi,0.01,160.0,8.0,40.0,39.0625,2,1.334635155329395e-09,25,0.6400000000000001,False
A_img_rand,phase_0pi,0.01,200.0,10.0,50.0,24.999999999999996,4,2.66927031065879e-09,16,0.6400000000000001,False
A_img_rand,phase_0pi,0.01,240.00000000000003,12.0,60.00000000000001,17.361111111111104,32,2.135416248527032e-08,11,0.6400000000000001,False
A_img_rand,phase_0pi,0.01,320.0,16.0,80.0,9.765625,32,2.135416248527032e-08,6,0.6400000000000001,False
A_img_rand,dual_rail,0.01,40.0,2.0,10.0,312.5,0,0.0,200,0.6400000000000001,False
A_img_rand,dual_rail,0.01,60.00000000000001,3.0,15.000000000000002,138.88888888888883,0,0.0,88,0.6400000000000001,False
A_img_rand,dual_rail,0.01,80.0,4.0,20.0,78.125,0,0.0,50,0.6400000000000001,False
A_img_rand,dual_rail,0.01,100.0,5.0,25.0,49.99999999999999,1,6.673175776646975e-10,32,0.6400000000000001,False
A_img_rand,dual_rail,0.01,120.00000000000001,6.0,30.000000000000004,34.72222222222221,8,5.33854062131758e-09,22,0.6400000000000001,False
A_img_rand,dual_rail,0.01,160.0,8.0,40.0,19.53125,0,0.0,12,0.6400000000000001,False
A_img_rand,dual_rail,0.01,200.0,10.0,50.0,12.499999999999998,1,6.673175776646975e-10,8,0.6400000000000001,False
A_img_rand,dual_rail,0.01,240.00000000000003,12.0,60.00000000000001,8.680555555555552,32,2.135416248527032e-08,5,0.6400000000000001,False
A_img_rand,dual_rail,0.01,320.0,16.0,80.0,4.8828125,64,4.270832497054064e-08,3,0.6400000000000001,False
A_img_rand,dual_rail_sq,0.01,40.0,2.0,10.0,312.5,0,0.0,200,0.6400000000000001,False
A_img_rand,dual_rail_sq,0.01,60.00000000000001,3.0,15.000000000000002,138.88888888888883,0,0.0,88,0.6400000000000001,False
A_img_rand,dual_rail_sq,0.01,80.0,4.0,20.0,78.125,0,0.0,50,0.6400000000000001,False
A_img_rand,dual_rail_sq,0.01,100.0,5.0,25.0,49.99999999999999,1,6.673175776646975e-10,32,0.6400000000000001,False
A_img_rand,dual_rail_sq,0.01,120.00000000000001,6.0,30.000000000000004,34.72222222222221,8,5.33854062131758e-09,22,0.6400000000000001,False
A_img_rand,dual_rail_sq,0.01,160.0,8.0,40.0,19.53125,2,1.334635155329395e-09,12,0.6400000000000001,False
A_img_rand,dual_rail_sq,0.01,200.0,10.0,50.0,12.499999999999998,4,2.66927031065879e-09,8,0.6400000000000001,False
A_img_rand,dual_rail_sq,0.01,240.00000000000003,12.0,60.00000000000001,8.680555555555552,64,4.270832497054064e-08,5,0.6400000000000001,False
A_img_rand,dual_rail_sq,0.01,320.0,16.0,80.0,4.8828125,128,8.541664994108128e-08,3,0.6400000000000001,False
A_img_rand,differential_sq,0.01,40.0,2.0,10.0,312.5,0,0.0,200,0.6400000000000001,False
A_img_rand,differential_sq,0.01,60.00000000000001,3.0,15.000000000000002,138.88888888888883,0,0.0,88,0.6400000000000001,False
A_img_rand,differential_sq,0.01,80.0,4.0,20.0,78.125,0,0.0,50,0.6400000000000001,False
A_img_rand,differential_sq,0.01,100.0,5.0,25.0,49.99999999999999,0,0.0,32,0.6400000000000001,False
A_img_rand,differential_sq,0.01,120.00000000000001,6.0,30.000000000000004,34.72222222222221,0,0.0,22,0.6400000000000001,False
A_img_rand,differential_sq,0.01,160.0,8.0,40.0,19.53125,0,0.0,12,0.6400000000000001,False
A_img_rand,differential_sq,0.01,200.0,10.0,50.0,12.499999999999998,0,0.0,8,0.6400000000000001,False
A_img_rand,differential_sq,0.01,240.00000000000003,12.0,60.00000000000001,8.680555555555552,4,2.66927031065879e-09,5,0.6400000000000001,False
A_img_rand,differential_sq,0.01,320.0,16.0,80.0,4.8828125,64,4.270832497054064e-08,3,0.6400000000000001,False
A_img_rand,presence_phase0,0.05,40.0,2.0,10.0,625.0,0,0.0,400,0.6400000000000001,False
A_img_rand,presence_phase0,0.05,60.00000000000001,3.0,15.000000000000002,277.77777777777766,0,0.0,177,0.6400000000000001,False
A_img_rand,presence_phase0,0.05,80.0,4.0,20.0,156.25,0,0.0,100,0.6400000000000001,False
A_img_rand,presence_phase0,0.05,100.0,5.0,25.0,99.99999999999999,0,0.0,64,0.6400000000000001,False
A_img_rand,presence_phase0,0.05,120.00000000000001,6.0,30.000000000000004,69.44444444444441,8,5.33854062131758e-09,44,0.6400000000000001,False
A_img_rand,presence_phase0,0.05,160.0,8.0,40.0,39.0625,0,0.0,25,0.6400000000000001,False
A_img_rand,presence_phase0,0.05,200.0,10.0,50.0,24.999999999999996,0,0.0,16,0.6400000000000001,False
A_img_rand,presence_phase0,0.05,240.00000000000003,12.0,60.00000000000001,17.361111111111104,1,6.673175776646975e-10,11,0.6400000000000001,False
A_img_rand,presence_phase0,0.05,320.0,16.0,80.0,9.765625,16,1.067708124263516e-08,6,0.6400000000000001,False
A_img_rand,presence_phase0_sq,0.05,40.0,2.0,10.0,625.0,0,0.0,400,0.6400000000000001,False
A_img_rand,presence_phase0_sq,0.05,60.00000000000001,3.0,15.000000000000002,277.77777777777766,0,0.0,177,0.6400000000000001,False
A_img_rand,presence_phase0_sq,0.05,80.0,4.0,20.0,156.25,0,0.0,100,0.6400000000000001,False
A_img_rand,presence_phase0_sq,0.05,100.0,5.0,25.0,99.99999999999999,0,0.0,64,0.6400000000000001,False
A_img_rand,presence_phase0_sq,0.05,120.00000000000001,6.0,30.000000000000004,69.44444444444441,16,1.067708124263516e-08,44,0.6400000000000001,False
A_img_rand,presence_phase0_sq,0.05,160.0,8.0,40.0,39.0625,0,0.0,25,0.6400000000000001,False
A_img_rand,presence_phase0_sq,0.05,200.0,10.0,50.0,24.999999999999996,0,0.0,16,0.6400000000000001,False
A_img_rand,presence_phase0_sq,0.05,240.00000000000003,12.0,60.00000000000001,17.361111111111104,4,2.66927031065879e-09,11,0.6400000000000001,False
A_img_rand,presence_phase0_sq,0.05,320.0,16.0,80.0,9.765625,64,4.270832497054064e-08,6,0.6400000000000001,False
A_img_rand,presence_phase0_sqcal,0.05,40.0,2.0,10.0,625.0,0,0.0,400,0.6400000000000001,False
A_img_rand,presence_phase0_sqcal,0.05,60.00000000000001,3.0,15.000000000000002,277.77777777777766,1,6.673175776646975e-10,177,0.6400000000000001,False
A_img_rand,presence_phase0_sqcal,0.05,80.0,4.0,20.0,156.25,8,5.33854062131758e-09,100,0.6400000000000001,False
A_img_rand,presence_phase0_sqcal,0.05,100.0,5.0,25.0,99.99999999999999,16,1.067708124263516e-08,64,0.6400000000000001,False
A_img_rand,presence_phase0_sqcal,0.05,120.00000000000001,6.0,30.000000000000004,69.44444444444441,32,2.135416248527032e-08,44,0.6400000000000001,False
A_img_rand,presence_phase0_sqcal,0.05,160.0,8.0,40.0,39.0625,32,2.135416248527032e-08,25,0.6400000000000001,False
A_img_rand,presence_phase0_sqcal,0.05,200.0,10.0,50.0,24.999999999999996,32,2.135416248527032e-08,16,0.6400000000000001,False
A_img_rand,presence_phase0_sqcal,0.05,240.00000000000003,12.0,60.00000000000001,17.361111111111104,64,4.270832497054064e-08,11,0.6400000000000001,False
A_img_rand,presence_phase0_sqcal,0.05,320.0,16.0,80.0,9.765625,256,1.7083329988216256e-07,6,0.6400000000000001,False
A_img_rand,presence_randphase_sqcal,0.05,40.0,2.0,10.0,625.0,0,0.0,400,0.6400000000000001,False
A_img_rand,presence_randphase_sqcal,0.05,60.00000000000001,3.0,15.000000000000002,277.77777777777766,0,0.0,177,0.6400000000000001,False
A_img_rand,presence_randphase_sqcal,0.05,80.0,4.0,20.0,156.25,2,1.334635155329395e-09,100,0.6400000000000001,False
A_img_rand,presence_randphase_sqcal,0.05,100.0,5.0,25.0,99.99999999999999,16,1.067708124263516e-08,64,0.6400000000000001,False
A_img_rand,presence_randphase_sqcal,0.05,120.00000000000001,6.0,30.000000000000004,69.44444444444441,32,2.135416248527032e-08,44,0.6400000000000001,False
A_img_rand,presence_randphase_sqcal,0.05,160.0,8.0,40.0,39.0625,32,2.135416248527032e-08,25,0.6400000000000001,False
A_img_rand,presence_randphase_sqcal,0.05,200.0,10.0,50.0,24.999999999999996,32,2.135416248527032e-08,16,0.6400000000000001,False
A_img_rand,presence_randphase_sqcal,0.05,240.00000000000003,12.0,60.00000000000001,17.361111111111104,64,4.270832497054064e-08,11,0.6400000000000001,False
A_img_rand,presence_randphase_sqcal,0.05,320.0,16.0,80.0,9.765625,256,1.7083329988216256e-07,6,0.6400000000000001,False
A_img_rand,phase_0pi,0.05,40.0,2.0,10.0,625.0,0,0.0,400,0.6400000000000001,False
A_img_rand,phase_0pi,0.05,60.00000000000001,3.0,15.000000000000002,277.77777777777766,2,1.334635155329395e-09,177,0.6400000000000001,False
A_img_rand,phase_0pi,0.05,80.0,4.0,20.0,156.25,8,5.33854062131758e-09,100,0.6400000000000001,False
A_img_rand,phase_0pi,0.05,100.0,5.0,25.0,99.99999999999999,16,1.067708124263516e-08,64,0.6400000000000001,False
A_img_rand,phase_0pi,0.05,120.00000000000001,6.0,30.000000000000004,69.44444444444441,16,1.067708124263516e-08,44,0.6400000000000001,False
A_img_rand,phase_0pi,0.05,160.0,8.0,40.0,39.0625,16,1.067708124263516e-08,25,0.6400000000000001,False
A_img_rand,phase_0pi,0.05,200.0,10.0,50.0,24.999999999999996,16,1.067708124263516e-08,16,0.6400000000000001,False
A_img_rand,phase_0pi,0.05,240.00000000000003,12.0,60.00000000000001,17.361111111111104,64,4.270832497054064e-08,11,0.6400000000000001,False
A_img_rand,phase_0pi,0.05,320.0,16.0,80.0,9.765625,128,8.541664994108128e-08,6,0.6400000000000001,False
A_img_rand,dual_rail,0.05,40.0,2.0,10.0,312.5,0,0.0,200,0.6400000000000001,False
A_img_rand,dual_rail,0.05,60.00000000000001,3.0,15.000000000000002,138.88888888888883,0,0.0,88,0.6400000000000001,False
A_img_rand,dual_rail,0.05,80.0,4.0,20.0,78.125,2,1.334635155329395e-09,50,0.6400000000000001,False
A_img_rand,dual_rail,0.05,100.0,5.0,25.0,49.99999999999999,8,5.33854062131758e-09,32,0.6400000000000001,False
A_img_rand,dual_rail,0.05,120.00000000000001,6.0,30.000000000000004,34.72222222222221,16,1.067708124263516e-08,22,0.6400000000000001,False
A_img_rand,dual_rail,0.05,160.0,8.0,40.0,19.53125,2,1.334635155329395e-09,12,0.6400000000000001,False
A_img_rand,dual_rail,0.05,200.0,10.0,50.0,12.499999999999998,16,1.067708124263516e-08,8,0.6400000000000001,False
A_img_rand,dual_rail,0.05,240.00000000000003,12.0,60.00000000000001,8.680555555555552,32,2.135416248527032e-08,5,0.6400000000000001,False
A_img_rand,dual_rail,0.05,320.0,16.0,80.0,4.8828125,128,8.541664994108128e-08,3,0.6400000000000001,False
A_img_rand,dual_rail_sq,0.05,40.0,2.0,10.0,312.5,0,0.0,200,0.6400000000000001,False
A_img_rand,dual_rail_sq,0.05,60.00000000000001,3.0,15.000000000000002,138.88888888888883,0,0.0,88,0.6400000000000001,False
A_img_rand,dual_rail_sq,0.05,80.0,4.0,20.0,78.125,2,1.334635155329395e-09,50,0.6400000000000001,False
A_img_rand,dual_rail_sq,0.05,100.0,5.0,25.0,49.99999999999999,16,1.067708124263516e-08,32,0.6400000000000001,False
A_img_rand,dual_rail_sq,0.05,120.00000000000001,6.0,30.000000000000004,34.72222222222221,32,2.135416248527032e-08,22,0.6400000000000001,False
A_img_rand,dual_rail_sq,0.05,160.0,8.0,40.0,19.53125,4,2.66927031065879e-09,12,0.6400000000000001,False
A_img_rand,dual_rail_sq,0.05,200.0,10.0,50.0,12.499999999999998,16,1.067708124263516e-08,8,0.6400000000000001,False
A_img_rand,dual_rail_sq,0.05,240.00000000000003,12.0,60.00000000000001,8.680555555555552,64,4.270832497054064e-08,5,0.6400000000000001,False
A_img_rand,dual_rail_sq,0.05,320.0,16.0,80.0,4.8828125,128,8.541664994108128e-08,3,0.6400000000000001,False
A_img_rand,differential_sq,0.05,40.0,2.0,10.0,312.5,0,0.0,200,0.6400000000000001,False
A_img_rand,differential_sq,0.05,60.00000000000001,3.0,15.000000000000002,138.88888888888883,0,0.0,88,0.6400000000000001,False
A_img_rand,differential_sq,0.05,80.0,4.0,20.0,78.125,0,0.0,50,0.6400000000000001,False
A_img_rand,differential_sq,0.05,100.0,5.0,25.0,49.99999999999999,0,0.0,32,0.6400000000000001,False
A_img_rand,differential_sq,0.05,120.00000000000001,6.0,30.000000000000004,34.72222222222221,16,1.067708124263516e-08,22,0.6400000000000001,False
A_img_rand,differential_sq,0.05,160.0,8.0,40.0,19.53125,0,0.0,12,0.6400000000000001,False
A_img_rand,differential_sq,0.05,200.0,10.0,50.0,12.499999999999998,0,0.0,8,0.6400000000000001,False
A_img_rand,differential_sq,0.05,240.00000000000003,12.0,60.00000000000001,8.680555555555552,4,2.66927031065879e-09,5,0.6400000000000001,False
A_img_rand,differential_sq,0.05,320.0,16.0,80.0,4.8828125,64,4.270832497054064e-08,3,0.6400000000000001,False
B_4f,presence_phase0,0.0,63.5,1.0,15.875,248.000496000992,0,0.0,486,1.9599999999999997,False
B_4f,presence_phase0,0.0,95.25,1.5,23.8125,110.22244266710754,0,0.0,216,1.9599999999999997,False
B_4f,presence_phase0,0.0,127.0,2.0,31.75,62.000124000248,0,0.0,121,1.9599999999999997,False
B_4f,presence_phase0,0.0,158.74999999999997,2.5,39.68749999999999,39.68007936015873,0,0.0,77,1.9599999999999997,False
B_4f,presence_phase0,0.0,190.5,3.0,47.625,27.555610666776886,0,0.0,54,1.9599999999999997,False
B_4f,presence_phase0,0.0,254.0,4.0,63.5,15.500031000062,0,0.0,30,1.9599999999999997,False
B_4f,presence_phase0,0.0,317.49999999999994,5.0,79.37499999999999,9.920019840039682,0,0.0,19,1.9599999999999997,False
B_4f,presence_phase0,0.0,381.0,6.0,95.25,6.8889026666942215,1,2.6692703106587904e-09,13,1.9599999999999997,False
B_4f,presence_phase0,0.0,508.0,8.0,127.0,3.8750077500155,128,3.4166659976432517e-07,7,1.9599999999999997,False
B_4f,presence_phase0_sq,0.0,63.5,1.0,15.875,248.000496000992,0,0.0,486,1.9599999999999997,False
B_4f,presence_phase0_sq,0.0,95.25,1.5,23.8125,110.22244266710754,0,0.0,216,1.9599999999999997,False
B_4f,presence_phase0_sq,0.0,127.0,2.0,31.75,62.000124000248,0,0.0,121,1.9599999999999997,False
B_4f,presence_phase0_sq,0.0,158.74999999999997,2.5,39.68749999999999,39.68007936015873,0,0.0,77,1.9599999999999997,False
B_4f,presence_phase0_sq,0.0,190.5,3.0,47.625,27.555610666776886,0,0.0,54,1.9599999999999997,False
B_4f,presence_phase0_sq,0.0,254.0,4.0,63.5,15.500031000062,0,0.0,30,1.9599999999999997,False
B_4f,presence_phase0_sq,0.0,317.49999999999994,5.0,79.37499999999999,9.920019840039682,0,0.0,19,1.9599999999999997,False
B_4f,presence_phase0_sq,0.0,381.0,6.0,95.25,6.8889026666942215,64,1.7083329988216258e-07,13,1.9599999999999997,False
B_4f,presence_phase0_sq,0.0,508.0,8.0,127.0,3.8750077500155,256,6.833331995286503e-07,7,1.9599999999999997,False
B_4f,presence_phase0_sqcal,0.0,63.5,1.0,15.875,248.000496000992,0,0.0,486,1.9599999999999997,False
B_4f,presence_phase0_sqcal,0.0,95.25,1.5,23.8125,110.22244266710754,0,0.0,216,1.9599999999999997,False
B_4f,presence_phase0_sqcal,0.0,127.0,2.0,31.75,62.000124000248,0,0.0,121,1.9599999999999997,False
B_4f,presence_phase0_sqcal,0.0,158.74999999999997,2.5,39.68749999999999,39.68007936015873,0,0.0,77,1.9599999999999997,False
B_4f,presence_phase0_sqcal,0.0,190.5,3.0,47.625,27.555610666776886,0,0.0,54,1.9599999999999997,False
B_4f,presence_phase0_sqcal,0.0,254.0,4.0,63.5,15.500031000062,8,2.1354162485270323e-08,30,1.9599999999999997,False
B_4f,presence_phase0_sqcal,0.0,317.49999999999994,5.0,79.37499999999999,9.920019840039682,256,6.833331995286503e-07,19,1.9599999999999997,False
B_4f,presence_phase0_sqcal,0.0,381.0,6.0,95.25,6.8889026666942215,512,1.3666663990573007e-06,13,1.9599999999999997,False
B_4f,presence_phase0_sqcal,0.0,508.0,8.0,127.0,3.8750077500155,512,1.3666663990573007e-06,7,1.9599999999999997,False
B_4f,presence_randphase_sqcal,0.0,63.5,1.0,15.875,248.000496000992,0,0.0,486,1.9599999999999997,False
B_4f,presence_randphase_sqcal,0.0,95.25,1.5,23.8125,110.22244266710754,0,0.0,216,1.9599999999999997,False
B_4f,presence_randphase_sqcal,0.0,127.0,2.0,31.75,62.000124000248,0,0.0,121,1.9599999999999997,False
B_4f,presence_randphase_sqcal,0.0,158.74999999999997,2.5,39.68749999999999,39.68007936015873,0,0.0,77,1.9599999999999997,False
B_4f,presence_randphase_sqcal,0.0,190.5,3.0,47.625,27.555610666776886,1,2.6692703106587904e-09,54,1.9599999999999997,False
B_4f,presence_randphase_sqcal,0.0,254.0,4.0,63.5,15.500031000062,64,1.7083329988216258e-07,30,1.9599999999999997,False
B_4f,presence_randphase_sqcal,0.0,317.49999999999994,5.0,79.37499999999999,9.920019840039682,512,1.3666663990573007e-06,19,1.9599999999999997,False
B_4f,presence_randphase_sqcal,0.0,381.0,6.0,95.25,6.8889026666942215,512,1.3666663990573007e-06,13,1.9599999999999997,False
B_4f,presence_randphase_sqcal,0.0,508.0,8.0,127.0,3.8750077500155,512,1.3666663990573007e-06,7,1.9599999999999997,False
B_4f,phase_0pi,0.0,63.5,1.0,15.875,248.000496000992,0,0.0,486,1.9599999999999997,False
B_4f,phase_0pi,0.0,95.25,1.5,23.8125,110.22244266710754,0,0.0,216,1.9599999999999997,False
B_4f,phase_0pi,0.0,127.0,2.0,31.75,62.000124000248,0,0.0,121,1.9599999999999997,False
B_4f,phase_0pi,0.0,158.74999999999997,2.5,39.68749999999999,39.68007936015873,1,2.6692703106587904e-09,77,1.9599999999999997,False
B_4f,phase_0pi,0.0,190.5,3.0,47.625,27.555610666776886,0,0.0,54,1.9599999999999997,False
B_4f,phase_0pi,0.0,254.0,4.0,63.5,15.500031000062,16,4.2708324970540646e-08,30,1.9599999999999997,False
B_4f,phase_0pi,0.0,317.49999999999994,5.0,79.37499999999999,9.920019840039682,512,1.3666663990573007e-06,19,1.9599999999999997,False
B_4f,phase_0pi,0.0,381.0,6.0,95.25,6.8889026666942215,512,1.3666663990573007e-06,13,1.9599999999999997,False
B_4f,phase_0pi,0.0,508.0,8.0,127.0,3.8750077500155,1024,2.7333327981146014e-06,7,1.9599999999999997,False
B_4f,dual_rail,0.0,63.5,1.0,15.875,124.000248000496,0,0.0,243,1.9599999999999997,False
B_4f,dual_rail,0.0,95.25,1.5,23.8125,55.11122133355377,0,0.0,108,1.9599999999999997,False
B_4f,dual_rail,0.0,127.0,2.0,31.75,31.000062000124,0,0.0,60,1.9599999999999997,False
B_4f,dual_rail,0.0,158.74999999999997,2.5,39.68749999999999,19.840039680079364,0,0.0,38,1.9599999999999997,False
B_4f,dual_rail,0.0,190.5,3.0,47.625,13.777805333388443,0,0.0,27,1.9599999999999997,False
B_4f,dual_rail,0.0,254.0,4.0,63.5,7.750015500031,2,5.338540621317581e-09,15,1.9599999999999997,False
B_4f,dual_rail,0.0,317.49999999999994,5.0,79.37499999999999,4.960009920019841,4,1.0677081242635162e-08,9,1.9599999999999997,False
B_4f,dual_rail,0.0,381.0,6.0,95.25,3.4444513333471107,256,6.833331995286503e-07,6,1.9599999999999997,False
B_4f,dual_rail,0.0,508.0,8.0,127.0,1.93750387500775,256,6.833331995286503e-07,3,1.9599999999999997,False
B_4f,dual_rail_sq,0.0,63.5,1.0,15.875,124.000248000496,0,0.0,243,1.9599999999999997,False
B_4f,dual_rail_sq,0.0,95.25,1.5,23.8125,55.11122133355377,0,0.0,108,1.9599999999999997,False
B_4f,dual_rail_sq,0.0,127.0,2.0,31.75,31.000062000124,0,0.0,60,1.9599999999999997,False
B_4f,dual_rail_sq,0.0,158.74999999999997,2.5,39.68749999999999,19.840039680079364,1,2.6692703106587904e-09,38,1.9599999999999997,False
B_4f,dual_rail_sq,0.0,190.5,3.0,47.625,13.777805333388443,1,2.6692703106587904e-09,27,1.9599999999999997,False
B_4f,dual_rail_sq,0.0,254.0,4.0,63.5,7.750015500031,32,8.541664994108129e-08,15,1.9599999999999997,False
B_4f,dual_rail_sq,0.0,317.49999999999994,5.0,79.37499999999999,4.960009920019841,256,6.833331995286503e-07,9,1.9599999999999997,False
B_4f,dual_rail_sq,0.0,381.0,6.0,95.25,3.4444513333471107,512,1.3666663990573007e-06,6,1.9599999999999997,False
B_4f,dual_rail_sq,0.0,508.0,8.0,127.0,1.93750387500775,512,1.3666663990573007e-06,3,1.9599999999999997,False
B_4f,differential_sq,0.0,63.5,1.0,15.875,124.000248000496,0,0.0,243,1.9599999999999997,False
B_4f,differential_sq,0.0,95.25,1.5,23.8125,55.11122133355377,0,0.0,108,1.9599999999999997,False
B_4f,differential_sq,0.0,127.0,2.0,31.75,31.000062000124,0,0.0,60,1.9599999999999997,False
B_4f,differential_sq,0.0,158.74999999999997,2.5,39.68749999999999,19.840039680079364,0,0.0,38,1.9599999999999997,False
B_4f,differential_sq,0.0,190.5,3.0,47.625,13.777805333388443,0,0.0,27,1.9599999999999997,False
B_4f,differential_sq,0.0,254.0,4.0,63.5,7.750015500031,0,0.0,15,1.9599999999999997,False
B_4f,differential_sq,0.0,317.49999999999994,5.0,79.37499999999999,4.960009920019841,0,0.0,9,1.9599999999999997,False
B_4f,differential_sq,0.0,381.0,6.0,95.25,3.4444513333471107,128,3.4166659976432517e-07,6,1.9599999999999997,False
B_4f,differential_sq,0.0,508.0,8.0,127.0,1.93750387500775,512,1.3666663990573007e-06,3,1.9599999999999997,False
B_4f,presence_phase0,0.01,63.5,1.0,15.875,248.000496000992,0,0.0,486,1.9599999999999997,False
B_4f,presence_phase0,0.01,95.25,1.5,23.8125,110.22244266710754,0,0.0,216,1.9599999999999997,False
B_4f,presence_phase0,0.01,127.0,2.0,31.75,62.000124000248,0,0.0,121,1.9599999999999997,False
B_4f,presence_phase0,0.01,158.74999999999997,2.5,39.68749999999999,39.68007936015873,0,0.0,77,1.9599999999999997,False
B_4f,presence_phase0,0.01,190.5,3.0,47.625,27.555610666776886,0,0.0,54,1.9599999999999997,False
B_4f,presence_phase0,0.01,254.0,4.0,63.5,15.500031000062,0,0.0,30,1.9599999999999997,False
B_4f,presence_phase0,0.01,317.49999999999994,5.0,79.37499999999999,9.920019840039682,0,0.0,19,1.9599999999999997,False
B_4f,presence_phase0,0.01,381.0,6.0,95.25,6.8889026666942215,1,2.6692703106587904e-09,13,1.9599999999999997,False
B_4f,presence_phase0,0.01,508.0,8.0,127.0,3.8750077500155,128,3.4166659976432517e-07,7,1.9599999999999997,False
B_4f,presence_phase0_sq,0.01,63.5,1.0,15.875,248.000496000992,0,0.0,486,1.9599999999999997,False
B_4f,presence_phase0_sq,0.01,95.25,1.5,23.8125,110.22244266710754,0,0.0,216,1.9599999999999997,False
B_4f,presence_phase0_sq,0.01,127.0,2.0,31.75,62.000124000248,0,0.0,121,1.9599999999999997,False
B_4f,presence_phase0_sq,0.01,158.74999999999997,2.5,39.68749999999999,39.68007936015873,0,0.0,77,1.9599999999999997,False
B_4f,presence_phase0_sq,0.01,190.5,3.0,47.625,27.555610666776886,0,0.0,54,1.9599999999999997,False
B_4f,presence_phase0_sq,0.01,254.0,4.0,63.5,15.500031000062,0,0.0,30,1.9599999999999997,False
B_4f,presence_phase0_sq,0.01,317.49999999999994,5.0,79.37499999999999,9.920019840039682,0,0.0,19,1.9599999999999997,False
B_4f,presence_phase0_sq,0.01,381.0,6.0,95.25,6.8889026666942215,64,1.7083329988216258e-07,13,1.9599999999999997,False
B_4f,presence_phase0_sq,0.01,508.0,8.0,127.0,3.8750077500155,256,6.833331995286503e-07,7,1.9599999999999997,False
B_4f,presence_phase0_sqcal,0.01,63.5,1.0,15.875,248.000496000992,0,0.0,486,1.9599999999999997,False
B_4f,presence_phase0_sqcal,0.01,95.25,1.5,23.8125,110.22244266710754,0,0.0,216,1.9599999999999997,False
B_4f,presence_phase0_sqcal,0.01,127.0,2.0,31.75,62.000124000248,0,0.0,121,1.9599999999999997,False
B_4f,presence_phase0_sqcal,0.01,158.74999999999997,2.5,39.68749999999999,39.68007936015873,32,8.541664994108129e-08,77,1.9599999999999997,False
B_4f,presence_phase0_sqcal,0.01,190.5,3.0,47.625,27.555610666776886,8,2.1354162485270323e-08,54,1.9599999999999997,False
B_4f,presence_phase0_sqcal,0.01,254.0,4.0,63.5,15.500031000062,256,6.833331995286503e-07,30,1.9599999999999997,False
B_4f,presence_phase0_sqcal,0.01,317.49999999999994,5.0,79.37499999999999,9.920019840039682,512,1.3666663990573007e-06,19,1.9599999999999997,False
B_4f,presence_phase0_sqcal,0.01,381.0,6.0,95.25,6.8889026666942215,512,1.3666663990573007e-06,13,1.9599999999999997,False
B_4f,presence_phase0_sqcal,0.01,508.0,8.0,127.0,3.8750077500155,512,1.3666663990573007e-06,7,1.9599999999999997,False
B_4f,presence_randphase_sqcal,0.01,63.5,1.0,15.875,248.000496000992,0,0.0,486,1.9599999999999997,False
B_4f,presence_randphase_sqcal,0.01,95.25,1.5,23.8125,110.22244266710754,0,0.0,216,1.9599999999999997,False
B_4f,presence_randphase_sqcal,0.01,127.0,2.0,31.75,62.000124000248,0,0.0,121,1.9599999999999997,False
B_4f,presence_randphase_sqcal,0.01,158.74999999999997,2.5,39.68749999999999,39.68007936015873,8,2.1354162485270323e-08,77,1.9599999999999997,False
B_4f,presence_randphase_sqcal,0.01,190.5,3.0,47.625,27.555610666776886,4,1.0677081242635162e-08,54,1.9599999999999997,False
B_4f,presence_randphase_sqcal,0.01,254.0,4.0,63.5,15.500031000062,256,6.833331995286503e-07,30,1.9599999999999997,False
B_4f,presence_randphase_sqcal,0.01,317.49999999999994,5.0,79.37499999999999,9.920019840039682,512,1.3666663990573007e-06,19,1.9599999999999997,False
B_4f,presence_randphase_sqcal,0.01,381.0,6.0,95.25,6.8889026666942215,512,1.3666663990573007e-06,13,1.9599999999999997,False
B_4f,presence_randphase_sqcal,0.01,508.0,8.0,127.0,3.8750077500155,512,1.3666663990573007e-06,7,1.9599999999999997,False
B_4f,phase_0pi,0.01,63.5,1.0,15.875,248.000496000992,0,0.0,486,1.9599999999999997,False
B_4f,phase_0pi,0.01,95.25,1.5,23.8125,110.22244266710754,0,0.0,216,1.9599999999999997,False
B_4f,phase_0pi,0.01,127.0,2.0,31.75,62.000124000248,0,0.0,121,1.9599999999999997,False
B_4f,phase_0pi,0.01,158.74999999999997,2.5,39.68749999999999,39.68007936015873,32,8.541664994108129e-08,77,1.9599999999999997,False
B_4f,phase_0pi,0.01,190.5,3.0,47.625,27.555610666776886,1,2.6692703106587904e-09,54,1.9599999999999997,False
B_4f,phase_0pi,0.01,254.0,4.0,63.5,15.500031000062,16,4.2708324970540646e-08,30,1.9599999999999997,False
B_4f,phase_0pi,0.01,317.49999999999994,5.0,79.37499999999999,9.920019840039682,512,1.3666663990573007e-06,19,1.9599999999999997,False
B_4f,phase_0pi,0.01,381.0,6.0,95.25,6.8889026666942215,512,1.3666663990573007e-06,13,1.9599999999999997,False
B_4f,phase_0pi,0.01,508.0,8.0,127.0,3.8750077500155,1024,2.7333327981146014e-06,7,1.9599999999999997,False
B_4f,dual_rail,0.01,63.5,1.0,15.875,124.000248000496,0,0.0,243,1.9599999999999997,False
B_4f,dual_rail,0.01,95.25,1.5,23.8125,55.11122133355377,0,0.0,108,1.9599999999999997,False
B_4f,dual_rail,0.01,127.0,2.0,31.75,31.000062000124,0,0.0,60,1.9599999999999997,False
B_4f,dual_rail,0.01,158.74999999999997,2.5,39.68749999999999,19.840039680079364,2,5.338540621317581e-09,38,1.9599999999999997,False
B_4f,dual_rail,0.01,190.5,3.0,47.625,13.777805333388443,0,0.0,27,1.9599999999999997,False
B_4f,dual_rail,0.01,254.0,4.0,63.5,7.750015500031,2,5.338540621317581e-09,15,1.9599999999999997,False
B_4f,dual_rail,0.01,317.49999999999994,5.0,79.37499999999999,4.960009920019841,4,1.0677081242635162e-08,9,1.9599999999999997,False
B_4f,dual_rail,0.01,381.0,6.0,95.25,3.4444513333471107,256,6.833331995286503e-07,6,1.9599999999999997,False
B_4f,dual_rail,0.01,508.0,8.0,127.0,1.93750387500775,256,6.833331995286503e-07,3,1.9599999999999997,False
B_4f,dual_rail_sq,0.01,63.5,1.0,15.875,124.000248000496,0,0.0,243,1.9599999999999997,False
B_4f,dual_rail_sq,0.01,95.25,1.5,23.8125,55.11122133355377,0,0.0,108,1.9599999999999997,False
B_4f,dual_rail_sq,0.01,127.0,2.0,31.75,31.000062000124,0,0.0,60,1.9599999999999997,False
B_4f,dual_rail_sq,0.01,158.74999999999997,2.5,39.68749999999999,19.840039680079364,2,5.338540621317581e-09,38,1.9599999999999997,False
B_4f,dual_rail_sq,0.01,190.5,3.0,47.625,13.777805333388443,1,2.6692703106587904e-09,27,1.9599999999999997,False
B_4f,dual_rail_sq,0.01,254.0,4.0,63.5,7.750015500031,32,8.541664994108129e-08,15,1.9599999999999997,False
B_4f,dual_rail_sq,0.01,317.49999999999994,5.0,79.37499999999999,4.960009920019841,256,6.833331995286503e-07,9,1.9599999999999997,False
B_4f,dual_rail_sq,0.01,381.0,6.0,95.25,3.4444513333471107,512,1.3666663990573007e-06,6,1.9599999999999997,False
B_4f,dual_rail_sq,0.01,508.0,8.0,127.0,1.93750387500775,512,1.3666663990573007e-06,3,1.9599999999999997,False
B_4f,differential_sq,0.01,63.5,1.0,15.875,124.000248000496,0,0.0,243,1.9599999999999997,False
B_4f,differential_sq,0.01,95.25,1.5,23.8125,55.11122133355377,0,0.0,108,1.9599999999999997,False
B_4f,differential_sq,0.01,127.0,2.0,31.75,31.000062000124,0,0.0,60,1.9599999999999997,False
B_4f,differential_sq,0.01,158.74999999999997,2.5,39.68749999999999,19.840039680079364,0,0.0,38,1.9599999999999997,False
B_4f,differential_sq,0.01,190.5,3.0,47.625,13.777805333388443,0,0.0,27,1.9599999999999997,False
B_4f,differential_sq,0.01,254.0,4.0,63.5,7.750015500031,0,0.0,15,1.9599999999999997,False
B_4f,differential_sq,0.01,317.49999999999994,5.0,79.37499999999999,4.960009920019841,0,0.0,9,1.9599999999999997,False
B_4f,differential_sq,0.01,381.0,6.0,95.25,3.4444513333471107,128,3.4166659976432517e-07,6,1.9599999999999997,False
B_4f,differential_sq,0.01,508.0,8.0,127.0,1.93750387500775,512,1.3666663990573007e-06,3,1.9599999999999997,False
B_4f,presence_phase0,0.05,63.5,1.0,15.875,248.000496000992,0,0.0,486,1.9599999999999997,False
B_4f,presence_phase0,0.05,95.25,1.5,23.8125,110.22244266710754,0,0.0,216,1.9599999999999997,False
B_4f,presence_phase0,0.05,127.0,2.0,31.75,62.000124000248,0,0.0,121,1.9599999999999997,False
B_4f,presence_phase0,0.05,158.74999999999997,2.5,39.68749999999999,39.68007936015873,8,2.1354162485270323e-08,77,1.9599999999999997,False
B_4f,presence_phase0,0.05,190.5,3.0,47.625,27.555610666776886,2,5.338540621317581e-09,54,1.9599999999999997,False
B_4f,presence_phase0,0.05,254.0,4.0,63.5,15.500031000062,0,0.0,30,1.9599999999999997,False
B_4f,presence_phase0,0.05,317.49999999999994,5.0,79.37499999999999,9.920019840039682,0,0.0,19,1.9599999999999997,False
B_4f,presence_phase0,0.05,381.0,6.0,95.25,6.8889026666942215,16,4.2708324970540646e-08,13,1.9599999999999997,False
B_4f,presence_phase0,0.05,508.0,8.0,127.0,3.8750077500155,128,3.4166659976432517e-07,7,1.9599999999999997,False
B_4f,presence_phase0_sq,0.05,63.5,1.0,15.875,248.000496000992,0,0.0,486,1.9599999999999997,False
B_4f,presence_phase0_sq,0.05,95.25,1.5,23.8125,110.22244266710754,0,0.0,216,1.9599999999999997,False
B_4f,presence_phase0_sq,0.05,127.0,2.0,31.75,62.000124000248,0,0.0,121,1.9599999999999997,False
B_4f,presence_phase0_sq,0.05,158.74999999999997,2.5,39.68749999999999,39.68007936015873,4,1.0677081242635162e-08,77,1.9599999999999997,False
B_4f,presence_phase0_sq,0.05,190.5,3.0,47.625,27.555610666776886,1,2.6692703106587904e-09,54,1.9599999999999997,False
B_4f,presence_phase0_sq,0.05,254.0,4.0,63.5,15.500031000062,0,0.0,30,1.9599999999999997,False
B_4f,presence_phase0_sq,0.05,317.49999999999994,5.0,79.37499999999999,9.920019840039682,0,0.0,19,1.9599999999999997,False
B_4f,presence_phase0_sq,0.05,381.0,6.0,95.25,6.8889026666942215,128,3.4166659976432517e-07,13,1.9599999999999997,False
B_4f,presence_phase0_sq,0.05,508.0,8.0,127.0,3.8750077500155,256,6.833331995286503e-07,7,1.9599999999999997,False
B_4f,presence_phase0_sqcal,0.05,63.5,1.0,15.875,248.000496000992,0,0.0,486,1.9599999999999997,False
B_4f,presence_phase0_sqcal,0.05,95.25,1.5,23.8125,110.22244266710754,4,1.0677081242635162e-08,216,1.9599999999999997,False
B_4f,presence_phase0_sqcal,0.05,127.0,2.0,31.75,62.000124000248,4,1.0677081242635162e-08,121,1.9599999999999997,False
B_4f,presence_phase0_sqcal,0.05,158.74999999999997,2.5,39.68749999999999,39.68007936015873,256,6.833331995286503e-07,77,1.9599999999999997,False
B_4f,presence_phase0_sqcal,0.05,190.5,3.0,47.625,27.555610666776886,256,6.833331995286503e-07,54,1.9599999999999997,False
B_4f,presence_phase0_sqcal,0.05,254.0,4.0,63.5,15.500031000062,512,1.3666663990573007e-06,30,1.9599999999999997,False
B_4f,presence_phase0_sqcal,0.05,317.49999999999994,5.0,79.37499999999999,9.920019840039682,512,1.3666663990573007e-06,19,1.9599999999999997,False
B_4f,presence_phase0_sqcal,0.05,381.0,6.0,95.25,6.8889026666942215,512,1.3666663990573007e-06,13,1.9599999999999997,False
B_4f,presence_phase0_sqcal,0.05,508.0,8.0,127.0,3.8750077500155,1024,2.7333327981146014e-06,7,1.9599999999999997,False
B_4f,presence_randphase_sqcal,0.05,63.5,1.0,15.875,248.000496000992,0,0.0,486,1.9599999999999997,False
B_4f,presence_randphase_sqcal,0.05,95.25,1.5,23.8125,110.22244266710754,2,5.338540621317581e-09,216,1.9599999999999997,False
B_4f,presence_randphase_sqcal,0.05,127.0,2.0,31.75,62.000124000248,2,5.338540621317581e-09,121,1.9599999999999997,False
B_4f,presence_randphase_sqcal,0.05,158.74999999999997,2.5,39.68749999999999,39.68007936015873,256,6.833331995286503e-07,77,1.9599999999999997,False
B_4f,presence_randphase_sqcal,0.05,190.5,3.0,47.625,27.555610666776886,256,6.833331995286503e-07,54,1.9599999999999997,False
B_4f,presence_randphase_sqcal,0.05,254.0,4.0,63.5,15.500031000062,512,1.3666663990573007e-06,30,1.9599999999999997,False
B_4f,presence_randphase_sqcal,0.05,317.49999999999994,5.0,79.37499999999999,9.920019840039682,512,1.3666663990573007e-06,19,1.9599999999999997,False
B_4f,presence_randphase_sqcal,0.05,381.0,6.0,95.25,6.8889026666942215,512,1.3666663990573007e-06,13,1.9599999999999997,False
B_4f,presence_randphase_sqcal,0.05,508.0,8.0,127.0,3.8750077500155,1024,2.7333327981146014e-06,7,1.9599999999999997,False
B_4f,phase_0pi,0.05,63.5,1.0,15.875,248.000496000992,0,0.0,486,1.9599999999999997,False
B_4f,phase_0pi,0.05,95.25,1.5,23.8125,110.22244266710754,4,1.0677081242635162e-08,216,1.9599999999999997,False
B_4f,phase_0pi,0.05,127.0,2.0,31.75,62.000124000248,8,2.1354162485270323e-08,121,1.9599999999999997,False
B_4f,phase_0pi,0.05,158.74999999999997,2.5,39.68749999999999,39.68007936015873,256,6.833331995286503e-07,77,1.9599999999999997,False
B_4f,phase_0pi,0.05,190.5,3.0,47.625,27.555610666776886,256,6.833331995286503e-07,54,1.9599999999999997,False
B_4f,phase_0pi,0.05,254.0,4.0,63.5,15.500031000062,512,1.3666663990573007e-06,30,1.9599999999999997,False
B_4f,phase_0pi,0.05,317.49999999999994,5.0,79.37499999999999,9.920019840039682,512,1.3666663990573007e-06,19,1.9599999999999997,False
B_4f,phase_0pi,0.05,381.0,6.0,95.25,6.8889026666942215,512,1.3666663990573007e-06,13,1.9599999999999997,False
B_4f,phase_0pi,0.05,508.0,8.0,127.0,3.8750077500155,1024,2.7333327981146014e-06,7,1.9599999999999997,False
B_4f,dual_rail,0.05,63.5,1.0,15.875,124.000248000496,0,0.0,243,1.9599999999999997,False
B_4f,dual_rail,0.05,95.25,1.5,23.8125,55.11122133355377,1,2.6692703106587904e-09,108,1.9599999999999997,False
B_4f,dual_rail,0.05,127.0,2.0,31.75,31.000062000124,0,0.0,60,1.9599999999999997,False
B_4f,dual_rail,0.05,158.74999999999997,2.5,39.68749999999999,19.840039680079364,256,6.833331995286503e-07,38,1.9599999999999997,False
B_4f,dual_rail,0.05,190.5,3.0,47.625,13.777805333388443,8,2.1354162485270323e-08,27,1.9599999999999997,False
B_4f,dual_rail,0.05,254.0,4.0,63.5,7.750015500031,16,4.2708324970540646e-08,15,1.9599999999999997,False
B_4f,dual_rail,0.05,317.49999999999994,5.0,79.37499999999999,4.960009920019841,512,1.3666663990573007e-06,9,1.9599999999999997,False
B_4f,dual_rail,0.05,381.0,6.0,95.25,3.4444513333471107,256,6.833331995286503e-07,6,1.9599999999999997,False
B_4f,dual_rail,0.05,508.0,8.0,127.0,1.93750387500775,256,6.833331995286503e-07,3,1.9599999999999997,False
B_4f,dual_rail_sq,0.05,63.5,1.0,15.875,124.000248000496,0,0.0,243,1.9599999999999997,False
B_4f,dual_rail_sq,0.05,95.25,1.5,23.8125,55.11122133355377,2,5.338540621317581e-09,108,1.9599999999999997,False
B_4f,dual_rail_sq,0.05,127.0,2.0,31.75,31.000062000124,0,0.0,60,1.9599999999999997,False
B_4f,dual_rail_sq,0.05,158.74999999999997,2.5,39.68749999999999,19.840039680079364,256,6.833331995286503e-07,38,1.9599999999999997,False
B_4f,dual_rail_sq,0.05,190.5,3.0,47.625,13.777805333388443,64,1.7083329988216258e-07,27,1.9599999999999997,False
B_4f,dual_rail_sq,0.05,254.0,4.0,63.5,7.750015500031,64,1.7083329988216258e-07,15,1.9599999999999997,False
B_4f,dual_rail_sq,0.05,317.49999999999994,5.0,79.37499999999999,4.960009920019841,256,6.833331995286503e-07,9,1.9599999999999997,False
B_4f,dual_rail_sq,0.05,381.0,6.0,95.25,3.4444513333471107,512,1.3666663990573007e-06,6,1.9599999999999997,False
B_4f,dual_rail_sq,0.05,508.0,8.0,127.0,1.93750387500775,512,1.3666663990573007e-06,3,1.9599999999999997,False
B_4f,differential_sq,0.05,63.5,1.0,15.875,124.000248000496,0,0.0,243,1.9599999999999997,False
B_4f,differential_sq,0.05,95.25,1.5,23.8125,55.11122133355377,0,0.0,108,1.9599999999999997,False
B_4f,differential_sq,0.05,127.0,2.0,31.75,31.000062000124,0,0.0,60,1.9599999999999997,False
B_4f,differential_sq,0.05,158.74999999999997,2.5,39.68749999999999,19.840039680079364,8,2.1354162485270323e-08,38,1.9599999999999997,False
B_4f,differential_sq,0.05,190.5,3.0,47.625,13.777805333388443,0,0.0,27,1.9599999999999997,False
B_4f,differential_sq,0.05,254.0,4.0,63.5,7.750015500031,0,0.0,15,1.9599999999999997,False
B_4f,differential_sq,0.05,317.49999999999994,5.0,79.37499999999999,4.960009920019841,0,0.0,9,1.9599999999999997,False
B_4f,differential_sq,0.05,381.0,6.0,95.25,3.4444513333471107,128,3.4166659976432517e-07,6,1.9599999999999997,False
B_4f,differential_sq,0.05,508.0,8.0,127.0,1.93750387500775,512,1.3666663990573007e-06,3,1.9599999999999997,False
B_4f_450_fov400,presence_phase0,0.0,31.75,0.5,9.524999999999999,992.001984003968,0,0.0,634,0.6400000000000001,False
B_4f_450_fov400,presence_phase0,0.0,63.5,1.0,15.875,248.000496000992,4,1.0677222273881833e-08,158,0.6400000000000001,False
B_4f_450_fov400,presence_phase0,0.0,95.25,1.5,23.8125,110.22244266710754,128,3.4167111276421867e-07,70,0.6400000000000001,False
B_4f_450_fov400,presence_phase0,0.0,127.0,2.0,31.75,62.000124000248,128,3.4167111276421867e-07,39,0.6400000000000001,False
B_4f_450_fov400,presence_phase0,0.0,158.74999999999997,2.5,39.68749999999999,39.68007936015873,256,6.833422255284373e-07,25,0.6400000000000001,False
B_4f_450_fov400,presence_phase0,0.0,190.5,3.0,47.625,27.555610666776886,128,3.4167111276421867e-07,17,0.6400000000000001,False
B_4f_450_fov400,presence_phase0,0.0,254.0,4.0,63.5,15.500031000062,128,3.4167111276421867e-07,9,0.6400000000000001,False
B_4f_450_fov400,presence_phase0,0.0,317.49999999999994,5.0,79.37499999999999,9.920019840039682,128,3.4167111276421867e-07,6,0.6400000000000001,False
B_4f_450_fov400,presence_phase0,0.0,381.0,6.0,95.25,6.8889026666942215,128,3.4167111276421867e-07,4,0.6400000000000001,False
B_4f_450_fov400,presence_phase0_sq,0.0,31.75,0.5,9.524999999999999,992.001984003968,0,0.0,634,0.6400000000000001,False
B_4f_450_fov400,presence_phase0_sq,0.0,63.5,1.0,15.875,248.000496000992,64,1.7083555638210933e-07,158,0.6400000000000001,False
B_4f_450_fov400,presence_phase0_sq,0.0,95.25,1.5,23.8125,110.22244266710754,128,3.4167111276421867e-07,70,0.6400000000000001,False
B_4f_450_fov400,presence_phase0_sq,0.0,127.0,2.0,31.75,62.000124000248,128,3.4167111276421867e-07,39,0.6400000000000001,False
B_4f_450_fov400,presence_phase0_sq,0.0,158.74999999999997,2.5,39.68749999999999,39.68007936015873,256,6.833422255284373e-07,25,0.6400000000000001,False
B_4f_450_fov400,presence_phase0_sq,0.0,190.5,3.0,47.625,27.555610666776886,256,6.833422255284373e-07,17,0.6400000000000001,False
B_4f_450_fov400,presence_phase0_sq,0.0,254.0,4.0,63.5,15.500031000062,512,1.3666844510568747e-06,9,0.6400000000000001,False
B_4f_450_fov400,presence_phase0_sq,0.0,317.49999999999994,5.0,79.37499999999999,9.920019840039682,512,1.3666844510568747e-06,6,0.6400000000000001,False
B_4f_450_fov400,presence_phase0_sq,0.0,381.0,6.0,95.25,6.8889026666942215,512,1.3666844510568747e-06,4,0.6400000000000001,False
B_4f_450_fov400,presence_phase0_sqcal,0.0,31.75,0.5,9.524999999999999,992.001984003968,0,0.0,634,0.6400000000000001,False
B_4f_450_fov400,presence_phase0_sqcal,0.0,63.5,1.0,15.875,248.000496000992,32,8.541777819105467e-08,158,0.6400000000000001,False
B_4f_450_fov400,presence_phase0_sqcal,0.0,95.25,1.5,23.8125,110.22244266710754,128,3.4167111276421867e-07,70,0.6400000000000001,False
B_4f_450_fov400,presence_phase0_sqcal,0.0,127.0,2.0,31.75,62.000124000248,128,3.4167111276421867e-07,39,0.6400000000000001,False
B_4f_450_fov400,presence_phase0_sqcal,0.0,158.74999999999997,2.5,39.68749999999999,39.68007936015873,256,6.833422255284373e-07,25,0.6400000000000001,False
B_4f_450_fov400,presence_phase0_sqcal,0.0,190.5,3.0,47.625,27.555610666776886,256,6.833422255284373e-07,17,0.6400000000000001,False
B_4f_450_fov400,presence_phase0_sqcal,0.0,254.0,4.0,63.5,15.500031000062,512,1.3666844510568747e-06,9,0.6400000000000001,False
B_4f_450_fov400,presence_phase0_sqcal,0.0,317.49999999999994,5.0,79.37499999999999,9.920019840039682,512,1.3666844510568747e-06,6,0.6400000000000001,False
B_4f_450_fov400,presence_phase0_sqcal,0.0,381.0,6.0,95.25,6.8889026666942215,512,1.3666844510568747e-06,4,0.6400000000000001,False
B_4f_450_fov400,presence_randphase_sqcal,0.0,31.75,0.5,9.524999999999999,992.001984003968,0,0.0,634,0.6400000000000001,False
B_4f_450_fov400,presence_randphase_sqcal,0.0,63.5,1.0,15.875,248.000496000992,32,8.541777819105467e-08,158,0.6400000000000001,False
B_4f_450_fov400,presence_randphase_sqcal,0.0,95.25,1.5,23.8125,110.22244266710754,128,3.4167111276421867e-07,70,0.6400000000000001,False
B_4f_450_fov400,presence_randphase_sqcal,0.0,127.0,2.0,31.75,62.000124000248,128,3.4167111276421867e-07,39,0.6400000000000001,False
B_4f_450_fov400,presence_randphase_sqcal,0.0,158.74999999999997,2.5,39.68749999999999,39.68007936015873,256,6.833422255284373e-07,25,0.6400000000000001,False
B_4f_450_fov400,presence_randphase_sqcal,0.0,190.5,3.0,47.625,27.555610666776886,256,6.833422255284373e-07,17,0.6400000000000001,False
B_4f_450_fov400,presence_randphase_sqcal,0.0,254.0,4.0,63.5,15.500031000062,512,1.3666844510568747e-06,9,0.6400000000000001,False
B_4f_450_fov400,presence_randphase_sqcal,0.0,317.49999999999994,5.0,79.37499999999999,9.920019840039682,512,1.3666844510568747e-06,6,0.6400000000000001,False
B_4f_450_fov400,presence_randphase_sqcal,0.0,381.0,6.0,95.25,6.8889026666942215,512,1.3666844510568747e-06,4,0.6400000000000001,False
B_4f_450_fov400,phase_0pi,0.0,31.75,0.5,9.524999999999999,992.001984003968,0,0.0,634,0.6400000000000001,False
B_4f_450_fov400,phase_0pi,0.0,63.5,1.0,15.875,248.000496000992,64,1.7083555638210933e-07,158,0.6400000000000001,False
B_4f_450_fov400,phase_0pi,0.0,95.25,1.5,23.8125,110.22244266710754,128,3.4167111276421867e-07,70,0.6400000000000001,False
B_4f_450_fov400,phase_0pi,0.0,127.0,2.0,31.75,62.000124000248,256,6.833422255284373e-07,39,0.6400000000000001,False
B_4f_450_fov400,phase_0pi,0.0,158.74999999999997,2.5,39.68749999999999,39.68007936015873,256,6.833422255284373e-07,25,0.6400000000000001,False
B_4f_450_fov400,phase_0pi,0.0,190.5,3.0,47.625,27.555610666776886,512,1.3666844510568747e-06,17,0.6400000000000001,False
B_4f_450_fov400,phase_0pi,0.0,254.0,4.0,63.5,15.500031000062,512,1.3666844510568747e-06,9,0.6400000000000001,False
B_4f_450_fov400,phase_0pi,0.0,317.49999999999994,5.0,79.37499999999999,9.920019840039682,512,1.3666844510568747e-06,6,0.6400000000000001,False
B_4f_450_fov400,phase_0pi,0.0,381.0,6.0,95.25,6.8889026666942215,256,6.833422255284373e-07,4,0.6400000000000001,False
B_4f_450_fov400,dual_rail,0.0,31.75,0.5,9.524999999999999,496.000992001984,0,0.0,317,0.6400000000000001,False
B_4f_450_fov400,dual_rail,0.0,63.5,1.0,15.875,124.000248000496,64,1.7083555638210933e-07,79,0.6400000000000001,False
B_4f_450_fov400,dual_rail,0.0,95.25,1.5,23.8125,55.11122133355377,128,3.4167111276421867e-07,35,0.6400000000000001,False
B_4f_450_fov400,dual_rail,0.0,127.0,2.0,31.75,31.000062000124,256,6.833422255284373e-07,19,0.6400000000000001,False
B_4f_450_fov400,dual_rail,0.0,158.74999999999997,2.5,39.68749999999999,19.840039680079364,256,6.833422255284373e-07,12,0.6400000000000001,False
B_4f_450_fov400,dual_rail,0.0,190.5,3.0,47.625,13.777805333388443,256,6.833422255284373e-07,8,0.6400000000000001,False
B_4f_450_fov400,dual_rail,0.0,254.0,4.0,63.5,7.750015500031,256,6.833422255284373e-07,4,0.6400000000000001,False
B_4f_450_fov400,dual_rail,0.0,317.49999999999994,5.0,79.37499999999999,4.960009920019841,256,6.833422255284373e-07,3,0.6400000000000001,False
B_4f_450_fov400,dual_rail,0.0,381.0,6.0,95.25,3.4444513333471107,256,6.833422255284373e-07,2,0.6400000000000001,False
B_4f_450_fov400,dual_rail_sq,0.0,31.75,0.5,9.524999999999999,496.000992001984,0,0.0,317,0.6400000000000001,False
B_4f_450_fov400,dual_rail_sq,0.0,63.5,1.0,15.875,124.000248000496,64,1.7083555638210933e-07,79,0.6400000000000001,False
B_4f_450_fov400,dual_rail_sq,0.0,95.25,1.5,23.8125,55.11122133355377,128,3.4167111276421867e-07,35,0.6400000000000001,False
B_4f_450_fov400,dual_rail_sq,0.0,127.0,2.0,31.75,31.000062000124,256,6.833422255284373e-07,19,0.6400000000000001,False
B_4f_450_fov400,dual_rail_sq,0.0,158.74999999999997,2.5,39.68749999999999,19.840039680079364,256,6.833422255284373e-07,12,0.6400000000000001,False
B_4f_450_fov400,dual_rail_sq,0.0,190.5,3.0,47.625,13.777805333388443,512,1.3666844510568747e-06,8,0.6400000000000001,False
B_4f_450_fov400,dual_rail_sq,0.0,254.0,4.0,63.5,7.750015500031,512,1.3666844510568747e-06,4,0.6400000000000001,False
B_4f_450_fov400,dual_rail_sq,0.0,317.49999999999994,5.0,79.37499999999999,4.960009920019841,512,1.3666844510568747e-06,3,0.6400000000000001,False
B_4f_450_fov400,dual_rail_sq,0.0,381.0,6.0,95.25,3.4444513333471107,512,1.3666844510568747e-06,2,0.6400000000000001,False
B_4f_450_fov400,differential_sq,0.0,31.75,0.5,9.524999999999999,496.000992001984,0,0.0,317,0.6400000000000001,False
B_4f_450_fov400,differential_sq,0.0,63.5,1.0,15.875,124.000248000496,64,1.7083555638210933e-07,79,0.6400000000000001,False
B_4f_450_fov400,differential_sq,0.0,95.25,1.5,23.8125,55.11122133355377,128,3.4167111276421867e-07,35,0.6400000000000001,False
B_4f_450_fov400,differential_sq,0.0,127.0,2.0,31.75,31.000062000124,128,3.4167111276421867e-07,19,0.6400000000000001,False
B_4f_450_fov400,differential_sq,0.0,158.74999999999997,2.5,39.68749999999999,19.840039680079364,256,6.833422255284373e-07,12,0.6400000000000001,False
B_4f_450_fov400,differential_sq,0.0,190.5,3.0,47.625,13.777805333388443,256,6.833422255284373e-07,8,0.6400000000000001,False
B_4f_450_fov400,differential_sq,0.0,254.0,4.0,63.5,7.750015500031,512,1.3666844510568747e-06,4,0.6400000000000001,False
B_4f_450_fov400,differential_sq,0.0,317.49999999999994,5.0,79.37499999999999,4.960009920019841,512,1.3666844510568747e-06,3,0.6400000000000001,False
B_4f_450_fov400,differential_sq,0.0,381.0,6.0,95.25,3.4444513333471107,512,1.3666844510568747e-06,2,0.6400000000000001,False
B_4f_450_fov400,presence_phase0,0.01,31.75,0.5,9.524999999999999,992.001984003968,0,0.0,634,0.6400000000000001,False
B_4f_450_fov400,presence_phase0,0.01,63.5,1.0,15.875,248.000496000992,32,8.541777819105467e-08,158,0.6400000000000001,False
B_4f_450_fov400,presence_phase0,0.01,95.25,1.5,23.8125,110.22244266710754,128,3.4167111276421867e-07,70,0.6400000000000001,False
B_4f_450_fov400,presence_phase0,0.01,127.0,2.0,31.75,62.000124000248,128,3.4167111276421867e-07,39,0.6400000000000001,False
B_4f_450_fov400,presence_phase0,0.01,158.74999999999997,2.5,39.68749999999999,39.68007936015873,256,6.833422255284373e-07,25,0.6400000000000001,False
B_4f_450_fov400,presence_phase0,0.01,190.5,3.0,47.625,27.555610666776886,128,3.4167111276421867e-07,17,0.6400000000000001,False
B_4f_450_fov400,presence_phase0,0.01,254.0,4.0,63.5,15.500031000062,128,3.4167111276421867e-07,9,0.6400000000000001,False
B_4f_450_fov400,presence_phase0,0.01,317.49999999999994,5.0,79.37499999999999,9.920019840039682,128,3.4167111276421867e-07,6,0.6400000000000001,False
B_4f_450_fov400,presence_phase0,0.01,381.0,6.0,95.25,6.8889026666942215,128,3.4167111276421867e-07,4,0.6400000000000001,False
B_4f_450_fov400,presence_phase0_sq,0.01,31.75,0.5,9.524999999999999,992.001984003968,0,0.0,634,0.6400000000000001,False
B_4f_450_fov400,presence_phase0_sq,0.01,63.5,1.0,15.875,248.000496000992,64,1.7083555638210933e-07,158,0.6400000000000001,False
B_4f_450_fov400,presence_phase0_sq,0.01,95.25,1.5,23.8125,110.22244266710754,128,3.4167111276421867e-07,70,0.6400000000000001,False
B_4f_450_fov400,presence_phase0_sq,0.01,127.0,2.0,31.75,62.000124000248,256,6.833422255284373e-07,39,0.6400000000000001,False
B_4f_450_fov400,presence_phase0_sq,0.01,158.74999999999997,2.5,39.68749999999999,39.68007936015873,256,6.833422255284373e-07,25,0.6400000000000001,False
B_4f_450_fov400,presence_phase0_sq,0.01,190.5,3.0,47.625,27.555610666776886,256,6.833422255284373e-07,17,0.6400000000000001,False
B_4f_450_fov400,presence_phase0_sq,0.01,254.0,4.0,63.5,15.500031000062,512,1.3666844510568747e-06,9,0.6400000000000001,False
B_4f_450_fov400,presence_phase0_sq,0.01,317.49999999999994,5.0,79.37499999999999,9.920019840039682,512,1.3666844510568747e-06,6,0.6400000000000001,False
B_4f_450_fov400,presence_phase0_sq,0.01,381.0,6.0,95.25,6.8889026666942215,512,1.3666844510568747e-06,4,0.6400000000000001,False
B_4f_450_fov400,presence_phase0_sqcal,0.01,31.75,0.5,9.524999999999999,992.001984003968,0,0.0,634,0.6400000000000001,False
B_4f_450_fov400,presence_phase0_sqcal,0.01,63.5,1.0,15.875,248.000496000992,64,1.7083555638210933e-07,158,0.6400000000000001,False
B_4f_450_fov400,presence_phase0_sqcal,0.01,95.25,1.5,23.8125,110.22244266710754,128,3.4167111276421867e-07,70,0.6400000000000001,False
B_4f_450_fov400,presence_phase0_sqcal,0.01,127.0,2.0,31.75,62.000124000248,256,6.833422255284373e-07,39,0.6400000000000001,False
B_4f_450_fov400,presence_phase0_sqcal,0.01,158.74999999999997,2.5,39.68749999999999,39.68007936015873,256,6.833422255284373e-07,25,0.6400000000000001,False
B_4f_450_fov400,presence_phase0_sqcal,0.01,190.5,3.0,47.625,27.555610666776886,512,1.3666844510568747e-06,17,0.6400000000000001,False
B_4f_450_fov400,presence_phase0_sqcal,0.01,254.0,4.0,63.5,15.500031000062,512,1.3666844510568747e-06,9,0.6400000000000001,False
B_4f_450_fov400,presence_phase0_sqcal,0.01,317.49999999999994,5.0,79.37499999999999,9.920019840039682,512,1.3666844510568747e-06,6,0.6400000000000001,False
B_4f_450_fov400,presence_phase0_sqcal,0.01,381.0,6.0,95.25,6.8889026666942215,512,1.3666844510568747e-06,4,0.6400000000000001,False
B_4f_450_fov400,presence_randphase_sqcal,0.01,31.75,0.5,9.524999999999999,992.001984003968,0,0.0,634,0.6400000000000001,False
B_4f_450_fov400,presence_randphase_sqcal,0.01,63.5,1.0,15.875,248.000496000992,64,1.7083555638210933e-07,158,0.6400000000000001,False
B_4f_450_fov400,presence_randphase_sqcal,0.01,95.25,1.5,23.8125,110.22244266710754,128,3.4167111276421867e-07,70,0.6400000000000001,False
B_4f_450_fov400,presence_randphase_sqcal,0.01,127.0,2.0,31.75,62.000124000248,256,6.833422255284373e-07,39,0.6400000000000001,False
B_4f_450_fov400,presence_randphase_sqcal,0.01,158.74999999999997,2.5,39.68749999999999,39.68007936015873,256,6.833422255284373e-07,25,0.6400000000000001,False
B_4f_450_fov400,presence_randphase_sqcal,0.01,190.5,3.0,47.625,27.555610666776886,512,1.3666844510568747e-06,17,0.6400000000000001,False
B_4f_450_fov400,presence_randphase_sqcal,0.01,254.0,4.0,63.5,15.500031000062,512,1.3666844510568747e-06,9,0.6400000000000001,False
B_4f_450_fov400,presence_randphase_sqcal,0.01,317.49999999999994,5.0,79.37499999999999,9.920019840039682,512,1.3666844510568747e-06,6,0.6400000000000001,False
B_4f_450_fov400,presence_randphase_sqcal,0.01,381.0,6.0,95.25,6.8889026666942215,512,1.3666844510568747e-06,4,0.6400000000000001,False
B_4f_450_fov400,phase_0pi,0.01,31.75,0.5,9.524999999999999,992.001984003968,0,0.0,634,0.6400000000000001,False
B_4f_450_fov400,phase_0pi,0.01,63.5,1.0,15.875,248.000496000992,64,1.7083555638210933e-07,158,0.6400000000000001,False
B_4f_450_fov400,phase_0pi,0.01,95.25,1.5,23.8125,110.22244266710754,128,3.4167111276421867e-07,70,0.6400000000000001,False
B_4f_450_fov400,phase_0pi,0.01,127.0,2.0,31.75,62.000124000248,256,6.833422255284373e-07,39,0.6400000000000001,False
B_4f_450_fov400,phase_0pi,0.01,158.74999999999997,2.5,39.68749999999999,39.68007936015873,512,1.3666844510568747e-06,25,0.6400000000000001,False
B_4f_450_fov400,phase_0pi,0.01,190.5,3.0,47.625,27.555610666776886,512,1.3666844510568747e-06,17,0.6400000000000001,False
B_4f_450_fov400,phase_0pi,0.01,254.0,4.0,63.5,15.500031000062,512,1.3666844510568747e-06,9,0.6400000000000001,False
B_4f_450_fov400,phase_0pi,0.01,317.49999999999994,5.0,79.37499999999999,9.920019840039682,512,1.3666844510568747e-06,6,0.6400000000000001,False
B_4f_450_fov400,phase_0pi,0.01,381.0,6.0,95.25,6.8889026666942215,256,6.833422255284373e-07,4,0.6400000000000001,False
B_4f_450_fov400,dual_rail,0.01,31.75,0.5,9.524999999999999,496.000992001984,0,0.0,317,0.6400000000000001,False
B_4f_450_fov400,dual_rail,0.01,63.5,1.0,15.875,124.000248000496,64,1.7083555638210933e-07,79,0.6400000000000001,False
B_4f_450_fov400,dual_rail,0.01,95.25,1.5,23.8125,55.11122133355377,128,3.4167111276421867e-07,35,0.6400000000000001,False
B_4f_450_fov400,dual_rail,0.01,127.0,2.0,31.75,31.000062000124,256,6.833422255284373e-07,19,0.6400000000000001,False
B_4f_450_fov400,dual_rail,0.01,158.74999999999997,2.5,39.68749999999999,19.840039680079364,512,1.3666844510568747e-06,12,0.6400000000000001,False
B_4f_450_fov400,dual_rail,0.01,190.5,3.0,47.625,13.777805333388443,512,1.3666844510568747e-06,8,0.6400000000000001,False
B_4f_450_fov400,dual_rail,0.01,254.0,4.0,63.5,7.750015500031,256,6.833422255284373e-07,4,0.6400000000000001,False
B_4f_450_fov400,dual_rail,0.01,317.49999999999994,5.0,79.37499999999999,4.960009920019841,256,6.833422255284373e-07,3,0.6400000000000001,False
B_4f_450_fov400,dual_rail,0.01,381.0,6.0,95.25,3.4444513333471107,256,6.833422255284373e-07,2,0.6400000000000001,False
B_4f_450_fov400,dual_rail_sq,0.01,31.75,0.5,9.524999999999999,496.000992001984,0,0.0,317,0.6400000000000001,False
B_4f_450_fov400,dual_rail_sq,0.01,63.5,1.0,15.875,124.000248000496,64,1.7083555638210933e-07,79,0.6400000000000001,False
B_4f_450_fov400,dual_rail_sq,0.01,95.25,1.5,23.8125,55.11122133355377,128,3.4167111276421867e-07,35,0.6400000000000001,False
B_4f_450_fov400,dual_rail_sq,0.01,127.0,2.0,31.75,31.000062000124,256,6.833422255284373e-07,19,0.6400000000000001,False
B_4f_450_fov400,dual_rail_sq,0.01,158.74999999999997,2.5,39.68749999999999,19.840039680079364,256,6.833422255284373e-07,12,0.6400000000000001,False
B_4f_450_fov400,dual_rail_sq,0.01,190.5,3.0,47.625,13.777805333388443,512,1.3666844510568747e-06,8,0.6400000000000001,False
B_4f_450_fov400,dual_rail_sq,0.01,254.0,4.0,63.5,7.750015500031,512,1.3666844510568747e-06,4,0.6400000000000001,False
B_4f_450_fov400,dual_rail_sq,0.01,317.49999999999994,5.0,79.37499999999999,4.960009920019841,512,1.3666844510568747e-06,3,0.6400000000000001,False
B_4f_450_fov400,dual_rail_sq,0.01,381.0,6.0,95.25,3.4444513333471107,512,1.3666844510568747e-06,2,0.6400000000000001,False
B_4f_450_fov400,differential_sq,0.01,31.75,0.5,9.524999999999999,496.000992001984,0,0.0,317,0.6400000000000001,False
B_4f_450_fov400,differential_sq,0.01,63.5,1.0,15.875,124.000248000496,64,1.7083555638210933e-07,79,0.6400000000000001,False
B_4f_450_fov400,differential_sq,0.01,95.25,1.5,23.8125,55.11122133355377,128,3.4167111276421867e-07,35,0.6400000000000001,False
B_4f_450_fov400,differential_sq,0.01,127.0,2.0,31.75,31.000062000124,128,3.4167111276421867e-07,19,0.6400000000000001,False
B_4f_450_fov400,differential_sq,0.01,158.74999999999997,2.5,39.68749999999999,19.840039680079364,256,6.833422255284373e-07,12,0.6400000000000001,False
B_4f_450_fov400,differential_sq,0.01,190.5,3.0,47.625,13.777805333388443,256,6.833422255284373e-07,8,0.6400000000000001,False
B_4f_450_fov400,differential_sq,0.01,254.0,4.0,63.5,7.750015500031,512,1.3666844510568747e-06,4,0.6400000000000001,False
B_4f_450_fov400,differential_sq,0.01,317.49999999999994,5.0,79.37499999999999,4.960009920019841,512,1.3666844510568747e-06,3,0.6400000000000001,False
B_4f_450_fov400,differential_sq,0.01,381.0,6.0,95.25,3.4444513333471107,512,1.3666844510568747e-06,2,0.6400000000000001,False
B_4f_450_fov400,presence_phase0,0.05,31.75,0.5,9.524999999999999,992.001984003968,0,0.0,634,0.6400000000000001,False
B_4f_450_fov400,presence_phase0,0.05,63.5,1.0,15.875,248.000496000992,64,1.7083555638210933e-07,158,0.6400000000000001,False
B_4f_450_fov400,presence_phase0,0.05,95.25,1.5,23.8125,110.22244266710754,128,3.4167111276421867e-07,70,0.6400000000000001,False
B_4f_450_fov400,presence_phase0,0.05,127.0,2.0,31.75,62.000124000248,256,6.833422255284373e-07,39,0.6400000000000001,False
B_4f_450_fov400,presence_phase0,0.05,158.74999999999997,2.5,39.68749999999999,39.68007936015873,256,6.833422255284373e-07,25,0.6400000000000001,False
B_4f_450_fov400,presence_phase0,0.05,190.5,3.0,47.625,27.555610666776886,128,3.4167111276421867e-07,17,0.6400000000000001,False
B_4f_450_fov400,presence_phase0,0.05,254.0,4.0,63.5,15.500031000062,128,3.4167111276421867e-07,9,0.6400000000000001,False
B_4f_450_fov400,presence_phase0,0.05,317.49999999999994,5.0,79.37499999999999,9.920019840039682,128,3.4167111276421867e-07,6,0.6400000000000001,False
B_4f_450_fov400,presence_phase0,0.05,381.0,6.0,95.25,6.8889026666942215,128,3.4167111276421867e-07,4,0.6400000000000001,False
B_4f_450_fov400,presence_phase0_sq,0.05,31.75,0.5,9.524999999999999,992.001984003968,0,0.0,634,0.6400000000000001,False
B_4f_450_fov400,presence_phase0_sq,0.05,63.5,1.0,15.875,248.000496000992,64,1.7083555638210933e-07,158,0.6400000000000001,False
B_4f_450_fov400,presence_phase0_sq,0.05,95.25,1.5,23.8125,110.22244266710754,128,3.4167111276421867e-07,70,0.6400000000000001,False
B_4f_450_fov400,presence_phase0_sq,0.05,127.0,2.0,31.75,62.000124000248,256,6.833422255284373e-07,39,0.6400000000000001,False
B_4f_450_fov400,presence_phase0_sq,0.05,158.74999999999997,2.5,39.68749999999999,39.68007936015873,256,6.833422255284373e-07,25,0.6400000000000001,False
B_4f_450_fov400,presence_phase0_sq,0.05,190.5,3.0,47.625,27.555610666776886,256,6.833422255284373e-07,17,0.6400000000000001,False
B_4f_450_fov400,presence_phase0_sq,0.05,254.0,4.0,63.5,15.500031000062,512,1.3666844510568747e-06,9,0.6400000000000001,False
B_4f_450_fov400,presence_phase0_sq,0.05,317.49999999999994,5.0,79.37499999999999,9.920019840039682,512,1.3666844510568747e-06,6,0.6400000000000001,False
B_4f_450_fov400,presence_phase0_sq,0.05,381.0,6.0,95.25,6.8889026666942215,512,1.3666844510568747e-06,4,0.6400000000000001,False
B_4f_450_fov400,presence_phase0_sqcal,0.05,31.75,0.5,9.524999999999999,992.001984003968,0,0.0,634,0.6400000000000001,False
B_4f_450_fov400,presence_phase0_sqcal,0.05,63.5,1.0,15.875,248.000496000992,64,1.7083555638210933e-07,158,0.6400000000000001,False
B_4f_450_fov400,presence_phase0_sqcal,0.05,95.25,1.5,23.8125,110.22244266710754,128,3.4167111276421867e-07,70,0.6400000000000001,False
B_4f_450_fov400,presence_phase0_sqcal,0.05,127.0,2.0,31.75,62.000124000248,256,6.833422255284373e-07,39,0.6400000000000001,False
B_4f_450_fov400,presence_phase0_sqcal,0.05,158.74999999999997,2.5,39.68749999999999,39.68007936015873,256,6.833422255284373e-07,25,0.6400000000000001,False
B_4f_450_fov400,presence_phase0_sqcal,0.05,190.5,3.0,47.625,27.555610666776886,512,1.3666844510568747e-06,17,0.6400000000000001,False
B_4f_450_fov400,presence_phase0_sqcal,0.05,254.0,4.0,63.5,15.500031000062,512,1.3666844510568747e-06,9,0.6400000000000001,False
B_4f_450_fov400,presence_phase0_sqcal,0.05,317.49999999999994,5.0,79.37499999999999,9.920019840039682,512,1.3666844510568747e-06,6,0.6400000000000001,False
B_4f_450_fov400,presence_phase0_sqcal,0.05,381.0,6.0,95.25,6.8889026666942215,512,1.3666844510568747e-06,4,0.6400000000000001,False
B_4f_450_fov400,presence_randphase_sqcal,0.05,31.75,0.5,9.524999999999999,992.001984003968,0,0.0,634,0.6400000000000001,False
B_4f_450_fov400,presence_randphase_sqcal,0.05,63.5,1.0,15.875,248.000496000992,64,1.7083555638210933e-07,158,0.6400000000000001,False
B_4f_450_fov400,presence_randphase_sqcal,0.05,95.25,1.5,23.8125,110.22244266710754,128,3.4167111276421867e-07,70,0.6400000000000001,False
B_4f_450_fov400,presence_randphase_sqcal,0.05,127.0,2.0,31.75,62.000124000248,256,6.833422255284373e-07,39,0.6400000000000001,False
B_4f_450_fov400,presence_randphase_sqcal,0.05,158.74999999999997,2.5,39.68749999999999,39.68007936015873,512,1.3666844510568747e-06,25,0.6400000000000001,False
B_4f_450_fov400,presence_randphase_sqcal,0.05,190.5,3.0,47.625,27.555610666776886,512,1.3666844510568747e-06,17,0.6400000000000001,False
B_4f_450_fov400,presence_randphase_sqcal,0.05,254.0,4.0,63.5,15.500031000062,512,1.3666844510568747e-06,9,0.6400000000000001,False
B_4f_450_fov400,presence_randphase_sqcal,0.05,317.49999999999994,5.0,79.37499999999999,9.920019840039682,1024,2.7333689021137493e-06,6,0.6400000000000001,False
B_4f_450_fov400,presence_randphase_sqcal,0.05,381.0,6.0,95.25,6.8889026666942215,512,1.3666844510568747e-06,4,0.6400000000000001,False
B_4f_450_fov400,phase_0pi,0.05,31.75,0.5,9.524999999999999,992.001984003968,0,0.0,634,0.6400000000000001,False
B_4f_450_fov400,phase_0pi,0.05,63.5,1.0,15.875,248.000496000992,64,1.7083555638210933e-07,158,0.6400000000000001,False
B_4f_450_fov400,phase_0pi,0.05,95.25,1.5,23.8125,110.22244266710754,128,3.4167111276421867e-07,70,0.6400000000000001,False
B_4f_450_fov400,phase_0pi,0.05,127.0,2.0,31.75,62.000124000248,256,6.833422255284373e-07,39,0.6400000000000001,False
B_4f_450_fov400,phase_0pi,0.05,158.74999999999997,2.5,39.68749999999999,39.68007936015873,512,1.3666844510568747e-06,25,0.6400000000000001,False
B_4f_450_fov400,phase_0pi,0.05,190.5,3.0,47.625,27.555610666776886,512,1.3666844510568747e-06,17,0.6400000000000001,False
B_4f_450_fov400,phase_0pi,0.05,254.0,4.0,63.5,15.500031000062,512,1.3666844510568747e-06,9,0.6400000000000001,False
B_4f_450_fov400,phase_0pi,0.05,317.49999999999994,5.0,79.37499999999999,9.920019840039682,512,1.3666844510568747e-06,6,0.6400000000000001,False
B_4f_450_fov400,phase_0pi,0.05,381.0,6.0,95.25,6.8889026666942215,256,6.833422255284373e-07,4,0.6400000000000001,False
B_4f_450_fov400,dual_rail,0.05,31.75,0.5,9.524999999999999,496.000992001984,0,0.0,317,0.6400000000000001,False
B_4f_450_fov400,dual_rail,0.05,63.5,1.0,15.875,124.000248000496,64,1.7083555638210933e-07,79,0.6400000000000001,False
B_4f_450_fov400,dual_rail,0.05,95.25,1.5,23.8125,55.11122133355377,128,3.4167111276421867e-07,35,0.6400000000000001,False
B_4f_450_fov400,dual_rail,0.05,127.0,2.0,31.75,31.000062000124,256,6.833422255284373e-07,19,0.6400000000000001,False
B_4f_450_fov400,dual_rail,0.05,158.74999999999997,2.5,39.68749999999999,19.840039680079364,512,1.3666844510568747e-06,12,0.6400000000000001,False
B_4f_450_fov400,dual_rail,0.05,190.5,3.0,47.625,13.777805333388443,512,1.3666844510568747e-06,8,0.6400000000000001,False
B_4f_450_fov400,dual_rail,0.05,254.0,4.0,63.5,7.750015500031,256,6.833422255284373e-07,4,0.6400000000000001,False
B_4f_450_fov400,dual_rail,0.05,317.49999999999994,5.0,79.37499999999999,4.960009920019841,256,6.833422255284373e-07,3,0.6400000000000001,False
B_4f_450_fov400,dual_rail,0.05,381.0,6.0,95.25,3.4444513333471107,256,6.833422255284373e-07,2,0.6400000000000001,False
B_4f_450_fov400,dual_rail_sq,0.05,31.75,0.5,9.524999999999999,496.000992001984,0,0.0,317,0.6400000000000001,False
B_4f_450_fov400,dual_rail_sq,0.05,63.5,1.0,15.875,124.000248000496,64,1.7083555638210933e-07,79,0.6400000000000001,False
B_4f_450_fov400,dual_rail_sq,0.05,95.25,1.5,23.8125,55.11122133355377,128,3.4167111276421867e-07,35,0.6400000000000001,False
B_4f_450_fov400,dual_rail_sq,0.05,127.0,2.0,31.75,31.000062000124,256,6.833422255284373e-07,19,0.6400000000000001,False
B_4f_450_fov400,dual_rail_sq,0.05,158.74999999999997,2.5,39.68749999999999,19.840039680079364,256,6.833422255284373e-07,12,0.6400000000000001,False
B_4f_450_fov400,dual_rail_sq,0.05,190.5,3.0,47.625,13.777805333388443,512,1.3666844510568747e-06,8,0.6400000000000001,False
B_4f_450_fov400,dual_rail_sq,0.05,254.0,4.0,63.5,7.750015500031,512,1.3666844510568747e-06,4,0.6400000000000001,False
B_4f_450_fov400,dual_rail_sq,0.05,317.49999999999994,5.0,79.37499999999999,4.960009920019841,512,1.3666844510568747e-06,3,0.6400000000000001,False
B_4f_450_fov400,dual_rail_sq,0.05,381.0,6.0,95.25,3.4444513333471107,512,1.3666844510568747e-06,2,0.6400000000000001,False
B_4f_450_fov400,differential_sq,0.05,31.75,0.5,9.524999999999999,496.000992001984,0,0.0,317,0.6400000000000001,False
B_4f_450_fov400,differential_sq,0.05,63.5,1.0,15.875,124.000248000496,64,1.7083555638210933e-07,79,0.6400000000000001,False
B_4f_450_fov400,differential_sq,0.05,95.25,1.5,23.8125,55.11122133355377,128,3.4167111276421867e-07,35,0.6400000000000001,False
B_4f_450_fov400,differential_sq,0.05,127.0,2.0,31.75,31.000062000124,128,3.4167111276421867e-07,19,0.6400000000000001,False
B_4f_450_fov400,differential_sq,0.05,158.74999999999997,2.5,39.68749999999999,19.840039680079364,256,6.833422255284373e-07,12,0.6400000000000001,False
B_4f_450_fov400,differential_sq,0.05,190.5,3.0,47.625,13.777805333388443,256,6.833422255284373e-07,8,0.6400000000000001,False
B_4f_450_fov400,differential_sq,0.05,254.0,4.0,63.5,7.750015500031,512,1.3666844510568747e-06,4,0.6400000000000001,False
B_4f_450_fov400,differential_sq,0.05,317.49999999999994,5.0,79.37499999999999,4.960009920019841,512,1.3666844510568747e-06,3,0.6400000000000001,False
B_4f_450_fov400,differential_sq,0.05,381.0,6.0,95.25,3.4444513333471107,512,1.3666844510568747e-06,2,0.6400000000000001,False
B_4f_532_fov400,presence_phase0,0.0,31.75,0.5,9.524999999999999,992.001984003968,0,0.0,634,0.6400000000000001,False
B_4f_532_fov400,presence_phase0,0.0,63.5,1.0,15.875,248.000496000992,0,0.0,158,0.6400000000000001,False
B_4f_532_fov400,presence_phase0,0.0,95.25,1.5,23.8125,110.22244266710754,64,1.7083430045469542e-07,70,0.6400000000000001,False
B_4f_532_fov400,presence_phase0,0.0,127.0,2.0,31.75,62.000124000248,128,3.4166860090939084e-07,39,0.6400000000000001,False
B_4f_532_fov400,presence_phase0,0.0,158.74999999999997,2.5,39.68749999999999,39.68007936015873,256,6.833372018187817e-07,25,0.6400000000000001,False
B_4f_532_fov400,presence_phase0,0.0,190.5,3.0,47.625,27.555610666776886,128,3.4166860090939084e-07,17,0.6400000000000001,False
B_4f_532_fov400,presence_phase0,0.0,254.0,4.0,63.5,15.500031000062,128,3.4166860090939084e-07,9,0.6400000000000001,False
B_4f_532_fov400,presence_phase0,0.0,317.49999999999994,5.0,79.37499999999999,9.920019840039682,128,3.4166860090939084e-07,6,0.6400000000000001,False
B_4f_532_fov400,presence_phase0,0.0,381.0,6.0,95.25,6.8889026666942215,128,3.4166860090939084e-07,4,0.6400000000000001,False
B_4f_532_fov400,presence_phase0_sq,0.0,31.75,0.5,9.524999999999999,992.001984003968,0,0.0,634,0.6400000000000001,False
B_4f_532_fov400,presence_phase0_sq,0.0,63.5,1.0,15.875,248.000496000992,0,0.0,158,0.6400000000000001,False
B_4f_532_fov400,presence_phase0_sq,0.0,95.25,1.5,23.8125,110.22244266710754,128,3.4166860090939084e-07,70,0.6400000000000001,False
B_4f_532_fov400,presence_phase0_sq,0.0,127.0,2.0,31.75,62.000124000248,128,3.4166860090939084e-07,39,0.6400000000000001,False
B_4f_532_fov400,presence_phase0_sq,0.0,158.74999999999997,2.5,39.68749999999999,39.68007936015873,256,6.833372018187817e-07,25,0.6400000000000001,False
B_4f_532_fov400,presence_phase0_sq,0.0,190.5,3.0,47.625,27.555610666776886,256,6.833372018187817e-07,17,0.6400000000000001,False
B_4f_532_fov400,presence_phase0_sq,0.0,254.0,4.0,63.5,15.500031000062,512,1.3666744036375634e-06,9,0.6400000000000001,False
B_4f_532_fov400,presence_phase0_sq,0.0,317.49999999999994,5.0,79.37499999999999,9.920019840039682,512,1.3666744036375634e-06,6,0.6400000000000001,False
B_4f_532_fov400,presence_phase0_sq,0.0,381.0,6.0,95.25,6.8889026666942215,512,1.3666744036375634e-06,4,0.6400000000000001,False
B_4f_532_fov400,presence_phase0_sqcal,0.0,31.75,0.5,9.524999999999999,992.001984003968,0,0.0,634,0.6400000000000001,False
B_4f_532_fov400,presence_phase0_sqcal,0.0,63.5,1.0,15.875,248.000496000992,32,8.541715022734771e-08,158,0.6400000000000001,False
B_4f_532_fov400,presence_phase0_sqcal,0.0,95.25,1.5,23.8125,110.22244266710754,128,3.4166860090939084e-07,70,0.6400000000000001,False
B_4f_532_fov400,presence_phase0_sqcal,0.0,127.0,2.0,31.75,62.000124000248,128,3.4166860090939084e-07,39,0.6400000000000001,False
B_4f_532_fov400,presence_phase0_sqcal,0.0,158.74999999999997,2.5,39.68749999999999,39.68007936015873,256,6.833372018187817e-07,25,0.6400000000000001,False
B_4f_532_fov400,presence_phase0_sqcal,0.0,190.5,3.0,47.625,27.555610666776886,256,6.833372018187817e-07,17,0.6400000000000001,False
B_4f_532_fov400,presence_phase0_sqcal,0.0,254.0,4.0,63.5,15.500031000062,512,1.3666744036375634e-06,9,0.6400000000000001,False
B_4f_532_fov400,presence_phase0_sqcal,0.0,317.49999999999994,5.0,79.37499999999999,9.920019840039682,512,1.3666744036375634e-06,6,0.6400000000000001,False
B_4f_532_fov400,presence_phase0_sqcal,0.0,381.0,6.0,95.25,6.8889026666942215,512,1.3666744036375634e-06,4,0.6400000000000001,False
B_4f_532_fov400,presence_randphase_sqcal,0.0,31.75,0.5,9.524999999999999,992.001984003968,0,0.0,634,0.6400000000000001,False
B_4f_532_fov400,presence_randphase_sqcal,0.0,63.5,1.0,15.875,248.000496000992,16,4.2708575113673855e-08,158,0.6400000000000001,False
B_4f_532_fov400,presence_randphase_sqcal,0.0,95.25,1.5,23.8125,110.22244266710754,64,1.7083430045469542e-07,70,0.6400000000000001,False
B_4f_532_fov400,presence_randphase_sqcal,0.0,127.0,2.0,31.75,62.000124000248,128,3.4166860090939084e-07,39,0.6400000000000001,False
B_4f_532_fov400,presence_randphase_sqcal,0.0,158.74999999999997,2.5,39.68749999999999,39.68007936015873,256,6.833372018187817e-07,25,0.6400000000000001,False
B_4f_532_fov400,presence_randphase_sqcal,0.0,190.5,3.0,47.625,27.555610666776886,256,6.833372018187817e-07,17,0.6400000000000001,False
B_4f_532_fov400,presence_randphase_sqcal,0.0,254.0,4.0,63.5,15.500031000062,512,1.3666744036375634e-06,9,0.6400000000000001,False
B_4f_532_fov400,presence_randphase_sqcal,0.0,317.49999999999994,5.0,79.37499999999999,9.920019840039682,512,1.3666744036375634e-06,6,0.6400000000000001,False
B_4f_532_fov400,presence_randphase_sqcal,0.0,381.0,6.0,95.25,6.8889026666942215,512,1.3666744036375634e-06,4,0.6400000000000001,False
B_4f_532_fov400,phase_0pi,0.0,31.75,0.5,9.524999999999999,992.001984003968,0,0.0,634,0.6400000000000001,False
B_4f_532_fov400,phase_0pi,0.0,63.5,1.0,15.875,248.000496000992,32,8.541715022734771e-08,158,0.6400000000000001,False
B_4f_532_fov400,phase_0pi,0.0,95.25,1.5,23.8125,110.22244266710754,128,3.4166860090939084e-07,70,0.6400000000000001,False
B_4f_532_fov400,phase_0pi,0.0,127.0,2.0,31.75,62.000124000248,128,3.4166860090939084e-07,39,0.6400000000000001,False
B_4f_532_fov400,phase_0pi,0.0,158.74999999999997,2.5,39.68749999999999,39.68007936015873,256,6.833372018187817e-07,25,0.6400000000000001,False
B_4f_532_fov400,phase_0pi,0.0,190.5,3.0,47.625,27.555610666776886,512,1.3666744036375634e-06,17,0.6400000000000001,False
B_4f_532_fov400,phase_0pi,0.0,254.0,4.0,63.5,15.500031000062,512,1.3666744036375634e-06,9,0.6400000000000001,False
B_4f_532_fov400,phase_0pi,0.0,317.49999999999994,5.0,79.37499999999999,9.920019840039682,512,1.3666744036375634e-06,6,0.6400000000000001,False
B_4f_532_fov400,phase_0pi,0.0,381.0,6.0,95.25,6.8889026666942215,256,6.833372018187817e-07,4,0.6400000000000001,False
B_4f_532_fov400,dual_rail,0.0,31.75,0.5,9.524999999999999,496.000992001984,0,0.0,317,0.6400000000000001,False
B_4f_532_fov400,dual_rail,0.0,63.5,1.0,15.875,124.000248000496,32,8.541715022734771e-08,79,0.6400000000000001,False
B_4f_532_fov400,dual_rail,0.0,95.25,1.5,23.8125,55.11122133355377,128,3.4166860090939084e-07,35,0.6400000000000001,False
B_4f_532_fov400,dual_rail,0.0,127.0,2.0,31.75,31.000062000124,128,3.4166860090939084e-07,19,0.6400000000000001,False
B_4f_532_fov400,dual_rail,0.0,158.74999999999997,2.5,39.68749999999999,19.840039680079364,256,6.833372018187817e-07,12,0.6400000000000001,False
B_4f_532_fov400,dual_rail,0.0,190.5,3.0,47.625,13.777805333388443,256,6.833372018187817e-07,8,0.6400000000000001,False
B_4f_532_fov400,dual_rail,0.0,254.0,4.0,63.5,7.750015500031,256,6.833372018187817e-07,4,0.6400000000000001,False
B_4f_532_fov400,dual_rail,0.0,317.49999999999994,5.0,79.37499999999999,4.960009920019841,256,6.833372018187817e-07,3,0.6400000000000001,False
B_4f_532_fov400,dual_rail,0.0,381.0,6.0,95.25,3.4444513333471107,256,6.833372018187817e-07,2,0.6400000000000001,False
B_4f_532_fov400,dual_rail_sq,0.0,31.75,0.5,9.524999999999999,496.000992001984,0,0.0,317,0.6400000000000001,False
B_4f_532_fov400,dual_rail_sq,0.0,63.5,1.0,15.875,124.000248000496,64,1.7083430045469542e-07,79,0.6400000000000001,False
B_4f_532_fov400,dual_rail_sq,0.0,95.25,1.5,23.8125,55.11122133355377,128,3.4166860090939084e-07,35,0.6400000000000001,False
B_4f_532_fov400,dual_rail_sq,0.0,127.0,2.0,31.75,31.000062000124,128,3.4166860090939084e-07,19,0.6400000000000001,False
B_4f_532_fov400,dual_rail_sq,0.0,158.74999999999997,2.5,39.68749999999999,19.840039680079364,256,6.833372018187817e-07,12,0.6400000000000001,False
B_4f_532_fov400,dual_rail_sq,0.0,190.5,3.0,47.625,13.777805333388443,512,1.3666744036375634e-06,8,0.6400000000000001,False
B_4f_532_fov400,dual_rail_sq,0.0,254.0,4.0,63.5,7.750015500031,512,1.3666744036375634e-06,4,0.6400000000000001,False
B_4f_532_fov400,dual_rail_sq,0.0,317.49999999999994,5.0,79.37499999999999,4.960009920019841,512,1.3666744036375634e-06,3,0.6400000000000001,False
B_4f_532_fov400,dual_rail_sq,0.0,381.0,6.0,95.25,3.4444513333471107,512,1.3666744036375634e-06,2,0.6400000000000001,False
B_4f_532_fov400,differential_sq,0.0,31.75,0.5,9.524999999999999,496.000992001984,0,0.0,317,0.6400000000000001,False
B_4f_532_fov400,differential_sq,0.0,63.5,1.0,15.875,124.000248000496,32,8.541715022734771e-08,79,0.6400000000000001,False
B_4f_532_fov400,differential_sq,0.0,95.25,1.5,23.8125,55.11122133355377,128,3.4166860090939084e-07,35,0.6400000000000001,False
B_4f_532_fov400,differential_sq,0.0,127.0,2.0,31.75,31.000062000124,128,3.4166860090939084e-07,19,0.6400000000000001,False
B_4f_532_fov400,differential_sq,0.0,158.74999999999997,2.5,39.68749999999999,19.840039680079364,256,6.833372018187817e-07,12,0.6400000000000001,False
B_4f_532_fov400,differential_sq,0.0,190.5,3.0,47.625,13.777805333388443,256,6.833372018187817e-07,8,0.6400000000000001,False
B_4f_532_fov400,differential_sq,0.0,254.0,4.0,63.5,7.750015500031,512,1.3666744036375634e-06,4,0.6400000000000001,False
B_4f_532_fov400,differential_sq,0.0,317.49999999999994,5.0,79.37499999999999,4.960009920019841,512,1.3666744036375634e-06,3,0.6400000000000001,False
B_4f_532_fov400,differential_sq,0.0,381.0,6.0,95.25,3.4444513333471107,512,1.3666744036375634e-06,2,0.6400000000000001,False
B_4f_532_fov400,presence_phase0,0.01,31.75,0.5,9.524999999999999,992.001984003968,0,0.0,634,0.6400000000000001,False
B_4f_532_fov400,presence_phase0,0.01,63.5,1.0,15.875,248.000496000992,16,4.2708575113673855e-08,158,0.6400000000000001,False
B_4f_532_fov400,presence_phase0,0.01,95.25,1.5,23.8125,110.22244266710754,64,1.7083430045469542e-07,70,0.6400000000000001,False
B_4f_532_fov400,presence_phase0,0.01,127.0,2.0,31.75,62.000124000248,128,3.4166860090939084e-07,39,0.6400000000000001,False
B_4f_532_fov400,presence_phase0,0.01,158.74999999999997,2.5,39.68749999999999,39.68007936015873,256,6.833372018187817e-07,25,0.6400000000000001,False
B_4f_532_fov400,presence_phase0,0.01,190.5,3.0,47.625,27.555610666776886,256,6.833372018187817e-07,17,0.6400000000000001,False
B_4f_532_fov400,presence_phase0,0.01,254.0,4.0,63.5,15.500031000062,128,3.4166860090939084e-07,9,0.6400000000000001,False
B_4f_532_fov400,presence_phase0,0.01,317.49999999999994,5.0,79.37499999999999,9.920019840039682,128,3.4166860090939084e-07,6,0.6400000000000001,False
B_4f_532_fov400,presence_phase0,0.01,381.0,6.0,95.25,6.8889026666942215,128,3.4166860090939084e-07,4,0.6400000000000001,False
B_4f_532_fov400,presence_phase0_sq,0.01,31.75,0.5,9.524999999999999,992.001984003968,0,0.0,634,0.6400000000000001,False
B_4f_532_fov400,presence_phase0_sq,0.01,63.5,1.0,15.875,248.000496000992,32,8.541715022734771e-08,158,0.6400000000000001,False
B_4f_532_fov400,presence_phase0_sq,0.01,95.25,1.5,23.8125,110.22244266710754,128,3.4166860090939084e-07,70,0.6400000000000001,False
B_4f_532_fov400,presence_phase0_sq,0.01,127.0,2.0,31.75,62.000124000248,128,3.4166860090939084e-07,39,0.6400000000000001,False
B_4f_532_fov400,presence_phase0_sq,0.01,158.74999999999997,2.5,39.68749999999999,39.68007936015873,256,6.833372018187817e-07,25,0.6400000000000001,False
B_4f_532_fov400,presence_phase0_sq,0.01,190.5,3.0,47.625,27.555610666776886,256,6.833372018187817e-07,17,0.6400000000000001,False
B_4f_532_fov400,presence_phase0_sq,0.01,254.0,4.0,63.5,15.500031000062,512,1.3666744036375634e-06,9,0.6400000000000001,False
B_4f_532_fov400,presence_phase0_sq,0.01,317.49999999999994,5.0,79.37499999999999,9.920019840039682,512,1.3666744036375634e-06,6,0.6400000000000001,False
B_4f_532_fov400,presence_phase0_sq,0.01,381.0,6.0,95.25,6.8889026666942215,512,1.3666744036375634e-06,4,0.6400000000000001,False
B_4f_532_fov400,presence_phase0_sqcal,0.01,31.75,0.5,9.524999999999999,992.001984003968,0,0.0,634,0.6400000000000001,False
B_4f_532_fov400,presence_phase0_sqcal,0.01,63.5,1.0,15.875,248.000496000992,64,1.7083430045469542e-07,158,0.6400000000000001,False
B_4f_532_fov400,presence_phase0_sqcal,0.01,95.25,1.5,23.8125,110.22244266710754,128,3.4166860090939084e-07,70,0.6400000000000001,False
B_4f_532_fov400,presence_phase0_sqcal,0.01,127.0,2.0,31.75,62.000124000248,128,3.4166860090939084e-07,39,0.6400000000000001,False
B_4f_532_fov400,presence_phase0_sqcal,0.01,158.74999999999997,2.5,39.68749999999999,39.68007936015873,256,6.833372018187817e-07,25,0.6400000000000001,False
B_4f_532_fov400,presence_phase0_sqcal,0.01,190.5,3.0,47.625,27.555610666776886,256,6.833372018187817e-07,17,0.6400000000000001,False
B_4f_532_fov400,presence_phase0_sqcal,0.01,254.0,4.0,63.5,15.500031000062,512,1.3666744036375634e-06,9,0.6400000000000001,False
B_4f_532_fov400,presence_phase0_sqcal,0.01,317.49999999999994,5.0,79.37499999999999,9.920019840039682,512,1.3666744036375634e-06,6,0.6400000000000001,False
B_4f_532_fov400,presence_phase0_sqcal,0.01,381.0,6.0,95.25,6.8889026666942215,512,1.3666744036375634e-06,4,0.6400000000000001,False
B_4f_532_fov400,presence_randphase_sqcal,0.01,31.75,0.5,9.524999999999999,992.001984003968,0,0.0,634,0.6400000000000001,False
B_4f_532_fov400,presence_randphase_sqcal,0.01,63.5,1.0,15.875,248.000496000992,32,8.541715022734771e-08,158,0.6400000000000001,False
B_4f_532_fov400,presence_randphase_sqcal,0.01,95.25,1.5,23.8125,110.22244266710754,128,3.4166860090939084e-07,70,0.6400000000000001,False
B_4f_532_fov400,presence_randphase_sqcal,0.01,127.0,2.0,31.75,62.000124000248,128,3.4166860090939084e-07,39,0.6400000000000001,False
B_4f_532_fov400,presence_randphase_sqcal,0.01,158.74999999999997,2.5,39.68749999999999,39.68007936015873,256,6.833372018187817e-07,25,0.6400000000000001,False
B_4f_532_fov400,presence_randphase_sqcal,0.01,190.5,3.0,47.625,27.555610666776886,256,6.833372018187817e-07,17,0.6400000000000001,False
B_4f_532_fov400,presence_randphase_sqcal,0.01,254.0,4.0,63.5,15.500031000062,512,1.3666744036375634e-06,9,0.6400000000000001,False
B_4f_532_fov400,presence_randphase_sqcal,0.01,317.49999999999994,5.0,79.37499999999999,9.920019840039682,512,1.3666744036375634e-06,6,0.6400000000000001,False
B_4f_532_fov400,presence_randphase_sqcal,0.01,381.0,6.0,95.25,6.8889026666942215,512,1.3666744036375634e-06,4,0.6400000000000001,False
B_4f_532_fov400,phase_0pi,0.01,31.75,0.5,9.524999999999999,992.001984003968,0,0.0,634,0.6400000000000001,False
B_4f_532_fov400,phase_0pi,0.01,63.5,1.0,15.875,248.000496000992,32,8.541715022734771e-08,158,0.6400000000000001,False
B_4f_532_fov400,phase_0pi,0.01,95.25,1.5,23.8125,110.22244266710754,128,3.4166860090939084e-07,70,0.6400000000000001,False
B_4f_532_fov400,phase_0pi,0.01,127.0,2.0,31.75,62.000124000248,256,6.833372018187817e-07,39,0.6400000000000001,False
B_4f_532_fov400,phase_0pi,0.01,158.74999999999997,2.5,39.68749999999999,39.68007936015873,512,1.3666744036375634e-06,25,0.6400000000000001,False
B_4f_532_fov400,phase_0pi,0.01,190.5,3.0,47.625,27.555610666776886,512,1.3666744036375634e-06,17,0.6400000000000001,False
B_4f_532_fov400,phase_0pi,0.01,254.0,4.0,63.5,15.500031000062,512,1.3666744036375634e-06,9,0.6400000000000001,False
B_4f_532_fov400,phase_0pi,0.01,317.49999999999994,5.0,79.37499999999999,9.920019840039682,512,1.3666744036375634e-06,6,0.6400000000000001,False
B_4f_532_fov400,phase_0pi,0.01,381.0,6.0,95.25,6.8889026666942215,256,6.833372018187817e-07,4,0.6400000000000001,False
B_4f_532_fov400,dual_rail,0.01,31.75,0.5,9.524999999999999,496.000992001984,0,0.0,317,0.6400000000000001,False
B_4f_532_fov400,dual_rail,0.01,63.5,1.0,15.875,124.000248000496,64,1.7083430045469542e-07,79,0.6400000000000001,False
B_4f_532_fov400,dual_rail,0.01,95.25,1.5,23.8125,55.11122133355377,128,3.4166860090939084e-07,35,0.6400000000000001,False
B_4f_532_fov400,dual_rail,0.01,127.0,2.0,31.75,31.000062000124,256,6.833372018187817e-07,19,0.6400000000000001,False
B_4f_532_fov400,dual_rail,0.01,158.74999999999997,2.5,39.68749999999999,19.840039680079364,256,6.833372018187817e-07,12,0.6400000000000001,False
B_4f_532_fov400,dual_rail,0.01,190.5,3.0,47.625,13.777805333388443,256,6.833372018187817e-07,8,0.6400000000000001,False
B_4f_532_fov400,dual_rail,0.01,254.0,4.0,63.5,7.750015500031,256,6.833372018187817e-07,4,0.6400000000000001,False
B_4f_532_fov400,dual_rail,0.01,317.49999999999994,5.0,79.37499999999999,4.960009920019841,256,6.833372018187817e-07,3,0.6400000000000001,False
B_4f_532_fov400,dual_rail,0.01,381.0,6.0,95.25,3.4444513333471107,256,6.833372018187817e-07,2,0.6400000000000001,False
B_4f_532_fov400,dual_rail_sq,0.01,31.75,0.5,9.524999999999999,496.000992001984,0,0.0,317,0.6400000000000001,False
B_4f_532_fov400,dual_rail_sq,0.01,63.5,1.0,15.875,124.000248000496,64,1.7083430045469542e-07,79,0.6400000000000001,False
B_4f_532_fov400,dual_rail_sq,0.01,95.25,1.5,23.8125,55.11122133355377,128,3.4166860090939084e-07,35,0.6400000000000001,False
B_4f_532_fov400,dual_rail_sq,0.01,127.0,2.0,31.75,31.000062000124,128,3.4166860090939084e-07,19,0.6400000000000001,False
B_4f_532_fov400,dual_rail_sq,0.01,158.74999999999997,2.5,39.68749999999999,19.840039680079364,256,6.833372018187817e-07,12,0.6400000000000001,False
B_4f_532_fov400,dual_rail_sq,0.01,190.5,3.0,47.625,13.777805333388443,512,1.3666744036375634e-06,8,0.6400000000000001,False
B_4f_532_fov400,dual_rail_sq,0.01,254.0,4.0,63.5,7.750015500031,512,1.3666744036375634e-06,4,0.6400000000000001,False
B_4f_532_fov400,dual_rail_sq,0.01,317.49999999999994,5.0,79.37499999999999,4.960009920019841,512,1.3666744036375634e-06,3,0.6400000000000001,False
B_4f_532_fov400,dual_rail_sq,0.01,381.0,6.0,95.25,3.4444513333471107,512,1.3666744036375634e-06,2,0.6400000000000001,False
B_4f_532_fov400,differential_sq,0.01,31.75,0.5,9.524999999999999,496.000992001984,0,0.0,317,0.6400000000000001,False
B_4f_532_fov400,differential_sq,0.01,63.5,1.0,15.875,124.000248000496,32,8.541715022734771e-08,79,0.6400000000000001,False
B_4f_532_fov400,differential_sq,0.01,95.25,1.5,23.8125,55.11122133355377,128,3.4166860090939084e-07,35,0.6400000000000001,False
B_4f_532_fov400,differential_sq,0.01,127.0,2.0,31.75,31.000062000124,128,3.4166860090939084e-07,19,0.6400000000000001,False
B_4f_532_fov400,differential_sq,0.01,158.74999999999997,2.5,39.68749999999999,19.840039680079364,256,6.833372018187817e-07,12,0.6400000000000001,False
B_4f_532_fov400,differential_sq,0.01,190.5,3.0,47.625,13.777805333388443,256,6.833372018187817e-07,8,0.6400000000000001,False
B_4f_532_fov400,differential_sq,0.01,254.0,4.0,63.5,7.750015500031,512,1.3666744036375634e-06,4,0.6400000000000001,False
B_4f_532_fov400,differential_sq,0.01,317.49999999999994,5.0,79.37499999999999,4.960009920019841,512,1.3666744036375634e-06,3,0.6400000000000001,False
B_4f_532_fov400,differential_sq,0.01,381.0,6.0,95.25,3.4444513333471107,512,1.3666744036375634e-06,2,0.6400000000000001,False
B_4f_532_fov400,presence_phase0,0.05,31.75,0.5,9.524999999999999,992.001984003968,0,0.0,634,0.6400000000000001,False
B_4f_532_fov400,presence_phase0,0.05,63.5,1.0,15.875,248.000496000992,32,8.541715022734771e-08,158,0.6400000000000001,False
B_4f_532_fov400,presence_phase0,0.05,95.25,1.5,23.8125,110.22244266710754,128,3.4166860090939084e-07,70,0.6400000000000001,False
B_4f_532_fov400,presence_phase0,0.05,127.0,2.0,31.75,62.000124000248,256,6.833372018187817e-07,39,0.6400000000000001,False
B_4f_532_fov400,presence_phase0,0.05,158.74999999999997,2.5,39.68749999999999,39.68007936015873,256,6.833372018187817e-07,25,0.6400000000000001,False
B_4f_532_fov400,presence_phase0,0.05,190.5,3.0,47.625,27.555610666776886,256,6.833372018187817e-07,17,0.6400000000000001,False
B_4f_532_fov400,presence_phase0,0.05,254.0,4.0,63.5,15.500031000062,128,3.4166860090939084e-07,9,0.6400000000000001,False
B_4f_532_fov400,presence_phase0,0.05,317.49999999999994,5.0,79.37499999999999,9.920019840039682,128,3.4166860090939084e-07,6,0.6400000000000001,False
B_4f_532_fov400,presence_phase0,0.05,381.0,6.0,95.25,6.8889026666942215,128,3.4166860090939084e-07,4,0.6400000000000001,False
B_4f_532_fov400,presence_phase0_sq,0.05,31.75,0.5,9.524999999999999,992.001984003968,0,0.0,634,0.6400000000000001,False
B_4f_532_fov400,presence_phase0_sq,0.05,63.5,1.0,15.875,248.000496000992,64,1.7083430045469542e-07,158,0.6400000000000001,False
B_4f_532_fov400,presence_phase0_sq,0.05,95.25,1.5,23.8125,110.22244266710754,128,3.4166860090939084e-07,70,0.6400000000000001,False
B_4f_532_fov400,presence_phase0_sq,0.05,127.0,2.0,31.75,62.000124000248,256,6.833372018187817e-07,39,0.6400000000000001,False
B_4f_532_fov400,presence_phase0_sq,0.05,158.74999999999997,2.5,39.68749999999999,39.68007936015873,256,6.833372018187817e-07,25,0.6400000000000001,False
B_4f_532_fov400,presence_phase0_sq,0.05,190.5,3.0,47.625,27.555610666776886,256,6.833372018187817e-07,17,0.6400000000000001,False
B_4f_532_fov400,presence_phase0_sq,0.05,254.0,4.0,63.5,15.500031000062,512,1.3666744036375634e-06,9,0.6400000000000001,False
B_4f_532_fov400,presence_phase0_sq,0.05,317.49999999999994,5.0,79.37499999999999,9.920019840039682,512,1.3666744036375634e-06,6,0.6400000000000001,False
B_4f_532_fov400,presence_phase0_sq,0.05,381.0,6.0,95.25,6.8889026666942215,512,1.3666744036375634e-06,4,0.6400000000000001,False
B_4f_532_fov400,presence_phase0_sqcal,0.05,31.75,0.5,9.524999999999999,992.001984003968,0,0.0,634,0.6400000000000001,False
B_4f_532_fov400,presence_phase0_sqcal,0.05,63.5,1.0,15.875,248.000496000992,64,1.7083430045469542e-07,158,0.6400000000000001,False
B_4f_532_fov400,presence_phase0_sqcal,0.05,95.25,1.5,23.8125,110.22244266710754,128,3.4166860090939084e-07,70,0.6400000000000001,False
B_4f_532_fov400,presence_phase0_sqcal,0.05,127.0,2.0,31.75,62.000124000248,256,6.833372018187817e-07,39,0.6400000000000001,False
B_4f_532_fov400,presence_phase0_sqcal,0.05,158.74999999999997,2.5,39.68749999999999,39.68007936015873,256,6.833372018187817e-07,25,0.6400000000000001,False
B_4f_532_fov400,presence_phase0_sqcal,0.05,190.5,3.0,47.625,27.555610666776886,512,1.3666744036375634e-06,17,0.6400000000000001,False
B_4f_532_fov400,presence_phase0_sqcal,0.05,254.0,4.0,63.5,15.500031000062,512,1.3666744036375634e-06,9,0.6400000000000001,False
B_4f_532_fov400,presence_phase0_sqcal,0.05,317.49999999999994,5.0,79.37499999999999,9.920019840039682,512,1.3666744036375634e-06,6,0.6400000000000001,False
B_4f_532_fov400,presence_phase0_sqcal,0.05,381.0,6.0,95.25,6.8889026666942215,512,1.3666744036375634e-06,4,0.6400000000000001,False
B_4f_532_fov400,presence_randphase_sqcal,0.05,31.75,0.5,9.524999999999999,992.001984003968,0,0.0,634,0.6400000000000001,False
B_4f_532_fov400,presence_randphase_sqcal,0.05,63.5,1.0,15.875,248.000496000992,64,1.7083430045469542e-07,158,0.6400000000000001,False
B_4f_532_fov400,presence_randphase_sqcal,0.05,95.25,1.5,23.8125,110.22244266710754,128,3.4166860090939084e-07,70,0.6400000000000001,False
B_4f_532_fov400,presence_randphase_sqcal,0.05,127.0,2.0,31.75,62.000124000248,256,6.833372018187817e-07,39,0.6400000000000001,False
B_4f_532_fov400,presence_randphase_sqcal,0.05,158.74999999999997,2.5,39.68749999999999,39.68007936015873,256,6.833372018187817e-07,25,0.6400000000000001,False
B_4f_532_fov400,presence_randphase_sqcal,0.05,190.5,3.0,47.625,27.555610666776886,512,1.3666744036375634e-06,17,0.6400000000000001,False
B_4f_532_fov400,presence_randphase_sqcal,0.05,254.0,4.0,63.5,15.500031000062,512,1.3666744036375634e-06,9,0.6400000000000001,False
B_4f_532_fov400,presence_randphase_sqcal,0.05,317.49999999999994,5.0,79.37499999999999,9.920019840039682,1024,2.7333488072751267e-06,6,0.6400000000000001,False
B_4f_532_fov400,presence_randphase_sqcal,0.05,381.0,6.0,95.25,6.8889026666942215,512,1.3666744036375634e-06,4,0.6400000000000001,False
B_4f_532_fov400,phase_0pi,0.05,31.75,0.5,9.524999999999999,992.001984003968,0,0.0,634,0.6400000000000001,False
B_4f_532_fov400,phase_0pi,0.05,63.5,1.0,15.875,248.000496000992,64,1.7083430045469542e-07,158,0.6400000000000001,False
B_4f_532_fov400,phase_0pi,0.05,95.25,1.5,23.8125,110.22244266710754,128,3.4166860090939084e-07,70,0.6400000000000001,False
B_4f_532_fov400,phase_0pi,0.05,127.0,2.0,31.75,62.000124000248,256,6.833372018187817e-07,39,0.6400000000000001,False
B_4f_532_fov400,phase_0pi,0.05,158.74999999999997,2.5,39.68749999999999,39.68007936015873,512,1.3666744036375634e-06,25,0.6400000000000001,False
B_4f_532_fov400,phase_0pi,0.05,190.5,3.0,47.625,27.555610666776886,512,1.3666744036375634e-06,17,0.6400000000000001,False
B_4f_532_fov400,phase_0pi,0.05,254.0,4.0,63.5,15.500031000062,512,1.3666744036375634e-06,9,0.6400000000000001,False
B_4f_532_fov400,phase_0pi,0.05,317.49999999999994,5.0,79.37499999999999,9.920019840039682,512,1.3666744036375634e-06,6,0.6400000000000001,False
B_4f_532_fov400,phase_0pi,0.05,381.0,6.0,95.25,6.8889026666942215,512,1.3666744036375634e-06,4,0.6400000000000001,False
B_4f_532_fov400,dual_rail,0.05,31.75,0.5,9.524999999999999,496.000992001984,0,0.0,317,0.6400000000000001,False
B_4f_532_fov400,dual_rail,0.05,63.5,1.0,15.875,124.000248000496,64,1.7083430045469542e-07,79,0.6400000000000001,False
B_4f_532_fov400,dual_rail,0.05,95.25,1.5,23.8125,55.11122133355377,128,3.4166860090939084e-07,35,0.6400000000000001,False
B_4f_532_fov400,dual_rail,0.05,127.0,2.0,31.75,31.000062000124,256,6.833372018187817e-07,19,0.6400000000000001,False
B_4f_532_fov400,dual_rail,0.05,158.74999999999997,2.5,39.68749999999999,19.840039680079364,512,1.3666744036375634e-06,12,0.6400000000000001,False
B_4f_532_fov400,dual_rail,0.05,190.5,3.0,47.625,13.777805333388443,512,1.3666744036375634e-06,8,0.6400000000000001,False
B_4f_532_fov400,dual_rail,0.05,254.0,4.0,63.5,7.750015500031,512,1.3666744036375634e-06,4,0.6400000000000001,False
B_4f_532_fov400,dual_rail,0.05,317.49999999999994,5.0,79.37499999999999,4.960009920019841,256,6.833372018187817e-07,3,0.6400000000000001,False
B_4f_532_fov400,dual_rail,0.05,381.0,6.0,95.25,3.4444513333471107,256,6.833372018187817e-07,2,0.6400000000000001,False
B_4f_532_fov400,dual_rail_sq,0.05,31.75,0.5,9.524999999999999,496.000992001984,0,0.0,317,0.6400000000000001,False
B_4f_532_fov400,dual_rail_sq,0.05,63.5,1.0,15.875,124.000248000496,64,1.7083430045469542e-07,79,0.6400000000000001,False
B_4f_532_fov400,dual_rail_sq,0.05,95.25,1.5,23.8125,55.11122133355377,128,3.4166860090939084e-07,35,0.6400000000000001,False
B_4f_532_fov400,dual_rail_sq,0.05,127.0,2.0,31.75,31.000062000124,256,6.833372018187817e-07,19,0.6400000000000001,False
B_4f_532_fov400,dual_rail_sq,0.05,158.74999999999997,2.5,39.68749999999999,19.840039680079364,256,6.833372018187817e-07,12,0.6400000000000001,False
B_4f_532_fov400,dual_rail_sq,0.05,190.5,3.0,47.625,13.777805333388443,512,1.3666744036375634e-06,8,0.6400000000000001,False
B_4f_532_fov400,dual_rail_sq,0.05,254.0,4.0,63.5,7.750015500031,512,1.3666744036375634e-06,4,0.6400000000000001,False
B_4f_532_fov400,dual_rail_sq,0.05,317.49999999999994,5.0,79.37499999999999,4.960009920019841,512,1.3666744036375634e-06,3,0.6400000000000001,False
B_4f_532_fov400,dual_rail_sq,0.05,381.0,6.0,95.25,3.4444513333471107,512,1.3666744036375634e-06,2,0.6400000000000001,False
B_4f_532_fov400,differential_sq,0.05,31.75,0.5,9.524999999999999,496.000992001984,0,0.0,317,0.6400000000000001,False
B_4f_532_fov400,differential_sq,0.05,63.5,1.0,15.875,124.000248000496,64,1.7083430045469542e-07,79,0.6400000000000001,False
B_4f_532_fov400,differential_sq,0.05,95.25,1.5,23.8125,55.11122133355377,128,3.4166860090939084e-07,35,0.6400000000000001,False
B_4f_532_fov400,differential_sq,0.05,127.0,2.0,31.75,31.000062000124,128,3.4166860090939084e-07,19,0.6400000000000001,False
B_4f_532_fov400,differential_sq,0.05,158.74999999999997,2.5,39.68749999999999,19.840039680079364,256,6.833372018187817e-07,12,0.6400000000000001,False
B_4f_532_fov400,differential_sq,0.05,190.5,3.0,47.625,13.777805333388443,256,6.833372018187817e-07,8,0.6400000000000001,False
B_4f_532_fov400,differential_sq,0.05,254.0,4.0,63.5,7.750015500031,512,1.3666744036375634e-06,4,0.6400000000000001,False
B_4f_532_fov400,differential_sq,0.05,317.49999999999994,5.0,79.37499999999999,4.960009920019841,512,1.3666744036375634e-06,3,0.6400000000000001,False
B_4f_532_fov400,differential_sq,0.05,381.0,6.0,95.25,3.4444513333471107,512,1.3666744036375634e-06,2,0.6400000000000001,False
B_4f_fov400,presence_phase0,0.0,31.75,0.5,9.524999999999999,992.001984003968,0,0.0,634,0.6400000000000001,False
B_4f_fov400,presence_phase0,0.0,63.5,1.0,15.875,248.000496000992,0,0.0,158,0.6400000000000001,False
B_4f_fov400,presence_phase0,0.0,95.25,1.5,23.8125,110.22244266710754,32,8.541664994108129e-08,70,0.6400000000000001,False
B_4f_fov400,presence_phase0,0.0,127.0,2.0,31.75,62.000124000248,128,3.4166659976432517e-07,39,0.6400000000000001,False
B_4f_fov400,presence_phase0,0.0,158.74999999999997,2.5,39.68749999999999,39.68007936015873,128,3.4166659976432517e-07,25,0.6400000000000001,False
B_4f_fov400,presence_phase0,0.0,190.5,3.0,47.625,27.555610666776886,256,6.833331995286503e-07,17,0.6400000000000001,False
B_4f_fov400,presence_phase0,0.0,254.0,4.0,63.5,15.500031000062,256,6.833331995286503e-07,9,0.6400000000000001,False
B_4f_fov400,presence_phase0,0.0,317.49999999999994,5.0,79.37499999999999,9.920019840039682,256,6.833331995286503e-07,6,0.6400000000000001,False
B_4f_fov400,presence_phase0,0.0,381.0,6.0,95.25,6.8889026666942215,128,3.4166659976432517e-07,4,0.6400000000000001,False
B_4f_fov400,presence_phase0_sq,0.0,31.75,0.5,9.524999999999999,992.001984003968,0,0.0,634,0.6400000000000001,False
B_4f_fov400,presence_phase0_sq,0.0,63.5,1.0,15.875,248.000496000992,0,0.0,158,0.6400000000000001,False
B_4f_fov400,presence_phase0_sq,0.0,95.25,1.5,23.8125,110.22244266710754,64,1.7083329988216258e-07,70,0.6400000000000001,False
B_4f_fov400,presence_phase0_sq,0.0,127.0,2.0,31.75,62.000124000248,128,3.4166659976432517e-07,39,0.6400000000000001,False
B_4f_fov400,presence_phase0_sq,0.0,158.74999999999997,2.5,39.68749999999999,39.68007936015873,256,6.833331995286503e-07,25,0.6400000000000001,False
B_4f_fov400,presence_phase0_sq,0.0,190.5,3.0,47.625,27.555610666776886,256,6.833331995286503e-07,17,0.6400000000000001,False
B_4f_fov400,presence_phase0_sq,0.0,254.0,4.0,63.5,15.500031000062,512,1.3666663990573007e-06,9,0.6400000000000001,False
B_4f_fov400,presence_phase0_sq,0.0,317.49999999999994,5.0,79.37499999999999,9.920019840039682,512,1.3666663990573007e-06,6,0.6400000000000001,False
B_4f_fov400,presence_phase0_sq,0.0,381.0,6.0,95.25,6.8889026666942215,512,1.3666663990573007e-06,4,0.6400000000000001,False
B_4f_fov400,presence_phase0_sqcal,0.0,31.75,0.5,9.524999999999999,992.001984003968,0,0.0,634,0.6400000000000001,False
B_4f_fov400,presence_phase0_sqcal,0.0,63.5,1.0,15.875,248.000496000992,0,0.0,158,0.6400000000000001,False
B_4f_fov400,presence_phase0_sqcal,0.0,95.25,1.5,23.8125,110.22244266710754,64,1.7083329988216258e-07,70,0.6400000000000001,False
B_4f_fov400,presence_phase0_sqcal,0.0,127.0,2.0,31.75,62.000124000248,128,3.4166659976432517e-07,39,0.6400000000000001,False
B_4f_fov400,presence_phase0_sqcal,0.0,158.74999999999997,2.5,39.68749999999999,39.68007936015873,256,6.833331995286503e-07,25,0.6400000000000001,False
B_4f_fov400,presence_phase0_sqcal,0.0,190.5,3.0,47.625,27.555610666776886,256,6.833331995286503e-07,17,0.6400000000000001,False
B_4f_fov400,presence_phase0_sqcal,0.0,254.0,4.0,63.5,15.500031000062,512,1.3666663990573007e-06,9,0.6400000000000001,False
B_4f_fov400,presence_phase0_sqcal,0.0,317.49999999999994,5.0,79.37499999999999,9.920019840039682,512,1.3666663990573007e-06,6,0.6400000000000001,False
B_4f_fov400,presence_phase0_sqcal,0.0,381.0,6.0,95.25,6.8889026666942215,512,1.3666663990573007e-06,4,0.6400000000000001,False
B_4f_fov400,presence_randphase_sqcal,0.0,31.75,0.5,9.524999999999999,992.001984003968,0,0.0,634,0.6400000000000001,False
B_4f_fov400,presence_randphase_sqcal,0.0,63.5,1.0,15.875,248.000496000992,0,0.0,158,0.6400000000000001,False
B_4f_fov400,presence_randphase_sqcal,0.0,95.25,1.5,23.8125,110.22244266710754,64,1.7083329988216258e-07,70,0.6400000000000001,False
B_4f_fov400,presence_randphase_sqcal,0.0,127.0,2.0,31.75,62.000124000248,128,3.4166659976432517e-07,39,0.6400000000000001,False
B_4f_fov400,presence_randphase_sqcal,0.0,158.74999999999997,2.5,39.68749999999999,39.68007936015873,128,3.4166659976432517e-07,25,0.6400000000000001,False
B_4f_fov400,presence_randphase_sqcal,0.0,190.5,3.0,47.625,27.555610666776886,256,6.833331995286503e-07,17,0.6400000000000001,False
B_4f_fov400,presence_randphase_sqcal,0.0,254.0,4.0,63.5,15.500031000062,512,1.3666663990573007e-06,9,0.6400000000000001,False
B_4f_fov400,presence_randphase_sqcal,0.0,317.49999999999994,5.0,79.37499999999999,9.920019840039682,512,1.3666663990573007e-06,6,0.6400000000000001,False
B_4f_fov400,presence_randphase_sqcal,0.0,381.0,6.0,95.25,6.8889026666942215,512,1.3666663990573007e-06,4,0.6400000000000001,False
B_4f_fov400,phase_0pi,0.0,31.75,0.5,9.524999999999999,992.001984003968,0,0.0,634,0.6400000000000001,False
B_4f_fov400,phase_0pi,0.0,63.5,1.0,15.875,248.000496000992,0,0.0,158,0.6400000000000001,False
B_4f_fov400,phase_0pi,0.0,95.25,1.5,23.8125,110.22244266710754,64,1.7083329988216258e-07,70,0.6400000000000001,False
B_4f_fov400,phase_0pi,0.0,127.0,2.0,31.75,62.000124000248,128,3.4166659976432517e-07,39,0.6400000000000001,False
B_4f_fov400,phase_0pi,0.0,158.74999999999997,2.5,39.68749999999999,39.68007936015873,256,6.833331995286503e-07,25,0.6400000000000001,False
B_4f_fov400,phase_0pi,0.0,190.5,3.0,47.625,27.555610666776886,256,6.833331995286503e-07,17,0.6400000000000001,False
B_4f_fov400,phase_0pi,0.0,254.0,4.0,63.5,15.500031000062,512,1.3666663990573007e-06,9,0.6400000000000001,False
B_4f_fov400,phase_0pi,0.0,317.49999999999994,5.0,79.37499999999999,9.920019840039682,512,1.3666663990573007e-06,6,0.6400000000000001,False
B_4f_fov400,phase_0pi,0.0,381.0,6.0,95.25,6.8889026666942215,512,1.3666663990573007e-06,4,0.6400000000000001,False
B_4f_fov400,dual_rail,0.0,31.75,0.5,9.524999999999999,496.000992001984,0,0.0,317,0.6400000000000001,False
B_4f_fov400,dual_rail,0.0,63.5,1.0,15.875,124.000248000496,1,2.6692703106587904e-09,79,0.6400000000000001,False
B_4f_fov400,dual_rail,0.0,95.25,1.5,23.8125,55.11122133355377,64,1.7083329988216258e-07,35,0.6400000000000001,False
B_4f_fov400,dual_rail,0.0,127.0,2.0,31.75,31.000062000124,128,3.4166659976432517e-07,19,0.6400000000000001,False
B_4f_fov400,dual_rail,0.0,158.74999999999997,2.5,39.68749999999999,19.840039680079364,256,6.833331995286503e-07,12,0.6400000000000001,False
B_4f_fov400,dual_rail,0.0,190.5,3.0,47.625,13.777805333388443,256,6.833331995286503e-07,8,0.6400000000000001,False
B_4f_fov400,dual_rail,0.0,254.0,4.0,63.5,7.750015500031,512,1.3666663990573007e-06,4,0.6400000000000001,False
B_4f_fov400,dual_rail,0.0,317.49999999999994,5.0,79.37499999999999,4.960009920019841,512,1.3666663990573007e-06,3,0.6400000000000001,False
B_4f_fov400,dual_rail,0.0,381.0,6.0,95.25,3.4444513333471107,256,6.833331995286503e-07,2,0.6400000000000001,False
B_4f_fov400,dual_rail_sq,0.0,31.75,0.5,9.524999999999999,496.000992001984,0,0.0,317,0.6400000000000001,False
B_4f_fov400,dual_rail_sq,0.0,63.5,1.0,15.875,124.000248000496,8,2.1354162485270323e-08,79,0.6400000000000001,False
B_4f_fov400,dual_rail_sq,0.0,95.25,1.5,23.8125,55.11122133355377,64,1.7083329988216258e-07,35,0.6400000000000001,False
B_4f_fov400,dual_rail_sq,0.0,127.0,2.0,31.75,31.000062000124,128,3.4166659976432517e-07,19,0.6400000000000001,False
B_4f_fov400,dual_rail_sq,0.0,158.74999999999997,2.5,39.68749999999999,19.840039680079364,256,6.833331995286503e-07,12,0.6400000000000001,False
B_4f_fov400,dual_rail_sq,0.0,190.5,3.0,47.625,13.777805333388443,256,6.833331995286503e-07,8,0.6400000000000001,False
B_4f_fov400,dual_rail_sq,0.0,254.0,4.0,63.5,7.750015500031,512,1.3666663990573007e-06,4,0.6400000000000001,False
B_4f_fov400,dual_rail_sq,0.0,317.49999999999994,5.0,79.37499999999999,4.960009920019841,512,1.3666663990573007e-06,3,0.6400000000000001,False
B_4f_fov400,dual_rail_sq,0.0,381.0,6.0,95.25,3.4444513333471107,512,1.3666663990573007e-06,2,0.6400000000000001,False
B_4f_fov400,differential_sq,0.0,31.75,0.5,9.524999999999999,496.000992001984,0,0.0,317,0.6400000000000001,False
B_4f_fov400,differential_sq,0.0,63.5,1.0,15.875,124.000248000496,0,0.0,79,0.6400000000000001,False
B_4f_fov400,differential_sq,0.0,95.25,1.5,23.8125,55.11122133355377,64,1.7083329988216258e-07,35,0.6400000000000001,False
B_4f_fov400,differential_sq,0.0,127.0,2.0,31.75,31.000062000124,128,3.4166659976432517e-07,19,0.6400000000000001,False
B_4f_fov400,differential_sq,0.0,158.74999999999997,2.5,39.68749999999999,19.840039680079364,256,6.833331995286503e-07,12,0.6400000000000001,False
B_4f_fov400,differential_sq,0.0,190.5,3.0,47.625,13.777805333388443,256,6.833331995286503e-07,8,0.6400000000000001,False
B_4f_fov400,differential_sq,0.0,254.0,4.0,63.5,7.750015500031,256,6.833331995286503e-07,4,0.6400000000000001,False
B_4f_fov400,differential_sq,0.0,317.49999999999994,5.0,79.37499999999999,4.960009920019841,512,1.3666663990573007e-06,3,0.6400000000000001,False
B_4f_fov400,differential_sq,0.0,381.0,6.0,95.25,3.4444513333471107,512,1.3666663990573007e-06,2,0.6400000000000001,False
B_4f_fov400,presence_phase0,0.01,31.75,0.5,9.524999999999999,992.001984003968,0,0.0,634,0.6400000000000001,False
B_4f_fov400,presence_phase0,0.01,63.5,1.0,15.875,248.000496000992,0,0.0,158,0.6400000000000001,False
B_4f_fov400,presence_phase0,0.01,95.25,1.5,23.8125,110.22244266710754,64,1.7083329988216258e-07,70,0.6400000000000001,False
B_4f_fov400,presence_phase0,0.01,127.0,2.0,31.75,62.000124000248,128,3.4166659976432517e-07,39,0.6400000000000001,False
B_4f_fov400,presence_phase0,0.01,158.74999999999997,2.5,39.68749999999999,39.68007936015873,256,6.833331995286503e-07,25,0.6400000000000001,False
B_4f_fov400,presence_phase0,0.01,190.5,3.0,47.625,27.555610666776886,256,6.833331995286503e-07,17,0.6400000000000001,False
B_4f_fov400,presence_phase0,0.01,254.0,4.0,63.5,15.500031000062,256,6.833331995286503e-07,9,0.6400000000000001,False
B_4f_fov400,presence_phase0,0.01,317.49999999999994,5.0,79.37499999999999,9.920019840039682,256,6.833331995286503e-07,6,0.6400000000000001,False
B_4f_fov400,presence_phase0,0.01,381.0,6.0,95.25,6.8889026666942215,128,3.4166659976432517e-07,4,0.6400000000000001,False
B_4f_fov400,presence_phase0_sq,0.01,31.75,0.5,9.524999999999999,992.001984003968,0,0.0,634,0.6400000000000001,False
B_4f_fov400,presence_phase0_sq,0.01,63.5,1.0,15.875,248.000496000992,0,0.0,158,0.6400000000000001,False
B_4f_fov400,presence_phase0_sq,0.01,95.25,1.5,23.8125,110.22244266710754,64,1.7083329988216258e-07,70,0.6400000000000001,False
B_4f_fov400,presence_phase0_sq,0.01,127.0,2.0,31.75,62.000124000248,128,3.4166659976432517e-07,39,0.6400000000000001,False
B_4f_fov400,presence_phase0_sq,0.01,158.74999999999997,2.5,39.68749999999999,39.68007936015873,256,6.833331995286503e-07,25,0.6400000000000001,False
B_4f_fov400,presence_phase0_sq,0.01,190.5,3.0,47.625,27.555610666776886,256,6.833331995286503e-07,17,0.6400000000000001,False
B_4f_fov400,presence_phase0_sq,0.01,254.0,4.0,63.5,15.500031000062,512,1.3666663990573007e-06,9,0.6400000000000001,False
B_4f_fov400,presence_phase0_sq,0.01,317.49999999999994,5.0,79.37499999999999,9.920019840039682,512,1.3666663990573007e-06,6,0.6400000000000001,False
B_4f_fov400,presence_phase0_sq,0.01,381.0,6.0,95.25,6.8889026666942215,512,1.3666663990573007e-06,4,0.6400000000000001,False
B_4f_fov400,presence_phase0_sqcal,0.01,31.75,0.5,9.524999999999999,992.001984003968,0,0.0,634,0.6400000000000001,False
B_4f_fov400,presence_phase0_sqcal,0.01,63.5,1.0,15.875,248.000496000992,32,8.541664994108129e-08,158,0.6400000000000001,False
B_4f_fov400,presence_phase0_sqcal,0.01,95.25,1.5,23.8125,110.22244266710754,64,1.7083329988216258e-07,70,0.6400000000000001,False
B_4f_fov400,presence_phase0_sqcal,0.01,127.0,2.0,31.75,62.000124000248,128,3.4166659976432517e-07,39,0.6400000000000001,False
B_4f_fov400,presence_phase0_sqcal,0.01,158.74999999999997,2.5,39.68749999999999,39.68007936015873,256,6.833331995286503e-07,25,0.6400000000000001,False
B_4f_fov400,presence_phase0_sqcal,0.01,190.5,3.0,47.625,27.555610666776886,256,6.833331995286503e-07,17,0.6400000000000001,False
B_4f_fov400,presence_phase0_sqcal,0.01,254.0,4.0,63.5,15.500031000062,512,1.3666663990573007e-06,9,0.6400000000000001,False
B_4f_fov400,presence_phase0_sqcal,0.01,317.49999999999994,5.0,79.37499999999999,9.920019840039682,512,1.3666663990573007e-06,6,0.6400000000000001,False
B_4f_fov400,presence_phase0_sqcal,0.01,381.0,6.0,95.25,6.8889026666942215,512,1.3666663990573007e-06,4,0.6400000000000001,False
B_4f_fov400,presence_randphase_sqcal,0.01,31.75,0.5,9.524999999999999,992.001984003968,0,0.0,634,0.6400000000000001,False
B_4f_fov400,presence_randphase_sqcal,0.01,63.5,1.0,15.875,248.000496000992,16,4.2708324970540646e-08,158,0.6400000000000001,False
B_4f_fov400,presence_randphase_sqcal,0.01,95.25,1.5,23.8125,110.22244266710754,64,1.7083329988216258e-07,70,0.6400000000000001,False
B_4f_fov400,presence_randphase_sqcal,0.01,127.0,2.0,31.75,62.000124000248,128,3.4166659976432517e-07,39,0.6400000000000001,False
B_4f_fov400,presence_randphase_sqcal,0.01,158.74999999999997,2.5,39.68749999999999,39.68007936015873,256,6.833331995286503e-07,25,0.6400000000000001,False
B_4f_fov400,presence_randphase_sqcal,0.01,190.5,3.0,47.625,27.555610666776886,256,6.833331995286503e-07,17,0.6400000000000001,False
B_4f_fov400,presence_randphase_sqcal,0.01,254.0,4.0,63.5,15.500031000062,512,1.3666663990573007e-06,9,0.6400000000000001,False
B_4f_fov400,presence_randphase_sqcal,0.01,317.49999999999994,5.0,79.37499999999999,9.920019840039682,512,1.3666663990573007e-06,6,0.6400000000000001,False
B_4f_fov400,presence_randphase_sqcal,0.01,381.0,6.0,95.25,6.8889026666942215,512,1.3666663990573007e-06,4,0.6400000000000001,False
B_4f_fov400,phase_0pi,0.01,31.75,0.5,9.524999999999999,992.001984003968,0,0.0,634,0.6400000000000001,False
B_4f_fov400,phase_0pi,0.01,63.5,1.0,15.875,248.000496000992,32,8.541664994108129e-08,158,0.6400000000000001,False
B_4f_fov400,phase_0pi,0.01,95.25,1.5,23.8125,110.22244266710754,64,1.7083329988216258e-07,70,0.6400000000000001,False
B_4f_fov400,phase_0pi,0.01,127.0,2.0,31.75,62.000124000248,128,3.4166659976432517e-07,39,0.6400000000000001,False
B_4f_fov400,phase_0pi,0.01,158.74999999999997,2.5,39.68749999999999,39.68007936015873,256,6.833331995286503e-07,25,0.6400000000000001,False
B_4f_fov400,phase_0pi,0.01,190.5,3.0,47.625,27.555610666776886,512,1.3666663990573007e-06,17,0.6400000000000001,False
B_4f_fov400,phase_0pi,0.01,254.0,4.0,63.5,15.500031000062,512,1.3666663990573007e-06,9,0.6400000000000001,False
B_4f_fov400,phase_0pi,0.01,317.49999999999994,5.0,79.37499999999999,9.920019840039682,512,1.3666663990573007e-06,6,0.6400000000000001,False
B_4f_fov400,phase_0pi,0.01,381.0,6.0,95.25,6.8889026666942215,512,1.3666663990573007e-06,4,0.6400000000000001,False
B_4f_fov400,dual_rail,0.01,31.75,0.5,9.524999999999999,496.000992001984,0,0.0,317,0.6400000000000001,False
B_4f_fov400,dual_rail,0.01,63.5,1.0,15.875,124.000248000496,32,8.541664994108129e-08,79,0.6400000000000001,False
B_4f_fov400,dual_rail,0.01,95.25,1.5,23.8125,55.11122133355377,64,1.7083329988216258e-07,35,0.6400000000000001,False
B_4f_fov400,dual_rail,0.01,127.0,2.0,31.75,31.000062000124,128,3.4166659976432517e-07,19,0.6400000000000001,False
B_4f_fov400,dual_rail,0.01,158.74999999999997,2.5,39.68749999999999,19.840039680079364,256,6.833331995286503e-07,12,0.6400000000000001,False
B_4f_fov400,dual_rail,0.01,190.5,3.0,47.625,13.777805333388443,256,6.833331995286503e-07,8,0.6400000000000001,False
B_4f_fov400,dual_rail,0.01,254.0,4.0,63.5,7.750015500031,512,1.3666663990573007e-06,4,0.6400000000000001,False
B_4f_fov400,dual_rail,0.01,317.49999999999994,5.0,79.37499999999999,4.960009920019841,512,1.3666663990573007e-06,3,0.6400000000000001,False
B_4f_fov400,dual_rail,0.01,381.0,6.0,95.25,3.4444513333471107,256,6.833331995286503e-07,2,0.6400000000000001,False
B_4f_fov400,dual_rail_sq,0.01,31.75,0.5,9.524999999999999,496.000992001984,0,0.0,317,0.6400000000000001,False
B_4f_fov400,dual_rail_sq,0.01,63.5,1.0,15.875,124.000248000496,32,8.541664994108129e-08,79,0.6400000000000001,False
B_4f_fov400,dual_rail_sq,0.01,95.25,1.5,23.8125,55.11122133355377,64,1.7083329988216258e-07,35,0.6400000000000001,False
B_4f_fov400,dual_rail_sq,0.01,127.0,2.0,31.75,31.000062000124,128,3.4166659976432517e-07,19,0.6400000000000001,False
B_4f_fov400,dual_rail_sq,0.01,158.74999999999997,2.5,39.68749999999999,19.840039680079364,256,6.833331995286503e-07,12,0.6400000000000001,False
B_4f_fov400,dual_rail_sq,0.01,190.5,3.0,47.625,13.777805333388443,256,6.833331995286503e-07,8,0.6400000000000001,False
B_4f_fov400,dual_rail_sq,0.01,254.0,4.0,63.5,7.750015500031,512,1.3666663990573007e-06,4,0.6400000000000001,False
B_4f_fov400,dual_rail_sq,0.01,317.49999999999994,5.0,79.37499999999999,4.960009920019841,512,1.3666663990573007e-06,3,0.6400000000000001,False
B_4f_fov400,dual_rail_sq,0.01,381.0,6.0,95.25,3.4444513333471107,512,1.3666663990573007e-06,2,0.6400000000000001,False
B_4f_fov400,differential_sq,0.01,31.75,0.5,9.524999999999999,496.000992001984,0,0.0,317,0.6400000000000001,False
B_4f_fov400,differential_sq,0.01,63.5,1.0,15.875,124.000248000496,4,1.0677081242635162e-08,79,0.6400000000000001,False
B_4f_fov400,differential_sq,0.01,95.25,1.5,23.8125,55.11122133355377,64,1.7083329988216258e-07,35,0.6400000000000001,False
B_4f_fov400,differential_sq,0.01,127.0,2.0,31.75,31.000062000124,128,3.4166659976432517e-07,19,0.6400000000000001,False
B_4f_fov400,differential_sq,0.01,158.74999999999997,2.5,39.68749999999999,19.840039680079364,256,6.833331995286503e-07,12,0.6400000000000001,False
B_4f_fov400,differential_sq,0.01,190.5,3.0,47.625,13.777805333388443,256,6.833331995286503e-07,8,0.6400000000000001,False
B_4f_fov400,differential_sq,0.01,254.0,4.0,63.5,7.750015500031,256,6.833331995286503e-07,4,0.6400000000000001,False
B_4f_fov400,differential_sq,0.01,317.49999999999994,5.0,79.37499999999999,4.960009920019841,512,1.3666663990573007e-06,3,0.6400000000000001,False
B_4f_fov400,differential_sq,0.01,381.0,6.0,95.25,3.4444513333471107,512,1.3666663990573007e-06,2,0.6400000000000001,False
B_4f_fov400,presence_phase0,0.05,31.75,0.5,9.524999999999999,992.001984003968,0,0.0,634,0.6400000000000001,False
B_4f_fov400,presence_phase0,0.05,63.5,1.0,15.875,248.000496000992,32,8.541664994108129e-08,158,0.6400000000000001,False
B_4f_fov400,presence_phase0,0.05,95.25,1.5,23.8125,110.22244266710754,64,1.7083329988216258e-07,70,0.6400000000000001,False
B_4f_fov400,presence_phase0,0.05,127.0,2.0,31.75,62.000124000248,128,3.4166659976432517e-07,39,0.6400000000000001,False
B_4f_fov400,presence_phase0,0.05,158.74999999999997,2.5,39.68749999999999,39.68007936015873,256,6.833331995286503e-07,25,0.6400000000000001,False
B_4f_fov400,presence_phase0,0.05,190.5,3.0,47.625,27.555610666776886,256,6.833331995286503e-07,17,0.6400000000000001,False
B_4f_fov400,presence_phase0,0.05,254.0,4.0,63.5,15.500031000062,256,6.833331995286503e-07,9,0.6400000000000001,False
B_4f_fov400,presence_phase0,0.05,317.49999999999994,5.0,79.37499999999999,9.920019840039682,256,6.833331995286503e-07,6,0.6400000000000001,False
B_4f_fov400,presence_phase0,0.05,381.0,6.0,95.25,6.8889026666942215,128,3.4166659976432517e-07,4,0.6400000000000001,False
B_4f_fov400,presence_phase0_sq,0.05,31.75,0.5,9.524999999999999,992.001984003968,0,0.0,634,0.6400000000000001,False
B_4f_fov400,presence_phase0_sq,0.05,63.5,1.0,15.875,248.000496000992,32,8.541664994108129e-08,158,0.6400000000000001,False
B_4f_fov400,presence_phase0_sq,0.05,95.25,1.5,23.8125,110.22244266710754,128,3.4166659976432517e-07,70,0.6400000000000001,False
B_4f_fov400,presence_phase0_sq,0.05,127.0,2.0,31.75,62.000124000248,128,3.4166659976432517e-07,39,0.6400000000000001,False
B_4f_fov400,presence_phase0_sq,0.05,158.74999999999997,2.5,39.68749999999999,39.68007936015873,256,6.833331995286503e-07,25,0.6400000000000001,False
B_4f_fov400,presence_phase0_sq,0.05,190.5,3.0,47.625,27.555610666776886,256,6.833331995286503e-07,17,0.6400000000000001,False
B_4f_fov400,presence_phase0_sq,0.05,254.0,4.0,63.5,15.500031000062,512,1.3666663990573007e-06,9,0.6400000000000001,False
B_4f_fov400,presence_phase0_sq,0.05,317.49999999999994,5.0,79.37499999999999,9.920019840039682,512,1.3666663990573007e-06,6,0.6400000000000001,False
B_4f_fov400,presence_phase0_sq,0.05,381.0,6.0,95.25,6.8889026666942215,512,1.3666663990573007e-06,4,0.6400000000000001,False
B_4f_fov400,presence_phase0_sqcal,0.05,31.75,0.5,9.524999999999999,992.001984003968,0,0.0,634,0.6400000000000001,False
B_4f_fov400,presence_phase0_sqcal,0.05,63.5,1.0,15.875,248.000496000992,64,1.7083329988216258e-07,158,0.6400000000000001,False
B_4f_fov400,presence_phase0_sqcal,0.05,95.25,1.5,23.8125,110.22244266710754,128,3.4166659976432517e-07,70,0.6400000000000001,False
B_4f_fov400,presence_phase0_sqcal,0.05,127.0,2.0,31.75,62.000124000248,256,6.833331995286503e-07,39,0.6400000000000001,False
B_4f_fov400,presence_phase0_sqcal,0.05,158.74999999999997,2.5,39.68749999999999,39.68007936015873,256,6.833331995286503e-07,25,0.6400000000000001,False
B_4f_fov400,presence_phase0_sqcal,0.05,190.5,3.0,47.625,27.555610666776886,512,1.3666663990573007e-06,17,0.6400000000000001,False
B_4f_fov400,presence_phase0_sqcal,0.05,254.0,4.0,63.5,15.500031000062,512,1.3666663990573007e-06,9,0.6400000000000001,False
B_4f_fov400,presence_phase0_sqcal,0.05,317.49999999999994,5.0,79.37499999999999,9.920019840039682,512,1.3666663990573007e-06,6,0.6400000000000001,False
B_4f_fov400,presence_phase0_sqcal,0.05,381.0,6.0,95.25,6.8889026666942215,512,1.3666663990573007e-06,4,0.6400000000000001,False
B_4f_fov400,presence_randphase_sqcal,0.05,31.75,0.5,9.524999999999999,992.001984003968,0,0.0,634,0.6400000000000001,False
B_4f_fov400,presence_randphase_sqcal,0.05,63.5,1.0,15.875,248.000496000992,32,8.541664994108129e-08,158,0.6400000000000001,False
B_4f_fov400,presence_randphase_sqcal,0.05,95.25,1.5,23.8125,110.22244266710754,128,3.4166659976432517e-07,70,0.6400000000000001,False
B_4f_fov400,presence_randphase_sqcal,0.05,127.0,2.0,31.75,62.000124000248,128,3.4166659976432517e-07,39,0.6400000000000001,False
B_4f_fov400,presence_randphase_sqcal,0.05,158.74999999999997,2.5,39.68749999999999,39.68007936015873,256,6.833331995286503e-07,25,0.6400000000000001,False
B_4f_fov400,presence_randphase_sqcal,0.05,190.5,3.0,47.625,27.555610666776886,256,6.833331995286503e-07,17,0.6400000000000001,False
B_4f_fov400,presence_randphase_sqcal,0.05,254.0,4.0,63.5,15.500031000062,512,1.3666663990573007e-06,9,0.6400000000000001,False
B_4f_fov400,presence_randphase_sqcal,0.05,317.49999999999994,5.0,79.37499999999999,9.920019840039682,1024,2.7333327981146014e-06,6,0.6400000000000001,False
B_4f_fov400,presence_randphase_sqcal,0.05,381.0,6.0,95.25,6.8889026666942215,512,1.3666663990573007e-06,4,0.6400000000000001,False
B_4f_fov400,phase_0pi,0.05,31.75,0.5,9.524999999999999,992.001984003968,0,0.0,634,0.6400000000000001,False
B_4f_fov400,phase_0pi,0.05,63.5,1.0,15.875,248.000496000992,32,8.541664994108129e-08,158,0.6400000000000001,False
B_4f_fov400,phase_0pi,0.05,95.25,1.5,23.8125,110.22244266710754,128,3.4166659976432517e-07,70,0.6400000000000001,False
B_4f_fov400,phase_0pi,0.05,127.0,2.0,31.75,62.000124000248,256,6.833331995286503e-07,39,0.6400000000000001,False
B_4f_fov400,phase_0pi,0.05,158.74999999999997,2.5,39.68749999999999,39.68007936015873,512,1.3666663990573007e-06,25,0.6400000000000001,False
B_4f_fov400,phase_0pi,0.05,190.5,3.0,47.625,27.555610666776886,512,1.3666663990573007e-06,17,0.6400000000000001,False
B_4f_fov400,phase_0pi,0.05,254.0,4.0,63.5,15.500031000062,512,1.3666663990573007e-06,9,0.6400000000000001,False
B_4f_fov400,phase_0pi,0.05,317.49999999999994,5.0,79.37499999999999,9.920019840039682,512,1.3666663990573007e-06,6,0.6400000000000001,False
B_4f_fov400,phase_0pi,0.05,381.0,6.0,95.25,6.8889026666942215,512,1.3666663990573007e-06,4,0.6400000000000001,False
B_4f_fov400,dual_rail,0.05,31.75,0.5,9.524999999999999,496.000992001984,0,0.0,317,0.6400000000000001,False
B_4f_fov400,dual_rail,0.05,63.5,1.0,15.875,124.000248000496,32,8.541664994108129e-08,79,0.6400000000000001,False
B_4f_fov400,dual_rail,0.05,95.25,1.5,23.8125,55.11122133355377,64,1.7083329988216258e-07,35,0.6400000000000001,False
B_4f_fov400,dual_rail,0.05,127.0,2.0,31.75,31.000062000124,256,6.833331995286503e-07,19,0.6400000000000001,False
B_4f_fov400,dual_rail,0.05,158.74999999999997,2.5,39.68749999999999,19.840039680079364,256,6.833331995286503e-07,12,0.6400000000000001,False
B_4f_fov400,dual_rail,0.05,190.5,3.0,47.625,13.777805333388443,512,1.3666663990573007e-06,8,0.6400000000000001,False
B_4f_fov400,dual_rail,0.05,254.0,4.0,63.5,7.750015500031,512,1.3666663990573007e-06,4,0.6400000000000001,False
B_4f_fov400,dual_rail,0.05,317.49999999999994,5.0,79.37499999999999,4.960009920019841,512,1.3666663990573007e-06,3,0.6400000000000001,False
B_4f_fov400,dual_rail,0.05,381.0,6.0,95.25,3.4444513333471107,256,6.833331995286503e-07,2,0.6400000000000001,False
B_4f_fov400,dual_rail_sq,0.05,31.75,0.5,9.524999999999999,496.000992001984,0,0.0,317,0.6400000000000001,False
B_4f_fov400,dual_rail_sq,0.05,63.5,1.0,15.875,124.000248000496,64,1.7083329988216258e-07,79,0.6400000000000001,False
B_4f_fov400,dual_rail_sq,0.05,95.25,1.5,23.8125,55.11122133355377,128,3.4166659976432517e-07,35,0.6400000000000001,False
B_4f_fov400,dual_rail_sq,0.05,127.0,2.0,31.75,31.000062000124,128,3.4166659976432517e-07,19,0.6400000000000001,False
B_4f_fov400,dual_rail_sq,0.05,158.74999999999997,2.5,39.68749999999999,19.840039680079364,256,6.833331995286503e-07,12,0.6400000000000001,False
B_4f_fov400,dual_rail_sq,0.05,190.5,3.0,47.625,13.777805333388443,256,6.833331995286503e-07,8,0.6400000000000001,False
B_4f_fov400,dual_rail_sq,0.05,254.0,4.0,63.5,7.750015500031,512,1.3666663990573007e-06,4,0.6400000000000001,False
B_4f_fov400,dual_rail_sq,0.05,317.49999999999994,5.0,79.37499999999999,4.960009920019841,512,1.3666663990573007e-06,3,0.6400000000000001,False
B_4f_fov400,dual_rail_sq,0.05,381.0,6.0,95.25,3.4444513333471107,512,1.3666663990573007e-06,2,0.6400000000000001,False
B_4f_fov400,differential_sq,0.05,31.75,0.5,9.524999999999999,496.000992001984,0,0.0,317,0.6400000000000001,False
B_4f_fov400,differential_sq,0.05,63.5,1.0,15.875,124.000248000496,32,8.541664994108129e-08,79,0.6400000000000001,False
B_4f_fov400,differential_sq,0.05,95.25,1.5,23.8125,55.11122133355377,128,3.4166659976432517e-07,35,0.6400000000000001,False
B_4f_fov400,differential_sq,0.05,127.0,2.0,31.75,31.000062000124,128,3.4166659976432517e-07,19,0.6400000000000001,False
B_4f_fov400,differential_sq,0.05,158.74999999999997,2.5,39.68749999999999,19.840039680079364,256,6.833331995286503e-07,12,0.6400000000000001,False
B_4f_fov400,differential_sq,0.05,190.5,3.0,47.625,13.777805333388443,256,6.833331995286503e-07,8,0.6400000000000001,False
B_4f_fov400,differential_sq,0.05,254.0,4.0,63.5,7.750015500031,512,1.3666663990573007e-06,4,0.6400000000000001,False
B_4f_fov400,differential_sq,0.05,317.49999999999994,5.0,79.37499999999999,4.960009920019841,512,1.3666663990573007e-06,3,0.6400000000000001,False
B_4f_fov400,differential_sq,0.05,381.0,6.0,95.25,3.4444513333471107,512,1.3666663990573007e-06,2,0.6400000000000001,False
C_mla,presence_phase0,0.0,63.5,1.0,15.875,248.000496000992,0,0.0,486,1.9599999999999997,False
C_mla,presence_phase0,0.0,95.25,1.5,23.8125,110.22244266710754,0,0.0,216,1.9599999999999997,False
C_mla,presence_phase0,0.0,127.0,2.0,31.75,62.000124000248,0,0.0,121,1.9599999999999997,False
C_mla,presence_phase0,0.0,158.74999999999997,2.5,39.68749999999999,39.68007936015873,0,0.0,77,1.9599999999999997,False
C_mla,presence_phase0,0.0,190.5,3.0,47.625,27.555610666776886,0,0.0,54,1.9599999999999997,False
C_mla,presence_phase0,0.0,254.0,4.0,63.5,15.500031000062,8,2.1813547475760816e-09,30,1.9599999999999997,False
C_mla,presence_phase0,0.0,317.49999999999994,5.0,79.37499999999999,9.920019840039682,0,0.0,19,1.9599999999999997,False
C_mla,presence_phase0,0.0,381.0,6.0,95.25,6.8889026666942215,0,0.0,13,1.9599999999999997,False
C_mla,presence_phase0,0.0,508.0,8.0,127.0,3.8750077500155,8,2.1813547475760816e-09,7,1.9599999999999997,False
C_mla,presence_phase0_sq,0.0,63.5,1.0,15.875,248.000496000992,0,0.0,486,1.9599999999999997,False
C_mla,presence_phase0_sq,0.0,95.25,1.5,23.8125,110.22244266710754,0,0.0,216,1.9599999999999997,False
C_mla,presence_phase0_sq,0.0,127.0,2.0,31.75,62.000124000248,0,0.0,121,1.9599999999999997,False
C_mla,presence_phase0_sq,0.0,158.74999999999997,2.5,39.68749999999999,39.68007936015873,0,0.0,77,1.9599999999999997,False
C_mla,presence_phase0_sq,0.0,190.5,3.0,47.625,27.555610666776886,0,0.0,54,1.9599999999999997,False
C_mla,presence_phase0_sq,0.0,254.0,4.0,63.5,15.500031000062,8,2.1813547475760816e-09,30,1.9599999999999997,False
C_mla,presence_phase0_sq,0.0,317.49999999999994,5.0,79.37499999999999,9.920019840039682,0,0.0,19,1.9599999999999997,False
C_mla,presence_phase0_sq,0.0,381.0,6.0,95.25,6.8889026666942215,0,0.0,13,1.9599999999999997,False
C_mla,presence_phase0_sq,0.0,508.0,8.0,127.0,3.8750077500155,8,2.1813547475760816e-09,7,1.9599999999999997,False
C_mla,presence_phase0_sqcal,0.0,63.5,1.0,15.875,248.000496000992,0,0.0,486,1.9599999999999997,False
C_mla,presence_phase0_sqcal,0.0,95.25,1.5,23.8125,110.22244266710754,0,0.0,216,1.9599999999999997,False
C_mla,presence_phase0_sqcal,0.0,127.0,2.0,31.75,62.000124000248,0,0.0,121,1.9599999999999997,False
C_mla,presence_phase0_sqcal,0.0,158.74999999999997,2.5,39.68749999999999,39.68007936015873,0,0.0,77,1.9599999999999997,False
C_mla,presence_phase0_sqcal,0.0,190.5,3.0,47.625,27.555610666776886,0,0.0,54,1.9599999999999997,False
C_mla,presence_phase0_sqcal,0.0,254.0,4.0,63.5,15.500031000062,8,2.1813547475760816e-09,30,1.9599999999999997,False
C_mla,presence_phase0_sqcal,0.0,317.49999999999994,5.0,79.37499999999999,9.920019840039682,0,0.0,19,1.9599999999999997,False
C_mla,presence_phase0_sqcal,0.0,381.0,6.0,95.25,6.8889026666942215,8,2.1813547475760816e-09,13,1.9599999999999997,False
C_mla,presence_phase0_sqcal,0.0,508.0,8.0,127.0,3.8750077500155,16,4.362709495152163e-09,7,1.9599999999999997,False
C_mla,presence_randphase_sqcal,0.0,63.5,1.0,15.875,248.000496000992,0,0.0,486,1.9599999999999997,False
C_mla,presence_randphase_sqcal,0.0,95.25,1.5,23.8125,110.22244266710754,0,0.0,216,1.9599999999999997,False
C_mla,presence_randphase_sqcal,0.0,127.0,2.0,31.75,62.000124000248,0,0.0,121,1.9599999999999997,False
C_mla,presence_randphase_sqcal,0.0,158.74999999999997,2.5,39.68749999999999,39.68007936015873,0,0.0,77,1.9599999999999997,False
C_mla,presence_randphase_sqcal,0.0,190.5,3.0,47.625,27.555610666776886,0,0.0,54,1.9599999999999997,False
C_mla,presence_randphase_sqcal,0.0,254.0,4.0,63.5,15.500031000062,4,1.0906773737880408e-09,30,1.9599999999999997,False
C_mla,presence_randphase_sqcal,0.0,317.49999999999994,5.0,79.37499999999999,9.920019840039682,0,0.0,19,1.9599999999999997,False
C_mla,presence_randphase_sqcal,0.0,381.0,6.0,95.25,6.8889026666942215,8,2.1813547475760816e-09,13,1.9599999999999997,False
C_mla,presence_randphase_sqcal,0.0,508.0,8.0,127.0,3.8750077500155,16,4.362709495152163e-09,7,1.9599999999999997,False
C_mla,phase_0pi,0.0,63.5,1.0,15.875,248.000496000992,0,0.0,486,1.9599999999999997,False
C_mla,phase_0pi,0.0,95.25,1.5,23.8125,110.22244266710754,0,0.0,216,1.9599999999999997,False
C_mla,phase_0pi,0.0,127.0,2.0,31.75,62.000124000248,0,0.0,121,1.9599999999999997,False
C_mla,phase_0pi,0.0,158.74999999999997,2.5,39.68749999999999,39.68007936015873,0,0.0,77,1.9599999999999997,False
C_mla,phase_0pi,0.0,190.5,3.0,47.625,27.555610666776886,0,0.0,54,1.9599999999999997,False
C_mla,phase_0pi,0.0,254.0,4.0,63.5,15.500031000062,8,2.1813547475760816e-09,30,1.9599999999999997,False
C_mla,phase_0pi,0.0,317.49999999999994,5.0,79.37499999999999,9.920019840039682,0,0.0,19,1.9599999999999997,False
C_mla,phase_0pi,0.0,381.0,6.0,95.25,6.8889026666942215,0,0.0,13,1.9599999999999997,False
C_mla,phase_0pi,0.0,508.0,8.0,127.0,3.8750077500155,16,4.362709495152163e-09,7,1.9599999999999997,False
C_mla,dual_rail,0.0,63.5,1.0,15.875,124.000248000496,0,0.0,243,1.9599999999999997,False
C_mla,dual_rail,0.0,95.25,1.5,23.8125,55.11122133355377,0,0.0,108,1.9599999999999997,False
C_mla,dual_rail,0.0,127.0,2.0,31.75,31.000062000124,0,0.0,60,1.9599999999999997,False
C_mla,dual_rail,0.0,158.74999999999997,2.5,39.68749999999999,19.840039680079364,0,0.0,38,1.9599999999999997,False
C_mla,dual_rail,0.0,190.5,3.0,47.625,13.777805333388443,0,0.0,27,1.9599999999999997,False
C_mla,dual_rail,0.0,254.0,4.0,63.5,7.750015500031,8,2.1813547475760816e-09,15,1.9599999999999997,False
C_mla,dual_rail,0.0,317.49999999999994,5.0,79.37499999999999,4.960009920019841,0,0.0,9,1.9599999999999997,False
C_mla,dual_rail,0.0,381.0,6.0,95.25,3.4444513333471107,16,4.362709495152163e-09,6,1.9599999999999997,False
C_mla,dual_rail,0.0,508.0,8.0,127.0,1.93750387500775,16,4.362709495152163e-09,3,1.9599999999999997,False
C_mla,dual_rail_sq,0.0,63.5,1.0,15.875,124.000248000496,0,0.0,243,1.9599999999999997,False
C_mla,dual_rail_sq,0.0,95.25,1.5,23.8125,55.11122133355377,0,0.0,108,1.9599999999999997,False
C_mla,dual_rail_sq,0.0,127.0,2.0,31.75,31.000062000124,0,0.0,60,1.9599999999999997,False
C_mla,dual_rail_sq,0.0,158.74999999999997,2.5,39.68749999999999,19.840039680079364,0,0.0,38,1.9599999999999997,False
C_mla,dual_rail_sq,0.0,190.5,3.0,47.625,13.777805333388443,0,0.0,27,1.9599999999999997,False
C_mla,dual_rail_sq,0.0,254.0,4.0,63.5,7.750015500031,8,2.1813547475760816e-09,15,1.9599999999999997,False
C_mla,dual_rail_sq,0.0,317.49999999999994,5.0,79.37499999999999,4.960009920019841,0,0.0,9,1.9599999999999997,False
C_mla,dual_rail_sq,0.0,381.0,6.0,95.25,3.4444513333471107,16,4.362709495152163e-09,6,1.9599999999999997,False
C_mla,dual_rail_sq,0.0,508.0,8.0,127.0,1.93750387500775,32,8.725418990304326e-09,3,1.9599999999999997,False
C_mla,differential_sq,0.0,63.5,1.0,15.875,124.000248000496,0,0.0,243,1.9599999999999997,False
C_mla,differential_sq,0.0,95.25,1.5,23.8125,55.11122133355377,0,0.0,108,1.9599999999999997,False
C_mla,differential_sq,0.0,127.0,2.0,31.75,31.000062000124,0,0.0,60,1.9599999999999997,False
C_mla,differential_sq,0.0,158.74999999999997,2.5,39.68749999999999,19.840039680079364,0,0.0,38,1.9599999999999997,False
C_mla,differential_sq,0.0,190.5,3.0,47.625,13.777805333388443,0,0.0,27,1.9599999999999997,False
C_mla,differential_sq,0.0,254.0,4.0,63.5,7.750015500031,4,1.0906773737880408e-09,15,1.9599999999999997,False
C_mla,differential_sq,0.0,317.49999999999994,5.0,79.37499999999999,4.960009920019841,0,0.0,9,1.9599999999999997,False
C_mla,differential_sq,0.0,381.0,6.0,95.25,3.4444513333471107,8,2.1813547475760816e-09,6,1.9599999999999997,False
C_mla,differential_sq,0.0,508.0,8.0,127.0,1.93750387500775,16,4.362709495152163e-09,3,1.9599999999999997,False
C_mla,presence_phase0,0.01,63.5,1.0,15.875,248.000496000992,0,0.0,486,1.9599999999999997,False
C_mla,presence_phase0,0.01,95.25,1.5,23.8125,110.22244266710754,0,0.0,216,1.9599999999999997,False
C_mla,presence_phase0,0.01,127.0,2.0,31.75,62.000124000248,0,0.0,121,1.9599999999999997,False
C_mla,presence_phase0,0.01,158.74999999999997,2.5,39.68749999999999,39.68007936015873,0,0.0,77,1.9599999999999997,False
C_mla,presence_phase0,0.01,190.5,3.0,47.625,27.555610666776886,0,0.0,54,1.9599999999999997,False
C_mla,presence_phase0,0.01,254.0,4.0,63.5,15.500031000062,8,2.1813547475760816e-09,30,1.9599999999999997,False
C_mla,presence_phase0,0.01,317.49999999999994,5.0,79.37499999999999,9.920019840039682,0,0.0,19,1.9599999999999997,False
C_mla,presence_phase0,0.01,381.0,6.0,95.25,6.8889026666942215,0,0.0,13,1.9599999999999997,False
C_mla,presence_phase0,0.01,508.0,8.0,127.0,3.8750077500155,8,2.1813547475760816e-09,7,1.9599999999999997,False
C_mla,presence_phase0_sq,0.01,63.5,1.0,15.875,248.000496000992,0,0.0,486,1.9599999999999997,False
C_mla,presence_phase0_sq,0.01,95.25,1.5,23.8125,110.22244266710754,0,0.0,216,1.9599999999999997,False
C_mla,presence_phase0_sq,0.01,127.0,2.0,31.75,62.000124000248,0,0.0,121,1.9599999999999997,False
C_mla,presence_phase0_sq,0.01,158.74999999999997,2.5,39.68749999999999,39.68007936015873,0,0.0,77,1.9599999999999997,False
C_mla,presence_phase0_sq,0.01,190.5,3.0,47.625,27.555610666776886,0,0.0,54,1.9599999999999997,False
C_mla,presence_phase0_sq,0.01,254.0,4.0,63.5,15.500031000062,8,2.1813547475760816e-09,30,1.9599999999999997,False
C_mla,presence_phase0_sq,0.01,317.49999999999994,5.0,79.37499999999999,9.920019840039682,0,0.0,19,1.9599999999999997,False
C_mla,presence_phase0_sq,0.01,381.0,6.0,95.25,6.8889026666942215,0,0.0,13,1.9599999999999997,False
C_mla,presence_phase0_sq,0.01,508.0,8.0,127.0,3.8750077500155,8,2.1813547475760816e-09,7,1.9599999999999997,False
C_mla,presence_phase0_sqcal,0.01,63.5,1.0,15.875,248.000496000992,0,0.0,486,1.9599999999999997,False
C_mla,presence_phase0_sqcal,0.01,95.25,1.5,23.8125,110.22244266710754,0,0.0,216,1.9599999999999997,False
C_mla,presence_phase0_sqcal,0.01,127.0,2.0,31.75,62.000124000248,0,0.0,121,1.9599999999999997,False
C_mla,presence_phase0_sqcal,0.01,158.74999999999997,2.5,39.68749999999999,39.68007936015873,0,0.0,77,1.9599999999999997,False
C_mla,presence_phase0_sqcal,0.01,190.5,3.0,47.625,27.555610666776886,0,0.0,54,1.9599999999999997,False
C_mla,presence_phase0_sqcal,0.01,254.0,4.0,63.5,15.500031000062,8,2.1813547475760816e-09,30,1.9599999999999997,False
C_mla,presence_phase0_sqcal,0.01,317.49999999999994,5.0,79.37499999999999,9.920019840039682,0,0.0,19,1.9599999999999997,False
C_mla,presence_phase0_sqcal,0.01,381.0,6.0,95.25,6.8889026666942215,16,4.362709495152163e-09,13,1.9599999999999997,False
C_mla,presence_phase0_sqcal,0.01,508.0,8.0,127.0,3.8750077500155,16,4.362709495152163e-09,7,1.9599999999999997,False
C_mla,presence_randphase_sqcal,0.01,63.5,1.0,15.875,248.000496000992,0,0.0,486,1.9599999999999997,False
C_mla,presence_randphase_sqcal,0.01,95.25,1.5,23.8125,110.22244266710754,0,0.0,216,1.9599999999999997,False
C_mla,presence_randphase_sqcal,0.01,127.0,2.0,31.75,62.000124000248,0,0.0,121,1.9599999999999997,False
C_mla,presence_randphase_sqcal,0.01,158.74999999999997,2.5,39.68749999999999,39.68007936015873,0,0.0,77,1.9599999999999997,False
C_mla,presence_randphase_sqcal,0.01,190.5,3.0,47.625,27.555610666776886,0,0.0,54,1.9599999999999997,False
C_mla,presence_randphase_sqcal,0.01,254.0,4.0,63.5,15.500031000062,8,2.1813547475760816e-09,30,1.9599999999999997,False
C_mla,presence_randphase_sqcal,0.01,317.49999999999994,5.0,79.37499999999999,9.920019840039682,0,0.0,19,1.9599999999999997,False
C_mla,presence_randphase_sqcal,0.01,381.0,6.0,95.25,6.8889026666942215,8,2.1813547475760816e-09,13,1.9599999999999997,False
C_mla,presence_randphase_sqcal,0.01,508.0,8.0,127.0,3.8750077500155,16,4.362709495152163e-09,7,1.9599999999999997,False
C_mla,phase_0pi,0.01,63.5,1.0,15.875,248.000496000992,0,0.0,486,1.9599999999999997,False
C_mla,phase_0pi,0.01,95.25,1.5,23.8125,110.22244266710754,0,0.0,216,1.9599999999999997,False
C_mla,phase_0pi,0.01,127.0,2.0,31.75,62.000124000248,0,0.0,121,1.9599999999999997,False
C_mla,phase_0pi,0.01,158.74999999999997,2.5,39.68749999999999,39.68007936015873,0,0.0,77,1.9599999999999997,False
C_mla,phase_0pi,0.01,190.5,3.0,47.625,27.555610666776886,0,0.0,54,1.9599999999999997,False
C_mla,phase_0pi,0.01,254.0,4.0,63.5,15.500031000062,8,2.1813547475760816e-09,30,1.9599999999999997,False
C_mla,phase_0pi,0.01,317.49999999999994,5.0,79.37499999999999,9.920019840039682,0,0.0,19,1.9599999999999997,False
C_mla,phase_0pi,0.01,381.0,6.0,95.25,6.8889026666942215,16,4.362709495152163e-09,13,1.9599999999999997,False
C_mla,phase_0pi,0.01,508.0,8.0,127.0,3.8750077500155,16,4.362709495152163e-09,7,1.9599999999999997,False
C_mla,dual_rail,0.01,63.5,1.0,15.875,124.000248000496,0,0.0,243,1.9599999999999997,False
C_mla,dual_rail,0.01,95.25,1.5,23.8125,55.11122133355377,0,0.0,108,1.9599999999999997,False
C_mla,dual_rail,0.01,127.0,2.0,31.75,31.000062000124,0,0.0,60,1.9599999999999997,False
C_mla,dual_rail,0.01,158.74999999999997,2.5,39.68749999999999,19.840039680079364,0,0.0,38,1.9599999999999997,False
C_mla,dual_rail,0.01,190.5,3.0,47.625,13.777805333388443,0,0.0,27,1.9599999999999997,False
C_mla,dual_rail,0.01,254.0,4.0,63.5,7.750015500031,8,2.1813547475760816e-09,15,1.9599999999999997,False
C_mla,dual_rail,0.01,317.49999999999994,5.0,79.37499999999999,4.960009920019841,0,0.0,9,1.9599999999999997,False
C_mla,dual_rail,0.01,381.0,6.0,95.25,3.4444513333471107,16,4.362709495152163e-09,6,1.9599999999999997,False
C_mla,dual_rail,0.01,508.0,8.0,127.0,1.93750387500775,16,4.362709495152163e-09,3,1.9599999999999997,False
C_mla,dual_rail_sq,0.01,63.5,1.0,15.875,124.000248000496,0,0.0,243,1.9599999999999997,False
C_mla,dual_rail_sq,0.01,95.25,1.5,23.8125,55.11122133355377,0,0.0,108,1.9599999999999997,False
C_mla,dual_rail_sq,0.01,127.0,2.0,31.75,31.000062000124,0,0.0,60,1.9599999999999997,False
C_mla,dual_rail_sq,0.01,158.74999999999997,2.5,39.68749999999999,19.840039680079364,0,0.0,38,1.9599999999999997,False
C_mla,dual_rail_sq,0.01,190.5,3.0,47.625,13.777805333388443,0,0.0,27,1.9599999999999997,False
C_mla,dual_rail_sq,0.01,254.0,4.0,63.5,7.750015500031,8,2.1813547475760816e-09,15,1.9599999999999997,False
C_mla,dual_rail_sq,0.01,317.49999999999994,5.0,79.37499999999999,4.960009920019841,0,0.0,9,1.9599999999999997,False
C_mla,dual_rail_sq,0.01,381.0,6.0,95.25,3.4444513333471107,16,4.362709495152163e-09,6,1.9599999999999997,False
C_mla,dual_rail_sq,0.01,508.0,8.0,127.0,1.93750387500775,32,8.725418990304326e-09,3,1.9599999999999997,False
C_mla,differential_sq,0.01,63.5,1.0,15.875,124.000248000496,0,0.0,243,1.9599999999999997,False
C_mla,differential_sq,0.01,95.25,1.5,23.8125,55.11122133355377,0,0.0,108,1.9599999999999997,False
C_mla,differential_sq,0.01,127.0,2.0,31.75,31.000062000124,0,0.0,60,1.9599999999999997,False
C_mla,differential_sq,0.01,158.74999999999997,2.5,39.68749999999999,19.840039680079364,0,0.0,38,1.9599999999999997,False
C_mla,differential_sq,0.01,190.5,3.0,47.625,13.777805333388443,0,0.0,27,1.9599999999999997,False
C_mla,differential_sq,0.01,254.0,4.0,63.5,7.750015500031,4,1.0906773737880408e-09,15,1.9599999999999997,False
C_mla,differential_sq,0.01,317.49999999999994,5.0,79.37499999999999,4.960009920019841,0,0.0,9,1.9599999999999997,False
C_mla,differential_sq,0.01,381.0,6.0,95.25,3.4444513333471107,8,2.1813547475760816e-09,6,1.9599999999999997,False
C_mla,differential_sq,0.01,508.0,8.0,127.0,1.93750387500775,16,4.362709495152163e-09,3,1.9599999999999997,False
C_mla,presence_phase0,0.05,63.5,1.0,15.875,248.000496000992,0,0.0,486,1.9599999999999997,False
C_mla,presence_phase0,0.05,95.25,1.5,23.8125,110.22244266710754,0,0.0,216,1.9599999999999997,False
C_mla,presence_phase0,0.05,127.0,2.0,31.75,62.000124000248,0,0.0,121,1.9599999999999997,False
C_mla,presence_phase0,0.05,158.74999999999997,2.5,39.68749999999999,39.68007936015873,0,0.0,77,1.9599999999999997,False
C_mla,presence_phase0,0.05,190.5,3.0,47.625,27.555610666776886,0,0.0,54,1.9599999999999997,False
C_mla,presence_phase0,0.05,254.0,4.0,63.5,15.500031000062,8,2.1813547475760816e-09,30,1.9599999999999997,False
C_mla,presence_phase0,0.05,317.49999999999994,5.0,79.37499999999999,9.920019840039682,0,0.0,19,1.9599999999999997,False
C_mla,presence_phase0,0.05,381.0,6.0,95.25,6.8889026666942215,8,2.1813547475760816e-09,13,1.9599999999999997,False
C_mla,presence_phase0,0.05,508.0,8.0,127.0,3.8750077500155,16,4.362709495152163e-09,7,1.9599999999999997,False
C_mla,presence_phase0_sq,0.05,63.5,1.0,15.875,248.000496000992,0,0.0,486,1.9599999999999997,False
C_mla,presence_phase0_sq,0.05,95.25,1.5,23.8125,110.22244266710754,0,0.0,216,1.9599999999999997,False
C_mla,presence_phase0_sq,0.05,127.0,2.0,31.75,62.000124000248,0,0.0,121,1.9599999999999997,False
C_mla,presence_phase0_sq,0.05,158.74999999999997,2.5,39.68749999999999,39.68007936015873,0,0.0,77,1.9599999999999997,False
C_mla,presence_phase0_sq,0.05,190.5,3.0,47.625,27.555610666776886,0,0.0,54,1.9599999999999997,False
C_mla,presence_phase0_sq,0.05,254.0,4.0,63.5,15.500031000062,8,2.1813547475760816e-09,30,1.9599999999999997,False
C_mla,presence_phase0_sq,0.05,317.49999999999994,5.0,79.37499999999999,9.920019840039682,0,0.0,19,1.9599999999999997,False
C_mla,presence_phase0_sq,0.05,381.0,6.0,95.25,6.8889026666942215,16,4.362709495152163e-09,13,1.9599999999999997,False
C_mla,presence_phase0_sq,0.05,508.0,8.0,127.0,3.8750077500155,16,4.362709495152163e-09,7,1.9599999999999997,False
C_mla,presence_phase0_sqcal,0.05,63.5,1.0,15.875,248.000496000992,0,0.0,486,1.9599999999999997,False
C_mla,presence_phase0_sqcal,0.05,95.25,1.5,23.8125,110.22244266710754,0,0.0,216,1.9599999999999997,False
C_mla,presence_phase0_sqcal,0.05,127.0,2.0,31.75,62.000124000248,0,0.0,121,1.9599999999999997,False
C_mla,presence_phase0_sqcal,0.05,158.74999999999997,2.5,39.68749999999999,39.68007936015873,0,0.0,77,1.9599999999999997,False
C_mla,presence_phase0_sqcal,0.05,190.5,3.0,47.625,27.555610666776886,0,0.0,54,1.9599999999999997,False
C_mla,presence_phase0_sqcal,0.05,254.0,4.0,63.5,15.500031000062,8,2.1813547475760816e-09,30,1.9599999999999997,False
C_mla,presence_phase0_sqcal,0.05,317.49999999999994,5.0,79.37499999999999,9.920019840039682,0,0.0,19,1.9599999999999997,False
C_mla,presence_phase0_sqcal,0.05,381.0,6.0,95.25,6.8889026666942215,16,4.362709495152163e-09,13,1.9599999999999997,False
C_mla,presence_phase0_sqcal,0.05,508.0,8.0,127.0,3.8750077500155,32,8.725418990304326e-09,7,1.9599999999999997,False
C_mla,presence_randphase_sqcal,0.05,63.5,1.0,15.875,248.000496000992,0,0.0,486,1.9599999999999997,False
C_mla,presence_randphase_sqcal,0.05,95.25,1.5,23.8125,110.22244266710754,0,0.0,216,1.9599999999999997,False
C_mla,presence_randphase_sqcal,0.05,127.0,2.0,31.75,62.000124000248,0,0.0,121,1.9599999999999997,False
C_mla,presence_randphase_sqcal,0.05,158.74999999999997,2.5,39.68749999999999,39.68007936015873,0,0.0,77,1.9599999999999997,False
C_mla,presence_randphase_sqcal,0.05,190.5,3.0,47.625,27.555610666776886,0,0.0,54,1.9599999999999997,False
C_mla,presence_randphase_sqcal,0.05,254.0,4.0,63.5,15.500031000062,8,2.1813547475760816e-09,30,1.9599999999999997,False
C_mla,presence_randphase_sqcal,0.05,317.49999999999994,5.0,79.37499999999999,9.920019840039682,0,0.0,19,1.9599999999999997,False
C_mla,presence_randphase_sqcal,0.05,381.0,6.0,95.25,6.8889026666942215,16,4.362709495152163e-09,13,1.9599999999999997,False
C_mla,presence_randphase_sqcal,0.05,508.0,8.0,127.0,3.8750077500155,32,8.725418990304326e-09,7,1.9599999999999997,False
C_mla,phase_0pi,0.05,63.5,1.0,15.875,248.000496000992,0,0.0,486,1.9599999999999997,False
C_mla,phase_0pi,0.05,95.25,1.5,23.8125,110.22244266710754,0,0.0,216,1.9599999999999997,False
C_mla,phase_0pi,0.05,127.0,2.0,31.75,62.000124000248,0,0.0,121,1.9599999999999997,False
C_mla,phase_0pi,0.05,158.74999999999997,2.5,39.68749999999999,39.68007936015873,0,0.0,77,1.9599999999999997,False
C_mla,phase_0pi,0.05,190.5,3.0,47.625,27.555610666776886,0,0.0,54,1.9599999999999997,False
C_mla,phase_0pi,0.05,254.0,4.0,63.5,15.500031000062,16,4.362709495152163e-09,30,1.9599999999999997,False
C_mla,phase_0pi,0.05,317.49999999999994,5.0,79.37499999999999,9.920019840039682,0,0.0,19,1.9599999999999997,False
C_mla,phase_0pi,0.05,381.0,6.0,95.25,6.8889026666942215,16,4.362709495152163e-09,13,1.9599999999999997,False
C_mla,phase_0pi,0.05,508.0,8.0,127.0,3.8750077500155,16,4.362709495152163e-09,7,1.9599999999999997,False
C_mla,dual_rail,0.05,63.5,1.0,15.875,124.000248000496,0,0.0,243,1.9599999999999997,False
C_mla,dual_rail,0.05,95.25,1.5,23.8125,55.11122133355377,0,0.0,108,1.9599999999999997,False
C_mla,dual_rail,0.05,127.0,2.0,31.75,31.000062000124,0,0.0,60,1.9599999999999997,False
C_mla,dual_rail,0.05,158.74999999999997,2.5,39.68749999999999,19.840039680079364,0,0.0,38,1.9599999999999997,False
C_mla,dual_rail,0.05,190.5,3.0,47.625,13.777805333388443,0,0.0,27,1.9599999999999997,False
C_mla,dual_rail,0.05,254.0,4.0,63.5,7.750015500031,8,2.1813547475760816e-09,15,1.9599999999999997,False
C_mla,dual_rail,0.05,317.49999999999994,5.0,79.37499999999999,4.960009920019841,0,0.0,9,1.9599999999999997,False
C_mla,dual_rail,0.05,381.0,6.0,95.25,3.4444513333471107,16,4.362709495152163e-09,6,1.9599999999999997,False
C_mla,dual_rail,0.05,508.0,8.0,127.0,1.93750387500775,16,4.362709495152163e-09,3,1.9599999999999997,False
C_mla,dual_rail_sq,0.05,63.5,1.0,15.875,124.000248000496,0,0.0,243,1.9599999999999997,False
C_mla,dual_rail_sq,0.05,95.25,1.5,23.8125,55.11122133355377,0,0.0,108,1.9599999999999997,False
C_mla,dual_rail_sq,0.05,127.0,2.0,31.75,31.000062000124,0,0.0,60,1.9599999999999997,False
C_mla,dual_rail_sq,0.05,158.74999999999997,2.5,39.68749999999999,19.840039680079364,0,0.0,38,1.9599999999999997,False
C_mla,dual_rail_sq,0.05,190.5,3.0,47.625,13.777805333388443,0,0.0,27,1.9599999999999997,False
C_mla,dual_rail_sq,0.05,254.0,4.0,63.5,7.750015500031,8,2.1813547475760816e-09,15,1.9599999999999997,False
C_mla,dual_rail_sq,0.05,317.49999999999994,5.0,79.37499999999999,4.960009920019841,0,0.0,9,1.9599999999999997,False
C_mla,dual_rail_sq,0.05,381.0,6.0,95.25,3.4444513333471107,16,4.362709495152163e-09,6,1.9599999999999997,False
C_mla,dual_rail_sq,0.05,508.0,8.0,127.0,1.93750387500775,32,8.725418990304326e-09,3,1.9599999999999997,False
C_mla,differential_sq,0.05,63.5,1.0,15.875,124.000248000496,0,0.0,243,1.9599999999999997,False
C_mla,differential_sq,0.05,95.25,1.5,23.8125,55.11122133355377,0,0.0,108,1.9599999999999997,False
C_mla,differential_sq,0.05,127.0,2.0,31.75,31.000062000124,0,0.0,60,1.9599999999999997,False
C_mla,differential_sq,0.05,158.74999999999997,2.5,39.68749999999999,19.840039680079364,0,0.0,38,1.9599999999999997,False
C_mla,differential_sq,0.05,190.5,3.0,47.625,13.777805333388443,0,0.0,27,1.9599999999999997,False
C_mla,differential_sq,0.05,254.0,4.0,63.5,7.750015500031,8,2.1813547475760816e-09,15,1.9599999999999997,False
C_mla,differential_sq,0.05,317.49999999999994,5.0,79.37499999999999,4.960009920019841,0,0.0,9,1.9599999999999997,False
C_mla,differential_sq,0.05,381.0,6.0,95.25,3.4444513333471107,8,2.1813547475760816e-09,6,1.9599999999999997,False
C_mla,differential_sq,0.05,508.0,8.0,127.0,1.93750387500775,16,4.362709495152163e-09,3,1.9599999999999997,False
