cellPx,gapPx,pitch_um,cells,states_per_mm2,G0,s,Ia,dark,seed,t,ber,on_min,on_mean,off_max,false_activation,energy,lyapunov_at_end,fixed_point_residual
3,2,100,16,99.99999999999999,3,-0.6,0.05,0,1,1,0,1.7292888507516626,1.8703061056719739,0.009465750879264247,0,165.30452945997905,NaN,NaN
3,2,100,16,99.99999999999999,3,-0.6,0.05,0,1,3,0,1.6565417419897246,1.9763914556669708,0.025415099662804325,0,170.86750272116166,NaN,NaN
3,2,100,16,99.99999999999999,3,-0.6,0.05,0,1,10,0.125,1.6266971558917889,2.2041727823365966,0.4889923062616416,0.2857142857142857,198.13109137945412,NaN,NaN
3,2,100,16,99.99999999999999,3,-0.6,0.05,0,1,30,0.375,1.5950963494812092,2.4512625695624655,3.003292650921132,0.8571428571428571,339.52482909001645,NaN,NaN
3,2,100,16,99.99999999999999,3,-0.6,0.05,0,1,100,0.4375,1.8435256359839896,2.6337017566390384,3.1976262245085425,1,392.37627999682553,NaN,NaN
3,2,100,16,99.99999999999999,3,-0.6,0.05,0,1,300,0.4375,1.9469138291317707,2.6730534475732255,3.2428918494561696,1,396.36748069570353,NaN,NaN
3,2,100,16,99.99999999999999,3,-0.6,0.05,0,1,1000,0.4375,1.9483401620747252,2.673329762754484,3.2432584912474365,1,396.38915052474124,NaN,NaN
3,2,100,16,99.99999999999999,3,-0.6,0.05,0,1,3000,0.4375,1.9483401885236473,2.6733297689246376,3.2432584892996803,1,396.38915052927194,NaN,NaN
3,2,100,16,99.99999999999999,3,-0.6,0.05,0,2,1,0,1.7002704800196924,1.8595252698974722,0.00685682841522465,0,146.98096281612837,NaN,NaN
3,2,100,16,99.99999999999999,3,-0.6,0.05,0,2,3,0,1.6155361969591246,1.9569703627636368,0.015596431062106576,0,150.8436057641727,NaN,NaN
3,2,100,16,99.99999999999999,3,-0.6,0.05,0,2,10,0.0625,1.5423316860393381,2.1781224497284204,0.25014709245675737,0.125,172.61160278589176,NaN,NaN
3,2,100,16,99.99999999999999,3,-0.6,0.05,0,2,30,0.4375,1.3962108466145535,2.422916468868696,2.9517320631347754,0.875,337.31784632045833,NaN,NaN
3,2,100,16,99.99999999999999,3,-0.6,0.05,0,2,100,0.5,1.810632661268509,2.6159854835738217,3.1803886059102546,1,391.0766797666055,NaN,NaN
3,2,100,16,99.99999999999999,3,-0.6,0.05,0,2,300,0.5,1.9465877854002303,2.6652102239117994,3.2427238520419244,1,396.36166285299026,NaN,NaN
3,2,100,16,99.99999999999999,3,-0.6,0.05,0,2,1000,0.5,1.9483401595017018,2.6655767224718185,3.243258492411159,1,396.3891505234406,NaN,NaN
3,2,100,16,99.99999999999999,3,-0.6,0.05,0,2,3000,0.5,1.9483401885236487,2.6655767259233394,3.2432584892996865,1,396.3891505292719,NaN,NaN
3,2,100,16,99.99999999999999,3,-0.6,0.05,0,3,1,0,1.7213884711453626,1.9019263898957548,0.009509930005988064,0,185.393568764218,NaN,NaN
3,2,100,16,99.99999999999999,3,-0.6,0.05,0,3,3,0,1.6494698822971192,2.0568526868885373,0.02883888124433704,0,195.70534556322016,NaN,NaN
3,2,100,16,99.99999999999999,3,-0.6,0.05,0,3,10,0.1875,1.5962017036755975,2.3686555331408217,0.7790076408124712,0.5,236.8369270995074,NaN,NaN
3,2,100,16,99.99999999999999,3,-0.6,0.05,0,3,30,0.375,1.6010308574668715,2.6328955590215815,3.0222371842873437,1,352.67076797177407,NaN,NaN
3,2,100,16,99.99999999999999,3,-0.6,0.05,0,3,100,0.375,1.8562886186195275,2.7865837645437823,3.214038178922531,1,393.7757422649161,NaN,NaN
3,2,100,16,99.99999999999999,3,-0.6,0.05,0,3,300,0.375,1.9471310130844723,2.8088619803271677,3.2430674331428158,1,396.3736801243194,NaN,NaN
3,2,100,16,99.99999999999999,3,-0.6,0.05,0,3,1000,0.375,1.9483401669755247,2.80902403058868,3.2432584903046546,1,396.3891505261511,NaN,NaN
3,2,100,16,99.99999999999999,3,-0.6,0.05,0,3,3000,0.375,1.9483401885236493,2.809024033403276,3.2432584892996776,1,396.38915052927183,NaN,NaN
3,2,100,16,99.99999999999999,3,-0.8,0.2,0,1,1,0,1.6292159851422376,1.7620726596053764,0.00891797378857106,0,155.738459596007,NaN,NaN
3,2,100,16,99.99999999999999,3,-0.8,0.2,0,1,3,0,1.3934972678399342,1.6839183871684242,0.014953090043228586,0,145.39555659138716,NaN,NaN
3,2,100,16,99.99999999999999,3,-0.8,0.2,0,1,10,0,1.0905413865060545,1.6146437347350353,0.022050469383140574,0,138.90663211346381,NaN,NaN
3,2,100,16,99.99999999999999,3,-0.8,0.2,0,1,30,0,0.9777153818704755,1.6420811027569373,0.029441072759440037,0,140.63528410417194,NaN,NaN
3,2,100,16,99.99999999999999,3,-0.8,0.2,0,1,100,0.0625,1.1556286538001224,1.7968304240846307,1.9411798406839194,0.14285714285714285,170.35313456906917,NaN,NaN
3,2,100,16,99.99999999999999,3,-0.8,0.2,0,1,300,0.125,1.2472752659590076,1.9217595183804832,2.4361481529968025,0.2857142857142857,202.9621023993261,NaN,NaN
3,2,100,16,99.99999999999999,3,-0.8,0.2,0,1,1000,0.125,1.2523667169471517,1.9228380233839155,2.438001838746211,0.2857142857142857,203.051592264451,NaN,NaN
3,2,100,16,99.99999999999999,3,-0.8,0.2,0,1,3000,0.125,1.2523673795089918,1.9228380813780477,2.4380020325582423,0.2857142857142857,203.0515969204331,NaN,NaN
3,2,100,16,99.99999999999999,3,-0.8,0.2,0,2,1,0,1.6018768893984825,1.7519157040630011,0.006460028037887217,0,138.47526630819746,NaN,NaN
3,2,100,16,99.99999999999999,3,-0.8,0.2,0,2,3,0,1.3542808532090356,1.666023908843743,0.009477623031170286,0,128.17356677907915,NaN,NaN
3,2,100,16,99.99999999999999,3,-0.8,0.2,0,2,10,0,1.0090050212205743,1.5906169155980603,0.013573675586997637,0,121.7377286914642,NaN,NaN
3,2,100,16,99.99999999999999,3,-0.8,0.2,0,2,30,0,0.784745115626068,1.5778722978827373,0.014926832134822052,0,120.19960588643931,NaN,NaN
3,2,100,16,99.99999999999999,3,-0.8,0.2,0,2,100,0,0.661893191682807,1.6085694520136125,0.01478204420610637,0,122.17685892709625,NaN,NaN
3,2,100,16,99.99999999999999,3,-0.8,0.2,0,2,300,0,0.7312506900018378,1.638968239113249,0.022922255458606728,0,124.52745969620383,NaN,NaN
3,2,100,16,99.99999999999999,3,-0.8,0.2,0,2,1000,0.125,1.0021667856496428,1.8559027629374902,2.446699536103307,0.25,184.0022264997808,NaN,NaN
3,2,100,16,99.99999999999999,3,-0.8,0.2,0,2,3000,0.125,1.0020042678588006,1.8559037458366807,2.4467016548433644,0.25,184.00272910836676,NaN,NaN
3,2,100,16,99.99999999999999,3,-0.8,0.2,0,3,1,0,1.6217727955688583,1.7918630977324324,0.008959596296827441,0,174.66495874413442,NaN,NaN
3,2,100,16,99.99999999999999,3,-0.8,0.2,0,3,3,0,1.3867420190474755,1.756996975779181,0.016042956240905158,0,166.96345239910303,NaN,NaN
3,2,100,16,99.99999999999999,3,-0.8,0.2,0,3,10,0,1.0661653861250884,1.7615713140022387,0.0340639579740601,0,166.89995573635073,NaN,NaN
3,2,100,16,99.99999999999999,3,-0.8,0.2,0,3,30,0,0.9139941440746537,1.8140364079966402,0.13000492859871865,0,171.94881872759913,NaN,NaN
3,2,100,16,99.99999999999999,3,-0.8,0.2,0,3,100,0.0625,1.1714495740443316,2.004982628243428,2.5689924841722274,0.16666666666666666,211.06252471547003,NaN,NaN
3,2,100,16,99.99999999999999,3,-0.8,0.2,0,3,300,0.0625,1.296742504704303,2.04463569040241,2.614209116667027,0.16666666666666666,215.01471337159825,NaN,NaN
3,2,100,16,99.99999999999999,3,-0.8,0.2,0,3,1000,0.0625,1.298357833992133,2.045300288292958,2.6145177908095802,0.16666666666666666,215.07215660499912,NaN,NaN
3,2,100,16,99.99999999999999,3,-0.8,0.2,0,3,3000,0.0625,1.2983574438116217,2.045300346847192,2.6145176188956074,0.16666666666666666,215.07215967425591,NaN,NaN
3,2,100,16,99.99999999999999,4,-0.6,0.05,0,1,1,0,2.119187559953119,2.2919996452423783,0.01159997157226387,0,202.57535476691646,NaN,NaN
3,2,100,16,99.99999999999999,4,-0.6,0.05,0,1,3,0,2.5941109776781457,3.0516672508627014,0.045214510188135285,0,264.0745394184962,NaN,NaN
3,2,100,16,99.99999999999999,4,-0.6,0.05,0,1,10,0.3125,3.1779249155221603,4.1372370597385855,2.279197648339956,0.7142857142857143,415.53192613950483,NaN,NaN
3,2,100,16,99.99999999999999,4,-0.6,0.05,0,1,30,0.4375,3.17170740202394,4.527812369991178,5.466461025574682,1,682.1320288493747,NaN,NaN
3,2,100,16,99.99999999999999,4,-0.6,0.05,0,1,100,0.4375,3.54657049876698,4.792746431959719,5.689746997213515,1,714.9859498639626,NaN,NaN
3,2,100,16,99.99999999999999,4,-0.6,0.05,0,1,300,0.4375,3.712891322321953,4.856441912135558,5.756849507417202,1,721.182614694683,NaN,NaN
3,2,100,16,99.99999999999999,4,-0.6,0.05,0,1,1000,0.4375,3.7153553111499957,4.856884729060523,5.757469848808277,1,721.2164864224762,NaN,NaN
3,2,100,16,99.99999999999999,4,-0.6,0.05,0,1,3000,0.4375,3.715355377596972,4.8568847463992055,5.757469844826225,1,721.2164864326666,NaN,NaN
3,2,100,16,99.99999999999999,4,-0.6,0.05,0,2,1,0,2.0836264850993897,2.2787880796619437,0.008402821467310716,0,180.1204164442984,NaN,NaN
3,2,100,16,99.99999999999999,4,-0.6,0.05,0,2,3,0,2.537723763355345,3.024793740708695,0.027981264877744643,0,233.46647844568528,NaN,NaN
3,2,100,16,99.99999999999999,4,-0.6,0.05,0,2,10,0.3125,2.9874701105603894,4.104339335464885,1.7505696919189164,0.625,370.97842939835135,NaN,NaN
3,2,100,16,99.99999999999999,4,-0.6,0.05,0,2,30,0.5,2.9686782728981918,4.525553573415591,5.280540351982371,1,678.8303397411166,NaN,NaN
3,2,100,16,99.99999999999999,4,-0.6,0.05,0,2,100,0.5,3.513076931894146,4.77252551302626,5.654380101833441,1,713.460489388364,NaN,NaN
3,2,100,16,99.99999999999999,4,-0.6,0.05,0,2,300,0.5,3.712573465601413,4.844288325223585,5.756557731909636,1,721.1752293783336,NaN,NaN
3,2,100,16,99.99999999999999,4,-0.6,0.05,0,2,1000,0.5,3.7153553138305773,4.8448375244981845,5.75746985040325,1,721.2164864198007,NaN,NaN
3,2,100,16,99.99999999999999,4,-0.6,0.05,0,2,3000,0.5,3.7153553775969703,4.844837532880444,5.757469844826236,1,721.2164864326667,NaN,NaN
3,2,100,16,99.99999999999999,4,-0.6,0.05,0,3,1,0,2.1095059002504604,2.3307492809322703,0.011654111663274111,0,227.19382273798408,NaN,NaN
3,2,100,16,99.99999999999999,4,-0.6,0.05,0,3,3,0,2.5829717819692966,3.166783173777969,0.0524663679718727,0,301.6121397227917,NaN,NaN
3,2,100,16,99.99999999999999,4,-0.6,0.05,0,3,10,0.25,3.1135968692884806,4.39843222787658,2.8870823973312287,0.6666666666666666,483.98454787065225,NaN,NaN
3,2,100,16,99.99999999999999,4,-0.6,0.05,0,3,30,0.375,3.201408464851189,4.8192208189626635,5.46694318386758,1,692.4040096870001,NaN,NaN
3,2,100,16,99.99999999999999,4,-0.6,0.05,0,3,100,0.375,3.573835901791415,5.036951181509736,5.707611769382765,1,717.3860518461817,NaN,NaN
3,2,100,16,99.99999999999999,4,-0.6,0.05,0,3,300,0.375,3.7133329629610228,5.070493196372864,5.757098342627982,1,721.1927201578225,NaN,NaN
3,2,100,16,99.99999999999999,4,-0.6,0.05,0,3,1000,0.375,3.7153553226861127,5.070733957027736,5.75746984677417,1,721.2164864256808,NaN,NaN
3,2,100,16,99.99999999999999,4,-0.6,0.05,0,3,3000,0.375,3.715355377596967,5.070733963937135,5.757469844826224,1,721.2164864326663,NaN,NaN
3,2,100,16,99.99999999999999,4,-0.8,0.2,0,1,1,0,2.0060472094045383,2.1696331080748603,0.010980665912471986,0,191.76015035370267,NaN,NaN
3,2,100,16,99.99999999999999,4,-0.8,0.2,0,1,3,0,2.3016730891848587,2.7271321303045863,0.026077273068034312,0,235.61491929051502,NaN,NaN
3,2,100,16,99.99999999999999,4,-0.8,0.2,0,1,10,0,2.7500334958875086,3.5951727453900526,0.24532771057877087,0,312.4612925327279,NaN,NaN
3,2,100,16,99.99999999999999,4,-0.8,0.2,0,1,30,0.3125,2.8206636928977424,4.026287687795919,4.819254264332141,0.7142857142857143,501.6171557671295,NaN,NaN
3,2,100,16,99.99999999999999,4,-0.8,0.2,0,1,100,0.4375,3.142208001357771,4.336629975855237,5.191675802421943,1,646.6277421218692,NaN,NaN
3,2,100,16,99.99999999999999,4,-0.8,0.2,0,1,300,0.4375,3.302259020358742,4.3985431479500114,5.257536380185499,1,652.7934459094992,NaN,NaN
3,2,100,16,99.99999999999999,4,-0.8,0.2,0,1,1000,0.4375,3.304699696656274,4.398988365091525,5.258062819773696,1,652.8278897570398,NaN,NaN
3,2,100,16,99.99999999999999,4,-0.8,0.2,0,1,3000,0.4375,3.304699756915049,4.398988378508036,5.258062816305662,1,652.8278897665217,NaN,NaN
3,2,100,16,99.99999999999999,4,-0.8,0.2,0,2,1,0,1.9723846887660517,2.157126888821157,0.00795420701506764,0,170.5040486236436,NaN,NaN
3,2,100,16,99.99999999999999,4,-0.8,0.2,0,2,3,0,2.2450960368016455,2.7015657810488856,0.016160600282041086,0,208.0483737013312,NaN,NaN
3,2,100,16,99.99999999999999,4,-0.8,0.2,0,2,10,0,2.639262756619173,3.5556030664665146,0.08944589015948216,0,274.0047064269659,NaN,NaN
3,2,100,16,99.99999999999999,4,-0.8,0.2,0,2,30,0.25,2.4670482207259763,3.9263928957297938,4.59143838145399,0.5,406.88282225918744,NaN,NaN
3,2,100,16,99.99999999999999,4,-0.8,0.2,0,2,100,0.5,3.008622709607434,4.282806395268208,5.139380117728165,1,642.0158131033974,NaN,NaN
3,2,100,16,99.99999999999999,4,-0.8,0.2,0,2,300,0.5,3.301551983003442,4.386477503795863,5.257118117475741,1,652.7753435254202,NaN,NaN
3,2,100,16,99.99999999999999,4,-0.8,0.2,0,2,1000,0.5,3.304699703392171,4.387227663499965,5.258062820092723,1,652.8278897518469,NaN,NaN
3,2,100,16,99.99999999999999,4,-0.8,0.2,0,2,3000,0.5,3.3046997569150487,4.387227669318266,5.258062816305673,1,652.8278897665216,NaN,NaN
3,2,100,16,99.99999999999999,4,-0.8,0.2,0,3,1,0,1.99688243947292,2.2063139569105674,0.011031915542537941,0,215.064274021864,NaN,NaN
3,2,100,16,99.99999999999999,4,-0.8,0.2,0,3,3,0,2.289965982554592,2.8344402196687293,0.02876071400455125,0,269.53841980292367,NaN,NaN
3,2,100,16,99.99999999999999,4,-0.8,0.2,0,3,10,0.0625,2.705453691769127,3.836969876728749,0.516904056709213,0.16666666666666666,369.30239781932227,NaN,NaN
3,2,100,16,99.99999999999999,4,-0.8,0.2,0,3,30,0.25,2.787006991239103,4.317421373932765,4.916100991803058,0.6666666666666666,545.408284226946,NaN,NaN
3,2,100,16,99.99999999999999,4,-0.8,0.2,0,3,100,0.375,3.153482097535255,4.566012175066193,5.208731981190789,1,648.487846383212,NaN,NaN
3,2,100,16,99.99999999999999,4,-0.8,0.2,0,3,300,0.375,3.302620352097245,4.603464279414281,5.257728730178062,1,652.8015866948983,NaN,NaN
3,2,100,16,99.99999999999999,4,-0.8,0.2,0,3,1000,0.375,3.3046997102976405,4.603733245687728,5.258062819307914,1,652.8278897595721,NaN,NaN
3,2,100,16,99.99999999999999,4,-0.8,0.2,0,3,3000,0.375,3.304699756915047,4.603733251798908,5.258062816305658,1,652.8278897665216,NaN,NaN
3,2,100,16,99.99999999999999,5,-0.6,0.05,0,1,1,0,2.509086269154577,2.7136931848127843,0.013734192265263487,0,239.8461800738542,NaN,NaN
3,2,100,16,99.99999999999999,5,-0.6,0.05,0,1,3,0,3.6093351474613886,4.208411522942696,0.07161652233604937,0,364.51189269556716,NaN,NaN
3,2,100,16,99.99999999999999,5,-0.6,0.05,0,1,10,0.3125,4.756171592990554,6.138242805365891,4.566728507101569,0.7142857142857143,680.918625111108,NaN,NaN
3,2,100,16,99.99999999999999,5,-0.6,0.05,0,1,30,0.4375,4.755325505548594,6.607699534146259,7.896477363805149,1,995.0813220387403,NaN,NaN
3,2,100,16,99.99999999999999,5,-0.6,0.05,0,1,100,0.4375,5.250001801116192,6.956913044422975,8.19864830162328,1,1038.3566678555464,NaN,NaN
3,2,100,16,99.99999999999999,5,-0.6,0.05,0,1,300,0.4375,5.483520787682275,7.048641105972857,8.283314798177573,1,1047.3685031472087,NaN,NaN
3,2,100,16,99.99999999999999,5,-0.6,0.05,0,1,1000,0.4375,5.48707091951987,7.049238309459032,8.284180592538403,1,1047.4155748110213,NaN,NaN
3,2,100,16,99.99999999999999,5,-0.6,0.05,0,1,3000,0.4375,5.4870710255117805,7.049238339955792,8.284180585798996,1,1047.4155748269397,NaN,NaN
3,2,100,16,99.99999999999999,5,-0.6,0.05,0,2,1,0,2.46698249017909,2.698050889426416,0.009948814519396752,0,213.2598700724684,NaN,NaN
3,2,100,16,99.99999999999999,5,-0.6,0.05,0,2,3,0,3.5382494743991257,4.174084776783095,0.044619907475682785,0,322.5959958940446,NaN,NaN
3,2,100,16,99.99999999999999,5,-0.6,0.05,0,2,10,0.5,4.448694900408738,6.109278277905689,4.066004648561833,1,638.3637897295108,NaN,NaN
3,2,100,16,99.99999999999999,5,-0.6,0.05,0,2,30,0.5,4.524645490941286,6.60931431442578,7.620918210528127,1,991.7352145358473,NaN,NaN
3,2,100,16,99.99999999999999,5,-0.6,0.05,0,2,100,0.5,5.214143029339568,6.935021571379576,8.140761471329094,1,1036.9432011333256,NaN,NaN
3,2,100,16,99.99999999999999,5,-0.6,0.05,0,2,300,0.5,5.483255033034897,7.032156194140617,8.282913963403026,1,1047.3616718659548,NaN,NaN
3,2,100,16,99.99999999999999,5,-0.6,0.05,0,2,1000,0.5,5.487070924427074,7.032877072826791,8.284180594695552,1,1047.4155748075902,NaN,NaN
3,2,100,16,99.99999999999999,5,-0.6,0.05,0,2,3000,0.5,5.4870710255117725,7.032877086525749,8.284180585799012,1,1047.4155748269393,NaN,NaN
3,2,100,16,99.99999999999999,5,-0.6,0.05,0,3,1,0,2.497623329355562,2.7595721719687876,0.013798293320560148,0,268.9940767117499,NaN,NaN
3,2,100,16,99.99999999999999,5,-0.6,0.05,0,3,3,0,3.5941329379736198,4.359115802892363,0.08452941133468378,0,415.580404087037,NaN,NaN
3,2,100,16,99.99999999999999,5,-0.6,0.05,0,3,10,0.25,4.671347377195854,6.491493279349814,5.263309897394068,0.6666666666666666,760.8469011522715,NaN,NaN
3,2,100,16,99.99999999999999,5,-0.6,0.05,0,3,30,0.375,4.801366242708732,7.009380750372733,7.883671223719585,1,1011.2581235320763,NaN,NaN
3,2,100,16,99.99999999999999,5,-0.6,0.05,0,3,100,0.375,5.2964536188073765,7.29640377480423,8.210485861154687,1,1042.2274864230326,NaN,NaN
3,2,100,16,99.99999999999999,5,-0.6,0.05,0,3,300,0.375,5.484328489504721,7.341743163841177,8.283586076735178,1,1047.3839097220243,NaN,NaN
3,2,100,16,99.99999999999999,5,-0.6,0.05,0,3,1000,0.375,5.487070939409799,7.342038288201688,8.284180587206892,1,1047.415574816029,NaN,NaN
3,2,100,16,99.99999999999999,5,-0.6,0.05,0,3,3000,0.375,5.487071025511774,7.342038298728541,8.284180585799,1,1047.4155748269397,NaN,NaN
3,2,100,16,99.99999999999999,5,-0.8,0.2,0,1,1,0,2.3828784336668405,2.577193556544345,0.013043358036372904,0,227.78184111139876,NaN,NaN
3,2,100,16,99.99999999999999,5,-0.8,0.2,0,1,3,0,3.3017713727988345,3.8652004717323547,0.04035921913471039,0,334.1354816471681,NaN,NaN
3,2,100,16,99.99999999999999,5,-0.8,0.2,0,1,10,0.1875,4.401150390835122,5.610893174761399,1.7806306275388961,0.42857142857142855,512.0659896053315,NaN,NaN
3,2,100,16,99.99999999999999,5,-0.8,0.2,0,1,30,0.4375,4.423583154559285,6.212637765418147,7.411309543094079,1,900.6616456292038,NaN,NaN
3,2,100,16,99.99999999999999,5,-0.8,0.2,0,1,100,0.4375,4.913737421989397,6.562143985509778,7.734545081152719,1,978.9610943352369,NaN,NaN
3,2,100,16,99.99999999999999,5,-0.8,0.2,0,1,300,0.4375,5.1304659578240965,6.643008670135548,7.833448715679623,1,986.8276483931487,NaN,NaN
3,2,100,16,99.99999999999999,5,-0.8,0.2,0,1,1000,0.4375,5.133912756638851,6.643572990873384,7.834276709946295,1,986.8717072286452,NaN,NaN
3,2,100,16,99.99999999999999,5,-0.8,0.2,0,1,3000,0.4375,5.133912866024321,6.6435730155839945,7.834276703776908,1,986.8717072433778,NaN,NaN
3,2,100,16,99.99999999999999,5,-0.8,0.2,0,2,1,0,2.34289248813362,2.562338073579312,0.009448385992248053,0,202.5328309390897,NaN,NaN
3,2,100,16,99.99999999999999,5,-0.8,0.2,0,2,3,0,3.22751511643734,3.8316682135808047,0.02502704182748193,0,295.3355063372072,NaN,NaN
3,2,100,16,99.99999999999999,5,-0.8,0.2,0,2,10,0.125,4.212974333054973,5.548875818938036,0.8052271747349908,0.25,442.3378396841702,NaN,NaN
3,2,100,16,99.99999999999999,5,-0.8,0.2,0,2,30,0.5,4.063849369573865,6.1680444101199585,7.352883222347335,1,881.6452509727357,NaN,NaN
3,2,100,16,99.99999999999999,5,-0.8,0.2,0,2,100,0.5,4.850385358312137,6.525645225670119,7.69703117162528,1,976.3484257815223,NaN,NaN
3,2,100,16,99.99999999999999,5,-0.8,0.2,0,2,300,0.5,5.129745913357777,6.626792432274861,7.8330629821395314,1,986.8158852405938,NaN,NaN
3,2,100,16,99.99999999999999,5,-0.8,0.2,0,2,1000,0.5,5.133912748480117,6.627625177906746,7.83427671359757,1,986.8717072242899,NaN,NaN
3,2,100,16,99.99999999999999,5,-0.8,0.2,0,2,3000,0.5,5.133912866024322,6.627625192515655,7.83427670377692,1,986.8717072433778,NaN,NaN
3,2,100,16,99.99999999999999,5,-0.8,0.2,0,3,1,0,2.37199208337698,2.6207648160887027,0.013104234788248448,0,255.46358929959214,NaN,NaN
3,2,100,16,99.99999999999999,5,-0.8,0.2,0,3,3,0,3.284799772594924,4.007632920922484,0.045666064104748466,0,381.34967894360864,NaN,NaN
3,2,100,16,99.99999999999999,5,-0.8,0.2,0,3,10,0.1875,4.324370221861834,5.960666006095549,2.792292312277288,0.5,610.0697848947308,NaN,NaN
3,2,100,16,99.99999999999999,5,-0.8,0.2,0,3,30,0.375,4.4428684521128625,6.584769484436814,7.41970970281405,1,934.3997752063061,NaN,NaN
3,2,100,16,99.99999999999999,5,-0.8,0.2,0,3,100,0.375,4.94085784153049,6.880192637098176,7.768896335207472,1,981.7301128055128,NaN,NaN
3,2,100,16,99.99999999999999,5,-0.8,0.2,0,3,300,0.375,5.131102175334487,6.92603480098892,7.833810169459503,1,986.8398065326729,NaN,NaN
3,2,100,16,99.99999999999999,5,-0.8,0.2,0,3,1000,0.375,5.133912780374446,6.926367647011555,7.8342767077131725,1,986.8717072332283,NaN,NaN
3,2,100,16,99.99999999999999,5,-0.8,0.2,0,3,3000,0.375,5.133912866024321,6.926367657813915,7.834276703776903,1,986.8717072433781,NaN,NaN
3,2,100,16,99.99999999999999,6,-0.6,0.05,0,1,1,0,2.898984978356036,3.13538672438319,0.015868412958263044,0,277.1170053807909,NaN,NaN
3,2,100,16,99.99999999999999,6,-0.6,0.05,0,1,3,0,4.674484482181726,5.417826245009451,0.10521001393561558,0,469.70847075706587,NaN,NaN
3,2,100,16,99.99999999999999,6,-0.6,0.05,0,1,10,0.4375,6.327682733289084,8.160112578670423,6.894930195888013,1,966.0366427966114,NaN,NaN
3,2,100,16,99.99999999999999,6,-0.6,0.05,0,1,30,0.4375,6.341999805335101,8.688656652928913,10.31891861121513,1,1306.7642670092507,NaN,NaN
3,2,100,16,99.99999999999999,6,-0.6,0.05,0,1,100,0.4375,6.954909904216756,9.124644284678205,10.709761796660972,1,1362.2129663337785,NaN,NaN
3,2,100,16,99.99999999999999,6,-0.6,0.05,0,1,300,0.4375,7.257592128589881,9.24580897143702,10.816037040984837,1,1374.3197469080399,NaN,NaN
3,2,100,16,99.99999999999999,6,-0.6,0.05,0,1,1000,0.4375,7.2623933112842645,9.246541752601765,10.81718484990043,1,1374.3806124790558,NaN,NaN
3,2,100,16,99.99999999999999,6,-0.6,0.05,0,1,3000,0.4375,7.262393475206766,9.24654179631543,10.81718483959237,1,1374.38061250075,NaN,NaN
3,2,100,16,99.99999999999999,6,-0.6,0.05,0,2,1,0,2.8503384952587885,3.1173136991908876,0.01149480757148282,0,246.39932370063792,NaN,NaN
3,2,100,16,99.99999999999999,6,-0.6,0.05,0,2,3,0,4.589541063030662,5.376099974869816,0.06597758096237721,0,416.0380221078839,NaN,NaN
3,2,100,16,99.99999999999999,6,-0.6,0.05,0,2,10,0.5,5.91398522511916,8.137126070398983,6.439628528742486,1,940.0922159322308,NaN,NaN
3,2,100,16,99.99999999999999,6,-0.6,0.05,0,2,30,0.5,6.078090291667199,8.694431715496904,9.962156558342992,1,1303.9230661568893,NaN,NaN
3,2,100,16,99.99999999999999,6,-0.6,0.05,0,2,100,0.5,6.9147232101220455,9.101101271842582,10.632293088819871,1,1361.0437590788954,NaN,NaN
3,2,100,16,99.99999999999999,6,-0.6,0.05,0,2,300,0.5,7.257487142661658,9.224975530097876,10.815565463383003,1,1374.3143560108908,NaN,NaN
3,2,100,16,99.99999999999999,6,-0.6,0.05,0,2,1000,0.5,7.26239333189229,9.225866512820216,10.817184852886138,1,1374.3806124752768,NaN,NaN
3,2,100,16,99.99999999999999,6,-0.6,0.05,0,2,3000,0.5,7.262393475206758,9.225866532423842,10.817184839592393,1,1374.3806125007502,NaN,NaN
3,2,100,16,99.99999999999999,6,-0.6,0.05,0,3,1,0,2.88574075846066,3.188395063005303,0.015942474977846163,0,310.7943306855143,NaN,NaN
3,2,100,16,99.99999999999999,6,-0.6,0.05,0,3,3,0,4.655457826290793,5.604719409231961,0.1258142700531403,0,534.8576315891065,NaN,NaN
3,2,100,16,99.99999999999999,6,-0.6,0.05,0,3,10,0.25,6.2420204116070614,8.606039476835273,7.614476679058571,0.6666666666666666,1043.3440632417908,NaN,NaN
3,2,100,16,99.99999999999999,6,-0.6,0.05,0,3,30,0.375,6.402976320976288,9.2024730113892,10.290224267195974,1,1328.9626203616297,NaN,NaN
3,2,100,16,99.99999999999999,6,-0.6,0.05,0,3,100,0.375,7.022472638872462,9.560314874575123,10.71613940863009,1,1367.6689309738613,NaN,NaN
3,2,100,16,99.99999999999999,6,-0.6,0.05,0,3,300,0.375,7.258967398209712,9.61822481664227,10.816321780047168,1,1374.3409906804452,NaN,NaN
3,2,100,16,99.99999999999999,6,-0.6,0.05,0,3,1000,0.375,7.262393360941884,9.618561130193939,10.817184839116292,1,1374.3806124857836,NaN,NaN
3,2,100,16,99.99999999999999,6,-0.6,0.05,0,3,3000,0.375,7.262393475206764,9.618561143867252,10.817184839592365,1,1374.3806125007504,NaN,NaN
3,2,100,16,99.99999999999999,6,-0.8,0.2,0,1,1,0,2.7597096579291414,2.9847540050138286,0.015106050160273813,0,263.80353186909497,NaN,NaN
3,2,100,16,99.99999999999999,6,-0.8,0.2,0,1,3,0,4.359175519409972,5.062441126002742,0.05808090761467973,0,437.87502598678253,NaN,NaN
3,2,100,16,99.99999999999999,6,-0.8,0.2,0,1,10,0.3125,6.0506325156112055,7.65726858058354,4.437411353136781,0.7142857142857143,761.534123753613,NaN,NaN
3,2,100,16,99.99999999999999,6,-0.8,0.2,0,1,30,0.4375,6.044999591122446,8.325863155631074,9.908626816816904,1,1257.5766882615278,NaN,NaN
3,2,100,16,99.99999999999999,6,-0.8,0.2,0,1,100,0.4375,6.658294263609199,8.764465823190418,10.267932846978585,1,1308.0025905634147,NaN,NaN
3,2,100,16,99.99999999999999,6,-0.8,0.2,0,1,300,0.4375,6.9338059782557355,8.867518778080726,10.392861204711929,1,1317.8853011482363,NaN,NaN
3,2,100,16,99.99999999999999,6,-0.8,0.2,0,1,1000,0.4375,6.9381465591874525,8.868193681999179,10.393939968173918,1,1317.9388599676547,NaN,NaN
3,2,100,16,99.99999999999999,6,-0.8,0.2,0,1,3000,0.4375,6.938146712028479,8.868193718715524,10.393939958998212,1,1317.9388599871943,NaN,NaN
3,2,100,16,99.99999999999999,6,-0.8,0.2,0,2,1,0,2.713400287501189,2.9675492583374674,0.010942564969428515,0,234.56161325453627,NaN,NaN
3,2,100,16,99.99999999999999,6,-0.8,0.2,0,2,3,0,4.267057958067879,5.020688291403925,0.03593643185407673,0,387.28640156174583,NaN,NaN
3,2,100,16,99.99999999999999,6,-0.8,0.2,0,2,10,0.3125,5.716240457102058,7.587268822019674,3.1476028783424583,0.625,667.9586315454815,NaN,NaN
3,2,100,16,99.99999999999999,6,-0.8,0.2,0,2,30,0.5,5.671554658185383,8.318123751715673,9.607482755851985,1,1249.3838448550903,NaN,NaN
3,2,100,16,99.99999999999999,6,-0.8,0.2,0,2,100,0.5,6.596989803193621,8.7258891098691,10.217458798831142,1,1305.2025371211223,NaN,NaN
3,2,100,16,99.99999999999999,6,-0.8,0.2,0,2,300,0.5,6.9331813636158,8.847028901685922,10.392375863167498,1,1317.8731094019602,NaN,NaN
3,2,100,16,99.99999999999999,6,-0.8,0.2,0,2,1000,0.5,6.938146561804121,8.8479786609706,10.393939972520364,1,1317.9388599623912,NaN,NaN
3,2,100,16,99.99999999999999,6,-0.8,0.2,0,2,3000,0.5,6.938146712028482,8.847978680395306,10.393939958998239,1,1317.9388599871945,NaN,NaN
3,2,100,16,99.99999999999999,6,-0.8,0.2,0,3,1,0,2.7471017272810396,3.035215675266836,0.015176554033958964,0,295.86290457732105,NaN,NaN
3,2,100,16,99.99999999999999,6,-0.8,0.2,0,3,3,0,4.336899093317564,5.240552876480864,0.06724260747608124,0,498.97138276027835,NaN,NaN
3,2,100,16,99.99999999999999,6,-0.8,0.2,0,3,10,0.25,5.929081545695033,8.10546875129663,5.686505805661407,0.6666666666666666,894.4478203507881,NaN,NaN
3,2,100,16,99.99999999999999,6,-0.8,0.2,0,3,30,0.375,6.085453505090147,8.810972457664052,9.902600941042543,1,1271.9202378397233,NaN,NaN
3,2,100,16,99.99999999999999,6,-0.8,0.2,0,3,100,0.375,6.698893199772112,9.173122180214586,10.307977690614457,1,1311.6522524961256,NaN,NaN
3,2,100,16,99.99999999999999,6,-0.8,0.2,0,3,300,0.375,6.934646817038173,9.229561040162668,10.393293582181139,1,1317.900459370311,NaN,NaN
3,2,100,16,99.99999999999999,6,-0.8,0.2,0,3,1000,0.375,6.938146591491992,9.2299450592209,10.3939399626025,1,1317.9388599737476,NaN,NaN
3,2,100,16,99.99999999999999,6,-0.8,0.2,0,3,3000,0.375,6.93814671202848,9.22994507406867,10.393939958998214,1,1317.9388599871947,NaN,NaN
3,3,120,9,69.44444444444444,3,-0.6,0.05,0,1,1,0,1.8512097004929764,1.8920956420309014,0.004509621073315298,0,56.04684210292809,NaN,NaN
3,3,120,9,69.44444444444444,3,-0.6,0.05,0,1,3,0,1.8980956219657743,1.9862025956838834,0.012903799874236645,0,57.690927848997234,NaN,NaN
3,3,120,9,69.44444444444444,3,-0.6,0.05,0,1,10,0,2.050817174026081,2.185722863557291,0.032057232043559064,0,63.691892753445735,NaN,NaN
3,3,120,9,69.44444444444444,3,-0.6,0.05,0,1,30,0.2222222222222222,2.1069189681197296,2.234447291843561,2.064093105737687,0.3333333333333333,99.6890745383768,NaN,NaN
3,3,120,9,69.44444444444444,3,-0.6,0.05,0,1,100,0.5555555555555556,2.1428756819315775,2.2679411137963164,2.6139648500908153,0.8333333333333334,157.648641789514,NaN,NaN
3,3,120,9,69.44444444444444,3,-0.6,0.05,0,1,300,0.6666666666666666,2.188536056181316,2.323781571016251,2.6326569538496503,1,195.85557083007126,NaN,NaN
3,3,120,9,69.44444444444444,3,-0.6,0.05,0,1,1000,0.6666666666666666,2.1995068211720894,2.3237866586998774,2.636164734229267,1,196.64602120644435,NaN,NaN
3,3,120,9,69.44444444444444,3,-0.6,0.05,0,1,3000,0.6666666666666666,2.1989467425632117,2.3237856409468733,2.6348760046190973,1,196.63387328454144,NaN,NaN
3,3,120,9,69.44444444444444,3,-0.6,0.05,0,2,1,0,1.8251037103439707,1.8736179341342296,0.002946917945826156,0,74.30709320812721,NaN,NaN
3,3,120,9,69.44444444444444,3,-0.6,0.05,0,2,3,0,1.8521689980698737,1.9493946680166654,0.00807367320120678,0,75.54543505735894,NaN,NaN
3,3,120,9,69.44444444444444,3,-0.6,0.05,0,2,10,0,1.9649645670605982,2.116739016647593,0.01408361398932677,0,81.95887139979588,NaN,NaN
3,3,120,9,69.44444444444444,3,-0.6,0.05,0,2,30,0.1111111111111111,2.0037562511105795,2.1617604001408566,0.30989475568239827,0.2,88.03482785885716,NaN,NaN
3,3,120,9,69.44444444444444,3,-0.6,0.05,0,2,100,0.5555555555555556,2.082426306845157,2.2228813529167395,2.6570031701347268,1,194.32444552825672,NaN,NaN
3,3,120,9,69.44444444444444,3,-0.6,0.05,0,2,300,0.5555555555555556,2.0998499408778053,2.2395173738664305,2.6411502811342507,1,196.4809799583505,NaN,NaN
3,3,120,9,69.44444444444444,3,-0.6,0.05,0,2,1000,0.5555555555555556,2.1065453968405077,2.2462655199265145,2.635632690282458,1,196.64227703326827,NaN,NaN
3,3,120,9,69.44444444444444,3,-0.6,0.05,0,2,3000,0.5555555555555556,2.1067823075604255,2.246493769146218,2.6348753783629775,1,196.6338647278467,NaN,NaN
3,3,120,9,69.44444444444444,3,-0.6,0.05,0,3,1,0,1.8418025316729922,1.901328849740432,0.0037060353813553066,0,131.20101615028872,NaN,NaN
3,3,120,9,69.44444444444444,3,-0.6,0.05,0,3,3,0,1.8705007521065713,1.9973122877150986,0.008107214265773911,0,134.84145858012963,NaN,NaN
3,3,120,9,69.44444444444444,3,-0.6,0.05,0,3,10,0,1.9893086106177935,2.1838542399198513,0.021260566424685098,0,147.206525615305,NaN,NaN
3,3,120,9,69.44444444444444,3,-0.6,0.05,0,3,30,0.1111111111111111,2.0416500439828194,2.2217037585697064,2.2916671033809166,0.5,171.4941415980639,NaN,NaN
3,3,120,9,69.44444444444444,3,-0.6,0.05,0,3,100,0.2222222222222222,2.0763317077007257,2.2476044978162903,2.675134236487381,1,195.6418172005294,NaN,NaN
3,3,120,9,69.44444444444444,3,-0.6,0.05,0,3,300,0.2222222222222222,2.098105387842844,2.270497589979424,2.646707036082679,1,196.46296657794048,NaN,NaN
3,3,120,9,69.44444444444444,3,-0.6,0.05,0,3,1000,0.2222222222222222,2.106506146937856,2.2794286961172565,2.6357865841315338,1,196.64344251485667,NaN,NaN
3,3,120,9,69.44444444444444,3,-0.6,0.05,0,3,3000,0.2222222222222222,2.1067822750227463,2.279618832010034,2.6348755123067553,1,196.6338665577334,NaN,NaN
3,3,120,9,69.44444444444444,3,-0.8,0.2,0,1,1,0,1.7440813514657034,1.782601249105837,0.004248652118693779,0,52.80344635955015,-0.0029688301903060305,1.9999982324020453
3,3,120,9,69.44444444444444,3,-0.8,0.2,0,1,3,0,1.616530881784493,1.6961053272822653,0.0073308695684127095,0,49.16309593688958,-0.0029688301903060305,1.9999982324020453
3,3,120,9,69.44444444444444,3,-0.8,0.2,0,1,10,0,1.4956644084214457,1.6201422969449846,0.005961844760132984,0,46.83649809956944,-0.0029688301903060305,1.9999982324020453
3,3,120,9,69.44444444444444,3,-0.8,0.2,0,1,30,0,1.451783814617237,1.5919811700174147,0.0056856681197750055,0,46.00968423415472,-0.0029688301903060305,1.9999982324020453
3,3,120,9,69.44444444444444,3,-0.8,0.2,0,1,100,0,1.460670303781085,1.5955868570191256,0.005589118313017295,0,46.08442711874937,-0.0029688301903060305,1.9999982324020453
3,3,120,9,69.44444444444444,3,-0.8,0.2,0,1,300,0,1.4815901272732845,1.6058488514507936,0.005914524233370936,0,46.30937479597163,-0.0029688301903060305,1.9999982324020453
3,3,120,9,69.44444444444444,3,-0.8,0.2,0,1,1000,0,1.4851259831330637,1.6082329059870333,0.006211278168726907,0,46.324066999028176,-0.0029688301903060305,1.9999982324020453
3,3,120,9,69.44444444444444,3,-0.8,0.2,0,1,3000,0,1.4830388209265573,1.6066638108669598,0.006145489440359218,0,46.276426803376125,-0.0029688301903060305,1.9999982324020453
3,3,120,9,69.44444444444444,3,-0.8,0.2,0,2,1,0,1.7194860986597662,1.7651928346232233,0.002776381645065009,0,70.00698813938058,-0.00205741927613096,1.999998698250572
3,3,120,9,69.44444444444444,3,-0.8,0.2,0,2,3,0,1.573286156488427,1.6631199532173342,0.004804611194562138,0,64.37366375915451,-0.00205741927613096,1.999998698250572
3,3,120,9,69.44444444444444,3,-0.8,0.2,0,2,10,0,1.415455059786397,1.5598904374385276,0.003923110431812299,0,60.206456672370486,-0.00205741927613096,1.999998698250572
3,3,120,9,69.44444444444444,3,-0.8,0.2,0,2,30,0,1.3503915270726947,1.518897809700648,0.003780165768061899,0,58.59503573121208,-0.00205741927613096,1.999998698250572
3,3,120,9,69.44444444444444,3,-0.8,0.2,0,2,100,0,1.3561190797654943,1.526645286267901,0.004032141506859096,0,58.82982094493852,-0.00205741927613096,1.999998698250572
3,3,120,9,69.44444444444444,3,-0.8,0.2,0,2,300,0,1.3544910712392746,1.5267950898939096,0.004319717722930879,0,58.73345172317511,-0.00205741927613096,1.999998698250572
3,3,120,9,69.44444444444444,3,-0.8,0.2,0,2,1000,0,1.337046489115865,1.5101018250401979,0.004363978905826894,0,58.0398048734493,-0.00205741927613096,1.999998698250572
3,3,120,9,69.44444444444444,3,-0.8,0.2,0,2,3000,0,1.3320368778457397,1.506196633111212,0.004426601457784483,0,57.88739765590804,-0.00205741927613096,1.999998698250572
3,3,120,9,69.44444444444444,3,-0.8,0.2,0,3,1,0,1.7352185696292344,1.79130013685265,0.0034915694287754647,0,123.6084952991188,-0.0016031680611534977,1.999999496135342
3,3,120,9,69.44444444444444,3,-0.8,0.2,0,3,3,0,1.593940654425063,1.709788224901298,0.004773953580523575,0,115.35720367885087,-0.0016031680611534977,1.999999496135342
3,3,120,9,69.44444444444444,3,-0.8,0.2,0,3,10,0,1.4518887093338062,1.637911030866049,0.0036418964084249544,0,110.21919130820946,-0.0016031680611534977,1.999999496135342
3,3,120,9,69.44444444444444,3,-0.8,0.2,0,3,30,0,1.4041947573285272,1.6144336846820397,0.003503172977303403,0,108.54779820637981,-0.0016031680611534977,1.999999496135342
3,3,120,9,69.44444444444444,3,-0.8,0.2,0,3,100,0,1.4259778139101185,1.6293621678366834,0.0036644887557603614,0,109.27572447033936,-0.0016031680611534977,1.999999496135342
3,3,120,9,69.44444444444444,3,-0.8,0.2,0,3,300,0,1.4246113553351873,1.6312778718096632,0.00473958397503188,0,109.03410542526738,-0.0016031680611534977,1.999999496135342
3,3,120,9,69.44444444444444,3,-0.8,0.2,0,3,1000,0,1.4104814872628206,1.6202422585406921,0.0050541460078880295,0,108.19641535509906,-0.0016031680611534977,1.999999496135342
3,3,120,9,69.44444444444444,3,-0.8,0.2,0,3,3000,0,1.4100881033923212,1.6199005874869885,0.005050911930530393,0,108.17125172787253,-0.0016031680611534977,1.999999496135342
3,3,120,9,69.44444444444444,4,-0.6,0.05,0,1,1,0,2.268597618289181,2.3187020173584743,0.00552639478044298,0,68.68359239554172,NaN,NaN
3,3,120,9,69.44444444444444,4,-0.6,0.05,0,1,3,0,2.940928288816976,3.0660362760616238,0.023547910939963997,0,89.18418912923136,NaN,NaN
3,3,120,9,69.44444444444444,4,-0.6,0.05,0,1,10,0.2222222222222222,3.862300208290169,4.075235508626354,0.39182085097190467,0.3333333333333333,124.78214791918434,NaN,NaN
3,3,120,9,69.44444444444444,4,-0.6,0.05,0,1,30,0.6666666666666666,3.987582101867408,4.191820279886602,4.7040353468824625,1,312.0220198552531,NaN,NaN
3,3,120,9,69.44444444444444,4,-0.6,0.05,0,1,100,0.6666666666666666,4.043610567320275,4.25948203768369,4.691994885106973,1,359.7538186438659,NaN,NaN
3,3,120,9,69.44444444444444,4,-0.6,0.05,0,1,300,0.6666666666666666,4.0936937953631345,4.310286593927283,4.789679315880502,1,364.5808819219149,NaN,NaN
3,3,120,9,69.44444444444444,4,-0.6,0.05,0,1,1000,0.6666666666666666,4.110400216921817,4.3024921971600465,4.803681430798128,1,365.701637333902,NaN,NaN
3,3,120,9,69.44444444444444,4,-0.6,0.05,0,1,3000,0.6666666666666666,4.110992623193342,4.302124491549587,4.8036559473916745,1,365.7305919800324,NaN,NaN
3,3,120,9,69.44444444444444,4,-0.6,0.05,0,2,1,0,2.236605571651059,2.2960581839155796,0.003611352636826884,0,91.06093957321981,NaN,NaN
3,3,120,9,69.44444444444444,4,-0.6,0.05,0,2,3,0,2.8758842570026406,3.013595653605407,0.014329696964683848,0,116.89716362843474,NaN,NaN
3,3,120,9,69.44444444444444,4,-0.6,0.05,0,2,10,0,3.71932482196833,3.9592369057228574,0.13276599339482753,0,156.62505357759707,NaN,NaN
3,3,120,9,69.44444444444444,4,-0.6,0.05,0,2,30,0.5555555555555556,3.902027133582868,4.1021368497045065,4.845366611937177,1,359.00093961427507,NaN,NaN
3,3,120,9,69.44444444444444,4,-0.6,0.05,0,2,100,0.5555555555555556,3.9179129841158176,4.12406384245794,4.848479862020593,1,363.74547760682157,NaN,NaN
3,3,120,9,69.44444444444444,4,-0.6,0.05,0,2,300,0.5555555555555556,3.9461532375952566,4.161772487077682,4.814030499345623,1,365.1695367226469,NaN,NaN
3,3,120,9,69.44444444444444,4,-0.6,0.05,0,2,1000,0.5555555555555556,3.9599804748430234,4.178633159142757,4.803850168532733,1,365.7194174518627,NaN,NaN
3,3,120,9,69.44444444444444,4,-0.6,0.05,0,2,3000,0.5555555555555556,3.9602873276088153,4.1789888822736945,4.803655930733243,1,365.730593738711,NaN,NaN
3,3,120,9,69.44444444444444,4,-0.6,0.05,0,3,1,0,2.257069437135972,2.330017014796869,0.004541626503577187,0,160.78260214194086,NaN,NaN
3,3,120,9,69.44444444444444,4,-0.6,0.05,0,3,3,0,2.9002384338675724,3.079831312824531,0.014728431244717809,0,208.05506114997635,NaN,NaN
3,3,120,9,69.44444444444444,4,-0.6,0.05,0,3,10,0.1111111111111111,3.738944435093936,4.03506872329818,0.6359524009479739,0.5,278.1108152915677,NaN,NaN
3,3,120,9,69.44444444444444,4,-0.6,0.05,0,3,30,0.2222222222222222,3.8836521001527027,4.147314982057088,4.830102060815536,1,361.0478622668647,NaN,NaN
3,3,120,9,69.44444444444444,4,-0.6,0.05,0,3,100,0.2222222222222222,3.909668244649234,4.173446901466495,4.834804810403942,1,363.23689085369807,NaN,NaN
3,3,120,9,69.44444444444444,4,-0.6,0.05,0,3,300,0.2222222222222222,3.9444103916108224,4.213280980032247,4.811821389314135,1,365.0310625989216,NaN,NaN
3,3,120,9,69.44444444444444,4,-0.6,0.05,0,3,1000,0.2222222222222222,3.959908755485548,4.231336008649025,4.803834184780201,1,365.71617897531536,NaN,NaN
3,3,120,9,69.44444444444444,4,-0.6,0.05,0,3,3000,0.2222222222222222,3.9602873194636867,4.23176128733243,4.803655933713788,1,365.73059343410614,NaN,NaN
3,3,120,9,69.44444444444444,4,-0.8,0.2,0,1,1,0,2.1474804814027273,2.1949098792678554,0.005231348577575022,0,65.01667500351084,NaN,NaN
3,3,120,9,69.44444444444444,4,-0.8,0.2,0,1,3,0,2.629867168129038,2.74506584475218,0.01314861875283049,0,79.64085713049721,NaN,NaN
3,3,120,9,69.44444444444444,4,-0.8,0.2,0,1,10,0,3.387153078447851,3.5821046880439167,0.021183117188316815,0,103.76119671676474,NaN,NaN
3,3,120,9,69.44444444444444,4,-0.8,0.2,0,1,30,0,3.5115540372928957,3.7167258872346896,0.0297825312697364,0,107.76526528790528,NaN,NaN
3,3,120,9,69.44444444444444,4,-0.8,0.2,0,1,100,0,3.526607721037844,3.7260212729058146,0.08103408221162012,0,108.5065222978304,NaN,NaN
3,3,120,9,69.44444444444444,4,-0.8,0.2,0,1,300,0.3333333333333333,3.6048816652585742,3.7647047591625995,4.185293856999422,0.5,222.98855385254427,NaN,NaN
3,3,120,9,69.44444444444444,4,-0.8,0.2,0,1,1000,0.3333333333333333,3.6001654953346534,3.776342335146009,4.156099007908071,0.5,222.62054117414712,NaN,NaN
3,3,120,9,69.44444444444444,4,-0.8,0.2,0,1,3000,0.3333333333333333,3.5992114509747046,3.7799639651127124,4.140701510055385,0.5,222.25325053492276,NaN,NaN
3,3,120,9,69.44444444444444,4,-0.8,0.2,0,2,1,0,2.1171964437392727,2.1734749672540534,0.003418547756784011,0,86.19932806733466,-0.00010970450423162049,1.9999994363640103
3,3,120,9,69.44444444444444,4,-0.8,0.2,0,2,3,0,2.5681735379765316,2.697316320551723,0.008364602311839327,0,104.48171458329418,-0.00010970450423162049,1.9999994363640103
3,3,120,9,69.44444444444444,4,-0.8,0.2,0,2,10,0,3.262905830845364,3.485512661035225,0.01161526082810762,0,134.67539244025585,-0.00010970450423162049,1.9999994363640103
3,3,120,9,69.44444444444444,4,-0.8,0.2,0,2,30,0,3.371487986213969,3.608753571758921,0.012602845864906042,0,139.4096015254521,-0.00010970450423162049,1.9999994363640103
3,3,120,9,69.44444444444444,4,-0.8,0.2,0,2,100,0,3.383921345851472,3.621182831130113,0.013022422208416384,0,139.77255068548703,-0.00010970450423162049,1.9999994363640103
3,3,120,9,69.44444444444444,4,-0.8,0.2,0,2,300,0,3.395901320507348,3.6322033245853844,0.013555437571451046,0,140.02867921050338,-0.00010970450423162049,1.9999994363640103
3,3,120,9,69.44444444444444,4,-0.8,0.2,0,2,1000,0,3.397152016961627,3.6323365701445733,0.013872692240384362,0,139.96336927749496,-0.00010970450423162049,1.9999994363640103
3,3,120,9,69.44444444444444,4,-0.8,0.2,0,2,3000,0,3.396908105116788,3.6322742867676805,0.013909871338174664,0,139.96023890796042,-0.00010970450423162049,1.9999994363640103
3,3,120,9,69.44444444444444,4,-0.8,0.2,0,3,1,0,2.1365677731229473,2.2056207854021914,0.0042991556508855016,0,152.19865218290403,-0.0012544578805020411,1.9999997961752094
3,3,120,9,69.44444444444444,4,-0.8,0.2,0,3,3,0,2.5961829077133545,2.76392120438641,0.008305252119315557,0,186.59771009318231,-0.0012544578805020411,1.9999997961752094
3,3,120,9,69.44444444444444,4,-0.8,0.2,0,3,10,0,3.3062646576050723,3.5940278474324425,0.01092029003173836,0,242.05224164080158,-0.0012544578805020411,1.9999997961752094
3,3,120,9,69.44444444444444,4,-0.8,0.2,0,3,30,0,3.422626313313342,3.724419641254585,0.012274985455012448,0,250.72105210072618,-0.0012544578805020411,1.9999997961752094
3,3,120,9,69.44444444444444,4,-0.8,0.2,0,3,100,0,3.45322868175297,3.745459830437198,0.011651898595370573,0,251.73389512491582,-0.0012544578805020411,1.9999997961752094
3,3,120,9,69.44444444444444,4,-0.8,0.2,0,3,300,0,3.484027975217316,3.7702401353810253,0.013717978229705224,0,252.80861453598249,-0.0012544578805020411,1.9999997961752094
3,3,120,9,69.44444444444444,4,-0.8,0.2,0,3,1000,0,3.487118565359455,3.7729751503488353,0.016516095911828496,0,252.82216002253435,-0.0012544578805020411,1.9999997961752094
3,3,120,9,69.44444444444444,4,-0.8,0.2,0,3,3000,0,3.487107564701022,3.772966640574996,0.016561285705038606,0,252.82015866967132,-0.0012544578805020411,1.9999997961752094
3,3,120,9,69.44444444444444,5,-0.6,0.05,0,1,1,0,2.6859855360853855,2.7453083926860486,0.006543168487570649,0,81.32034268815556,NaN,NaN
3,3,120,9,69.44444444444444,5,-0.6,0.05,0,1,3,0,4.062962281528041,4.226232261485561,0.038011065687032906,0,123.1127079635347,NaN,NaN
3,3,120,9,69.44444444444444,5,-0.6,0.05,0,1,10,0.3333333333333333,5.732180080538059,6.029598385917353,1.7791635445385974,0.5,208.4428795996896,NaN,NaN
3,3,120,9,69.44444444444444,5,-0.6,0.05,0,1,30,0.6666666666666666,5.880382901290222,6.120616748918333,6.796115913667029,1,520.399854547119,NaN,NaN
3,3,120,9,69.44444444444444,5,-0.6,0.05,0,1,100,0.6666666666666666,5.942479778593958,6.2155778598545295,6.779126288138481,1,526.2437467481161,NaN,NaN
3,3,120,9,69.44444444444444,5,-0.6,0.05,0,1,300,0.6666666666666666,6.005073811174878,6.296830802072094,6.914112631851127,1,532.8102780751332,NaN,NaN
3,3,120,9,69.44444444444444,5,-0.6,0.05,0,1,1000,0.6666666666666666,6.016781530357401,6.279121210235829,6.963272841836674,1,534.6161151512111,NaN,NaN
3,3,120,9,69.44444444444444,5,-0.6,0.05,0,1,3000,0.6666666666666666,6.0177324146080275,6.277374436465163,6.963849668838828,1,534.682125138157,NaN,NaN
3,3,120,9,69.44444444444444,5,-0.6,0.05,0,2,1,0,2.648107432958148,2.718498433696931,0.004275787327827629,0,107.81478593831288,NaN,NaN
3,3,120,9,69.44444444444444,5,-0.6,0.05,0,2,3,0,3.978101046092263,4.15753412976494,0.022650950708565806,0,161.41643976103347,NaN,NaN
3,3,120,9,69.44444444444444,5,-0.6,0.05,0,2,10,0.4444444444444444,5.5453509128143015,5.874077440072299,1.4622053021659258,0.8,262.91247082985893,NaN,NaN
3,3,120,9,69.44444444444444,5,-0.6,0.05,0,2,30,0.5555555555555556,5.738721784369245,5.995740025115855,7.026229146953593,1,529.7028408695409,NaN,NaN
3,3,120,9,69.44444444444444,5,-0.6,0.05,0,2,100,0.5555555555555556,5.76002869572051,6.030693694122521,7.008455971885324,1,531.7549992915117,NaN,NaN
3,3,120,9,69.44444444444444,5,-0.6,0.05,0,2,300,0.5555555555555556,5.794456891148183,6.085215040848192,6.974429361310572,1,533.8378265616335,NaN,NaN
3,3,120,9,69.44444444444444,5,-0.6,0.05,0,2,1000,0.5555555555555556,5.8113059538793745,6.109039823440728,6.964066889074866,1,534.672110338856,NaN,NaN
3,3,120,9,69.44444444444444,5,-0.6,0.05,0,2,3000,0.5555555555555556,5.811530501312125,6.109362779563822,6.963849757938759,1,534.6821357569604,NaN,NaN
3,3,120,9,69.44444444444444,5,-0.6,0.05,0,3,1,0,2.672336342598953,2.7587051798533073,0.005377217625799072,0,190.36418813359438,NaN,NaN
3,3,120,9,69.44444444444444,5,-0.6,0.05,0,3,3,0,4.007768101149632,4.2412240390276255,0.023897758308892576,0,286.6668202173096,NaN,NaN
3,3,120,9,69.44444444444444,5,-0.6,0.05,0,3,10,0.2222222222222222,5.528776038447409,5.92424418819986,3.1762867754092903,1,432.64608979454226,NaN,NaN
3,3,120,9,69.44444444444444,5,-0.6,0.05,0,3,30,0.2222222222222222,5.706821268656286,6.062297908049466,6.992437025411067,1,528.5562514041466,NaN,NaN
3,3,120,9,69.44444444444444,5,-0.6,0.05,0,3,100,0.2222222222222222,5.743057079536679,6.099032399240257,6.996435016120529,1,530.8523286777739,NaN,NaN
3,3,120,9,69.44444444444444,5,-0.6,0.05,0,3,300,0.2222222222222222,5.7901149770264455,6.155372164025991,6.971236885672862,1,533.5632511347344,NaN,NaN
3,3,120,9,69.44444444444444,5,-0.6,0.05,0,3,1000,0.2222222222222222,5.811129370463406,6.180880785635424,6.963950306313624,1,534.6620726883987,NaN,NaN
3,3,120,9,69.44444444444444,5,-0.6,0.05,0,3,3000,0.2222222222222222,5.811530471983709,6.181367657415734,6.963849745098069,1,534.6821341722642,NaN,NaN
3,3,120,9,69.44444444444444,5,-0.8,0.2,0,1,1,0,2.55087961133975,2.607218509429874,0.006214045036456273,0,77.22990364747194,NaN,NaN
3,3,120,9,69.44444444444444,5,-0.8,0.2,0,1,3,0,3.735151847402603,3.8868911590220905,0.020768400085475335,0,112.86477855443616,NaN,NaN
3,3,120,9,69.44444444444444,5,-0.8,0.2,0,1,10,0,5.274238573860553,5.547591606743542,0.09137759363595808,0,161.79792323179043,NaN,NaN
3,3,120,9,69.44444444444444,5,-0.8,0.2,0,1,30,0.3333333333333333,5.443528381028558,5.736192085909557,6.343955152423255,0.5,302.1114798929232,NaN,NaN
3,3,120,9,69.44444444444444,5,-0.8,0.2,0,1,100,0.6666666666666666,5.53204057943496,5.7423073254108665,6.7275862476497466,1,495.86926903681365,NaN,NaN
3,3,120,9,69.44444444444444,5,-0.8,0.2,0,1,300,0.6666666666666666,5.610817852281603,5.829908389752642,6.6149114104828435,1,499.57088043871363,NaN,NaN
3,3,120,9,69.44444444444444,5,-0.8,0.2,0,1,1000,0.6666666666666666,5.650219557759602,5.900453353807273,6.572212757850135,1,502.44092930840935,NaN,NaN
3,3,120,9,69.44444444444444,5,-0.8,0.2,0,1,3000,0.6666666666666666,5.652581142096791,5.90522733659128,6.573569226273943,1,502.6140941092023,NaN,NaN
3,3,120,9,69.44444444444444,5,-0.8,0.2,0,2,1,0,2.514906788818778,2.5817570998848822,0.004060713868503018,0,102.39166799528857,NaN,NaN
3,3,120,9,69.44444444444444,5,-0.8,0.2,0,2,3,0,3.6548023423396123,3.823934370755888,0.01282875705844276,0,148.21673939850834,NaN,NaN
3,3,120,9,69.44444444444444,5,-0.8,0.2,0,2,10,0,5.096165468782524,5.403604728537246,0.029223092833353517,0,209.13118372499903,NaN,NaN
3,3,120,9,69.44444444444444,5,-0.8,0.2,0,2,30,0.3333333333333333,5.27385032518185,5.6054121567920605,2.9191671311071605,0.6,252.76790543439313,NaN,NaN
3,3,120,9,69.44444444444444,5,-0.8,0.2,0,2,100,0.5555555555555556,5.362554804184516,5.659373347169447,6.670239285063477,1,497.8961823656482,NaN,NaN
3,3,120,9,69.44444444444444,5,-0.8,0.2,0,2,300,0.5555555555555556,5.421293900788441,5.714854560608123,6.5939669200965785,1,501.28869559980006,NaN,NaN
3,3,120,9,69.44444444444444,5,-0.8,0.2,0,2,1000,0.5555555555555556,5.453011894736707,5.742076371945291,6.573795928702931,1,502.58728967580333,NaN,NaN
3,3,120,9,69.44444444444444,5,-0.8,0.2,0,2,3000,0.5555555555555556,5.4537569426066845,5.742653990835418,6.5735692470238085,1,502.61411122594836,NaN,NaN
3,3,120,9,69.44444444444444,5,-0.8,0.2,0,3,1,0,2.537916976616663,2.6199414339517326,0.005106741872995538,0,180.7888090666898,NaN,NaN
3,3,120,9,69.44444444444444,5,-0.8,0.2,0,3,3,0,3.689231251703097,3.9097803910657136,0.012809401695230324,0,264.09481605484376,NaN,NaN
3,3,120,9,69.44444444444444,5,-0.8,0.2,0,3,10,0,5.141965778206045,5.537688235410543,0.032982686771305086,0,373.2473952688965,NaN,NaN
3,3,120,9,69.44444444444444,5,-0.8,0.2,0,3,30,0.1111111111111111,5.336618873508909,5.699742713681309,6.160955354276784,0.5,442.91655329894775,NaN,NaN
3,3,120,9,69.44444444444444,5,-0.8,0.2,0,3,100,0.2222222222222222,5.392741750340468,5.739269984677116,6.640907677873068,1,499.52300438311863,NaN,NaN
3,3,120,9,69.44444444444444,5,-0.8,0.2,0,3,300,0.2222222222222222,5.433631878965748,5.789728011757164,6.580295118183708,1,501.6761700676648,NaN,NaN
3,3,120,9,69.44444444444444,5,-0.8,0.2,0,3,1000,0.2222222222222222,5.453183257114273,5.811693207318293,6.573568446713624,1,502.5878458678568,NaN,NaN
3,3,120,9,69.44444444444444,5,-0.8,0.2,0,3,3000,0.2222222222222222,5.453756931681555,5.812328468362466,6.573569244084512,1,502.614110309683,NaN,NaN
3,3,120,9,69.44444444444444,6,-0.6,0.05,0,1,1,0,3.10337345388159,3.1719147680136213,0.007559942194698323,0,93.957092980769,NaN,NaN
3,3,120,9,69.44444444444444,6,-0.6,0.05,0,1,3,0,5.235711143158495,5.438108703490326,0.056683917715443344,0,158.6560534839558,NaN,NaN
3,3,120,9,69.44444444444444,6,-0.6,0.05,0,1,10,0.4444444444444444,7.621608849019988,8.008575035255678,3.868750929389828,0.6666666666666666,316.79910959590484,NaN,NaN
3,3,120,9,69.44444444444444,6,-0.6,0.05,0,1,30,0.6666666666666666,7.7715440941591645,8.05277471051586,8.879046524601746,1,688.5184451426838,NaN,NaN
3,3,120,9,69.44444444444444,6,-0.6,0.05,0,1,100,0.6666666666666666,7.842352605322061,8.176680494817637,8.86397884826099,1,693.2779468144472,NaN,NaN
3,3,120,9,69.44444444444444,6,-0.6,0.05,0,1,300,0.6666666666666666,7.918077530285288,8.287279110862487,9.030393045733119,1,701.2768582896663,NaN,NaN
3,3,120,9,69.44444444444444,6,-0.6,0.05,0,1,1000,0.6666666666666666,7.923881826921071,8.2566618100732,9.1218649135726,1,703.6162645094529,NaN,NaN
3,3,120,9,69.44444444444444,6,-0.6,0.05,0,1,3000,0.6666666666666666,7.925039991463714,8.253059681894067,9.122791883478628,1,703.7125860509436,NaN,NaN
3,3,120,9,69.44444444444444,6,-0.6,0.05,0,2,1,0,3.059609294265236,3.1409386834782813,0.004940222018828408,0,124.56863230340569,NaN,NaN
3,3,120,9,69.44444444444444,6,-0.6,0.05,0,2,3,0,5.130788763410612,5.352601464082512,0.033278753080814155,0,208.00092844718097,NaN,NaN
3,3,120,9,69.44444444444444,6,-0.6,0.05,0,2,10,0.5555555555555556,7.409009675426201,7.818377708478456,4.259889622826615,1,418.24851043806194,NaN,NaN
3,3,120,9,69.44444444444444,6,-0.6,0.05,0,2,30,0.5555555555555556,7.579308278509883,7.893788476617472,9.18701248947467,1,697.7783967784316,NaN,NaN
3,3,120,9,69.44444444444444,6,-0.6,0.05,0,2,100,0.5555555555555556,7.605316820677083,7.940040965968143,9.169303828982887,1,700.0218348147739,NaN,NaN
3,3,120,9,69.44444444444444,6,-0.6,0.05,0,2,300,0.5555555555555556,7.64481701603551,8.01021326619185,9.134641655318898,1,702.6647197652575,NaN,NaN
3,3,120,9,69.44444444444444,6,-0.6,0.05,0,2,1000,0.5555555555555556,7.663954493170264,8.040312653189712,9.123146987529562,1,703.7085260655884,NaN,NaN
3,3,120,9,69.44444444444444,6,-0.6,0.05,0,2,3000,0.5555555555555556,7.66406750152815,8.040567580285886,9.122792319145066,1,703.7126204063119,NaN,NaN
3,3,120,9,69.44444444444444,6,-0.6,0.05,0,3,1,0,3.0876032480619324,3.1873933449097445,0.006212808748020917,0,219.945774125247,NaN,NaN
3,3,120,9,69.44444444444444,6,-0.6,0.05,0,3,3,0,5.164715104722047,5.452807162221299,0.03606970497866685,0,368.7352490218674,NaN,NaN
3,3,120,9,69.44444444444444,6,-0.6,0.05,0,3,10,0.2222222222222222,7.333558080220117,7.826239291294854,5.898034071100782,1,600.6218552864383,NaN,NaN
3,3,120,9,69.44444444444444,6,-0.6,0.05,0,3,30,0.2222222222222222,7.532455957453379,7.979576537422416,9.151416133401296,1,695.7099671697175,NaN,NaN
3,3,120,9,69.44444444444444,6,-0.6,0.05,0,3,100,0.2222222222222222,7.578944620943948,8.026704615136264,9.159182788571178,1,698.6530675742571,NaN,NaN
3,3,120,9,69.44444444444444,6,-0.6,0.05,0,3,300,0.2222222222222222,7.637748607463195,8.098875927610573,9.13060628395371,1,702.2306865627211,NaN,NaN
3,3,120,9,69.44444444444444,6,-0.6,0.05,0,3,1000,0.2222222222222222,7.663658389497988,8.131115716714215,9.122910566131482,1,703.6903309164071,NaN,NaN
3,3,120,9,69.44444444444444,6,-0.6,0.05,0,3,3000,0.2222222222222222,7.664067407628603,8.131635048620465,9.122792247988656,1,703.7126147575942,NaN,NaN
3,3,120,9,69.44444444444444,6,-0.8,0.2,0,1,1,0,2.9542787412767724,3.0195271395918915,0.007196741495337504,0,89.44313229143245,NaN,NaN
3,3,120,9,69.44444444444444,6,-0.8,0.2,0,1,3,0,4.897071020222893,5.086114108357584,0.0303643063290335,0,147.80760426366513,NaN,NaN
3,3,120,9,69.44444444444444,6,-0.8,0.2,0,1,10,0.2222222222222222,7.176175337370419,7.528291848178831,0.5809319738433697,0.3333333333333333,227.26473113270993,NaN,NaN
3,3,120,9,69.44444444444444,6,-0.8,0.2,0,1,30,0.6666666666666666,7.347289228743652,7.708319963859903,8.722652966967889,1,496.1117407791383,NaN,NaN
3,3,120,9,69.44444444444444,6,-0.8,0.2,0,1,100,0.6666666666666666,7.4709199971106655,7.830103285977998,8.655978398555833,1,664.6458736942818,NaN,NaN
3,3,120,9,69.44444444444444,6,-0.8,0.2,0,1,300,0.6666666666666666,7.547703660516714,7.923070880120613,8.762961274669848,1,671.1635879529484,NaN,NaN
3,3,120,9,69.44444444444444,6,-0.8,0.2,0,1,1000,0.6666666666666666,7.5857400135684845,7.912162836653468,8.757785436934926,1,673.87705794593,NaN,NaN
3,3,120,9,69.44444444444444,6,-0.8,0.2,0,1,3000,0.6666666666666666,7.588654229955803,7.90909531223265,8.759492935382385,1,674.0990148730059,NaN,NaN
3,3,120,9,69.44444444444444,6,-0.8,0.2,0,2,1,0,2.9126171338982854,2.990039232515712,0.004702879980222005,0,118.58400792324214,NaN,NaN
3,3,120,9,69.44444444444444,6,-0.8,0.2,0,2,3,0,4.797318093110505,5.007518761382553,0.018236528865211987,0,194.20102747787564,NaN,NaN
3,3,120,9,69.44444444444444,6,-0.8,0.2,0,2,10,0,6.926497825655958,7.324672820682571,0.09924158990438185,0,285.0726136095159,NaN,NaN
3,3,120,9,69.44444444444444,6,-0.8,0.2,0,2,30,0.5555555555555556,7.197802209239289,7.567723840346133,8.79551577052018,1,652.8757121840989,NaN,NaN
3,3,120,9,69.44444444444444,6,-0.8,0.2,0,2,100,0.5555555555555556,7.235872102847498,7.599187076743492,8.847389797532749,1,668.5179923128702,NaN,NaN
3,3,120,9,69.44444444444444,6,-0.8,0.2,0,2,300,0.5555555555555556,7.299135797426538,7.666241391951345,8.784762998479415,1,672.4157812091696,NaN,NaN
3,3,120,9,69.44444444444444,6,-0.8,0.2,0,2,1000,0.5555555555555556,7.3342616522526844,7.7017270370231765,8.760109833602426,1,674.0873253722314,NaN,NaN
3,3,120,9,69.44444444444444,6,-0.8,0.2,0,2,3000,0.5555555555555556,7.334682349520979,7.701998454013675,8.759493489689053,1,674.0990654922313,NaN,NaN
3,3,120,9,69.44444444444444,6,-0.8,0.2,0,3,1,0,2.939266180110374,3.034262082501273,0.005914328095105547,0,209.37896595047508,NaN,NaN
3,3,120,9,69.44444444444444,6,-0.8,0.2,0,3,3,0,4.837882335288103,5.111898290066786,0.018380002458248314,0,345.4408577255734,NaN,NaN
3,3,120,9,69.44444444444444,6,-0.8,0.2,0,3,10,0,6.96859544895608,7.471266640409555,0.2156398191311958,0,505.468880848375,NaN,NaN
3,3,120,9,69.44444444444444,6,-0.8,0.2,0,3,30,0.2222222222222222,7.21926515692872,7.649665382255607,8.845757020345454,1,665.4703962423376,NaN,NaN
3,3,120,9,69.44444444444444,6,-0.8,0.2,0,3,100,0.2222222222222222,7.258789143522716,7.696127298321824,8.819982159495035,1,669.8461875903492,NaN,NaN
3,3,120,9,69.44444444444444,6,-0.8,0.2,0,3,300,0.2222222222222222,7.310510636905743,7.7615839205697705,8.766752903195577,1,672.8088550281541,NaN,NaN
3,3,120,9,69.44444444444444,6,-0.8,0.2,0,3,1000,0.2222222222222222,7.334164575454859,7.7901404530691485,8.759480097139736,1,674.0713614543156,NaN,NaN
3,3,120,9,69.44444444444444,6,-0.8,0.2,0,3,3000,0.2222222222222222,7.334682218423757,7.790753762061835,8.75949338636838,1,674.0990564055608,NaN,NaN
3,4,140,9,51.0204081632653,3,-0.6,0.05,0,1,1,0,1.7762455914170598,1.8276914349437534,0.0025701455136453587,0,54.99960989127891,NaN,NaN
3,4,140,9,51.0204081632653,3,-0.6,0.05,0,1,3,0,1.76423115753734,1.856504700291951,0.008053218744159478,0,54.384751616562134,NaN,NaN
3,4,140,9,51.0204081632653,3,-0.6,0.05,0,1,10,0,1.8215919694810043,1.9791972558060786,0.07087599998645554,0,58.70868688235839,NaN,NaN
3,4,140,9,51.0204081632653,3,-0.6,0.05,0,1,30,0.3333333333333333,1.8964671485571734,2.1460214508605264,2.4412517398161997,0.5,113.92677374009156,NaN,NaN
3,4,140,9,51.0204081632653,3,-0.6,0.05,0,1,100,0.6666666666666666,1.9393901869375982,2.2063015509030177,2.5872331373042163,1,183.29376382090084,NaN,NaN
3,4,140,9,51.0204081632653,3,-0.6,0.05,0,1,300,0.6666666666666666,1.9442444892246182,2.2172762723906208,2.5748953884117776,1,184.24534553621424,NaN,NaN
3,4,140,9,51.0204081632653,3,-0.6,0.05,0,1,1000,0.6666666666666666,1.932713603516376,2.1838406564811,2.6092605165285594,1,183.10187598892063,NaN,NaN
3,4,140,9,51.0204081632653,3,-0.6,0.05,0,1,3000,0.6666666666666666,1.9679916989892905,2.1885254071697755,2.59952154610821,1,183.23881997530722,NaN,NaN
3,4,140,9,51.0204081632653,3,-0.6,0.05,0,2,1,0,1.7397314282038951,1.7949806776327397,0.003262663639412952,0,72.59246368743675,NaN,NaN
3,4,140,9,51.0204081632653,3,-0.6,0.05,0,2,3,0,1.6823808783174004,1.7924154045371723,0.0068156482626486195,0,70.34143417055834,NaN,NaN
3,4,140,9,51.0204081632653,3,-0.6,0.05,0,2,10,0,1.6724652219760021,1.8630225631909991,0.05516247473452959,0,73.47244744712313,NaN,NaN
3,4,140,9,51.0204081632653,3,-0.6,0.05,0,2,30,0.4444444444444444,1.7405217844581822,1.9925684257642198,2.461535658940443,0.8,122.34541124178021,NaN,NaN
3,4,140,9,51.0204081632653,3,-0.6,0.05,0,2,100,0.5555555555555556,1.7844601980523136,2.038755271924344,2.5533810257881533,1,182.45112768198703,NaN,NaN
3,4,140,9,51.0204081632653,3,-0.6,0.05,0,2,300,0.5555555555555556,1.8034999392334734,2.063897001223222,2.597705768742257,1,183.8905418526629,NaN,NaN
3,4,140,9,51.0204081632653,3,-0.6,0.05,0,2,1000,0.5555555555555556,1.8027335942072102,2.053169432944314,2.628694857126886,1,182.9903195083952,NaN,NaN
3,4,140,9,51.0204081632653,3,-0.6,0.05,0,2,3000,0.5555555555555556,1.7871314896496837,2.0518544110326045,2.596651480190692,1,183.1219970812715,NaN,NaN
3,4,140,9,51.0204081632653,3,-0.6,0.05,0,3,1,0,1.7355110018994209,1.7918974285908187,0.005235454174496039,0,127.08037628009701,NaN,NaN
3,4,140,9,51.0204081632653,3,-0.6,0.05,0,3,3,0,1.6788184070197931,1.7795135978731682,0.02047553070958987,0,122.38137527102097,NaN,NaN
3,4,140,9,51.0204081632653,3,-0.6,0.05,0,3,10,0.1111111111111111,1.6774626671785147,1.859002295230559,0.5840031532376293,0.5,132.83111240493062,NaN,NaN
3,4,140,9,51.0204081632653,3,-0.6,0.05,0,3,30,0.2222222222222222,1.7426509779552424,2.0144908663318004,2.7685023130706568,1,178.79680691884047,NaN,NaN
3,4,140,9,51.0204081632653,3,-0.6,0.05,0,3,100,0.2222222222222222,1.819921728094403,2.1316788274214633,2.616514551977227,1,184.64711399073911,NaN,NaN
3,4,140,9,51.0204081632653,3,-0.6,0.05,0,3,300,0.2222222222222222,1.8018750876167167,2.131489216426995,2.5868023785357273,1,184.09427961579013,NaN,NaN
3,4,140,9,51.0204081632653,3,-0.6,0.05,0,3,1000,0.2222222222222222,1.7997221557596221,2.107363301028524,2.62339654222527,1,182.88083622028282,NaN,NaN
3,4,140,9,51.0204081632653,3,-0.6,0.05,0,3,3000,0.2222222222222222,1.7942092295625365,2.1125332985353387,2.6057677825645773,1,183.14467200052619,NaN,NaN
3,4,140,9,51.0204081632653,3,-0.8,0.2,0,1,1,0,1.6734553685564042,1.721924073253356,0.0024214127981872706,0,51.81681682184543,0.000011299169716071149,1.999998095921828
3,4,140,9,51.0204081632653,3,-0.8,0.2,0,1,3,0,1.49101633891553,1.5771286034880745,0.00436473360171917,0,46.13622022697065,0.000011299169716071149,1.999998095921828
3,4,140,9,51.0204081632653,3,-0.8,0.2,0,1,10,0,1.2657902656322362,1.4129841263451972,0.005037527752652519,0,41.192562901321566,0.000011299169716071149,1.999998095921828
3,4,140,9,51.0204081632653,3,-0.8,0.2,0,1,30,0,1.1677666630886598,1.349200991750455,0.004580047097423169,0,39.28198048576467,0.000011299169716071149,1.999998095921828
3,4,140,9,51.0204081632653,3,-0.8,0.2,0,1,100,0,1.258991362516852,1.4169575206701104,0.00353692767142263,0,41.091378466225436,0.000011299169716071149,1.999998095921828
3,4,140,9,51.0204081632653,3,-0.8,0.2,0,1,300,0,1.2808287890038332,1.4774681213630885,0.002550969470918498,0,42.722736587367066,0.000011299169716071149,1.999998095921828
3,4,140,9,51.0204081632653,3,-0.8,0.2,0,1,1000,0,1.282297521600218,1.4756973874953812,0.0026338243452642598,0,42.67753819652142,0.000011299169716071149,1.999998095921828
3,4,140,9,51.0204081632653,3,-0.8,0.2,0,1,3000,0,1.2873397219493654,1.4672687308484453,0.0027338597966434226,0,42.442488669595356,0.000011299169716071149,1.999998095921828
3,4,140,9,51.0204081632653,3,-0.8,0.2,0,2,1,0,1.6390542571601652,1.6911062670354722,0.0030738553325914504,0,68.39158315802611,-0.0012565058584817239,1.9999997068132822
3,4,140,9,51.0204081632653,3,-0.8,0.2,0,2,3,0,1.4161150186365024,1.5186611869907618,0.003854392792177529,0,59.51072268462072,-0.0012565058584817239,1.9999997068132822
3,4,140,9,51.0204081632653,3,-0.8,0.2,0,2,10,0,1.119427126078871,1.3085261974368518,0.0035755779353446792,0,51.04503039873025,-0.0012565058584817239,1.9999997068132822
3,4,140,9,51.0204081632653,3,-0.8,0.2,0,2,30,0,0.9484401412437129,1.211995371033808,0.0028160582768063623,0,47.16299223559245,-0.0012565058584817239,1.9999997068132822
3,4,140,9,51.0204081632653,3,-0.8,0.2,0,2,100,0,1.0189034284213714,1.2823954966144355,0.0018984507721177813,0,49.69249515692061,-0.0012565058584817239,1.9999997068132822
3,4,140,9,51.0204081632653,3,-0.8,0.2,0,2,300,0,1.0789042578878127,1.3287980842040048,0.0013712599621320085,0,51.392073848551824,-0.0012565058584817239,1.9999997068132822
3,4,140,9,51.0204081632653,3,-0.8,0.2,0,2,1000,0,1.0821693498866123,1.3406212001599063,0.002030977846691594,0,51.878027203175726,-0.0012565058584817239,1.9999997068132822
3,4,140,9,51.0204081632653,3,-0.8,0.2,0,2,3000,0,1.0818080728715864,1.3572091235316726,0.0030824914777843274,0,52.55300062397888,-0.0012565058584817239,1.9999997068132822
3,4,140,9,51.0204081632653,3,-0.8,0.2,0,3,1,0,1.6350780642896823,1.6882014436896848,0.004932481711693835,0,119.72631428429746,-0.00043662515271575324,1.9999996643957871
3,4,140,9,51.0204081632653,3,-0.8,0.2,0,3,3,0,1.4131386343444785,1.5076418905824194,0.00983102930201233,0,103.5099414914017,-0.00043662515271575324,1.9999996643957871
3,4,140,9,51.0204081632653,3,-0.8,0.2,0,3,10,0,1.128175918835118,1.2971066525114714,0.012353226370953582,0,88.56877560068813,-0.00043662515271575324,1.9999996643957871
3,4,140,9,51.0204081632653,3,-0.8,0.2,0,3,30,0,1.0487380840839142,1.2615856590371446,0.007174480071432161,0,85.63763088204368,-0.00043662515271575324,1.9999996643957871
3,4,140,9,51.0204081632653,3,-0.8,0.2,0,3,100,0,1.1921302591602392,1.4189130906993286,0.00460551137347329,0,95.67166679463759,-0.00043662515271575324,1.9999996643957871
3,4,140,9,51.0204081632653,3,-0.8,0.2,0,3,300,0,1.158864956124611,1.4298834165052574,0.004692599921322551,0,96.43687422984534,-0.00043662515271575324,1.9999996643957871
3,4,140,9,51.0204081632653,3,-0.8,0.2,0,3,1000,0,1.126680860506888,1.4228045218692937,0.005161185020823399,0,96.05099853811909,-0.00043662515271575324,1.9999996643957871
3,4,140,9,51.0204081632653,3,-0.8,0.2,0,3,3000,0,1.1235045478709762,1.4217805376043609,0.005241167212374926,0,95.99117974451453,-0.00043662515271575324,1.9999996643957871
3,4,140,9,51.0204081632653,4,-0.6,0.05,0,1,1,0,2.1767315270184264,2.239776744458921,0.0031496302063238947,0,67.40024318852817,NaN,NaN
3,4,140,9,51.0204081632653,4,-0.6,0.05,0,1,3,0,2.751907176937162,2.881858991472086,0.014814287547658594,0,84.51048453506712,NaN,NaN
3,4,140,9,51.0204081632653,4,-0.6,0.05,0,1,10,0.2222222222222222,3.50314617056761,3.7841462669223014,0.9422659474727327,0.3333333333333333,126.21343358319808,NaN,NaN
3,4,140,9,51.0204081632653,4,-0.6,0.05,0,1,30,0.6666666666666666,3.677751645426156,4.103562087949996,4.562993030606905,1,301.9633483207293,NaN,NaN
3,4,140,9,51.0204081632653,4,-0.6,0.05,0,1,100,0.6666666666666666,3.710419728011841,4.122681065792341,4.718663062450201,1,345.72776850210073,NaN,NaN
3,4,140,9,51.0204081632653,4,-0.6,0.05,0,1,300,0.6666666666666666,3.735964454553547,4.161421601204137,4.698447216390783,1,346.910249319057,NaN,NaN
3,4,140,9,51.0204081632653,4,-0.6,0.05,0,1,1000,0.6666666666666666,3.7134653446083834,4.114469664838081,4.730442913080797,1,346.19269412893163,NaN,NaN
3,4,140,9,51.0204081632653,4,-0.6,0.05,0,1,3000,0.6666666666666666,3.755979353110413,4.114651943495313,4.742809780763107,1,346.1098282581769,NaN,NaN
3,4,140,9,51.0204081632653,4,-0.6,0.05,0,2,1,0,2.13198460089917,2.199690769267434,0.0039982887728385735,0,88.95971654816216,NaN,NaN
3,4,140,9,51.0204081632653,4,-0.6,0.05,0,2,3,0,2.6346537295822117,2.7901989792022297,0.012420940964534593,0,109.61816416635804,NaN,NaN
3,4,140,9,51.0204081632653,4,-0.6,0.05,0,2,10,0.1111111111111111,3.2741594020836042,3.5807542973256354,0.9154639872347323,0.2,153.24494491533312,NaN,NaN
3,4,140,9,51.0204081632653,4,-0.6,0.05,0,2,30,0.5555555555555556,3.456744405833092,3.8918820980958277,4.349487447651888,1,334.8216517159304,NaN,NaN
3,4,140,9,51.0204081632653,4,-0.6,0.05,0,2,100,0.5555555555555556,3.480439463241707,3.8671554567447717,4.629640047687311,1,343.676350761165,NaN,NaN
3,4,140,9,51.0204081632653,4,-0.6,0.05,0,2,300,0.5555555555555556,3.5148292747047183,3.9191771105342053,4.718000748563583,1,347.14335840290994,NaN,NaN
3,4,140,9,51.0204081632653,4,-0.6,0.05,0,2,1000,0.5555555555555556,3.5107501687162195,3.9035194419852504,4.77096072249299,1,345.8465783194375,NaN,NaN
3,4,140,9,51.0204081632653,4,-0.6,0.05,0,2,3000,0.5555555555555556,3.4948270227191163,3.9009877683953924,4.7356519879270405,1,346.0731341950765,NaN,NaN
3,4,140,9,51.0204081632653,4,-0.6,0.05,0,3,1,0,2.1268126049551417,2.195912347281404,0.006415879771892417,0,155.73289124595016,NaN,NaN
3,4,140,9,51.0204081632653,4,-0.6,0.05,0,3,3,0,2.6290129727539457,2.7714304989607683,0.03961029410949133,0,190.84313076304625,NaN,NaN
3,4,140,9,51.0204081632653,4,-0.6,0.05,0,3,10,0.2222222222222222,3.262456745113462,3.5752347402247056,2.7645633105548253,1,278.1229115814493,NaN,NaN
3,4,140,9,51.0204081632653,4,-0.6,0.05,0,3,30,0.2222222222222222,3.425796508174927,3.8422797876288937,5.020118729243916,1,340.70730346322387,NaN,NaN
3,4,140,9,51.0204081632653,4,-0.6,0.05,0,3,100,0.2222222222222222,3.5402318820625904,4.0196660635071675,4.757510196522541,1,348.0959922344431,NaN,NaN
3,4,140,9,51.0204081632653,4,-0.6,0.05,0,3,300,0.2222222222222222,3.5131802404846963,4.025596168021677,4.6985475328698705,1,347.4859819808509,NaN,NaN
3,4,140,9,51.0204081632653,4,-0.6,0.05,0,3,1000,0.2222222222222222,3.506804679703455,3.989560089309201,4.7594192033124045,1,345.7308162117082,NaN,NaN
3,4,140,9,51.0204081632653,4,-0.6,0.05,0,3,3000,0.2222222222222222,3.504744827659227,3.9950130675714712,4.750151492579281,1,346.0448272413769,NaN,NaN
3,4,140,9,51.0204081632653,4,-0.8,0.2,0,1,1,0,2.060518987519346,2.1201983122298054,0.0029814760172488263,0,63.80184194952792,NaN,NaN
3,4,140,9,51.0204081632653,4,-0.8,0.2,0,1,3,0,2.4488313317722468,2.572654683636357,0.007782095025132034,0,75.32414633782895,NaN,NaN
3,4,140,9,51.0204081632653,4,-0.8,0.2,0,1,10,0,3.04736082639318,3.269816398762997,0.020240858558551643,0,95.55262036082794,NaN,NaN
3,4,140,9,51.0204081632653,4,-0.8,0.2,0,1,30,0.1111111111111111,3.173646443440901,3.4366857248048013,0.5895850563240209,0.16666666666666666,105.75853287512567,NaN,NaN
3,4,140,9,51.0204081632653,4,-0.8,0.2,0,1,100,0.2222222222222222,3.235677870308186,3.658700941248476,4.196519837855253,0.3333333333333333,176.0292100890406,NaN,NaN
3,4,140,9,51.0204081632653,4,-0.8,0.2,0,1,300,0.2222222222222222,3.2346991469128596,3.6973169869782203,4.129959710185403,0.3333333333333333,176.11538287615934,NaN,NaN
3,4,140,9,51.0204081632653,4,-0.8,0.2,0,1,1000,0.2222222222222222,3.213797864232863,3.646298535257793,4.182419443118541,0.3333333333333333,175.14058712860185,NaN,NaN
3,4,140,9,51.0204081632653,4,-0.8,0.2,0,1,3000,0.2222222222222222,3.2341593441804175,3.611772016397007,4.226427425169657,0.3333333333333333,174.7727388475873,NaN,NaN
3,4,140,9,51.0204081632653,4,-0.8,0.2,0,2,1,0,2.0181610348929393,2.082252469120514,0.003784825933634564,0,84.2102862923598,NaN,NaN
3,4,140,9,51.0204081632653,4,-0.8,0.2,0,2,3,0,2.3386897821048946,2.487288179450468,0.0068653016821757645,0,97.56809378277319,NaN,NaN
3,4,140,9,51.0204081632653,4,-0.8,0.2,0,2,10,0,2.8219775861911454,3.1059551257676405,0.01643124262937933,0,121.46394340185259,NaN,NaN
3,4,140,9,51.0204081632653,4,-0.8,0.2,0,2,30,0,2.917261216853694,3.2299325396782637,0.05197529524813681,0,126.44671154158442,NaN,NaN
3,4,140,9,51.0204081632653,4,-0.8,0.2,0,2,100,0.1111111111111111,2.992428522205943,3.398712029699348,4.2568421252619055,0.2,171.93967562028473,NaN,NaN
3,4,140,9,51.0204081632653,4,-0.8,0.2,0,2,300,0.1111111111111111,3.0077591379793014,3.441902972681632,4.141163789914854,0.2,172.34073318244307,NaN,NaN
3,4,140,9,51.0204081632653,4,-0.8,0.2,0,2,1000,0.1111111111111111,2.997706322113098,3.3948171198773194,4.184138682471861,0.2,171.11020544901896,NaN,NaN
3,4,140,9,51.0204081632653,4,-0.8,0.2,0,2,3000,0.1111111111111111,3.0193157243792124,3.426766689763355,4.149584110696292,0.2,172.12413512575492,NaN,NaN
3,4,140,9,51.0204081632653,4,-0.8,0.2,0,3,1,0,2.013265164311857,2.0786757716047943,0.006073345255275333,0,147.41853802848416,NaN,NaN
3,4,140,9,51.0204081632653,4,-0.8,0.2,0,3,3,0,2.334238301766766,2.4710316852053578,0.018714453603583175,0,169.8564219856479,NaN,NaN
3,4,140,9,51.0204081632653,4,-0.8,0.2,0,3,10,0,2.8378925773229353,3.0959787737067685,0.20025333801390544,0,213.37470568062673,NaN,NaN
3,4,140,9,51.0204081632653,4,-0.8,0.2,0,3,30,0.2222222222222222,3.026061726302856,3.401671921892608,4.591198649841294,1,278.76276665338816,NaN,NaN
3,4,140,9,51.0204081632653,4,-0.8,0.2,0,3,100,0.2222222222222222,3.1239945469176127,3.5930219126968344,4.310969886502995,1,311.1299250702119,NaN,NaN
3,4,140,9,51.0204081632653,4,-0.8,0.2,0,3,300,0.2222222222222222,3.097779802553061,3.5961866558908064,4.259481292409681,1,310.43056129797435,NaN,NaN
3,4,140,9,51.0204081632653,4,-0.8,0.2,0,3,1000,0.2222222222222222,3.092585687216861,3.5605669421561026,4.315289026452405,1,308.6554871619618,NaN,NaN
3,4,140,9,51.0204081632653,4,-0.8,0.2,0,3,3000,0.2222222222222222,3.0909387985717043,3.5667193176175083,4.304201591157436,1,309.00057483903805,NaN,NaN
3,4,140,9,51.0204081632653,5,-0.6,0.05,0,1,1,0,2.5772174626197923,2.6518620539740905,0.0037291148990024276,0,79.80087648577789,NaN,NaN
3,4,140,9,51.0204081632653,5,-0.6,0.05,0,1,3,0,3.818926496626102,3.9866080002123057,0.02418748005347523,0,117.0227742466104,NaN,NaN
3,4,140,9,51.0204081632653,5,-0.6,0.05,0,1,10,0.4444444444444444,5.247887599980554,5.674136530743546,3.0261113507457065,0.6666666666666666,232.9010495197046,NaN,NaN
3,4,140,9,51.0204081632653,5,-0.6,0.05,0,1,30,0.6666666666666666,5.46432615641324,6.086617910838079,6.150853816746058,1,482.6115929198074,NaN,NaN
3,4,140,9,51.0204081632653,5,-0.6,0.05,0,1,100,0.6666666666666666,5.544476891931227,6.049528747896727,6.730770847978927,1,497.57188247735763,NaN,NaN
3,4,140,9,51.0204081632653,5,-0.6,0.05,0,1,300,0.6666666666666666,5.495404137182775,6.057875346999967,6.875616521854379,1,509.1509385588747,NaN,NaN
3,4,140,9,51.0204081632653,5,-0.6,0.05,0,1,1000,0.6666666666666666,5.490017515917905,6.043639127972713,6.8651904141684925,1,509.45205955630803,NaN,NaN
3,4,140,9,51.0204081632653,5,-0.6,0.05,0,1,3000,0.6666666666666666,5.555079388415964,6.0463229401071565,6.880668360773723,1,509.3569655716988,NaN,NaN
3,4,140,9,51.0204081632653,5,-0.6,0.05,0,2,1,0,2.5242377735944466,2.60440086090213,0.004733913906264198,0,105.32696940888727,NaN,NaN
3,4,140,9,51.0204081632653,5,-0.6,0.05,0,2,3,0,3.6656228979572583,3.8667072401476497,0.020089956789503014,0,152.05665084249452,NaN,NaN
3,4,140,9,51.0204081632653,5,-0.6,0.05,0,2,10,0.5555555555555556,4.951186687027407,5.39270103110539,3.1506104990894492,1,280.6906350958612,NaN,NaN
3,4,140,9,51.0204081632653,5,-0.6,0.05,0,2,30,0.5555555555555556,5.141061054968812,5.734120174690646,6.340303713672869,1,494.3734676695671,NaN,NaN
3,4,140,9,51.0204081632653,5,-0.6,0.05,0,2,100,0.5555555555555556,5.178463830076606,5.7020194720660555,6.720779457368028,1,505.5668763148397,NaN,NaN
3,4,140,9,51.0204081632653,5,-0.6,0.05,0,2,300,0.5555555555555556,5.2270668608892406,5.777371056621577,6.84421085619679,1,510.67515182646633,NaN,NaN
3,4,140,9,51.0204081632653,5,-0.6,0.05,0,2,1000,0.5555555555555556,5.220412584047583,5.7573936497293445,6.918242099342995,1,508.983533331993,NaN,NaN
3,4,140,9,51.0204081632653,5,-0.6,0.05,0,2,3000,0.5555555555555556,5.203763320143475,5.754348253724623,6.880169002668506,1,509.2787780464485,NaN,NaN
3,4,140,9,51.0204081632653,5,-0.6,0.05,0,3,1,0,2.5181142080108634,2.599927265971992,0.007596305369288767,0,184.38540621180374,NaN,NaN
3,4,140,9,51.0204081632653,5,-0.6,0.05,0,3,3,0,3.657680536498345,3.8416460096500726,0.06696614901862677,0,264.8403864470828,NaN,NaN
3,4,140,9,51.0204081632653,5,-0.6,0.05,0,3,10,0.2222222222222222,4.88634382617488,5.338329009421892,5.232648974713561,1,439.55439303609853,NaN,NaN
3,4,140,9,51.0204081632653,5,-0.6,0.05,0,3,30,0.2222222222222222,5.10914175788222,5.669799445167505,7.268880230490609,1,502.09065853567404,NaN,NaN
3,4,140,9,51.0204081632653,5,-0.6,0.05,0,3,100,0.2222222222222222,5.262508073999874,5.910810411774592,6.905087187252134,1,511.8437296624372,NaN,NaN
3,4,140,9,51.0204081632653,5,-0.6,0.05,0,3,300,0.2222222222222222,5.226522955007877,5.92277090941059,6.817338858721531,1,511.1630630843585,NaN,NaN
3,4,140,9,51.0204081632653,5,-0.6,0.05,0,3,1000,0.2222222222222222,5.215631591017823,5.875521911564031,6.900367060820361,1,508.8806376196086,NaN,NaN
3,4,140,9,51.0204081632653,5,-0.6,0.05,0,3,3000,0.2222222222222222,5.215829579650918,5.880660205955404,6.899341880691718,1,509.20522068117344,NaN,NaN
3,4,140,9,51.0204081632653,5,-0.8,0.2,0,1,1,0,2.4475826064822885,2.5184725512062536,0.003541539236310399,0,75.78686707721046,NaN,NaN
3,4,140,9,51.0204081632653,5,-0.8,0.2,0,1,3,0,3.4995615636911563,3.660618159654384,0.012235851798827068,0,107.25573449645525,NaN,NaN
3,4,140,9,51.0204081632653,5,-0.8,0.2,0,1,10,0,4.817093382944038,5.131718164310384,0.15265534154592533,0,151.72218812057605,NaN,NaN
3,4,140,9,51.0204081632653,5,-0.8,0.2,0,1,30,0.3333333333333333,5.104001267458915,5.6004544394872084,6.280212162278577,0.5,310.4396136489781,NaN,NaN
3,4,140,9,51.0204081632653,5,-0.8,0.2,0,1,100,0.5555555555555556,5.175755206318566,5.687907510481119,6.392268368259132,0.8333333333333334,429.67950308690234,NaN,NaN
3,4,140,9,51.0204081632653,5,-0.8,0.2,0,1,300,0.5555555555555556,5.208077793070796,5.707160566841189,6.481135827859162,0.8333333333333334,429.92874479370903,NaN,NaN
3,4,140,9,51.0204081632653,5,-0.8,0.2,0,1,1000,0.5555555555555556,5.20344436175311,5.720740424033156,6.4912200430487195,0.8333333333333334,429.6128380019884,NaN,NaN
3,4,140,9,51.0204081632653,5,-0.8,0.2,0,1,3000,0.6666666666666666,5.1426239391101936,5.665424053778481,6.485657266768196,1,477.0431990523253,NaN,NaN
3,4,140,9,51.0204081632653,5,-0.8,0.2,0,2,1,0,2.3972678126257136,2.4733986712055556,0.004495796534677674,0,100.0289894266932,NaN,NaN
3,4,140,9,51.0204081632653,5,-0.8,0.2,0,2,3,0,3.353666311419834,3.548071250387721,0.010726174119139224,0,139.2918970786012,NaN,NaN
3,4,140,9,51.0204081632653,5,-0.8,0.2,0,2,10,0,4.507955121824071,4.891548064489391,0.10003171345558932,0,192.3491639347536,NaN,NaN
3,4,140,9,51.0204081632653,5,-0.8,0.2,0,2,30,0.4444444444444444,4.729808650965699,5.29529924023897,6.2923082950473255,0.8,369.4212988959736,NaN,NaN
3,4,140,9,51.0204081632653,5,-0.8,0.2,0,2,100,0.5555555555555556,4.838096849752733,5.354992957744537,6.4143632969038515,1,476.4675104765603,NaN,NaN
3,4,140,9,51.0204081632653,5,-0.8,0.2,0,2,300,0.5555555555555556,4.873440239165946,5.414690548852903,6.448330410263619,1,478.75060600815374,NaN,NaN
3,4,140,9,51.0204081632653,5,-0.8,0.2,0,2,1000,0.5555555555555556,4.868595700459973,5.390056817908509,6.523476372483355,1,476.9337919014552,NaN,NaN
3,4,140,9,51.0204081632653,5,-0.8,0.2,0,2,3000,0.5555555555555556,4.852139706377108,5.391501647938311,6.48511139195159,1,477.30368741885997,NaN,NaN
3,4,140,9,51.0204081632653,5,-0.8,0.2,0,3,1,0,2.391452264334033,2.4691500995199043,0.007214208798856832,0,175.1107617726712,NaN,NaN
3,4,140,9,51.0204081632653,5,-0.8,0.2,0,3,3,0,3.347935088501361,3.5262508466753486,0.031127474157135196,0,242.62302620083867,NaN,NaN
3,4,140,9,51.0204081632653,5,-0.8,0.2,0,3,10,0.1111111111111111,4.527506401277041,4.902611029186091,2.100537218669227,0.5,355.7420276839682,NaN,NaN
3,4,140,9,51.0204081632653,5,-0.8,0.2,0,3,30,0.2222222222222222,4.761317346043336,5.309870031752671,6.8592292422947985,1,470.2988153199834,NaN,NaN
3,4,140,9,51.0204081632653,5,-0.8,0.2,0,3,100,0.2222222222222222,4.909377479274663,5.541376628667803,6.510973946883343,1,479.8616204823636,NaN,NaN
3,4,140,9,51.0204081632653,5,-0.8,0.2,0,3,300,0.2222222222222222,4.874291789708562,5.551792096583342,6.4279104147080846,1,479.14487360660263,NaN,NaN
3,4,140,9,51.0204081632653,5,-0.8,0.2,0,3,1000,0.2222222222222222,4.864483841537912,5.505023635838277,6.507608884862573,1,476.86751949023375,NaN,NaN
3,4,140,9,51.0204081632653,5,-0.8,0.2,0,3,3000,0.2222222222222222,4.864529424240035,5.510784962791081,6.50398858264741,1,477.22038444640214,NaN,NaN
3,4,140,9,51.0204081632653,6,-0.6,0.05,0,1,1,0,2.9777033982211587,3.063947363489259,0.004308599591680961,0,92.20150978302752,NaN,NaN
3,4,140,9,51.0204081632653,6,-0.6,0.05,0,1,3,0,4.936899530852039,5.142310314641652,0.03656832919582552,0,151.09310242384342,NaN,NaN
3,4,140,9,51.0204081632653,6,-0.6,0.05,0,1,10,0.4444444444444444,7.01616354536176,7.589770788275287,5.356178428472678,0.6666666666666666,369.2917439424037,NaN,NaN
3,4,140,9,51.0204081632653,6,-0.6,0.05,0,1,30,0.6666666666666666,7.231327937078831,8.020578651337837,8.072724737374635,1,640.4813862469302,NaN,NaN
3,4,140,9,51.0204081632653,6,-0.6,0.05,0,1,100,0.6666666666666666,7.378366378460405,8.036927293569585,8.611588890811852,1,653.5272090421199,NaN,NaN
3,4,140,9,51.0204081632653,6,-0.6,0.05,0,1,300,0.6666666666666666,7.266579189767102,7.9635010858457775,8.980629489496158,1,672.9572759649193,NaN,NaN
3,4,140,9,51.0204081632653,6,-0.6,0.05,0,1,1000,0.6666666666666666,7.27141119383776,7.974050947574825,9.005527692954434,1,672.8952323771933,NaN,NaN
3,4,140,9,51.0204081632653,6,-0.6,0.05,0,1,3000,0.6666666666666666,7.356559880469429,7.981156430923689,9.02437835622817,1,672.874240587326,NaN,NaN
3,4,140,9,51.0204081632653,6,-0.6,0.05,0,2,1,0,2.916490946289723,3.009110952536826,0.005469539039689826,0,121.69422226961238,NaN,NaN
3,4,140,9,51.0204081632653,6,-0.6,0.05,0,2,3,0,4.747163803821654,4.993618687328404,0.03012459132781557,0,196.5460533653081,NaN,NaN
3,4,140,9,51.0204081632653,6,-0.6,0.05,0,2,10,0.5555555555555556,6.650889214634137,7.2392221034989035,5.539759000136896,1,452.1206656271164,NaN,NaN
3,4,140,9,51.0204081632653,6,-0.6,0.05,0,2,30,0.5555555555555556,6.826807243435602,7.5786973738671755,8.333660351214313,1,653.7062371505529,NaN,NaN
3,4,140,9,51.0204081632653,6,-0.6,0.05,0,2,100,0.5555555555555556,6.879140530103929,7.540466126030849,8.813822989927667,1,667.7143793946967,NaN,NaN
3,4,140,9,51.0204081632653,6,-0.6,0.05,0,2,300,0.5555555555555556,6.942362084803907,7.638694688454404,8.974396058693934,1,674.4971686621835,NaN,NaN
3,4,140,9,51.0204081632653,6,-0.6,0.05,0,2,1000,0.5555555555555556,6.933196450977954,7.614869417990166,9.06844549673139,1,672.4209512632569,NaN,NaN
3,4,140,9,51.0204081632653,6,-0.6,0.05,0,2,3000,0.5555555555555556,6.915668795164084,7.611084806307231,9.028264378280404,1,672.767022280431,NaN,NaN
3,4,140,9,51.0204081632653,6,-0.6,0.05,0,3,1,0,2.909415811066586,3.003942184662578,0.008776730966685114,0,213.03792117765676,NaN,NaN
3,4,140,9,51.0204081632653,6,-0.6,0.05,0,3,3,0,4.736626548480773,4.961874890538509,0.10368333660692736,0,342.4291821058606,NaN,NaN
3,4,140,9,51.0204081632653,6,-0.6,0.05,0,3,10,0.2222222222222222,6.52129817678048,7.112286123605854,7.632310084416304,1,602.5507289259469,NaN,NaN
3,4,140,9,51.0204081632653,6,-0.6,0.05,0,3,30,0.2222222222222222,6.795102438196173,7.499993282014406,9.52023918042948,1,663.7031514861303,NaN,NaN
3,4,140,9,51.0204081632653,6,-0.6,0.05,0,3,100,0.2222222222222222,6.9880103062670464,7.805240414879906,9.056645747980319,1,675.8866608984366,NaN,NaN
3,4,140,9,51.0204081632653,6,-0.6,0.05,0,3,300,0.2222222222222222,6.94316143351411,7.823231149814454,8.94026986391959,1,675.1332817714117,NaN,NaN
3,4,140,9,51.0204081632653,6,-0.6,0.05,0,3,1000,0.2222222222222222,6.927667349664133,7.765076696661395,9.044515665722912,1,672.3304811791392,NaN,NaN
3,4,140,9,51.0204081632653,6,-0.6,0.05,0,3,3000,0.2222222222222222,6.92966642957866,7.769743748811957,9.051514196154173,1,672.6554103543015,NaN,NaN
3,4,140,9,51.0204081632653,6,-0.8,0.2,0,1,1,0,2.83464622544523,2.9167467901827018,0.004101602455371953,0,87.77189220489264,NaN,NaN
3,4,140,9,51.0204081632653,6,-0.8,0.2,0,1,3,0,4.607762833653546,4.805639873179254,0.017832154794364778,0,140.89130800541494,NaN,NaN
3,4,140,9,51.0204081632653,6,-0.8,0.2,0,1,10,0.2222222222222222,6.582452632807435,7.034525138382797,1.1972160541215906,0.3333333333333333,222.59459640589273,NaN,NaN
3,4,140,9,51.0204081632653,6,-0.8,0.2,0,1,30,0.6666666666666666,6.902615105482113,7.611930002665253,8.353469314169992,1,543.8987572514874,NaN,NaN
3,4,140,9,51.0204081632653,6,-0.8,0.2,0,1,100,0.6666666666666666,6.956192044096843,7.644080383534107,8.625804466152754,1,642.9239559236702,NaN,NaN
3,4,140,9,51.0204081632653,6,-0.8,0.2,0,1,300,0.6666666666666666,6.991550691476622,7.70363701624001,8.580582701059575,1,644.9303373866758,NaN,NaN
3,4,140,9,51.0204081632653,6,-0.8,0.2,0,1,1000,0.6666666666666666,6.9539968397244385,7.633957204385925,8.632778071700573,1,643.547533079987,NaN,NaN
3,4,140,9,51.0204081632653,6,-0.8,0.2,0,1,3000,0.6666666666666666,7.0160478591434785,7.631689225279758,8.671936116888084,1,643.2632076157992,NaN,NaN
3,4,140,9,51.0204081632653,6,-0.8,0.2,0,2,1,0,2.7763745903584884,2.8645448732905976,0.005206767135720786,0,115.84769256102706,NaN,NaN
3,4,140,9,51.0204081632653,6,-0.8,0.2,0,2,3,0,4.425831111197291,4.665695338237617,0.015496207622227384,0,183.28932094587663,NaN,NaN
3,4,140,9,51.0204081632653,6,-0.8,0.2,0,2,10,0.1111111111111111,6.188994929099904,6.684639036360656,0.9014582641064316,0.2,271.6609695140373,NaN,NaN
3,4,140,9,51.0204081632653,6,-0.8,0.2,0,2,30,0.5555555555555556,6.534982535974076,7.253077885214859,8.047708888952094,1,626.205834192736,NaN,NaN
3,4,140,9,51.0204081632653,6,-0.8,0.2,0,2,100,0.5555555555555556,6.56372796144821,7.211411422152652,8.501842255085116,1,640.1885698992342,NaN,NaN
3,4,140,9,51.0204081632653,6,-0.8,0.2,0,2,300,0.5555555555555556,6.622020852012639,7.304968166038121,8.608221111475055,1,645.0930774224919,NaN,NaN
3,4,140,9,51.0204081632653,6,-0.8,0.2,0,2,1000,0.5555555555555556,6.613024772695344,7.277469599438572,8.70150125345289,1,642.9481525108481,NaN,NaN
3,4,140,9,51.0204081632653,6,-0.8,0.2,0,2,3000,0.5555555555555556,6.594580841453532,7.27453253463481,8.659107023917267,1,643.3142672030427,NaN,NaN
3,4,140,9,51.0204081632653,6,-0.8,0.2,0,3,1,0,2.7696393643562067,2.8596244274350124,0.008355072342438341,0,202.80298551685848,NaN,NaN
3,4,140,9,51.0204081632653,6,-0.8,0.2,0,3,3,0,4.418917708047229,4.638017889644125,0.047618280459024734,0,319.37335408548785,NaN,NaN
3,4,140,9,51.0204081632653,6,-0.8,0.2,0,3,10,0.2222222222222222,6.1996005357910295,6.718999547450375,5.265364158663388,1,520.3869179534922,NaN,NaN
3,4,140,9,51.0204081632653,6,-0.8,0.2,0,3,30,0.2222222222222222,6.478497810452821,7.169372504779034,9.139899644935836,1,634.5752486308718,NaN,NaN
3,4,140,9,51.0204081632653,6,-0.8,0.2,0,3,100,0.2222222222222222,6.665618376336163,7.464608634021381,8.689213585165904,1,646.41077419691,NaN,NaN
3,4,140,9,51.0204081632653,6,-0.8,0.2,0,3,300,0.2222222222222222,6.621797277443905,7.4815050075804255,8.576608721169245,1,645.6409015473433,NaN,NaN
3,4,140,9,51.0204081632653,6,-0.8,0.2,0,3,1000,0.2222222222222222,6.6072906591913165,7.424004145176942,8.678020816725349,1,642.8576362674484,NaN,NaN
3,4,140,9,51.0204081632653,6,-0.8,0.2,0,3,3000,0.2222222222222222,6.609265259737863,7.429150879453949,8.68306036020944,1,643.2039555611542,NaN,NaN
4,2,120,9,69.44444444444444,3,-0.6,0.05,0,1,1,0,1.9400277260786416,1.9481028618506724,0.008831531257891498,0,101.0616199157273,NaN,NaN
4,2,120,9,69.44444444444444,3,-0.6,0.05,0,1,3,0,2.1817067495045253,2.2290902543651714,0.009890216163109816,0,110.40255264718076,NaN,NaN
4,2,120,9,69.44444444444444,3,-0.6,0.05,0,1,10,0,2.6767396010950124,2.749790120082197,0.20760419083225548,0,138.73155246697567,NaN,NaN
4,2,120,9,69.44444444444444,3,-0.6,0.05,0,1,30,0.4444444444444444,2.9632763023728486,3.0607602118986925,2.922821132739972,0.6666666666666666,294.0565642279668,NaN,NaN
4,2,120,9,69.44444444444444,3,-0.6,0.05,0,1,100,0.6666666666666666,2.9986374744947724,3.1004370744257526,3.2795029100976283,1,443.3105398054656,NaN,NaN
4,2,120,9,69.44444444444444,3,-0.6,0.05,0,1,300,0.6666666666666666,3.065180440693912,3.128821351947218,3.1987699997848247,1,447.94261445440713,NaN,NaN
4,2,120,9,69.44444444444444,3,-0.6,0.05,0,1,1000,0.6666666666666666,3.085391775955049,3.136938645877827,3.1284111107873005,1,448.6494577381755,NaN,NaN
4,2,120,9,69.44444444444444,3,-0.6,0.05,0,1,3000,0.6666666666666666,3.0845536845599533,3.1357446783096905,3.112155468370236,1,448.65734432509964,NaN,NaN
4,2,120,9,69.44444444444444,3,-0.6,0.05,0,2,1,0,1.9400512600222763,1.9456282266189746,0.004921768337291823,0,134.4561815593533,NaN,NaN
4,2,120,9,69.44444444444444,3,-0.6,0.05,0,2,3,0,2.181253717609104,2.2203135919699784,0.007731040385811194,0,146.56678734172323,NaN,NaN
4,2,120,9,69.44444444444444,3,-0.6,0.05,0,2,10,0,2.668548823560099,2.7261970752452185,0.050684962755047636,0,179.09310712314024,NaN,NaN
4,2,120,9,69.44444444444444,3,-0.6,0.05,0,2,30,0.5555555555555556,2.9537244752085194,3.0215120072008705,3.145599951001864,1,355.40509801222794,NaN,NaN
4,2,120,9,69.44444444444444,3,-0.6,0.05,0,2,100,0.5555555555555556,2.9694370913682224,3.0424382518197506,3.35724610418145,1,447.51628832138584,NaN,NaN
4,2,120,9,69.44444444444444,3,-0.6,0.05,0,2,300,0.5555555555555556,2.9837012054930843,3.0424688811374647,3.343697018641546,1,447.8477966541951,NaN,NaN
4,2,120,9,69.44444444444444,3,-0.6,0.05,0,2,1000,0.5555555555555556,2.997818638181765,3.0436101919927054,3.3345211334726295,1,447.8549460038858,NaN,NaN
4,2,120,9,69.44444444444444,3,-0.6,0.05,0,2,3000,0.5555555555555556,3.0018604419504316,3.044067445853644,3.333254733533046,1,447.8998717787382,NaN,NaN
4,2,120,9,69.44444444444444,3,-0.6,0.05,0,3,1,0,1.9430367168239426,1.9510223539637914,0.00925441247552556,0,235.24170974548306,NaN,NaN
4,2,120,9,69.44444444444444,3,-0.6,0.05,0,3,3,0,2.1947299248236902,2.244811972677638,0.017432173411521073,0,258.11101899854975,NaN,NaN
4,2,120,9,69.44444444444444,3,-0.6,0.05,0,3,10,0.1111111111111111,2.690809990964465,2.7752910758291813,0.45747979940732975,0.5,322.7562645738233,NaN,NaN
4,2,120,9,69.44444444444444,3,-0.6,0.05,0,3,30,0.2222222222222222,2.892435858368869,3.011417929241897,3.2858801697504907,1,433.13734105399647,NaN,NaN
4,2,120,9,69.44444444444444,3,-0.6,0.05,0,3,100,0.2222222222222222,2.933257549378503,3.0439938245067557,3.358130200048177,1,446.0845302603237,NaN,NaN
4,2,120,9,69.44444444444444,3,-0.6,0.05,0,3,300,0.2222222222222222,2.956443558549178,3.0552257773410205,3.339178177284716,1,447.41482362225804,NaN,NaN
4,2,120,9,69.44444444444444,3,-0.6,0.05,0,3,1000,0.2222222222222222,2.977365432190828,3.058926164463632,3.2953783713338596,1,448.2780682798636,NaN,NaN
4,2,120,9,69.44444444444444,3,-0.6,0.05,0,3,3000,0.2222222222222222,2.986311598120904,3.0580758590239867,3.2917848137593477,1,448.38585251304477,NaN,NaN
4,2,120,9,69.44444444444444,3,-0.8,0.2,0,1,1,0,1.8277595333900478,1.8353673660990066,0.008320456060527991,0,95.21324709836844,-0.00010831884976005367,1.999996053867427
4,2,120,9,69.44444444444444,3,-0.8,0.2,0,1,3,0,1.881402056624421,1.9252917271110679,0.005991685477613852,0,94.97471943574556,-0.00010831884976005367,1.999996053867427
4,2,120,9,69.44444444444444,3,-0.8,0.2,0,1,10,0,2.0635701088568443,2.115192081175735,0.008908731935568147,0,103.19258360515528,-0.00010831884976005367,1.999996053867427
4,2,120,9,69.44444444444444,3,-0.8,0.2,0,1,30,0,2.1945091269720245,2.236684177726189,0.006763767182403016,0,108.83744393916851,-0.00010831884976005367,1.999996053867427
4,2,120,9,69.44444444444444,3,-0.8,0.2,0,1,100,0,2.200899585236367,2.2437983784982616,0.006446140865908964,0,109.15550512145516,-0.00010831884976005367,1.999996053867427
4,2,120,9,69.44444444444444,3,-0.8,0.2,0,1,300,0,2.2033123062258837,2.245093878226728,0.0065425687626309865,0,109.20296115930351,-0.00010831884976005367,1.999996053867427
4,2,120,9,69.44444444444444,3,-0.8,0.2,0,1,1000,0,2.207343995044557,2.2469274358560205,0.006421111632549121,0,109.30159714151927,-0.00010831884976005367,1.999996053867427
4,2,120,9,69.44444444444444,3,-0.8,0.2,0,1,3000,0,2.2169111411074054,2.2481401267963017,0.0049639448245729755,0,109.3539482263871,-0.00010831884976005367,1.999996053867427
4,2,120,9,69.44444444444444,3,-0.8,0.2,0,2,1,0,1.8277817054390637,1.83303593646241,0.00463694867794779,0,126.67528631926847,-0.0013129232486807393,1.999995770670597
4,2,120,9,69.44444444444444,3,-0.8,0.2,0,2,3,0,1.8808855184734254,1.917268758723136,0.004682229616014792,0,126.10353893890868,-0.0013129232486807393,1.999995770670597
4,2,120,9,69.44444444444444,3,-0.8,0.2,0,2,10,0,2.0615577767425157,2.1111585893200076,0.003342200230785576,0,137.16072905705417,-0.0013129232486807393,1.999995770670597
4,2,120,9,69.44444444444444,3,-0.8,0.2,0,2,30,0,2.1901449754255418,2.235419662467078,0.0025406772841361164,0,144.89579169043623,-0.0013129232486807393,1.999995770670597
4,2,120,9,69.44444444444444,3,-0.8,0.2,0,2,100,0,2.194850293214505,2.2415670562257235,0.002485825657953263,0,145.2574103592587,-0.0013129232486807393,1.999995770670597
4,2,120,9,69.44444444444444,3,-0.8,0.2,0,2,300,0,2.1962791857870796,2.243123142528312,0.002466545877666519,0,145.31535420874437,-0.0013129232486807393,1.999995770670597
4,2,120,9,69.44444444444444,3,-0.8,0.2,0,2,1000,0,2.1990919700633436,2.2441120773564687,0.002512014309499929,0,145.3972783707254,-0.0013129232486807393,1.999995770670597
4,2,120,9,69.44444444444444,3,-0.8,0.2,0,2,3000,0,2.1992809021168576,2.2435070776965262,0.00253274861903693,0,145.3761585489544,-0.0013129232486807393,1.999995770670597
4,2,120,9,69.44444444444444,3,-0.8,0.2,0,3,1,0,1.8305943957204553,1.8381179090271722,0.00871886540624625,0,221.62841894397303,-0.0012503127144644097,1.9999965331378358
4,2,120,9,69.44444444444444,3,-0.8,0.2,0,3,3,0,1.8938713500440998,1.9399907113068013,0.008992583054335014,0,222.2713500764338,-0.0012503127144644097,1.9999965331378358
4,2,120,9,69.44444444444444,3,-0.8,0.2,0,3,10,0,2.084701814264481,2.1541193058612493,0.00780316570579218,0,244.11717635141977,-0.0012503127144644097,1.9999965331378358
4,2,120,9,69.44444444444444,3,-0.8,0.2,0,3,30,0,2.217903293135329,2.286108852454322,0.006152811101347905,0,258.6140703027122,-0.0012503127144644097,1.9999965331378358
4,2,120,9,69.44444444444444,3,-0.8,0.2,0,3,100,0,2.2400022613680797,2.3036023411042055,0.006300298375084898,0,260.4497749734011,-0.0012503127144644097,1.9999965331378358
4,2,120,9,69.44444444444444,3,-0.8,0.2,0,3,300,0,2.2431196579911448,2.307271405845708,0.006085844102106223,0,260.77891590434814,-0.0012503127144644097,1.9999965331378358
4,2,120,9,69.44444444444444,3,-0.8,0.2,0,3,1000,0,2.2428936267482835,2.307505473889153,0.005926838356064525,0,260.8355544950245,-0.0012503127144644097,1.9999965331378358
4,2,120,9,69.44444444444444,3,-0.8,0.2,0,3,3000,0,2.2660502065809687,2.322959349021803,0.010107886038585081,0,262.71815955343504,-0.0012503127144644097,1.9999965331378358
4,2,120,9,69.44444444444444,4,-0.6,0.05,0,1,1,0,2.3774412361954247,2.3873370539274252,0.010822755937462791,0,123.84774678968611,NaN,NaN
4,2,120,9,69.44444444444444,4,-0.6,0.05,0,1,3,0,3.316255698799222,3.3824295596479694,0.01741277700160215,0,168.17046172290702,NaN,NaN
4,2,120,9,69.44444444444444,4,-0.6,0.05,0,1,10,0.3333333333333333,4.836175373528964,4.973648597949261,1.2085116628139472,0.5,281.62157803771265,NaN,NaN
4,2,120,9,69.44444444444444,4,-0.6,0.05,0,1,30,0.6666666666666666,5.39607113211621,5.502938426102084,5.5524589430908255,1,728.4598421838962,NaN,NaN
4,2,120,9,69.44444444444444,4,-0.6,0.05,0,1,100,0.6666666666666666,5.490009439279434,5.5659803735616515,5.689551961514716,1,795.48472202105,NaN,NaN
4,2,120,9,69.44444444444444,4,-0.6,0.05,0,1,300,0.6666666666666666,5.505851210580579,5.554142337009004,5.698229539263256,1,801.7674516551184,NaN,NaN
4,2,120,9,69.44444444444444,4,-0.6,0.05,0,1,1000,0.6666666666666666,5.506541144158928,5.5132184342478965,5.720836344390234,1,802.0575951187461,NaN,NaN
4,2,120,9,69.44444444444444,4,-0.6,0.05,0,1,3000,0.6666666666666666,5.421892983478131,5.5322885345913635,5.652106995325944,1,801.083594023121,NaN,NaN
4,2,120,9,69.44444444444444,4,-0.6,0.05,0,2,1,0,2.3774700762822416,2.3843044684827452,0.006031467923260105,0,164.77170207598772,NaN,NaN
4,2,120,9,69.44444444444444,4,-0.6,0.05,0,2,3,0,3.3159314608203645,3.369315681452121,0.013831689480996594,0,223.20057936414457,NaN,NaN
4,2,120,9,69.44444444444444,4,-0.6,0.05,0,2,10,0.3333333333333333,4.817659172754452,4.9094502472837,0.8698739552600472,0.6,345.57913812893435,NaN,NaN
4,2,120,9,69.44444444444444,4,-0.6,0.05,0,2,30,0.5555555555555556,5.360923379104955,5.45886006290675,5.88866653516631,1,785.4232323204737,NaN,NaN
4,2,120,9,69.44444444444444,4,-0.6,0.05,0,2,100,0.5555555555555556,5.430212618355617,5.470674599882302,5.92929299020806,1,802.6177173968682,NaN,NaN
4,2,120,9,69.44444444444444,4,-0.6,0.05,0,2,300,0.5555555555555556,5.459711839016454,5.4634948718312515,5.903153516401695,1,803.8254742560048,NaN,NaN
4,2,120,9,69.44444444444444,4,-0.6,0.05,0,2,1000,0.5555555555555556,5.428601729622873,5.452190351980805,5.886942002622094,1,803.3269325217277,NaN,NaN
4,2,120,9,69.44444444444444,4,-0.6,0.05,0,2,3000,0.5555555555555556,5.412165849097694,5.437001907159765,5.877475963926497,1,802.4835505745194,NaN,NaN
4,2,120,9,69.44444444444444,4,-0.6,0.05,0,3,1,0,2.381128657040521,2.3909147970932425,0.011340983193342218,0,288.2811073800887,NaN,NaN
4,2,120,9,69.44444444444444,4,-0.6,0.05,0,3,3,0,3.3313047702939347,3.401566136363518,0.03423754598883435,0,392.5121946233955,NaN,NaN
4,2,120,9,69.44444444444444,4,-0.6,0.05,0,3,10,0.2222222222222222,4.809003761054436,4.961433425435397,2.320066809905765,1,608.4580362362734,NaN,NaN
4,2,120,9,69.44444444444444,4,-0.6,0.05,0,3,30,0.2222222222222222,5.225438229263605,5.407495592793581,5.90172245590066,1,793.4114811726819,NaN,NaN
4,2,120,9,69.44444444444444,4,-0.6,0.05,0,3,100,0.2222222222222222,5.300781504230572,5.460584295864535,5.929523277071723,1,801.1483197841455,NaN,NaN
4,2,120,9,69.44444444444444,4,-0.6,0.05,0,3,300,0.2222222222222222,5.368487487938021,5.467360411103692,5.841803336765506,1,802.6025534533638,NaN,NaN
4,2,120,9,69.44444444444444,4,-0.6,0.05,0,3,1000,0.2222222222222222,5.395783808746767,5.463192289159832,5.732314603726029,1,802.6649355930025,NaN,NaN
4,2,120,9,69.44444444444444,4,-0.6,0.05,0,3,3000,0.2222222222222222,5.397717879321062,5.460210964252596,5.718036305590843,1,802.5531413536631,NaN,NaN
4,2,120,9,69.44444444444444,4,-0.8,0.2,0,1,1,0,2.250513096395589,2.259880590769941,0.010244944693283273,0,117.23569519442928,NaN,NaN
4,2,120,9,69.44444444444444,4,-0.8,0.2,0,1,3,0,2.982407285046171,3.044889659909476,0.010154516101314272,0,150.81018583326824,NaN,NaN
4,2,120,9,69.44444444444444,4,-0.8,0.2,0,1,10,0,4.252290079268827,4.346697531676688,0.07702842170589705,0,214.17567330161538,NaN,NaN
4,2,120,9,69.44444444444444,4,-0.8,0.2,0,1,30,0.2222222222222222,4.654327559091376,4.834954331488274,4.34609056170623,0.3333333333333333,326.1007200835314,NaN,NaN
4,2,120,9,69.44444444444444,4,-0.8,0.2,0,1,100,0.4444444444444444,4.834080349641229,4.942302775597027,5.328668516526129,0.6666666666666666,562.7134062068317,NaN,NaN
4,2,120,9,69.44444444444444,4,-0.8,0.2,0,1,300,0.6666666666666666,4.9032164376730885,5.005299228792729,5.284133664358357,1,724.0727849572734,NaN,NaN
4,2,120,9,69.44444444444444,4,-0.8,0.2,0,1,1000,0.6666666666666666,4.970357242716497,5.029705420200982,5.19420962528707,1,725.2907248711058,NaN,NaN
4,2,120,9,69.44444444444444,4,-0.8,0.2,0,1,3000,0.6666666666666666,4.949151590241855,5.003408843419464,5.141169936237925,1,727.0475789570365,NaN,NaN
4,2,120,9,69.44444444444444,4,-0.8,0.2,0,2,1,0,2.2505403967519944,2.2570099106642516,0.005709456597761724,0,155.97477985652318,NaN,NaN
4,2,120,9,69.44444444444444,4,-0.8,0.2,0,2,3,0,2.9820477993507115,3.0328518487398326,0.008047576430596361,0,200.24906225500985,NaN,NaN
4,2,120,9,69.44444444444444,4,-0.8,0.2,0,2,10,0,4.2443355623602645,4.328508346331008,0.012819845563729693,0,282.80536356379093,NaN,NaN
4,2,120,9,69.44444444444444,4,-0.8,0.2,0,2,30,0,4.64706393468515,4.722768797798863,0.09528341329976098,0,308.9121677370505,NaN,NaN
4,2,120,9,69.44444444444444,4,-0.8,0.2,0,2,100,0.5555555555555556,4.791099882104208,4.917089356434641,5.394945304102781,1,713.3540697545882,NaN,NaN
4,2,120,9,69.44444444444444,4,-0.8,0.2,0,2,300,0.5555555555555556,4.841482436112146,4.916702750229231,5.366330005453121,1,724.1859744288414,NaN,NaN
4,2,120,9,69.44444444444444,4,-0.8,0.2,0,2,1000,0.5555555555555556,4.8731714703586775,4.921730067587364,5.3564713726903515,1,724.5324224831213,NaN,NaN
4,2,120,9,69.44444444444444,4,-0.8,0.2,0,2,3000,0.5555555555555556,4.886461945041369,4.923498384827474,5.353717862805283,1,724.7025705145616,NaN,NaN
4,2,120,9,69.44444444444444,4,-0.8,0.2,0,3,1,0,2.2540036511893184,2.263267323416632,0.010735504547512226,0,272.8901971266163,NaN,NaN
4,2,120,9,69.44444444444444,4,-0.8,0.2,0,3,3,0,2.997415155027353,3.0633191450661648,0.016839648975652027,0,352.3274431098251,NaN,NaN
4,2,120,9,69.44444444444444,4,-0.8,0.2,0,3,10,0,4.2883216556736095,4.404035154004257,0.16757969447591992,0,503.8385979460017,NaN,NaN
4,2,120,9,69.44444444444444,4,-0.8,0.2,0,3,30,0.1111111111111111,4.695182123834899,4.846318705719832,5.214947434767904,0.5,633.3023855292593,NaN,NaN
4,2,120,9,69.44444444444444,4,-0.8,0.2,0,3,100,0.2222222222222222,4.760667155591985,4.922022770030935,5.38411080449001,1,722.1084232494993,NaN,NaN
4,2,120,9,69.44444444444444,4,-0.8,0.2,0,3,300,0.2222222222222222,4.8011432671365215,4.941542844018305,5.331873454644172,1,724.2367097028934,NaN,NaN
4,2,120,9,69.44444444444444,4,-0.8,0.2,0,3,1000,0.2222222222222222,4.837208264315612,4.943720512491963,5.259657743931731,1,725.2745779298843,NaN,NaN
4,2,120,9,69.44444444444444,4,-0.8,0.2,0,3,3000,0.2222222222222222,4.844424936410133,4.943007031680428,5.253797811295287,1,725.363836097132,NaN,NaN
4,2,120,9,69.44444444444444,5,-0.6,0.05,0,1,1,0,2.8148547463122076,2.8265712460041783,0.012813980617034097,0,146.633873663646,NaN,NaN
4,2,120,9,69.44444444444444,5,-0.6,0.05,0,1,3,0,4.529438005981152,4.614588834277707,0.02753171716386168,0,230.17049717887153,NaN,NaN
4,2,120,9,69.44444444444444,5,-0.6,0.05,0,1,10,0.4444444444444444,7.0938622989519855,7.302617005192416,2.752399454904544,0.6666666666666666,481.13832782793315,NaN,NaN
4,2,120,9,69.44444444444444,5,-0.6,0.05,0,1,30,0.6666666666666666,7.82417491266807,7.924290928825762,7.728661290911468,1,1093.357680375275,NaN,NaN
4,2,120,9,69.44444444444444,5,-0.6,0.05,0,1,100,0.6666666666666666,7.89362310913476,7.990608960954039,7.9678506827346665,1,1136.8654035403692,NaN,NaN
4,2,120,9,69.44444444444444,5,-0.6,0.05,0,1,300,0.6666666666666666,7.867926931322863,7.9840874486624065,8.034387686489485,1,1149.8092424549616,NaN,NaN
4,2,120,9,69.44444444444444,5,-0.6,0.05,0,1,1000,0.6666666666666666,7.797673397527055,7.968976133495043,7.911052162216644,1,1155.7280789465397,NaN,NaN
4,2,120,9,69.44444444444444,5,-0.6,0.05,0,1,3000,0.6666666666666666,7.772278280509029,7.971093285719547,7.916527913276521,1,1154.3119459069324,NaN,NaN
4,2,120,9,69.44444444444444,5,-0.6,0.05,0,2,1,0,2.814888892542206,2.8229807103465174,0.0071411675092283855,0,195.08722259262117,NaN,NaN
4,2,120,9,69.44444444444444,5,-0.6,0.05,0,2,3,0,4.529321866481063,4.59690182821587,0.02217907617048213,0,305.3967556378724,NaN,NaN
4,2,120,9,69.44444444444444,5,-0.6,0.05,0,2,10,0.5555555555555556,7.070023987328369,7.19576267579759,2.91662103130043,1,585.441762600507,NaN,NaN
4,2,120,9,69.44444444444444,5,-0.6,0.05,0,2,30,0.5555555555555556,7.777984276832726,7.902732258068245,8.490350335744091,1,1139.3350999852807,NaN,NaN
4,2,120,9,69.44444444444444,5,-0.6,0.05,0,2,100,0.5555555555555556,7.899102278073527,7.91483067028641,8.508270695943239,1,1160.500429015414,NaN,NaN
4,2,120,9,69.44444444444444,5,-0.6,0.05,0,2,300,0.5555555555555556,7.801214085590612,7.884865248572137,8.47531697720676,1,1161.4469053754185,NaN,NaN
4,2,120,9,69.44444444444444,5,-0.6,0.05,0,2,1000,0.5555555555555556,7.751410458285168,7.818025210250974,8.430372720390261,1,1157.7695292856854,NaN,NaN
4,2,120,9,69.44444444444444,5,-0.6,0.05,0,2,3000,0.5555555555555556,7.749541273637361,7.815717873835499,8.428528446811141,1,1157.651769348476,NaN,NaN
4,2,120,9,69.44444444444444,5,-0.6,0.05,0,3,1,0,2.819220597257099,2.830807240222697,0.01342755391115894,0,341.320505014694,NaN,NaN
4,2,120,9,69.44444444444444,5,-0.6,0.05,0,3,3,0,4.546171132816668,4.636893806236746,0.05881875158340985,0,536.6256127912065,NaN,NaN
4,2,120,9,69.44444444444444,5,-0.6,0.05,0,3,10,0.2222222222222222,6.986326829945633,7.216131912597008,4.7409113820956605,1,932.39791702024,NaN,NaN
4,2,120,9,69.44444444444444,5,-0.6,0.05,0,3,30,0.2222222222222222,7.583228250657386,7.829924952812595,8.519326711696575,1,1151.0977081612145,NaN,NaN
4,2,120,9,69.44444444444444,5,-0.6,0.05,0,3,100,0.2222222222222222,7.691234039277752,7.907087401522256,8.50206576298407,1,1160.9755994897678,NaN,NaN
4,2,120,9,69.44444444444444,5,-0.6,0.05,0,3,300,0.2222222222222222,7.756458924444278,7.866037813410527,8.266320030718449,1,1157.2234337428729,NaN,NaN
4,2,120,9,69.44444444444444,5,-0.6,0.05,0,3,1000,0.2222222222222222,7.814525778999927,7.869295511959783,8.155612363094189,1,1157.9918661897966,NaN,NaN
4,2,120,9,69.44444444444444,5,-0.6,0.05,0,3,3000,0.2222222222222222,7.815053123178321,7.86380799685385,8.142886366132116,1,1157.6408465255843,NaN,NaN
4,2,120,9,69.44444444444444,5,-0.8,0.2,0,1,1,0,2.67326665940113,2.684393815440874,0.012169433326038575,0,139.2581432904905,NaN,NaN
4,2,120,9,69.44444444444444,5,-0.8,0.2,0,1,3,0,4.174734141312157,4.256032237437918,0.015545495079455282,0,211.49048873162627,NaN,NaN
4,2,120,9,69.44444444444444,5,-0.8,0.2,0,1,10,0.1111111111111111,6.4948076892350555,6.65628012225958,0.712808623984557,0.16666666666666666,340.2375125054436,NaN,NaN
4,2,120,9,69.44444444444444,5,-0.8,0.2,0,1,30,0.4444444444444444,7.233172838455719,7.431373476798708,7.5628740164261465,0.6666666666666666,773.1084931040175,NaN,NaN
4,2,120,9,69.44444444444444,5,-0.8,0.2,0,1,100,0.6666666666666666,7.416244414226203,7.502215502944527,7.875988424593223,1,1089.855005498601,NaN,NaN
4,2,120,9,69.44444444444444,5,-0.8,0.2,0,1,300,0.6666666666666666,7.481532183249491,7.539602943506456,7.7784508597987445,1,1090.6262518127044,NaN,NaN
4,2,120,9,69.44444444444444,5,-0.8,0.2,0,1,1000,0.6666666666666666,7.36795232132197,7.511711166923969,7.673473304389846,1,1089.3038221605602,NaN,NaN
4,2,120,9,69.44444444444444,5,-0.8,0.2,0,1,3000,0.6666666666666666,7.347724163967656,7.505562628278398,7.639374200334501,1,1088.32121764276,NaN,NaN
4,2,120,9,69.44444444444444,5,-0.8,0.2,0,2,1,0,2.673299088064926,2.680983884866093,0.006781964517575683,0,185.27427339377863,NaN,NaN
4,2,120,9,69.44444444444444,5,-0.8,0.2,0,2,3,0,4.174542578411068,4.239821141972145,0.012430765237425513,0,280.81238023538486,NaN,NaN
4,2,120,9,69.44444444444444,5,-0.8,0.2,0,2,10,0,6.473438454525441,6.596019436665491,0.10647368199416975,0,434.1815328927821,NaN,NaN
4,2,120,9,69.44444444444444,5,-0.8,0.2,0,2,30,0.5555555555555556,7.224920156629963,7.396405959740029,7.908271788782191,1,988.7774170037424,NaN,NaN
4,2,120,9,69.44444444444444,5,-0.8,0.2,0,2,100,0.5555555555555556,7.380998201256164,7.44098851270753,8.045653788666957,1,1091.9719057682748,NaN,NaN
4,2,120,9,69.44444444444444,5,-0.8,0.2,0,2,300,0.5555555555555556,7.424390295568599,7.424869752453945,8.010402076120357,1,1092.7353880030114,NaN,NaN
4,2,120,9,69.44444444444444,5,-0.8,0.2,0,2,1000,0.5555555555555556,7.381712949405977,7.425799581294596,7.99465690310745,1,1093.1835973753882,NaN,NaN
4,2,120,9,69.44444444444444,5,-0.8,0.2,0,2,3000,0.5555555555555556,7.333547372483374,7.378462243770083,7.967707504137973,1,1090.7497284386216,NaN,NaN
4,2,120,9,69.44444444444444,5,-0.8,0.2,0,3,1,0,2.677412906658182,2.688416737806093,0.012752143688778125,0,324.1519753092576,NaN,NaN
4,2,120,9,69.44444444444444,5,-0.8,0.2,0,3,3,0,4.19240867106509,4.278300047581881,0.028473832698569145,0,493.6188262827597,NaN,NaN
4,2,120,9,69.44444444444444,5,-0.8,0.2,0,3,10,0.1111111111111111,6.532337357345696,6.708465246576532,1.7474728747013832,0.5,793.4265514477368,NaN,NaN
4,2,120,9,69.44444444444444,5,-0.8,0.2,0,3,30,0.2222222222222222,7.110083586942534,7.350509287022001,8.003474723827605,1,1075.0698944775572,NaN,NaN
4,2,120,9,69.44444444444444,5,-0.8,0.2,0,3,100,0.2222222222222222,7.213838272552683,7.422575118815215,8.042967985884808,1,1089.678844736558,NaN,NaN
4,2,120,9,69.44444444444444,5,-0.8,0.2,0,3,300,0.2222222222222222,7.303939071933226,7.424264848607848,7.910098713057754,1,1090.9091583297302,NaN,NaN
4,2,120,9,69.44444444444444,5,-0.8,0.2,0,3,1000,0.2222222222222222,7.333229671433142,7.419731223386681,7.74367067451736,1,1090.86682342654,NaN,NaN
4,2,120,9,69.44444444444444,5,-0.8,0.2,0,3,3000,0.2222222222222222,7.336059657073899,7.415735054375481,7.723926846120767,1,1090.704458370333,NaN,NaN
4,2,120,9,69.44444444444444,6,-0.6,0.05,0,1,1,0,3.252268256428988,3.2658054380809296,0.014805205296605398,0,169.42000053760472,NaN,NaN
4,2,120,9,69.44444444444444,6,-0.6,0.05,0,1,3,0,5.79383771198711,5.898018530620483,0.040522736539081804,0,295.0032450876453,NaN,NaN
4,2,120,9,69.44444444444444,6,-0.6,0.05,0,1,10,0.5555555555555556,9.387469915747824,9.677068484774706,4.794585043950335,0.8333333333333334,725.2823356234435,NaN,NaN
4,2,120,9,69.44444444444444,6,-0.6,0.05,0,1,30,0.6666666666666666,10.203884411879526,10.353709276893419,10.138656512562044,1,1415.5756408141276,NaN,NaN
4,2,120,9,69.44444444444444,6,-0.6,0.05,0,1,100,0.6666666666666666,10.233406000670632,10.420747230194735,10.332172252245062,1,1494.5518729018386,NaN,NaN
4,2,120,9,69.44444444444444,6,-0.6,0.05,0,1,300,0.6666666666666666,10.28131590481306,10.437964364936713,10.35552450104869,1,1512.7248794679247,NaN,NaN
4,2,120,9,69.44444444444444,6,-0.6,0.05,0,1,1000,0.6666666666666666,10.14415349479991,10.372964207438011,10.346308805430223,1,1509.7228653632123,NaN,NaN
4,2,120,9,69.44444444444444,6,-0.6,0.05,0,1,3000,0.6666666666666666,10.118704664802472,10.381428701335404,10.348778827128085,1,1507.781008946501,NaN,NaN
4,2,120,9,69.44444444444444,6,-0.6,0.05,0,2,1,0,3.25230770880217,3.261656952210288,0.008250867095196686,0,225.402743109255,NaN,NaN
4,2,120,9,69.44444444444444,6,-0.6,0.05,0,2,3,0,5.7939976775980515,5.875604310208345,0.03306965336763278,0,391.28600950101867,NaN,NaN
4,2,120,9,69.44444444444444,6,-0.6,0.05,0,2,10,0.5555555555555556,9.370091444301735,9.530108732888447,5.294225981132125,1,881.6814326121665,NaN,NaN
4,2,120,9,69.44444444444444,6,-0.6,0.05,0,2,30,0.5555555555555556,10.169566046574259,10.339917940994505,11.08969772809299,1,1490.2849514671357,NaN,NaN
4,2,120,9,69.44444444444444,6,-0.6,0.05,0,2,100,0.5555555555555556,10.289548247193343,10.353586996907271,11.084832562797867,1,1518.5933035017238,NaN,NaN
4,2,120,9,69.44444444444444,6,-0.6,0.05,0,2,300,0.5555555555555556,10.135929313831022,10.266979085794938,11.031410687512908,1,1516.6901196441934,NaN,NaN
4,2,120,9,69.44444444444444,6,-0.6,0.05,0,2,1000,0.5555555555555556,10.092324204417688,10.1947754199982,10.978017211520243,1,1512.4741612043265,NaN,NaN
4,2,120,9,69.44444444444444,6,-0.6,0.05,0,2,3000,0.5555555555555556,10.091967283427884,10.194291813184767,10.977583602198653,1,1512.4528703344035,NaN,NaN
4,2,120,9,69.44444444444444,6,-0.6,0.05,0,3,1,0,3.257312537473678,3.2706996833521482,0.01551412462897561,0,394.35990264930024,NaN,NaN
4,2,120,9,69.44444444444444,6,-0.6,0.05,0,3,3,0,5.811952976525921,5.923320794073249,0.0919615048224709,0,687.1889296655739,NaN,NaN
4,2,120,9,69.44444444444444,6,-0.6,0.05,0,3,10,0.2222222222222222,9.176906429315903,9.496700062799677,7.249666418549391,1,1272.2321133806781,NaN,NaN
4,2,120,9,69.44444444444444,6,-0.6,0.05,0,3,30,0.2222222222222222,9.948646558381915,10.26492248386792,11.144993488043538,1,1510.3857035699918,NaN,NaN
4,2,120,9,69.44444444444444,6,-0.6,0.05,0,3,100,0.2222222222222222,10.070813600651814,10.362210692925174,11.049166055507172,1,1522.29122333988,NaN,NaN
4,2,120,9,69.44444444444444,6,-0.6,0.05,0,3,300,0.2222222222222222,10.14091390186202,10.266280826120767,10.711307723461813,1,1512.604064071679,NaN,NaN
4,2,120,9,69.44444444444444,6,-0.6,0.05,0,3,1000,0.2222222222222222,10.229257584930084,10.275087628552063,10.582917931700358,1,1513.3955224990407,NaN,NaN
4,2,120,9,69.44444444444444,6,-0.6,0.05,0,3,3000,0.2222222222222222,10.204282936283429,10.2671203559758,10.572458760018822,1,1512.8323422057226,NaN,NaN
4,2,120,9,69.44444444444444,6,-0.8,0.2,0,1,1,0,3.0960202224066706,3.1089070401118075,0.014093921958793857,0,161.28059138655024,NaN,NaN
4,2,120,9,69.44444444444444,6,-0.8,0.2,0,1,3,0,5.42461805391071,5.5248290414017625,0.022304438512725844,0,275.2784687572815,NaN,NaN
4,2,120,9,69.44444444444444,6,-0.8,0.2,0,1,10,0.3333333333333333,8.76715324201433,9.008463397356488,2.247549355622034,0.5,499.9617137490249,NaN,NaN
4,2,120,9,69.44444444444444,6,-0.8,0.2,0,1,30,0.6666666666666666,9.713600575585728,9.943537753004174,10.295961100568979,1,1311.4091750082268,NaN,NaN
4,2,120,9,69.44444444444444,6,-0.8,0.2,0,1,100,0.6666666666666666,10.003814183477937,10.05303631811619,10.22650349430455,1,1443.1451019496199,NaN,NaN
4,2,120,9,69.44444444444444,6,-0.8,0.2,0,1,300,0.6666666666666666,9.980392636076298,10.08152341130558,10.169205216938575,1,1451.309009776602,NaN,NaN
4,2,120,9,69.44444444444444,6,-0.8,0.2,0,1,1000,0.6666666666666666,9.858829696991922,10.014489814995102,10.103198697007072,1,1450.0645183278282,NaN,NaN
4,2,120,9,69.44444444444444,6,-0.8,0.2,0,1,3000,0.6666666666666666,9.862822276139422,10.010515368952587,10.086868235205854,1,1450.1473003867548,NaN,NaN
4,2,120,9,69.44444444444444,6,-0.8,0.2,0,2,1,0,3.0960577793778543,3.1049578590679348,0.00785447243738961,0,214.57376693103265,NaN,NaN
4,2,120,9,69.44444444444444,6,-0.8,0.2,0,2,3,0,5.424554679206033,5.504327906512503,0.017916412925603826,0,365.4761461644054,NaN,NaN
4,2,120,9,69.44444444444444,6,-0.8,0.2,0,2,10,0.1111111111111111,8.734427854458568,8.898015933189292,1.0538319591457124,0.2,605.9489914927927,NaN,NaN
4,2,120,9,69.44444444444444,6,-0.8,0.2,0,2,30,0.5555555555555556,9.711818557884506,9.89732993402734,10.658435049126592,1,1436.6868728668042,NaN,NaN
4,2,120,9,69.44444444444444,6,-0.8,0.2,0,2,100,0.5555555555555556,9.947015897390914,9.953748312394753,10.685391705946705,1,1456.801149207875,NaN,NaN
4,2,120,9,69.44444444444444,6,-0.8,0.2,0,2,300,0.5555555555555556,9.812068847016103,9.924521844786025,10.633262733574272,1,1458.3721351973445,NaN,NaN
4,2,120,9,69.44444444444444,6,-0.8,0.2,0,2,1000,0.5555555555555556,9.708182137008178,9.797461985931497,10.557789375731485,1,1451.5971924392036,NaN,NaN
4,2,120,9,69.44444444444444,6,-0.8,0.2,0,2,3000,0.5555555555555556,9.702230637724409,9.789550927590552,10.551449572014553,1,1451.186680155084,NaN,NaN
4,2,120,9,69.44444444444444,6,-0.8,0.2,0,3,1,0,3.100822162127047,3.1135661521955527,0.014768782830044085,0,375.4137534919003,NaN,NaN
4,2,120,9,69.44444444444444,6,-0.8,0.2,0,3,3,0,5.445193248326366,5.551165291180921,0.044769255254892414,0,642.1262585955394,NaN,NaN
4,2,120,9,69.44444444444444,6,-0.8,0.2,0,3,10,0.2222222222222222,8.763114367521307,9.016776969776055,4.501047785492283,1,1107.97701799176,NaN,NaN
4,2,120,9,69.44444444444444,6,-0.8,0.2,0,3,30,0.2222222222222222,9.51561511925123,9.817528364931219,10.676200162240418,1,1443.4834456308542,NaN,NaN
4,2,120,9,69.44444444444444,6,-0.8,0.2,0,3,100,0.2222222222222222,9.650739383213281,9.914634038814665,10.671539088505085,1,1456.258197799656,NaN,NaN
4,2,120,9,69.44444444444444,6,-0.8,0.2,0,3,300,0.2222222222222222,9.719667618575725,9.853854349456373,10.353107993326642,1,1450.576812723712,NaN,NaN
4,2,120,9,69.44444444444444,6,-0.8,0.2,0,3,1000,0.2222222222222222,9.794253020203167,9.860670715882605,10.193565815154622,1,1451.6148843466772,NaN,NaN
4,2,120,9,69.44444444444444,6,-0.8,0.2,0,3,3000,0.2222222222222222,9.796605396879382,9.853490307490464,10.175478243065108,1,1451.1438494594336,NaN,NaN
4,3,140,9,51.0204081632653,3,-0.6,0.05,0,1,1,0,1.9411998620479547,1.9459718501386973,0.007342554715478957,0,100.86744158254326,NaN,NaN
4,3,140,9,51.0204081632653,3,-0.6,0.05,0,1,3,0,2.1414056491538638,2.190596637135107,0.00899670185103433,0,109.21971278981528,NaN,NaN
4,3,140,9,51.0204081632653,3,-0.6,0.05,0,1,10,0,2.5751518608274715,2.6540119179895627,0.02025866202555231,0,131.04310395346604,NaN,NaN
4,3,140,9,51.0204081632653,3,-0.6,0.05,0,1,30,0.2222222222222222,2.7515265208637336,2.844535396047353,2.126971969463106,0.3333333333333333,178.75494414916903,NaN,NaN
4,3,140,9,51.0204081632653,3,-0.6,0.05,0,1,100,0.6666666666666666,2.7417679174325364,2.849169803393553,2.9594237066373283,1,387.7524552881538,NaN,NaN
4,3,140,9,51.0204081632653,3,-0.6,0.05,0,1,300,0.6666666666666666,2.7424124948556,2.852650807393104,2.9723062491021732,1,415.7156942755344,NaN,NaN
4,3,140,9,51.0204081632653,3,-0.6,0.05,0,1,1000,0.6666666666666666,2.7386375756886245,2.847405785373122,2.9739599529335226,1,417.3141001677705,NaN,NaN
4,3,140,9,51.0204081632653,3,-0.6,0.05,0,1,3000,0.6666666666666666,2.733907966399644,2.843418617406236,3.0008452558431937,1,418.64986606157703,NaN,NaN
4,3,140,9,51.0204081632653,3,-0.6,0.05,0,2,1,0,1.9437142039421889,1.9487125521285205,0.003937421260470055,0,134.4065995458843,NaN,NaN
4,3,140,9,51.0204081632653,3,-0.6,0.05,0,2,3,0,2.1405254013590116,2.1834750611882474,0.012649370063720519,0,145.3396772271643,NaN,NaN
4,3,140,9,51.0204081632653,3,-0.6,0.05,0,2,10,0,2.57102892590935,2.641271984819948,0.01820951262905175,0,173.8843248124459,NaN,NaN
4,3,140,9,51.0204081632653,3,-0.6,0.05,0,2,30,0.1111111111111111,2.748388773569109,2.8251372325473403,1.9012685771747944,0.2,215.6401828530884,NaN,NaN
4,3,140,9,51.0204081632653,3,-0.6,0.05,0,2,100,0.3333333333333333,2.765739499135002,2.829626350757839,2.9661808115988157,0.6,334.91541829502864,NaN,NaN
4,3,140,9,51.0204081632653,3,-0.6,0.05,0,2,300,0.5555555555555556,2.760962105776269,2.829688525568364,3.000422651006182,1,418.3314520457523,NaN,NaN
4,3,140,9,51.0204081632653,3,-0.6,0.05,0,2,1000,0.5555555555555556,2.757380706764255,2.8241249727615956,2.9954049999428722,1,418.80778798645537,NaN,NaN
4,3,140,9,51.0204081632653,3,-0.6,0.05,0,2,3000,0.5555555555555556,2.7523702353061625,2.822398683276517,2.9954323085074757,1,418.84111009736694,NaN,NaN
4,3,140,9,51.0204081632653,3,-0.6,0.05,0,3,1,0,1.9542254993574653,1.9698361930632444,0.008568248684217464,0,236.45177571510766,NaN,NaN
4,3,140,9,51.0204081632653,3,-0.6,0.05,0,3,3,0,2.1778503624427374,2.2078842965294045,0.020036225401381343,0,257.09051187239635,NaN,NaN
4,3,140,9,51.0204081632653,3,-0.6,0.05,0,3,10,0,2.583214193561528,2.653513061814578,0.0894075646950868,0,306.752446602902,NaN,NaN
4,3,140,9,51.0204081632653,3,-0.6,0.05,0,3,30,0.1111111111111111,2.757058242572515,2.8304829725145315,2.7821776468831914,0.5,372.5676584688007,NaN,NaN
4,3,140,9,51.0204081632653,3,-0.6,0.05,0,3,100,0.2222222222222222,2.7647209293217982,2.829942303741345,2.9581190197323073,1,415.8298414744036,NaN,NaN
4,3,140,9,51.0204081632653,3,-0.6,0.05,0,3,300,0.2222222222222222,2.7603342105061826,2.8354866619420087,2.9882678918268337,1,418.0997600852687,NaN,NaN
4,3,140,9,51.0204081632653,3,-0.6,0.05,0,3,1000,0.2222222222222222,2.7506627564357022,2.8334644229055903,3.001378086728791,1,418.9996011521645,NaN,NaN
4,3,140,9,51.0204081632653,3,-0.6,0.05,0,3,3000,0.2222222222222222,2.7509131653926926,2.8327657520238607,2.995669495150211,1,418.8470236842553,NaN,NaN
4,3,140,9,51.0204081632653,3,-0.8,0.2,0,1,1,0,1.8288638385829794,1.8333596747036867,0.006917645660550083,0,95.03030574403451,-0.00023069028350297725,1.9999965161283244
4,3,140,9,51.0204081632653,3,-0.8,0.2,0,1,3,0,1.8453132059149708,1.8903705164031948,0.005111501492982909,0,93.88712242511644,-0.00023069028350297725,1.9999965161283244
4,3,140,9,51.0204081632653,3,-0.8,0.2,0,1,10,0,1.975766197167873,2.0493780484218442,0.0033970698757479377,0,100.44727594372605,-0.00023069028350297725,1.9999965161283244
4,3,140,9,51.0204081632653,3,-0.8,0.2,0,1,30,0,2.071167342325301,2.152961612991774,0.0022899603744117422,0,105.30111426622953,-0.00023069028350297725,1.9999965161283244
4,3,140,9,51.0204081632653,3,-0.8,0.2,0,1,100,0,2.074534263557694,2.1563716061834355,0.00225526997519925,0,105.4625686699162,-0.00023069028350297725,1.9999965161283244
4,3,140,9,51.0204081632653,3,-0.8,0.2,0,1,300,0,2.0750673820606718,2.156661716905777,0.0022709257043734806,0,105.47045287672576,-0.00023069028350297725,1.9999965161283244
4,3,140,9,51.0204081632653,3,-0.8,0.2,0,1,1000,0,2.0772170320972734,2.1591990472862093,0.002345807684010199,0,105.53481877479364,-0.00023069028350297725,1.9999965161283244
4,3,140,9,51.0204081632653,3,-0.8,0.2,0,1,3000,0,2.07104641288446,2.1623519805437135,0.0025163736189217573,0,105.52301552651531,-0.00023069028350297725,1.9999965161283244
4,3,140,9,51.0204081632653,3,-0.8,0.2,0,2,1,0,1.8312326770823535,1.8359417739813124,0.003709565151598807,0,126.62857358594755,0.00030782832891136945,1.9999970936641076
4,3,140,9,51.0204081632653,3,-0.8,0.2,0,2,3,0,1.8445387323773244,1.8835136875407001,0.008408547546906073,0,124.96168600128834,0.00030782832891136945,1.9999970936641076
4,3,140,9,51.0204081632653,3,-0.8,0.2,0,2,10,0,1.971290106222635,2.037731080280584,0.006426982607786513,0,133.36424705030777,0.00030782832891136945,1.9999970936641076
4,3,140,9,51.0204081632653,3,-0.8,0.2,0,2,30,0,2.0647748170242117,2.1382436618441862,0.005233727230002003,0,139.64242842285475,0.00030782832891136945,1.9999970936641076
4,3,140,9,51.0204081632653,3,-0.8,0.2,0,2,100,0,2.0684075229276777,2.141904260981285,0.005186682276271338,0,139.87894254911959,0.00030782832891136945,1.9999970936641076
4,3,140,9,51.0204081632653,3,-0.8,0.2,0,2,300,0,2.0683703122774975,2.141974710690797,0.005202329789116723,0,139.88736880070655,0.00030782832891136945,1.9999970936641076
4,3,140,9,51.0204081632653,3,-0.8,0.2,0,2,1000,0,2.068208560600551,2.1421521651945863,0.005249429017561563,0,139.91043885907138,0.00030782832891136945,1.9999970936641076
4,3,140,9,51.0204081632653,3,-0.8,0.2,0,2,3000,0,2.067827855481062,2.1424386927266625,0.005343107615884298,0,139.9518923859588,0.00030782832891136945,1.9999970936641076
4,3,140,9,51.0204081632653,3,-0.8,0.2,0,3,1,0,1.8411356903977267,1.8558430030098216,0.0080724094849356,0,222.76845915179274,-0.000028219741176604847,1.9999966009892223
4,3,140,9,51.0204081632653,3,-0.8,0.2,0,3,3,0,1.880684738099493,1.9072234472889207,0.013684727723000917,0,221.49241005450443,-0.000028219741176604847,1.9999966009892223
4,3,140,9,51.0204081632653,3,-0.8,0.2,0,3,10,0,1.9937456317843072,2.0577744322789684,0.012074623028774802,0,235.99651218036058,-0.000028219741176604847,1.9999966009892223
4,3,140,9,51.0204081632653,3,-0.8,0.2,0,3,30,0,2.091482442772525,2.160020044967998,0.010321176001466306,0,247.10086951518932,-0.000028219741176604847,1.9999966009892223
4,3,140,9,51.0204081632653,3,-0.8,0.2,0,3,100,0,2.0960591504325654,2.1632973804660534,0.009940032710737574,0,247.42669963545777,-0.000028219741176604847,1.9999966009892223
4,3,140,9,51.0204081632653,3,-0.8,0.2,0,3,300,0,2.0959578469507085,2.1625054823480574,0.009402185558141736,0,247.2411357786852,-0.000028219741176604847,1.9999966009892223
4,3,140,9,51.0204081632653,3,-0.8,0.2,0,3,1000,0,2.088667820898857,2.1591498759636862,0.006870945824493028,0,246.51315902429857,-0.000028219741176604847,1.9999966009892223
4,3,140,9,51.0204081632653,3,-0.8,0.2,0,3,3000,0,2.0680407144744892,2.151683073401423,0.0024076652430517023,0,245.20326532396527,-0.000028219741176604847,1.9999966009892223
4,3,140,9,51.0204081632653,4,-0.6,0.05,0,1,1,0,2.3788776509179614,2.3847255679930934,0.008998063339478899,0,123.60978752225871,NaN,NaN
4,3,140,9,51.0204081632653,4,-0.6,0.05,0,1,3,0,3.2653060473496787,3.3319641005069585,0.019224153002116377,0,166.7285988143303,NaN,NaN
4,3,140,9,51.0204081632653,4,-0.6,0.05,0,1,10,0.1111111111111111,4.660870804517569,4.786976961180424,0.32221444939308713,0.16666666666666666,247.05039322031084,NaN,NaN
4,3,140,9,51.0204081632653,4,-0.6,0.05,0,1,30,0.6666666666666666,5.0547111077365585,5.162732724328213,4.9664332915847655,1,636.6396890268284,NaN,NaN
4,3,140,9,51.0204081632653,4,-0.6,0.05,0,1,100,0.6666666666666666,5.015806762052378,5.1575564348400915,5.28276081330578,1,752.9940765570533,NaN,NaN
4,3,140,9,51.0204081632653,4,-0.6,0.05,0,1,300,0.6666666666666666,4.999578480616426,5.135852508567992,5.2535622143816765,1,753.1248630919074,NaN,NaN
4,3,140,9,51.0204081632653,4,-0.6,0.05,0,1,1000,0.6666666666666666,4.971858371506505,5.112021141978283,5.203151556804766,1,751.2368977775036,NaN,NaN
4,3,140,9,51.0204081632653,4,-0.6,0.05,0,1,3000,0.6666666666666666,4.9632328698102794,5.107589346742034,5.236605008281677,1,751.9151708740104,NaN,NaN
4,3,140,9,51.0204081632653,4,-0.6,0.05,0,2,1,0,2.3819588955934323,2.3880842096450348,0.004825182415220074,0,164.7109409220044,NaN,NaN
4,3,140,9,51.0204081632653,4,-0.6,0.05,0,2,3,0,3.26405023720845,3.323699227819037,0.02130821005966185,0,221.91654191603428,NaN,NaN
4,3,140,9,51.0204081632653,4,-0.6,0.05,0,2,10,0,4.655881556341684,4.763632719329005,0.12064400367401679,0,320.03414821073824,NaN,NaN
4,3,140,9,51.0204081632653,4,-0.6,0.05,0,2,30,0.5555555555555556,4.985783650263025,5.111372241460931,5.2518788306826405,1,689.6204551426699,NaN,NaN
4,3,140,9,51.0204081632653,4,-0.6,0.05,0,2,100,0.5555555555555556,4.978858037783772,5.105093380411293,5.3549443706908715,1,750.9391146572517,NaN,NaN
4,3,140,9,51.0204081632653,4,-0.6,0.05,0,2,300,0.5555555555555556,4.983342222853525,5.110378399069774,5.382041178055211,1,753.8145767122036,NaN,NaN
4,3,140,9,51.0204081632653,4,-0.6,0.05,0,2,1000,0.5555555555555556,4.980842489097468,5.107169299851678,5.408178611334968,1,755.9639291591476,NaN,NaN
4,3,140,9,51.0204081632653,4,-0.6,0.05,0,2,3000,0.5555555555555556,4.955682787142376,5.066158148932669,5.279815800020937,1,753.096473790426,NaN,NaN
4,3,140,9,51.0204081632653,4,-0.6,0.05,0,3,1,0,2.394840148180798,2.413970548454382,0.010500111658203236,0,289.76400409132293,NaN,NaN
4,3,140,9,51.0204081632653,4,-0.6,0.05,0,3,3,0,3.319570639829165,3.3598864517958207,0.033505847791298934,0,392.2490016735203,NaN,NaN
4,3,140,9,51.0204081632653,4,-0.6,0.05,0,3,10,0.2222222222222222,4.645805546785187,4.765603859801293,0.5671787561609039,1,564.0629300901395,NaN,NaN
4,3,140,9,51.0204081632653,4,-0.6,0.05,0,3,30,0.2222222222222222,4.98008350548723,5.115213728504299,5.385890994142212,1,742.2458796979959,NaN,NaN
4,3,140,9,51.0204081632653,4,-0.6,0.05,0,3,100,0.2222222222222222,4.998231440278871,5.119248583356838,5.423891931270906,1,756.6124919449217,NaN,NaN
4,3,140,9,51.0204081632653,4,-0.6,0.05,0,3,300,0.2222222222222222,4.984480019422042,5.110829949014078,5.407563480100767,1,756.8821497577931,NaN,NaN
4,3,140,9,51.0204081632653,4,-0.6,0.05,0,3,1000,0.2222222222222222,4.956787552369608,5.085054318491487,5.289003863399047,1,753.4348313253292,NaN,NaN
4,3,140,9,51.0204081632653,4,-0.6,0.05,0,3,3000,0.2222222222222222,4.954481046628705,5.08258930768509,5.280567537476708,1,753.1183035180032,NaN,NaN
4,3,140,9,51.0204081632653,4,-0.8,0.2,0,1,1,0,2.2518728230192018,2.257408528282427,0.0085176697869094,0,117.01044022719726,0.0002680826907738789,1.9999965624173435
4,3,140,9,51.0204081632653,4,-0.8,0.2,0,1,3,0,2.937295709313676,2.998886296188689,0.00870154183894986,0,149.48123100383884,0.0002680826907738789,1.9999965624173435
4,3,140,9,51.0204081632653,4,-0.8,0.2,0,1,10,0,4.125164618047713,4.233928583105204,0.010401038591642276,0,208.63012553117136,0.0002680826907738789,1.9999965624173435
4,3,140,9,51.0204081632653,4,-0.8,0.2,0,1,30,0,4.45448690459123,4.578747192132954,0.010311624071076967,0,224.92743684794152,0.0002680826907738789,1.9999965624173435
4,3,140,9,51.0204081632653,4,-0.8,0.2,0,1,100,0,4.4571282999149675,4.581668523799468,0.010413854997200758,0,225.0721268851707,0.0002680826907738789,1.9999965624173435
4,3,140,9,51.0204081632653,4,-0.8,0.2,0,1,300,0,4.453977769985589,4.580346441941927,0.010528250036773884,0,225.05581805634813,0.0002680826907738789,1.9999965624173435
4,3,140,9,51.0204081632653,4,-0.8,0.2,0,1,1000,0,4.446593022286454,4.576081973220588,0.010448992492355032,0,224.9359764322013,0.0002680826907738789,1.9999965624173435
4,3,140,9,51.0204081632653,4,-0.8,0.2,0,1,3000,0,4.440888652682185,4.573002803915218,0.009986580060397003,0,224.80661544423333,0.0002680826907738789,1.9999965624173435
4,3,140,9,51.0204081632653,4,-0.8,0.2,0,2,1,0,2.254789564509915,2.2605878569273234,0.004567572923622788,0,155.91726265243446,NaN,NaN
4,3,140,9,51.0204081632653,4,-0.8,0.2,0,2,3,0,2.9361064739232843,2.9908235768739413,0.014027343031902726,0,199.0743544307612,NaN,NaN
4,3,140,9,51.0204081632653,4,-0.8,0.2,0,2,10,0,4.117206253281906,4.217251266712505,0.016883074171981153,0,277.38808487019446,NaN,NaN
4,3,140,9,51.0204081632653,4,-0.8,0.2,0,2,30,0,4.44596991823857,4.556652193928258,0.014567682197219324,0,298.80563823110447,NaN,NaN
4,3,140,9,51.0204081632653,4,-0.8,0.2,0,2,100,0,4.4495250791639895,4.560226852637067,0.015281402284858171,0,299.07453697742443,NaN,NaN
4,3,140,9,51.0204081632653,4,-0.8,0.2,0,2,300,0.1111111111111111,4.474936753686218,4.585015405569768,4.769244324640533,0.2,377.19828365602643,NaN,NaN
4,3,140,9,51.0204081632653,4,-0.8,0.2,0,2,1000,0.1111111111111111,4.463101056278618,4.583732650027369,4.792390455279615,0.2,378.66262942591794,NaN,NaN
4,3,140,9,51.0204081632653,4,-0.8,0.2,0,2,3000,0.1111111111111111,4.438227596949534,4.564339014938327,4.748294433357109,0.2,377.2489830357991,NaN,NaN
4,3,140,9,51.0204081632653,4,-0.8,0.2,0,3,1,0,2.266983105702224,2.2850921616483926,0.009939525924189833,0,274.2939241329552,NaN,NaN
4,3,140,9,51.0204081632653,4,-0.8,0.2,0,3,3,0,2.992388388028959,3.0276117478481077,0.022771877480368605,0,352.620322381756,NaN,NaN
4,3,140,9,51.0204081632653,4,-0.8,0.2,0,3,10,0,4.147289277556281,4.242933820593907,0.05114326760606039,0,489.2452031448831,NaN,NaN
4,3,140,9,51.0204081632653,4,-0.8,0.2,0,3,30,0.1111111111111111,4.490503431295133,4.59825118052238,4.219089814947484,0.5,594.5866438454809,NaN,NaN
4,3,140,9,51.0204081632653,4,-0.8,0.2,0,3,100,0.1111111111111111,4.5078387157840325,4.602214500617969,4.785556681108359,0.5,604.1675485305872,NaN,NaN
4,3,140,9,51.0204081632653,4,-0.8,0.2,0,3,300,0.1111111111111111,4.502729059185346,4.607643536880964,4.788228607586785,0.5,605.4388779225197,NaN,NaN
4,3,140,9,51.0204081632653,4,-0.8,0.2,0,3,1000,0.1111111111111111,4.4922371024061505,4.608868818323453,4.82896841702457,0.5,606.8670749107173,NaN,NaN
4,3,140,9,51.0204081632653,4,-0.8,0.2,0,3,3000,0.2222222222222222,4.472012805396205,4.599167717821287,4.813504651985134,1,680.9608943595242,NaN,NaN
4,3,140,9,51.0204081632653,5,-0.6,0.05,0,1,1,0,2.81655543978797,2.8234792858474917,0.010653571963478846,0,146.3521334619741,NaN,NaN
4,3,140,9,51.0204081632653,5,-0.6,0.05,0,1,3,0,4.46750622877214,4.551935675798071,0.03474166976512018,0,228.48764820647833,NaN,NaN
4,3,140,9,51.0204081632653,5,-0.6,0.05,0,1,10,0.4444444444444444,6.828980899441638,7.008773469919603,1.6045865139001585,0.6666666666666666,415.1824919205596,NaN,NaN
4,3,140,9,51.0204081632653,5,-0.6,0.05,0,1,30,0.6666666666666666,7.288016921503314,7.439386830597058,7.24096076223775,1,989.3291260353196,NaN,NaN
4,3,140,9,51.0204081632653,5,-0.6,0.05,0,1,100,0.6666666666666666,7.287949165335501,7.451878112574142,7.552227165605348,1,1091.3945067065633,NaN,NaN
4,3,140,9,51.0204081632653,5,-0.6,0.05,0,1,300,0.6666666666666666,7.258957146955612,7.435364380861092,7.57504831931376,1,1092.0466925687288,NaN,NaN
4,3,140,9,51.0204081632653,5,-0.6,0.05,0,1,1000,0.6666666666666666,7.231840418215293,7.425774120551632,7.609752865707637,1,1092.83345146732,NaN,NaN
4,3,140,9,51.0204081632653,5,-0.6,0.05,0,1,3000,0.6666666666666666,7.22785307443894,7.425408743858359,7.654099780728807,1,1093.7855544837246,NaN,NaN
4,3,140,9,51.0204081632653,5,-0.6,0.05,0,2,1,0,2.8202035872446785,2.827455867161551,0.00571294356997012,0,195.01528229812453,NaN,NaN
4,3,140,9,51.0204081632653,5,-0.6,0.05,0,2,3,0,4.465862651540475,4.54275330719039,0.032227758159281895,0,304.08361520388723,NaN,NaN
4,3,140,9,51.0204081632653,5,-0.6,0.05,0,2,10,0.5555555555555556,6.831298474841291,6.974864129536437,0.7867545767450649,1,512.7491640705858,NaN,NaN
4,3,140,9,51.0204081632653,5,-0.6,0.05,0,2,30,0.5555555555555556,7.163508375068815,7.36635404927009,7.771298491174531,1,1025.512025425879,NaN,NaN
4,3,140,9,51.0204081632653,5,-0.6,0.05,0,2,100,0.5555555555555556,7.203732648257409,7.394349222814706,7.853499019646766,1,1095.5970245955266,NaN,NaN
4,3,140,9,51.0204081632653,5,-0.6,0.05,0,2,300,0.5555555555555556,7.200569516338853,7.382316054548969,7.832987042791525,1,1096.9512147150015,NaN,NaN
4,3,140,9,51.0204081632653,5,-0.6,0.05,0,2,1000,0.5555555555555556,7.175983613467871,7.322014493542562,7.5814711634254275,1,1090.04739421185,NaN,NaN
4,3,140,9,51.0204081632653,5,-0.6,0.05,0,2,3000,0.5555555555555556,7.175019256478881,7.3238494771241776,7.570603645219906,1,1089.5233823254248,NaN,NaN
4,3,140,9,51.0204081632653,5,-0.6,0.05,0,3,1,0,2.83545479700413,2.8581049038455184,0.012431974632188899,0,343.07623246753593,NaN,NaN
4,3,140,9,51.0204081632653,5,-0.6,0.05,0,3,3,0,4.539320906038409,4.590433538295978,0.050257158020399234,0,537.0313792087028,NaN,NaN
4,3,140,9,51.0204081632653,5,-0.6,0.05,0,3,10,0.2222222222222222,6.75234679529251,6.934371647949341,1.7281857036914081,1,850.3024864158965,NaN,NaN
4,3,140,9,51.0204081632653,5,-0.6,0.05,0,3,30,0.2222222222222222,7.216653033093865,7.408084206583605,7.839061016876173,1,1090.5970305902686,NaN,NaN
4,3,140,9,51.0204081632653,5,-0.6,0.05,0,3,100,0.2222222222222222,7.238261333713189,7.416384679195683,7.810527563137123,1,1097.6720443940326,NaN,NaN
4,3,140,9,51.0204081632653,5,-0.6,0.05,0,3,300,0.2222222222222222,7.211655764854624,7.383924706069292,7.750099331316936,1,1095.2230006612422,NaN,NaN
4,3,140,9,51.0204081632653,5,-0.6,0.05,0,3,1000,0.2222222222222222,7.177426470332356,7.348132335901107,7.581869154770845,1,1089.9398728284677,NaN,NaN
4,3,140,9,51.0204081632653,5,-0.6,0.05,0,3,3000,0.2222222222222222,7.174924570942773,7.345288407314323,7.570633270272012,1,1089.5244790427798,NaN,NaN
4,3,140,9,51.0204081632653,5,-0.8,0.2,0,1,1,0,2.6748818074554235,2.6814573818611684,0.010117693913268722,0,138.99057471036008,NaN,NaN
4,3,140,9,51.0204081632653,5,-0.8,0.2,0,1,3,0,4.120237643118902,4.198474000928845,0.01576186430382653,0,209.89007690930717,NaN,NaN
4,3,140,9,51.0204081632653,5,-0.8,0.2,0,1,10,0,6.3061202957468545,6.456268201672034,0.03952943104339543,0,319.86768934225813,NaN,NaN
4,3,140,9,51.0204081632653,5,-0.8,0.2,0,1,30,0.3333333333333333,6.794916703277634,7.003697468633386,6.267065287237819,0.5,525.4655299055818,NaN,NaN
4,3,140,9,51.0204081632653,5,-0.8,0.2,0,1,100,0.6666666666666666,6.75452104291389,6.98285409960051,7.232870513358166,1,1024.7660150841855,NaN,NaN
4,3,140,9,51.0204081632653,5,-0.8,0.2,0,1,300,0.6666666666666666,6.741953976146947,6.9648836150901445,7.219831064743295,1,1025.965231317201,NaN,NaN
4,3,140,9,51.0204081632653,5,-0.8,0.2,0,1,1000,0.6666666666666666,6.7570567225636555,6.9716139125000565,7.226276603282137,1,1027.426815941661,NaN,NaN
4,3,140,9,51.0204081632653,5,-0.8,0.2,0,1,3000,0.6666666666666666,6.7670065898287275,6.978795452970619,7.251006179939063,1,1028.039205129116,NaN,NaN
4,3,140,9,51.0204081632653,5,-0.8,0.2,0,2,1,0,2.6783464519374767,2.685233939873335,0.005425580695646774,0,185.20595171892154,NaN,NaN
4,3,140,9,51.0204081632653,5,-0.8,0.2,0,2,3,0,4.118597053725837,4.189314060980729,0.020829737001980417,0,279.57114934778843,NaN,NaN
4,3,140,9,51.0204081632653,5,-0.8,0.2,0,2,10,0,6.295711735092577,6.431389069736959,0.03912314834609717,0,424.77682138182246,NaN,NaN
4,3,140,9,51.0204081632653,5,-0.8,0.2,0,2,30,0.1111111111111111,6.80146232033549,6.96413275740674,3.998086900394236,0.2,527.4575421479371,NaN,NaN
4,3,140,9,51.0204081632653,5,-0.8,0.2,0,2,100,0.5555555555555556,6.800324112250188,6.942383875764268,7.306050696773331,1,1028.2774769873674,NaN,NaN
4,3,140,9,51.0204081632653,5,-0.8,0.2,0,2,300,0.5555555555555556,6.792824973831301,6.92106342745465,7.25259506794214,1,1028.1357045798625,NaN,NaN
4,3,140,9,51.0204081632653,5,-0.8,0.2,0,2,1000,0.5555555555555556,6.763799525377401,6.901000586694833,7.153303386672732,1,1025.6142352373706,NaN,NaN
4,3,140,9,51.0204081632653,5,-0.8,0.2,0,2,3000,0.5555555555555556,6.752247347395785,6.898457327182663,7.158017641577191,1,1025.7645238967345,NaN,NaN
4,3,140,9,51.0204081632653,5,-0.8,0.2,0,3,1,0,2.692830521006722,2.7143413202869646,0.011806642363444062,0,325.8193891141167,NaN,NaN
4,3,140,9,51.0204081632653,5,-0.8,0.2,0,3,3,0,4.195116489015587,4.239080142326782,0.033723404543418774,0,494.82860148035,NaN,NaN
4,3,140,9,51.0204081632653,5,-0.8,0.2,0,3,10,0.1111111111111111,6.320545205216593,6.458334167167832,0.295419262520445,0.5,750.7926820375491,NaN,NaN
4,3,140,9,51.0204081632653,5,-0.8,0.2,0,3,30,0.2222222222222222,6.7951801967992225,6.967456870659342,7.250277348784823,1,976.6765172753967,NaN,NaN
4,3,140,9,51.0204081632653,5,-0.8,0.2,0,3,100,0.2222222222222222,6.818581212460755,6.958285970843198,7.353239120188938,1,1028.8025068157046,NaN,NaN
4,3,140,9,51.0204081632653,5,-0.8,0.2,0,3,300,0.2222222222222222,6.788436957808381,6.937515948610188,7.220378259006889,1,1027.1255118461604,NaN,NaN
4,3,140,9,51.0204081632653,5,-0.8,0.2,0,3,1000,0.2222222222222222,6.757490772668081,6.932806715657555,7.258352431863767,1,1027.8492502097308,NaN,NaN
4,3,140,9,51.0204081632653,5,-0.8,0.2,0,3,3000,0.2222222222222222,6.769153836639764,6.933769340717225,7.260293295709001,1,1028.0431213740667,NaN,NaN
4,3,140,9,51.0204081632653,6,-0.6,0.05,0,1,1,0,3.254233228657979,3.262233003701889,0.012309080587478788,0,169.09447940168948,NaN,NaN
4,3,140,9,51.0204081632653,6,-0.6,0.05,0,1,3,0,5.720302965810906,5.822909954971437,0.05643623563477519,0,293.10849348574186,NaN,NaN
4,3,140,9,51.0204081632653,6,-0.6,0.05,0,1,10,0.4444444444444444,9.025610028144012,9.252235781418639,3.374930207235267,0.6666666666666666,634.2095343384086,NaN,NaN
4,3,140,9,51.0204081632653,6,-0.6,0.05,0,1,30,0.6666666666666666,9.526847187028185,9.707950056747935,9.407445616669882,1,1352.8213166796938,NaN,NaN
4,3,140,9,51.0204081632653,6,-0.6,0.05,0,1,100,0.6666666666666666,9.554553948895338,9.758975890403292,9.851412120464124,1,1430.607460002955,NaN,NaN
4,3,140,9,51.0204081632653,6,-0.6,0.05,0,1,300,0.6666666666666666,9.516582520285649,9.734375726284396,9.870234828840072,1,1430.9521083917177,NaN,NaN
4,3,140,9,51.0204081632653,6,-0.6,0.05,0,1,1000,0.6666666666666666,9.48180494127493,9.722833053747877,9.922955874823689,1,1432.1959028343754,NaN,NaN
4,3,140,9,51.0204081632653,6,-0.6,0.05,0,1,3000,0.6666666666666666,9.474761371459653,9.722084763650765,9.976821062000854,1,1433.4397170976931,NaN,NaN
4,3,140,9,51.0204081632653,6,-0.6,0.05,0,2,1,0,3.258448278895924,3.2668275246780674,0.006600704724720139,0,225.3196236742454,NaN,NaN
4,3,140,9,51.0204081632653,6,-0.6,0.05,0,2,3,0,5.718276991255045,5.812952798471869,0.045521407940186484,0,389.9670313912111,NaN,NaN
4,3,140,9,51.0204081632653,6,-0.6,0.05,0,2,10,0.5555555555555556,9.03985764751776,9.214249122673706,2.3398100978516663,1,779.8455437744051,NaN,NaN
4,3,140,9,51.0204081632653,6,-0.6,0.05,0,2,30,0.5555555555555556,9.36954825140448,9.621835932393072,10.1965115522006,1,1367.2264203701836,NaN,NaN
4,3,140,9,51.0204081632653,6,-0.6,0.05,0,2,100,0.5555555555555556,9.445809818757427,9.686913480661238,10.288541256190522,1,1437.1352506294427,NaN,NaN
4,3,140,9,51.0204081632653,6,-0.6,0.05,0,2,300,0.5555555555555556,9.439556502392042,9.657595454051016,10.231158848689589,1,1438.6157940858354,NaN,NaN
4,3,140,9,51.0204081632653,6,-0.6,0.05,0,2,1000,0.5555555555555556,9.402477066476317,9.58530710331787,9.878755459110518,1,1427.5436063557995,NaN,NaN
4,3,140,9,51.0204081632653,6,-0.6,0.05,0,2,3000,0.5555555555555556,9.403724658445107,9.588406268928582,9.86926605578304,1,1427.0982077224928,NaN,NaN
4,3,140,9,51.0204081632653,6,-0.6,0.05,0,3,1,0,3.276069445827464,3.302239259236658,0.014363837606174676,0,396.38846084374904,NaN,NaN
4,3,140,9,51.0204081632653,6,-0.6,0.05,0,3,3,0,5.808954995572711,5.871574068789891,0.07376492896744802,0,688.1166268162372,NaN,NaN
4,3,140,9,51.0204081632653,6,-0.6,0.05,0,3,10,0.2222222222222222,8.876451911117302,9.12123727389815,3.470741139500631,1,1150.5020571363466,NaN,NaN
4,3,140,9,51.0204081632653,6,-0.6,0.05,0,3,30,0.2222222222222222,9.456085112826502,9.704080080459324,10.244207116384775,1,1433.4448030648086,NaN,NaN
4,3,140,9,51.0204081632653,6,-0.6,0.05,0,3,100,0.2222222222222222,9.484945423247915,9.717537882391172,10.244170582846069,1,1440.1909321073908,NaN,NaN
4,3,140,9,51.0204081632653,6,-0.6,0.05,0,3,300,0.2222222222222222,9.441926918755504,9.657342103413772,10.063687438773847,1,1433.5044245453535,NaN,NaN
4,3,140,9,51.0204081632653,6,-0.6,0.05,0,3,1000,0.2222222222222222,9.406592864300427,9.617882229349068,9.881240635323524,1,1427.5311497072591,NaN,NaN
4,3,140,9,51.0204081632653,6,-0.6,0.05,0,3,3000,0.2222222222222222,9.403974664561439,9.614980109848526,9.86929330329567,1,1427.0991644379412,NaN,NaN
4,3,140,9,51.0204081632653,6,-0.8,0.2,0,1,1,0,3.0978907918916425,3.1055062354399077,0.011717718039628075,0,160.9707091935235,NaN,NaN
4,3,140,9,51.0204081632653,6,-0.8,0.2,0,1,3,0,5.3599673973579876,5.455119069855922,0.02544670082434038,0,273.37212900939863,NaN,NaN
4,3,140,9,51.0204081632653,6,-0.8,0.2,0,1,10,0.1111111111111111,8.499675024598975,8.702946581113416,0.2967212969147241,0.16666666666666666,440.69264471827114,NaN,NaN
4,3,140,9,51.0204081632653,6,-0.8,0.2,0,1,30,0.6666666666666666,9.066315917774702,9.30476563805437,9.049538413842624,1,1070.7037534726926,NaN,NaN
4,3,140,9,51.0204081632653,6,-0.8,0.2,0,1,100,0.6666666666666666,9.151650637778094,9.357089053343502,9.546999586183935,1,1366.4947257365238,NaN,NaN
4,3,140,9,51.0204081632653,6,-0.8,0.2,0,1,300,0.6666666666666666,9.116014414243454,9.311671614549907,9.458604058126612,1,1366.998758209533,NaN,NaN
4,3,140,9,51.0204081632653,6,-0.8,0.2,0,1,1000,0.6666666666666666,9.06875453083045,9.27180503620183,9.408340963605283,1,1366.7663613693912,NaN,NaN
4,3,140,9,51.0204081632653,6,-0.8,0.2,0,1,3000,0.6666666666666666,9.086222148366396,9.259324834472038,9.48110280855115,1,1369.1311876138784,NaN,NaN
4,3,140,9,51.0204081632653,6,-0.8,0.2,0,2,1,0,3.101903339365038,3.109880022819346,0.00628358846767074,0,214.4946407854086,NaN,NaN
4,3,140,9,51.0204081632653,6,-0.8,0.2,0,2,3,0,5.357862237605277,5.444867495747209,0.028826082052170535,0,364.11726509248257,NaN,NaN
4,3,140,9,51.0204081632653,6,-0.8,0.2,0,2,10,0,8.486845788636684,8.66336791701219,0.11886965909669035,0,577.2330062511297,NaN,NaN
4,3,140,9,51.0204081632653,6,-0.8,0.2,0,2,30,0.5555555555555556,9.071517827150489,9.244552857700896,9.479610662658862,1,1321.1655358401529,NaN,NaN
4,3,140,9,51.0204081632653,6,-0.8,0.2,0,2,100,0.5555555555555556,9.073051088081801,9.218290736363265,9.550910509523142,1,1368.943244520147,NaN,NaN
4,3,140,9,51.0204081632653,6,-0.8,0.2,0,2,300,0.5555555555555556,9.05457158359523,9.200153561518732,9.46105235647879,1,1366.5952764988845,NaN,NaN
4,3,140,9,51.0204081632653,6,-0.8,0.2,0,2,1000,0.5555555555555556,9.024388059415065,9.193076910333907,9.450166214703687,1,1366.643599407111,NaN,NaN
4,3,140,9,51.0204081632653,6,-0.8,0.2,0,2,3000,0.5555555555555556,9.010873160733672,9.192461875901442,9.480495664806792,1,1367.7138057165316,NaN,NaN
4,3,140,9,51.0204081632653,6,-0.8,0.2,0,3,1,0,3.118677936311218,3.143590478925535,0.01367375880269831,0,377.3448540952785,NaN,NaN
4,3,140,9,51.0204081632653,6,-0.8,0.2,0,3,3,0,5.45417106273872,5.507230263521293,0.046545859321062234,0,644.0067405258714,NaN,NaN
4,3,140,9,51.0204081632653,6,-0.8,0.2,0,3,10,0.2222222222222222,8.480983403790644,8.679231453692378,1.0344581919172338,1,1029.1038531165375,NaN,NaN
4,3,140,9,51.0204081632653,6,-0.8,0.2,0,3,30,0.2222222222222222,9.065144399427089,9.304037527314776,9.863072891949049,1,1361.5269854455164,NaN,NaN
4,3,140,9,51.0204081632653,6,-0.8,0.2,0,3,100,0.2222222222222222,9.099716667547566,9.303120094841741,9.830203409566654,1,1377.4367501858292,NaN,NaN
4,3,140,9,51.0204081632653,6,-0.8,0.2,0,3,300,0.2222222222222222,9.062407589055711,9.266227694070755,9.601986370355394,1,1372.1897205342839,NaN,NaN
4,3,140,9,51.0204081632653,6,-0.8,0.2,0,3,1000,0.2222222222222222,9.047838448776155,9.25886689991012,9.641278419372464,1,1372.221303475182,NaN,NaN
4,3,140,9,51.0204081632653,6,-0.8,0.2,0,3,3000,0.2222222222222222,9.036285243727894,9.256859314623698,9.642993108181535,1,1372.3086675396717,NaN,NaN
4,4,160,9,39.0625,3,-0.6,0.05,0,1,1,0,1.8615628711740424,1.905177506054503,0.004574674377226337,0,99.75767756473971,NaN,NaN
4,4,160,9,39.0625,3,-0.6,0.05,0,1,3,0,2.019691854017101,2.119756606838255,0.006449887170203845,0,105.80983798781759,NaN,NaN
4,4,160,9,39.0625,3,-0.6,0.05,0,1,10,0,2.438391747959606,2.583985321421629,0.045836103318039736,0,127.95209629953112,NaN,NaN
4,4,160,9,39.0625,3,-0.6,0.05,0,1,30,0.1111111111111111,2.572078310956544,2.7635467333944668,2.4907961269080876,0.16666666666666666,177.74056267394175,NaN,NaN
4,4,160,9,39.0625,3,-0.6,0.05,0,1,100,0.6666666666666666,2.6082729011088173,2.801058820592957,3.0603813740419197,1,410.73317011848053,NaN,NaN
4,4,160,9,39.0625,3,-0.6,0.05,0,1,300,0.6666666666666666,2.6356272924531496,2.8211026497056184,3.090590406980643,1,414.213456316652,NaN,NaN
4,4,160,9,39.0625,3,-0.6,0.05,0,1,1000,0.6666666666666666,2.642408539460922,2.837477307721811,3.1109461381436856,1,415.48904983240925,NaN,NaN
4,4,160,9,39.0625,3,-0.6,0.05,0,1,3000,0.6666666666666666,2.6417522310983452,2.843882663315893,3.1195697838969147,1,415.9132208648719,NaN,NaN
4,4,160,9,39.0625,3,-0.6,0.05,0,2,1,0,1.8621775724172045,1.8949303934607489,0.0022236735217478956,0,132.46463045071718,NaN,NaN
4,4,160,9,39.0625,3,-0.6,0.05,0,2,3,0,2.021197152779329,2.0933902846245847,0.005367465743001168,0,139.57369282610756,NaN,NaN
4,4,160,9,39.0625,3,-0.6,0.05,0,2,10,0,2.438760791593699,2.5392306980248085,0.007733941730258317,0,167.09159062625952,NaN,NaN
4,4,160,9,39.0625,3,-0.6,0.05,0,2,30,0.1111111111111111,2.5686445156854134,2.6890979693328236,0.7280066736355298,0.2,188.4885954380329,NaN,NaN
4,4,160,9,39.0625,3,-0.6,0.05,0,2,100,0.5555555555555556,2.609842414319422,2.7322785982339637,3.081911452374837,1,410.30144012677187,NaN,NaN
4,4,160,9,39.0625,3,-0.6,0.05,0,2,300,0.5555555555555556,2.633793763979682,2.771944951984682,3.1066216305044296,1,414.6637022302246,NaN,NaN
4,4,160,9,39.0625,3,-0.6,0.05,0,2,1000,0.5555555555555556,2.6388930072761596,2.7859576148788077,3.1109550822075938,1,415.7926936397137,NaN,NaN
4,4,160,9,39.0625,3,-0.6,0.05,0,2,3000,0.5555555555555556,2.637755707270871,2.7874333476784283,3.1141556571437903,1,415.8939074390839,NaN,NaN
4,4,160,9,39.0625,3,-0.6,0.05,0,3,1,0,1.8510622533378318,1.8931224136618856,0.003967303225580116,0,232.00140013931153,NaN,NaN
4,4,160,9,39.0625,3,-0.6,0.05,0,3,3,0,2.013702824640706,2.0993299931584066,0.00994001836207473,0,244.50915280115274,NaN,NaN
4,4,160,9,39.0625,3,-0.6,0.05,0,3,10,0,2.4391792129381904,2.5599761998975326,0.06294047417715079,0,294.72877658789764,NaN,NaN
4,4,160,9,39.0625,3,-0.6,0.05,0,3,30,0.1111111111111111,2.548288860114663,2.7108576442333225,2.869844647465465,0.5,360.6552603488889,NaN,NaN
4,4,160,9,39.0625,3,-0.6,0.05,0,3,100,0.2222222222222222,2.573181119098548,2.747114218992477,3.094484885280361,1,408.1561219294491,NaN,NaN
4,4,160,9,39.0625,3,-0.6,0.05,0,3,300,0.2222222222222222,2.6204854208355766,2.7949413780347783,3.1151350101214397,1,414.1494158569182,NaN,NaN
4,4,160,9,39.0625,3,-0.6,0.05,0,3,1000,0.2222222222222222,2.6374145071195483,2.8114726496872193,3.1174975560695697,1,415.8588524823761,NaN,NaN
4,4,160,9,39.0625,3,-0.6,0.05,0,3,3000,0.2222222222222222,2.636782956043759,2.8129422819383385,3.117506194479834,1,415.9653814528555,NaN,NaN
4,4,160,9,39.0625,3,-0.8,0.2,0,1,1,0,1.7538353906264639,1.794926073829853,0.004309940828542413,0,93.98476307673779,-0.0011694628735508625,1.9999967179067246
4,4,160,9,39.0625,3,-0.8,0.2,0,1,3,0,1.7311635272081036,1.8253285003255266,0.0039153127162130175,0,90.79649954083564,-0.0011694628735508625,1.9999967179067246
4,4,160,9,39.0625,3,-0.8,0.2,0,1,10,0,1.8382676207745883,1.9754350702261083,0.003183017890649357,0,96.91149127990266,-0.0011694628735508625,1.9999967179067246
4,4,160,9,39.0625,3,-0.8,0.2,0,1,30,0,1.899597667196867,2.067591416222601,0.002284242527946222,0,101.32392919642196,-0.0011694628735508625,1.9999967179067246
4,4,160,9,39.0625,3,-0.8,0.2,0,1,100,0,1.9079889919557527,2.0743972591956856,0.002240241098339888,0,101.65901531627004,-0.0011694628735508625,1.9999967179067246
4,4,160,9,39.0625,3,-0.8,0.2,0,1,300,0,1.9185804382904235,2.0825474573057825,0.002186795635966035,0,102.05757462327809,-0.0011694628735508625,1.9999967179067246
4,4,160,9,39.0625,3,-0.8,0.2,0,1,1000,0,1.9302856269405484,2.0917866004045993,0.0021128741567097297,0,102.5075281722672,-0.0011694628735508625,1.9999967179067246
4,4,160,9,39.0625,3,-0.8,0.2,0,1,3000,0,1.9326106700008459,2.0941220138431405,0.0021418448528487087,0,102.61913985715105,-0.0011694628735508625,1.9999967179067246
4,4,160,9,39.0625,3,-0.8,0.2,0,2,1,0,1.7544145194926517,1.7852719552411396,0.0020949909240405226,0,124.79898502928575,-0.0005473897034363819,1.9999963633310718
4,4,160,9,39.0625,3,-0.8,0.2,0,2,3,0,1.7326083392603868,1.801354728332993,0.00352637745944839,0,119.7172599031358,-0.0005473897034363819,1.9999963633310718
4,4,160,9,39.0625,3,-0.8,0.2,0,2,10,0,1.839955460662972,1.939154944393322,0.0017954819955579588,0,127.10501419421216,-0.0005473897034363819,1.9999963633310718
4,4,160,9,39.0625,3,-0.8,0.2,0,2,30,0,1.9014980165514133,2.023509560510368,0.0012392676558981768,0,132.51625949048744,-0.0005473897034363819,1.9999963633310718
4,4,160,9,39.0625,3,-0.8,0.2,0,2,100,0,1.9096940168363965,2.032274478472578,0.0012156843829420761,0,133.09471077671947,-0.0005473897034363819,1.9999963633310718
4,4,160,9,39.0625,3,-0.8,0.2,0,2,300,0,1.9204149676291227,2.045808710007322,0.001206959571334763,0,133.9782771169439,-0.0005473897034363819,1.9999963633310718
4,4,160,9,39.0625,3,-0.8,0.2,0,2,1000,0,1.9339189268877874,2.0641351117630578,0.0012443064917511423,0,135.15215693614365,-0.0005473897034363819,1.9999963633310718
4,4,160,9,39.0625,3,-0.8,0.2,0,2,3000,0,1.9371763834536435,2.068289511092562,0.0012826427627053636,0,135.39809754172973,-0.0005473897034363819,1.9999963633310718
4,4,160,9,39.0625,3,-0.8,0.2,0,3,1,0,1.7439424369853254,1.7835686021038988,0.0037377178660534327,0,218.57562403068223,-0.002160071331669906,1.9999962050073528
4,4,160,9,39.0625,3,-0.8,0.2,0,3,3,0,1.7250452156849516,1.8070228361311382,0.006422538940186684,0,209.77138076253237,-0.002160071331669906,1.9999962050073528
4,4,160,9,39.0625,3,-0.8,0.2,0,3,10,0,1.8403579004585615,1.9574776771529667,0.0038075931999409793,0,224.0164993306118,-0.002160071331669906,1.9999962050073528
4,4,160,9,39.0625,3,-0.8,0.2,0,3,30,0,1.8890059514499047,2.045223362981893,0.002552457923362772,0,233.8545619927157,-0.002160071331669906,1.9999962050073528
4,4,160,9,39.0625,3,-0.8,0.2,0,3,100,0,1.9053289403118419,2.064146305934345,0.0024753644414498904,0,236.01902819386004,-0.002160071331669906,1.9999962050073528
4,4,160,9,39.0625,3,-0.8,0.2,0,3,300,0,1.944946169625668,2.1036230119627928,0.002419474029106146,0,240.49002322492933,-0.002160071331669906,1.9999962050073528
4,4,160,9,39.0625,3,-0.8,0.2,0,3,1000,0,1.9747288267647785,2.129733500439675,0.002640562924714822,0,243.36919006314116,-0.002160071331669906,1.9999962050073528
4,4,160,9,39.0625,3,-0.8,0.2,0,3,3000,0,1.9774224312880846,2.131028531870568,0.002669205053765195,0,243.4911234412271,-0.002160071331669906,1.9999962050073528
4,4,160,9,39.0625,4,-0.6,0.05,0,1,1,0,2.2812850941286564,2.33473341864101,0.005606115500507879,0,122.24980760913378,NaN,NaN
4,4,160,9,39.0625,4,-0.6,0.05,0,1,3,0,3.0892958669836843,3.2288971552987245,0.011203506890988207,0,161.70607221914253,NaN,NaN
4,4,160,9,39.0625,4,-0.6,0.05,0,1,10,0.1111111111111111,4.462388392488819,4.686474990294821,0.5916234338115085,0.16666666666666666,242.99610469700502,NaN,NaN
4,4,160,9,39.0625,4,-0.6,0.05,0,1,30,0.6666666666666666,4.901533798468404,5.106826240124199,5.09586065540311,1,638.0056145936796,NaN,NaN
4,4,160,9,39.0625,4,-0.6,0.05,0,1,100,0.6666666666666666,4.763520475404858,5.0600294592234025,5.2582292927617065,1,732.4457023042007,NaN,NaN
4,4,160,9,39.0625,4,-0.6,0.05,0,1,300,0.6666666666666666,4.787987205815226,5.076408992091337,5.282862329777236,1,734.5567391795282,NaN,NaN
4,4,160,9,39.0625,4,-0.6,0.05,0,1,1000,0.6666666666666666,4.822270302887646,5.066548769693686,5.394935412898037,1,745.5543477847677,NaN,NaN
4,4,160,9,39.0625,4,-0.6,0.05,0,1,3000,0.6666666666666666,4.824228126607472,5.054074198516221,5.404437097581732,1,745.844722432593,NaN,NaN
4,4,160,9,39.0625,4,-0.6,0.05,0,2,1,0,2.2820383906221995,2.3221759135575275,0.002725039985446587,0,162.3311206007768,NaN,NaN
4,4,160,9,39.0625,4,-0.6,0.05,0,2,3,0,3.0912495571152023,3.1918751621091164,0.008995499108562175,0,213.4603390206694,NaN,NaN
4,4,160,9,39.0625,4,-0.6,0.05,0,2,10,0,4.46169397597902,4.605078650540363,0.155791829836464,0,307.1458128906955,NaN,NaN
4,4,160,9,39.0625,4,-0.6,0.05,0,2,30,0.5555555555555556,4.804999878676843,4.948362300187675,5.421313063508411,1,689.8352854818911,NaN,NaN
4,4,160,9,39.0625,4,-0.6,0.05,0,2,100,0.5555555555555556,4.755200895840722,4.943407718816128,5.507319058277255,1,742.9803963366644,NaN,NaN
4,4,160,9,39.0625,4,-0.6,0.05,0,2,300,0.5555555555555556,4.8183607041015275,5.017430054631704,5.527992192346413,1,749.8712190596151,NaN,NaN
4,4,160,9,39.0625,4,-0.6,0.05,0,2,1000,0.5555555555555556,4.848295979730427,5.038515588077718,5.518565517713752,1,751.5796721091292,NaN,NaN
4,4,160,9,39.0625,4,-0.6,0.05,0,2,3000,0.5555555555555556,4.850305874167588,5.037227959998667,5.514694299552997,1,751.3825847275311,NaN,NaN
4,4,160,9,39.0625,4,-0.6,0.05,0,3,1,0,2.2684169265691145,2.319960292785595,0.004861801797054808,0,284.3102127520396,NaN,NaN
4,4,160,9,39.0625,4,-0.6,0.05,0,3,3,0,3.0790673498865795,3.1993819430537345,0.017054967252889918,0,373.8200478876905,NaN,NaN
4,4,160,9,39.0625,4,-0.6,0.05,0,3,10,0.1111111111111111,4.458715197634033,4.635015047120447,1.0197957762784808,0.5,550.6861025237191,NaN,NaN
4,4,160,9,39.0625,4,-0.6,0.05,0,3,30,0.2222222222222222,4.679287651739446,4.932977784443181,5.4330446997262625,1,731.9137669011013,NaN,NaN
4,4,160,9,39.0625,4,-0.6,0.05,0,3,100,0.2222222222222222,4.714003596643108,4.982383135425368,5.521899528784118,1,740.4904766530889,NaN,NaN
4,4,160,9,39.0625,4,-0.6,0.05,0,3,300,0.2222222222222222,4.794900685532551,5.0576532687656295,5.534910381373618,1,749.7784836057554,NaN,NaN
4,4,160,9,39.0625,4,-0.6,0.05,0,3,1000,0.2222222222222222,4.824194973533013,5.077431153980804,5.5451919022267715,1,752.3292302820219,NaN,NaN
4,4,160,9,39.0625,4,-0.6,0.05,0,3,3000,0.2222222222222222,4.849959822270053,5.068539414553466,5.5153637695965925,1,751.4176792748212,NaN,NaN
4,4,160,9,39.0625,4,-0.8,0.2,0,1,1,0,2.1594905913066973,2.210085387284893,0.005306813124007841,0,115.723067669371,-0.0006163212584683813,1.9999961321740463
4,4,160,9,39.0625,4,-0.8,0.2,0,1,3,0,2.767946674559446,2.9022699747934495,0.006557710770426676,0,144.89275617663648,-0.0006163212584683813,1.9999961321740463
4,4,160,9,39.0625,4,-0.8,0.2,0,1,10,0,3.917436328507036,4.129082502162201,0.01224359872744433,0,203.49783530529254,-0.0006163212584683813,1.9999961321740463
4,4,160,9,39.0625,4,-0.8,0.2,0,1,30,0,4.180309500127953,4.449758385599343,0.008736961468204133,0,218.93726454891254,-0.0006163212584683813,1.9999961321740463
4,4,160,9,39.0625,4,-0.8,0.2,0,1,100,0,4.202965958337878,4.456785445169437,0.0077200256207678895,0,219.2951959891015,-0.0006163212584683813,1.9999961321740463
4,4,160,9,39.0625,4,-0.8,0.2,0,1,300,0,4.220588698501295,4.466981965871604,0.007751032761814626,0,219.79326148086176,-0.0006163212584683813,1.9999961321740463
4,4,160,9,39.0625,4,-0.8,0.2,0,1,1000,0,4.231552914027012,4.4756843572928995,0.007789308711886184,0,220.21756824396778,-0.0006163212584683813,1.9999961321740463
4,4,160,9,39.0625,4,-0.8,0.2,0,1,3000,0,4.23226192392675,4.476710374670913,0.007802311418492678,0,220.26607149354126,-0.0006163212584683813,1.9999961321740463
4,4,160,9,39.0625,4,-0.8,0.2,0,2,1,0,2.1602036703928946,2.198198309186737,0.002579554052517119,0,153.66449748690724,-0.000723347261949155,1.9999959064177322
4,4,160,9,39.0625,4,-0.8,0.2,0,2,3,0,2.7697536678345878,2.8680099542524475,0.005720772801292085,0,191.25879244874608,-0.000723347261949155,1.9999959064177322
4,4,160,9,39.0625,4,-0.8,0.2,0,2,10,0,3.918214105111852,4.067926608890334,0.0044748682845300106,0,267.6203173051629,-0.000723347261949155,1.9999959064177322
4,4,160,9,39.0625,4,-0.8,0.2,0,2,30,0,4.179840214015398,4.372659123551665,0.004004270557051996,0,287.30119763245705,-0.000723347261949155,1.9999959064177322
4,4,160,9,39.0625,4,-0.8,0.2,0,2,100,0,4.2016436661220435,4.383168420580445,0.004515585610034929,0,288.0404550383474,-0.000723347261949155,1.9999959064177322
4,4,160,9,39.0625,4,-0.8,0.2,0,2,300,0,4.219741465122762,4.400174689335779,0.004762764696694448,0,289.14530550186134,-0.000723347261949155,1.9999959064177322
4,4,160,9,39.0625,4,-0.8,0.2,0,2,1000,0,4.23273769911008,4.419157774015783,0.00491072249505075,0,290.3671756305858,-0.000723347261949155,1.9999959064177322
4,4,160,9,39.0625,4,-0.8,0.2,0,2,3000,0,4.233514393536176,4.423358574889905,0.00488977750629065,0,290.62993679816157,-0.000723347261949155,1.9999959064177322
4,4,160,9,39.0625,4,-0.8,0.2,0,3,1,0,2.147309436551553,2.196100977194691,0.004602237249767322,0,269.13130280410525,-0.0010187416370744436,1.9999960532605494
4,4,160,9,39.0625,4,-0.8,0.2,0,3,3,0,2.7569572786314676,2.875315144024619,0.010498518371585318,0,335.00317038267883,-0.0010187416370744436,1.9999960532605494
4,4,160,9,39.0625,4,-0.8,0.2,0,3,10,0,3.917212680963094,4.098089240679173,0.01270533064930348,0,470.8000310712778,-0.0010187416370744436,1.9999960532605494
4,4,160,9,39.0625,4,-0.8,0.2,0,3,30,0,4.14641043370652,4.407835451210741,0.006975322474299384,0,505.65506643033734,-0.0010187416370744436,1.9999960532605494
4,4,160,9,39.0625,4,-0.8,0.2,0,3,100,0,4.179565287617671,4.435588989454243,0.008384693113663674,0,508.8278511459715,-0.0010187416370744436,1.9999960532605494
4,4,160,9,39.0625,4,-0.8,0.2,0,3,300,0,4.24955509589464,4.490578678138137,0.009551274336186142,0,514.9957745738226,-0.0010187416370744436,1.9999960532605494
4,4,160,9,39.0625,4,-0.8,0.2,0,3,1000,0,4.2877005530894685,4.523335461228224,0.010082642561285474,0,518.631344398205,-0.0010187416370744436,1.9999960532605494
4,4,160,9,39.0625,4,-0.8,0.2,0,3,3000,0,4.295199096415454,4.524341466787015,0.010752361428425615,0,518.9370357749864,-0.0010187416370744436,1.9999960532605494
4,4,160,9,39.0625,5,-0.6,0.05,0,1,1,0,2.7010073170832714,2.7642893312275176,0.006637556623789426,0,144.74193765352805,NaN,NaN
4,4,160,9,39.0625,5,-0.6,0.05,0,1,3,0,4.236327611858026,4.41553499710016,0.01750710956550664,0,221.72613934931562,NaN,NaN
4,4,160,9,39.0625,5,-0.6,0.05,0,1,10,0.3333333333333333,6.579214536044825,6.881259716670208,1.981454027023676,0.5,392.07926386573564,NaN,NaN
4,4,160,9,39.0625,5,-0.6,0.05,0,1,30,0.6666666666666666,7.130783215481975,7.393917971402104,7.2642572658815165,1,999.3382945904468,NaN,NaN
4,4,160,9,39.0625,5,-0.6,0.05,0,1,100,0.6666666666666666,6.91739860365445,7.325908798519805,7.528194745838313,1,1062.8568069771402,NaN,NaN
4,4,160,9,39.0625,5,-0.6,0.05,0,1,300,0.6666666666666666,6.905105957361237,7.3283406487372424,7.618375359146153,1,1072.2051349616493,NaN,NaN
4,4,160,9,39.0625,5,-0.6,0.05,0,1,1000,0.6666666666666666,7.038644304992834,7.33612487606113,7.727616810153312,1,1082.8539762382247,NaN,NaN
4,4,160,9,39.0625,5,-0.6,0.05,0,1,3000,0.6666666666666666,7.059042794326257,7.317187498999629,7.729127861892764,1,1082.0918543482933,NaN,NaN
4,4,160,9,39.0625,5,-0.6,0.05,0,2,1,0,2.7018992088271965,2.749421433654307,0.0032264064491452924,0,192.19761075083662,NaN,NaN
4,4,160,9,39.0625,5,-0.6,0.05,0,2,3,0,4.238697458152195,4.367444726213671,0.013650423901151372,0,292.78834271501137,NaN,NaN
4,4,160,9,39.0625,5,-0.6,0.05,0,2,10,0.1111111111111111,6.585849605254581,6.760560347040872,1.3468755957693488,0.2,482.9136851794782,NaN,NaN
4,4,160,9,39.0625,5,-0.6,0.05,0,2,30,0.5555555555555556,7.094959135606481,7.22696428644358,7.8208726245509075,1,1036.91006831241,NaN,NaN
4,4,160,9,39.0625,5,-0.6,0.05,0,2,100,0.5555555555555556,6.95894768284102,7.182421140298466,7.844396852613411,1,1065.2453833926293,NaN,NaN
4,4,160,9,39.0625,5,-0.6,0.05,0,2,300,0.5555555555555556,6.979389698514497,7.23857307482538,7.959902604456672,1,1083.5297747440502,NaN,NaN
4,4,160,9,39.0625,5,-0.6,0.05,0,2,1000,0.5555555555555556,7.0963706489828535,7.313553200377705,7.9422713513496115,1,1090.5920680424633,NaN,NaN
4,4,160,9,39.0625,5,-0.6,0.05,0,2,3000,0.5555555555555556,7.100798087785883,7.3102443900033185,7.933226828622185,1,1090.071323506108,NaN,NaN
4,4,160,9,39.0625,5,-0.6,0.05,0,3,1,0,2.685771599800399,2.7467981719093046,0.005756300368529488,0,336.6190253647668,NaN,NaN
4,4,160,9,39.0625,5,-0.6,0.05,0,3,3,0,4.221773093687675,4.37641612737158,0.026547683785081745,0,512.6377242529519,NaN,NaN
4,4,160,9,39.0625,5,-0.6,0.05,0,3,10,0.2222222222222222,6.549042363007833,6.780024284154196,3.202735502739354,1,843.343103818406,NaN,NaN
4,4,160,9,39.0625,5,-0.6,0.05,0,3,30,0.2222222222222222,6.8420523144719025,7.175834623638832,7.880359204614759,1,1067.468102692836,NaN,NaN
4,4,160,9,39.0625,5,-0.6,0.05,0,3,100,0.2222222222222222,6.886545293258549,7.2444053442008975,7.95743295821317,1,1077.0432140759808,NaN,NaN
4,4,160,9,39.0625,5,-0.6,0.05,0,3,300,0.2222222222222222,7.002051154544159,7.343863013203824,7.959984603925776,1,1089.2828150024234,NaN,NaN
4,4,160,9,39.0625,5,-0.6,0.05,0,3,1000,0.2222222222222222,7.0325703506993165,7.363838626212883,7.986511790566607,1,1092.332086479699,NaN,NaN
4,4,160,9,39.0625,5,-0.6,0.05,0,3,3000,0.2222222222222222,7.100636524733725,7.343250634325548,7.933280854391395,1,1090.0798327202583,NaN,NaN
4,4,160,9,39.0625,5,-0.8,0.2,0,1,1,0,2.5651457919869327,2.6252447007399335,0.006303685419473272,0,137.46137226200537,NaN,NaN
4,4,160,9,39.0625,5,-0.8,0.2,0,1,3,0,3.8953683608068723,4.069756388675023,0.009848653225587405,0,203.77227372319987,NaN,NaN
4,4,160,9,39.0625,5,-0.8,0.2,0,1,10,0,6.050562870143976,6.33179509612273,0.08862115431387849,0,314.0384168887147,NaN,NaN
4,4,160,9,39.0625,5,-0.8,0.2,0,1,30,0.2222222222222222,6.425668796237602,6.838971389379068,6.847465323190297,0.3333333333333333,485.3066863381481,NaN,NaN
4,4,160,9,39.0625,5,-0.8,0.2,0,1,100,0.6666666666666666,6.518059725647649,6.904627713802025,7.382792380859425,1,1018.2721023357698,NaN,NaN
4,4,160,9,39.0625,5,-0.8,0.2,0,1,300,0.6666666666666666,6.579224930819601,6.9386335702476005,7.457543117453133,1,1021.9825238541036,NaN,NaN
4,4,160,9,39.0625,5,-0.8,0.2,0,1,1000,0.6666666666666666,6.60401298843337,6.9572699264887605,7.509633878441492,1,1023.519899105786,NaN,NaN
4,4,160,9,39.0625,5,-0.8,0.2,0,1,3000,0.6666666666666666,6.622094105412326,6.961976773044466,7.489212800092799,1,1022.9573365278513,NaN,NaN
4,4,160,9,39.0625,5,-0.8,0.2,0,2,1,0,2.565992821293136,2.611124663132335,0.003064117180993704,0,182.53000994452762,NaN,NaN
4,4,160,9,39.0625,5,-0.8,0.2,0,2,3,0,3.89748891052859,4.0248531350737045,0.008367764590059359,0,269.1406741447151,NaN,NaN
4,4,160,9,39.0625,5,-0.8,0.2,0,2,10,0,6.048494201360398,6.24193172427057,0.011588182598284166,0,411.67393674000033,NaN,NaN
4,4,160,9,39.0625,5,-0.8,0.2,0,2,30,0,6.404334690681489,6.664793052797339,0.01169731581988586,0,438.9077944029352,NaN,NaN
4,4,160,9,39.0625,5,-0.8,0.2,0,2,100,0.4444444444444444,6.544331966106729,6.761942885697012,6.6075334550009,0.8,727.0291287712735,NaN,NaN
4,4,160,9,39.0625,5,-0.8,0.2,0,2,300,0.5555555555555556,6.621247206296512,6.85403382473088,7.478339092634072,1,1022.8171815414167,NaN,NaN
4,4,160,9,39.0625,5,-0.8,0.2,0,2,1000,0.5555555555555556,6.629115766520783,6.861894845498548,7.4871540660414375,1,1023.8464469302892,NaN,NaN
4,4,160,9,39.0625,5,-0.8,0.2,0,2,3000,0.5555555555555556,6.628674102446991,6.8623024964764845,7.488250842067522,1,1023.9050633158569,NaN,NaN
4,4,160,9,39.0625,5,-0.8,0.2,0,3,1,0,2.5506764361177816,2.6086333522854845,0.005466756633481214,0,319.68698157753096,NaN,NaN
4,4,160,9,39.0625,5,-0.8,0.2,0,3,3,0,3.8795261350490295,4.033726836077063,0.015545897112449275,0,471.3326110808977,NaN,NaN
4,4,160,9,39.0625,5,-0.8,0.2,0,3,10,0,6.055566555093749,6.28868829740621,0.14027280805116044,0,725.96109609383,NaN,NaN
4,4,160,9,39.0625,5,-0.8,0.2,0,3,30,0.2222222222222222,6.379664970467039,6.723460277635317,7.277788115531055,1,946.9524559150684,NaN,NaN
4,4,160,9,39.0625,5,-0.8,0.2,0,3,100,0.2222222222222222,6.4376465802483125,6.789977197683302,7.485164769312575,1,1009.8286064867921,NaN,NaN
4,4,160,9,39.0625,5,-0.8,0.2,0,3,300,0.2222222222222222,6.548127128126369,6.88145600799239,7.498873277359491,1,1021.3323748781007,NaN,NaN
4,4,160,9,39.0625,5,-0.8,0.2,0,3,1000,0.2222222222222222,6.585375077419286,6.913323801917739,7.531749139705918,1,1025.1377506395454,NaN,NaN
4,4,160,9,39.0625,5,-0.8,0.2,0,3,3000,0.2222222222222222,6.628440891207108,6.901961669032819,7.488614521505806,1,1023.9259190830459,NaN,NaN
4,4,160,9,39.0625,6,-0.6,0.05,0,1,1,0,3.120729540037886,3.193845243814025,0.007668997747070963,0,167.23406769792217,NaN,NaN
4,4,160,9,39.0625,6,-0.6,0.05,0,1,3,0,5.433821256074974,5.652420616254407,0.025552850839086545,0,284.4717859225772,NaN,NaN
4,4,160,9,39.0625,6,-0.6,0.05,0,1,10,0.4444444444444444,8.757791191133556,9.127614029236076,3.8025991563746313,0.6666666666666666,587.3176011611292,NaN,NaN
4,4,160,9,39.0625,6,-0.6,0.05,0,1,30,0.6666666666666666,9.340390666238667,9.673982006014688,9.47247816489526,1,1309.6349700485284,NaN,NaN
4,4,160,9,39.0625,6,-0.6,0.05,0,1,100,0.6666666666666666,9.083376069061798,9.5985482787425,9.827514319311572,1,1395.606646601545,NaN,NaN
4,4,160,9,39.0625,6,-0.6,0.05,0,1,300,0.6666666666666666,9.07125326638834,9.60093384214351,9.972351887043072,1,1412.4899917165756,NaN,NaN
4,4,160,9,39.0625,6,-0.6,0.05,0,1,1000,0.6666666666666666,9.264932280080444,9.614399458623366,10.063604775749914,1,1421.3735285968799,NaN,NaN
4,4,160,9,39.0625,6,-0.6,0.05,0,1,3000,0.6666666666666666,9.305712758494195,9.586606543572588,10.052141244806581,1,1419.3822909295222,NaN,NaN
4,4,160,9,39.0625,6,-0.6,0.05,0,2,1,0,3.1217600270321935,3.1766669537510865,0.0037277729128440103,0,222.06410090089582,NaN,NaN
4,4,160,9,39.0625,6,-0.6,0.05,0,2,3,0,5.4366100061830345,5.592954265067883,0.019444041301863967,0,375.69421929465085,NaN,NaN
4,4,160,9,39.0625,6,-0.6,0.05,0,2,10,0.5555555555555556,8.776260720245562,8.97054504788756,3.5337327782222205,1,726.082964491588,NaN,NaN
4,4,160,9,39.0625,6,-0.6,0.05,0,2,30,0.5555555555555556,9.315666681516802,9.483761344528475,10.19950200633746,1,1371.949288598328,NaN,NaN
4,4,160,9,39.0625,6,-0.6,0.05,0,2,100,0.5555555555555556,9.156992684790602,9.432186928910006,10.204946679526905,1,1395.9361415724918,NaN,NaN
4,4,160,9,39.0625,6,-0.6,0.05,0,2,300,0.5555555555555556,9.248490448603004,9.509755025098988,10.317119373983406,1,1409.6281291874295,NaN,NaN
4,4,160,9,39.0625,6,-0.6,0.05,0,2,1000,0.5555555555555556,9.36178926016442,9.598045700400942,10.37184416500044,1,1430.920564227258,NaN,NaN
4,4,160,9,39.0625,6,-0.6,0.05,0,2,3000,0.5555555555555556,9.367729951520756,9.593361165615462,10.359772484939631,1,1430.2080992217961,NaN,NaN
4,4,160,9,39.0625,6,-0.6,0.05,0,3,1,0,3.1031262730316818,3.1736360510330144,0.006650798940004183,0,388.92783797749456,NaN,NaN
4,4,160,9,39.0625,6,-0.6,0.05,0,3,3,0,5.41507989266963,5.603318693365836,0.038769384344674,0,657.6997236738592,NaN,NaN
4,4,160,9,39.0625,6,-0.6,0.05,0,3,10,0.2222222222222222,8.666527773810735,8.953328929855147,5.680039599775056,1,1154.3058159245363,NaN,NaN
4,4,160,9,39.0625,6,-0.6,0.05,0,3,30,0.2222222222222222,9.021735666171889,9.431550509072753,10.320238151389418,1,1403.9793713792906,NaN,NaN
4,4,160,9,39.0625,6,-0.6,0.05,0,3,100,0.2222222222222222,9.07534438076798,9.519308335511047,10.396949450974432,1,1415.6099106693976,NaN,NaN
4,4,160,9,39.0625,6,-0.6,0.05,0,3,300,0.2222222222222222,9.213283518663529,9.641610959541401,10.382627700668806,1,1430.5348531959019,NaN,NaN
4,4,160,9,39.0625,6,-0.6,0.05,0,3,1000,0.2222222222222222,9.250103333372268,9.657879040098367,10.42526924396833,1,1433.5870871077816,NaN,NaN
4,4,160,9,39.0625,6,-0.6,0.05,0,3,3000,0.2222222222222222,9.367252180588206,9.626384585435943,10.358855611441392,1,1430.1955251773034,NaN,NaN
4,4,160,9,39.0625,6,-0.8,0.2,0,1,1,0,2.970800992667168,3.040404014194974,0.007300557714938711,0,159.19967685463806,NaN,NaN
4,4,160,9,39.0625,6,-0.8,0.2,0,1,3,0,5.080163580508916,5.294167130929299,0.013838259133279292,0,265.70088426132946,NaN,NaN
4,4,160,9,39.0625,6,-0.8,0.2,0,1,10,0.1111111111111111,8.204869803846064,8.559839680134038,0.7386027702976239,0.16666666666666666,436.3148488605958,NaN,NaN
4,4,160,9,39.0625,6,-0.8,0.2,0,1,30,0.5555555555555556,8.863446570625408,9.26251971710127,9.420414194805591,0.8333333333333334,1031.3084358815156,NaN,NaN
4,4,160,9,39.0625,6,-0.8,0.2,0,1,100,0.6666666666666666,8.78159955065305,9.240680877969467,9.592213581164994,1,1346.870492598923,NaN,NaN
4,4,160,9,39.0625,6,-0.8,0.2,0,1,300,0.6666666666666666,8.866551072970111,9.283680506709585,9.642838841745784,1,1354.7653126920948,NaN,NaN
4,4,160,9,39.0625,6,-0.8,0.2,0,1,1000,0.6666666666666666,8.92017278681916,9.267175489428448,9.75369295122226,1,1361.7211126031489,NaN,NaN
4,4,160,9,39.0625,6,-0.8,0.2,0,1,3000,0.6666666666666666,8.920201518261965,9.26662869595192,9.822974169104873,1,1364.088944040162,NaN,NaN
4,4,160,9,39.0625,6,-0.8,0.2,0,2,1,0,2.9717819721933814,3.024051017077934,0.0035486803094703008,0,211.39552240214908,NaN,NaN
4,4,160,9,39.0625,6,-0.8,0.2,0,2,3,0,5.082604640181975,5.238407283415715,0.011487759198041151,0,351.0597608988496,NaN,NaN
4,4,160,9,39.0625,6,-0.8,0.2,0,2,10,0,8.195786725936895,8.427962716138996,0.05314382127026415,0,557.5128379210521,NaN,NaN
4,4,160,9,39.0625,6,-0.8,0.2,0,2,30,0.5555555555555556,8.809594893897353,9.049955808637623,9.768984937995896,1,1192.5531212044575,NaN,NaN
4,4,160,9,39.0625,6,-0.8,0.2,0,2,100,0.5555555555555556,8.746478111114032,9.039932735491284,9.959985760303912,1,1357.634950822939,NaN,NaN
4,4,160,9,39.0625,6,-0.8,0.2,0,2,300,0.5555555555555556,8.870958953881935,9.158882385903405,9.970131935841295,1,1367.4128853584423,NaN,NaN
4,4,160,9,39.0625,6,-0.8,0.2,0,2,1000,0.5555555555555556,8.929603056785524,9.179047073827633,9.946256310347897,1,1368.9839422033635,NaN,NaN
4,4,160,9,39.0625,6,-0.8,0.2,0,2,3000,0.5555555555555556,8.930928421911624,9.177825606980804,9.943142587688063,1,1368.8000306261956,NaN,NaN
4,4,160,9,39.0625,6,-0.8,0.2,0,3,1,0,2.9540434356840084,3.021165727376277,0.006331276017195095,0,370.24266035095354,NaN,NaN
4,4,160,9,39.0625,6,-0.8,0.2,0,3,3,0,5.059833614144135,5.248832188131346,0.021685491404681564,0,614.732468494011,NaN,NaN
4,4,160,9,39.0625,6,-0.8,0.2,0,3,10,0.1111111111111111,8.219302334904098,8.495526875806386,1.3733093876929778,0.5,1001.4771619766659,NaN,NaN
4,4,160,9,39.0625,6,-0.8,0.2,0,3,30,0.2222222222222222,8.590765378235727,9.010096953256005,9.862140871091869,1,1339.176284132063,NaN,NaN
4,4,160,9,39.0625,6,-0.8,0.2,0,3,100,0.2222222222222222,8.658718785046169,9.096465576518234,9.966634383375858,1,1353.0481861738995,NaN,NaN
4,4,160,9,39.0625,6,-0.8,0.2,0,3,300,0.2222222222222222,8.797075166989986,9.210135207113206,9.953348469411335,1,1367.2201542623523,NaN,NaN
4,4,160,9,39.0625,6,-0.8,0.2,0,3,1000,0.2222222222222222,8.835302744059842,9.24117612394882,10.008209183713006,1,1371.4363276998163,NaN,NaN
4,4,160,9,39.0625,6,-0.8,0.2,0,3,3000,0.2222222222222222,8.930658429752324,9.216902585432308,9.942864269922332,1,1368.8006622258206,NaN,NaN
5,2,140,9,51.0204081632653,3,-0.6,0.05,0,1,1,0,1.995694644804641,2.01379364892092,0.013175880023338632,0,161.12204186247897,NaN,NaN
5,2,140,9,51.0204081632653,3,-0.6,0.05,0,1,3,0,2.2812219783438654,2.3156035282612106,0.019248119601930402,0,179.47350564360025,NaN,NaN
5,2,140,9,51.0204081632653,3,-0.6,0.05,0,1,10,0.1111111111111111,2.788194202397888,2.840158406154845,0.27521639873383263,0.16666666666666666,227.3455725051577,NaN,NaN
5,2,140,9,51.0204081632653,3,-0.6,0.05,0,1,30,0.5555555555555556,3.100346364435008,3.189674726795394,2.6398419758191363,0.8333333333333334,478.76149130935306,NaN,NaN
5,2,140,9,51.0204081632653,3,-0.6,0.05,0,1,100,0.6666666666666666,3.084427949018568,3.1813070279816205,3.6723392380611126,1,728.6951758500645,NaN,NaN
5,2,140,9,51.0204081632653,3,-0.6,0.05,0,1,300,0.6666666666666666,3.054085909236905,3.207269255667472,3.71159431930013,1,733.3342582082988,NaN,NaN
5,2,140,9,51.0204081632653,3,-0.6,0.05,0,1,1000,0.6666666666666666,3.0417644004815325,3.234479516571724,3.6657973540964144,1,735.1981179952653,NaN,NaN
5,2,140,9,51.0204081632653,3,-0.6,0.05,0,1,3000,0.6666666666666666,3.0442858069115175,3.2527654508702413,3.6459755906370286,1,735.3699088039085,NaN,NaN
5,2,140,9,51.0204081632653,3,-0.6,0.05,0,2,1,0,2.0015434161700676,2.01846194305823,0.007762620092504844,0,214.02464368660094,NaN,NaN
5,2,140,9,51.0204081632653,3,-0.6,0.05,0,2,3,0,2.306824098702977,2.320208554181737,0.009254723511157989,0,238.97605556082817,NaN,NaN
5,2,140,9,51.0204081632653,3,-0.6,0.05,0,2,10,0,2.797876446779477,2.8295643409118205,0.10310672978789262,0,293.80774196682427,NaN,NaN
5,2,140,9,51.0204081632653,3,-0.6,0.05,0,2,30,0.5555555555555556,3.0584819341601404,3.133745146449882,2.5061146408917043,1,582.8648323601856,NaN,NaN
5,2,140,9,51.0204081632653,3,-0.6,0.05,0,2,100,0.5555555555555556,3.029871325843902,3.1281670555348873,3.4185685186581054,1,707.6309278480782,NaN,NaN
5,2,140,9,51.0204081632653,3,-0.6,0.05,0,2,300,0.5555555555555556,2.9905225250797467,3.14704274578111,3.4708491649156787,1,715.8402465624372,NaN,NaN
5,2,140,9,51.0204081632653,3,-0.6,0.05,0,2,1000,0.5555555555555556,2.9793036470902297,3.143198305493282,3.6110973635173282,1,730.1433376519657,NaN,NaN
5,2,140,9,51.0204081632653,3,-0.6,0.05,0,2,3000,0.5555555555555556,2.9985509564022896,3.1551177209419494,3.594003789683752,1,728.3178256324194,NaN,NaN
5,2,140,9,51.0204081632653,3,-0.6,0.05,0,3,1,0,1.996837236019727,2.0343929980229745,0.014724964997373767,0,374.8391750189943,NaN,NaN
5,2,140,9,51.0204081632653,3,-0.6,0.05,0,3,3,0,2.3043205252557253,2.3583174567632073,0.019768916821463096,0,422.92212242909164,NaN,NaN
5,2,140,9,51.0204081632653,3,-0.6,0.05,0,3,10,0.1111111111111111,2.8414509533358294,2.903264625461292,0.2804333874286875,0.5,524.1850087383243,NaN,NaN
5,2,140,9,51.0204081632653,3,-0.6,0.05,0,3,30,0.2222222222222222,3.0423672032390696,3.124215004760444,3.0361251075933793,1,689.9929686082652,NaN,NaN
5,2,140,9,51.0204081632653,3,-0.6,0.05,0,3,100,0.2222222222222222,3.020015572006404,3.1279827049886486,3.38890581722964,1,715.1828276109196,NaN,NaN
5,2,140,9,51.0204081632653,3,-0.6,0.05,0,3,300,0.2222222222222222,3.024735909774537,3.1360273854801344,3.50130503943125,1,720.6828334914867,NaN,NaN
5,2,140,9,51.0204081632653,3,-0.6,0.05,0,3,1000,0.2222222222222222,3.055203473427205,3.238389428676814,3.564547640749914,1,740.9326217888755,NaN,NaN
5,2,140,9,51.0204081632653,3,-0.6,0.05,0,3,3000,0.2222222222222222,3.028520697454743,3.216020948796326,3.5931863156479995,1,735.2768755250859,NaN,NaN
5,2,140,9,51.0204081632653,3,-0.8,0.2,0,1,1,0,1.880205042301177,1.8972566683546148,0.012413400076574202,0,151.79800994322454,-0.00008055004634112692,1.999996120896597
5,2,140,9,51.0204081632653,3,-0.8,0.2,0,1,3,0,1.9814990748297956,2.012730491562347,0.009987542223828865,0,155.27076448502152,-0.00008055004634112692,1.999996120896597
5,2,140,9,51.0204081632653,3,-0.8,0.2,0,1,10,0,2.148928463137936,2.2075972786297124,0.006847209576364265,0,168.30022470217432,-0.00008055004634112692,1.999996120896597
5,2,140,9,51.0204081632653,3,-0.8,0.2,0,1,30,0,2.1677448136197772,2.255254242207164,0.006141511287397886,0,171.7082479362687,-0.00008055004634112692,1.999996120896597
5,2,140,9,51.0204081632653,3,-0.8,0.2,0,1,100,0,2.171873108427326,2.2812677413268054,0.006944047755008668,0,173.59077899974343,-0.00008055004634112692,1.999996120896597
5,2,140,9,51.0204081632653,3,-0.8,0.2,0,1,300,0,2.2976699878002362,2.3909786623023335,0.01377019980036424,0,182.1607632387679,-0.00008055004634112692,1.999996120896597
5,2,140,9,51.0204081632653,3,-0.8,0.2,0,1,1000,0,2.2996668249820043,2.3940526090055414,0.012304598920700328,0,182.36569391395867,-0.00008055004634112692,1.999996120896597
5,2,140,9,51.0204081632653,3,-0.8,0.2,0,1,3000,0,2.288395107347222,2.3861260781780076,0.011800810162928657,0,181.64469207831308,-0.00008055004634112692,1.999996120896597
5,2,140,9,51.0204081632653,3,-0.8,0.2,0,2,1,0,1.8857153489210645,1.9016548112262035,0.007313402116597263,0,201.63917124488367,-0.0000954894875327991,1.9999958840357546
5,2,140,9,51.0204081632653,3,-0.8,0.2,0,2,3,0,2.005785068207835,2.016680760766537,0.004905065853971795,0,206.98611583988418,-0.0000954894875327991,1.9999958840357546
5,2,140,9,51.0204081632653,3,-0.8,0.2,0,2,10,0,2.1788154682591694,2.2108449571617275,0.0059745749596377,0,224.61838668503242,-0.0000954894875327991,1.9999958840357546
5,2,140,9,51.0204081632653,3,-0.8,0.2,0,2,30,0,2.219287666094868,2.264998746262984,0.0060949231318998785,0,229.68054996289123,-0.0000954894875327991,1.9999958840357546
5,2,140,9,51.0204081632653,3,-0.8,0.2,0,2,100,0,2.2048095082651957,2.28340104559863,0.005709065890903225,0,231.3713897939335,-0.0000954894875327991,1.9999958840357546
5,2,140,9,51.0204081632653,3,-0.8,0.2,0,2,300,0,2.180814554843469,2.3238573394341047,0.004961403365203915,0,235.39113102270866,-0.0000954894875327991,1.9999958840357546
5,2,140,9,51.0204081632653,3,-0.8,0.2,0,2,1000,0,2.2782327173961225,2.3969304863763132,0.006228882727842019,0,242.83521332166669,-0.0000954894875327991,1.9999958840357546
5,2,140,9,51.0204081632653,3,-0.8,0.2,0,2,3000,0,2.277882133939113,2.3959498277319735,0.006221833292137434,0,242.75467419699407,-0.0000954894875327991,1.9999958840357546
5,2,140,9,51.0204081632653,3,-0.8,0.2,0,3,1,0,1.8812815124763527,1.9166639459913175,0.01387284047078286,0,353.1474661003166,-0.0012443475332383825,1.999995793488157
5,2,140,9,51.0204081632653,3,-0.8,0.2,0,3,3,0,2.0037478841747647,2.0513637403101233,0.010629821524918535,0,366.82714854469754,-0.0012443475332383825,1.999995793488157
5,2,140,9,51.0204081632653,3,-0.8,0.2,0,3,10,0,2.2181767302137145,2.2866553519719397,0.013144164944365268,0,405.5202427719452,-0.0012443475332383825,1.999995793488157
5,2,140,9,51.0204081632653,3,-0.8,0.2,0,3,30,0,2.2774164330621653,2.3622566579696342,0.01486672169539055,0,418.7540654195405,-0.0012443475332383825,1.999995793488157
5,2,140,9,51.0204081632653,3,-0.8,0.2,0,3,100,0,2.292551231852003,2.3774314426725014,0.014255096212941966,0,421.36828029334896,-0.0012443475332383825,1.999995793488157
5,2,140,9,51.0204081632653,3,-0.8,0.2,0,3,300,0,2.392885207813893,2.4877521593995704,0.013508547930208434,0,440.221374446655,-0.0012443475332383825,1.999995793488157
5,2,140,9,51.0204081632653,3,-0.8,0.2,0,3,1000,0,2.3959824889254326,2.4931793601983108,0.012686596138943738,0,441.20071659714455,-0.0012443475332383825,1.999995793488157
5,2,140,9,51.0204081632653,3,-0.8,0.2,0,3,3000,0,2.393554011269622,2.492077914280855,0.012957410336137119,0,441.02853217459784,-0.0012443475332383825,1.999995793488157
5,2,140,9,51.0204081632653,4,-0.6,0.05,0,1,1,0,2.445659244779577,2.467838988987196,0.01614661484965755,0,197.44985148131622,NaN,NaN
5,2,140,9,51.0204081632653,4,-0.6,0.05,0,1,3,0,3.4656776563098743,3.5146642333287175,0.037810737287696176,0,273.57266146016093,NaN,NaN
5,2,140,9,51.0204081632653,4,-0.6,0.05,0,1,10,0.3333333333333333,5.054197202209851,5.110185716353897,1.587704219331551,0.5,477.6008786045874,NaN,NaN
5,2,140,9,51.0204081632653,4,-0.6,0.05,0,1,30,0.6666666666666666,5.4722702246840935,5.614242752619686,5.829395677148067,1,1168.6570802838871,NaN,NaN
5,2,140,9,51.0204081632653,4,-0.6,0.05,0,1,100,0.6666666666666666,5.427872244004944,5.536650179075892,6.623681886688838,1,1271.1083235294648,NaN,NaN
5,2,140,9,51.0204081632653,4,-0.6,0.05,0,1,300,0.6666666666666666,5.48898862266514,5.62707480045529,6.625480052070166,1,1282.486055873504,NaN,NaN
5,2,140,9,51.0204081632653,4,-0.6,0.05,0,1,1000,0.6666666666666666,5.521249952639708,5.6919288247047675,6.485999199393909,1,1283.5282740130206,NaN,NaN
5,2,140,9,51.0204081632653,4,-0.6,0.05,0,1,3000,0.6666666666666666,5.5151945223547925,5.6328345332707705,6.504093020493064,1,1279.1550675459341,NaN,NaN
5,2,140,9,51.0204081632653,4,-0.6,0.05,0,2,1,0,2.4528267249337663,2.4735598324759462,0.009512839873759685,0,262.2802791025327,NaN,NaN
5,2,140,9,51.0204081632653,4,-0.6,0.05,0,2,3,0,3.499949569227774,3.520279650447319,0.0181574869559741,0,363.8013874684135,NaN,NaN
5,2,140,9,51.0204081632653,4,-0.6,0.05,0,2,10,0.2222222222222222,5.021757377490341,5.074908470649879,1.1214517784674793,0.4,584.387534867049,NaN,NaN
5,2,140,9,51.0204081632653,4,-0.6,0.05,0,2,30,0.5555555555555556,5.466274128066976,5.572225167713256,5.39086210518843,1,1216.005512353995,NaN,NaN
5,2,140,9,51.0204081632653,4,-0.6,0.05,0,2,100,0.5555555555555556,5.3718862802614025,5.508907916240446,5.86046787676862,1,1270.9027669794386,NaN,NaN
5,2,140,9,51.0204081632653,4,-0.6,0.05,0,2,300,0.5555555555555556,5.332111439636085,5.514954816095536,5.882755477314078,1,1272.8415881831759,NaN,NaN
5,2,140,9,51.0204081632653,4,-0.6,0.05,0,2,1000,0.5555555555555556,5.288879872271948,5.514931183867555,6.1769808756788755,1,1283.7164974176549,NaN,NaN
5,2,140,9,51.0204081632653,4,-0.6,0.05,0,2,3000,0.5555555555555556,5.298514125520978,5.5354572966251245,6.191540043331693,1,1283.391380987947,NaN,NaN
5,2,140,9,51.0204081632653,4,-0.6,0.05,0,3,1,0,2.447059453361312,2.493082825111642,0.018044968386638126,0,459.35328637437755,NaN,NaN
5,2,140,9,51.0204081632653,4,-0.6,0.05,0,3,3,0,3.4957363244027584,3.5744334796812507,0.038286236919568076,0,642.8270895057675,NaN,NaN
5,2,140,9,51.0204081632653,4,-0.6,0.05,0,3,10,0.2222222222222222,5.067028320103858,5.1580761537854745,1.4037684924166947,1,966.5575356072887,NaN,NaN
5,2,140,9,51.0204081632653,4,-0.6,0.05,0,3,30,0.2222222222222222,5.398433341294652,5.539803253586747,5.662301071123741,1,1258.5485207830122,NaN,NaN
5,2,140,9,51.0204081632653,4,-0.6,0.05,0,3,100,0.2222222222222222,5.36097238877142,5.513494491528974,5.9547124072643145,1,1266.8639508312688,NaN,NaN
5,2,140,9,51.0204081632653,4,-0.6,0.05,0,3,300,0.2222222222222222,5.351983674158366,5.544658832116056,6.1592310427917,1,1278.5365253476784,NaN,NaN
5,2,140,9,51.0204081632653,4,-0.6,0.05,0,3,1000,0.2222222222222222,5.38645848431834,5.6888905648063774,6.171399121293198,1,1303.3783938088363,NaN,NaN
5,2,140,9,51.0204081632653,4,-0.6,0.05,0,3,3000,0.2222222222222222,5.323201366314314,5.622634581777512,6.370936742713112,1,1296.1146947290247,NaN,NaN
5,2,140,9,51.0204081632653,4,-0.8,0.2,0,1,1,0,2.3150890444322054,2.3360846442619745,0.01528457049889536,0,186.90829025544014,NaN,NaN
5,2,140,9,51.0204081632653,4,-0.8,0.2,0,1,3,0,3.1354537382787235,3.182036190701042,0.020500805755510786,0,246.56993433852128,NaN,NaN
5,2,140,9,51.0204081632653,4,-0.8,0.2,0,1,10,0,4.397244786039661,4.490461318762478,0.1463947582423037,0,348.5782221880085,NaN,NaN
5,2,140,9,51.0204081632653,4,-0.8,0.2,0,1,30,0.3333333333333333,4.843464500262975,4.989835248907543,3.7567252710409718,0.5,613.5120966523497,NaN,NaN
5,2,140,9,51.0204081632653,4,-0.8,0.2,0,1,100,0.6666666666666666,4.976455506975505,5.136646567920759,5.256853104240987,1,1144.8807762855165,NaN,NaN
5,2,140,9,51.0204081632653,4,-0.8,0.2,0,1,300,0.6666666666666666,4.970664619028259,5.1865133861904775,5.651243008882899,1,1171.4971181896246,NaN,NaN
5,2,140,9,51.0204081632653,4,-0.8,0.2,0,1,1000,0.6666666666666666,4.903032065579273,5.155943674379499,5.695411394926927,1,1169.3593829648887,NaN,NaN
5,2,140,9,51.0204081632653,4,-0.8,0.2,0,1,3000,0.6666666666666666,4.950305270361684,5.211810326414608,5.676511243834361,1,1166.8183513381398,NaN,NaN
5,2,140,9,51.0204081632653,4,-0.8,0.2,0,2,1,0,2.3218738632153495,2.3415000602133134,0.00900496314856152,0,248.2775153640094,NaN,NaN
5,2,140,9,51.0204081632653,4,-0.8,0.2,0,2,3,0,3.1695578669969957,3.1873802637053195,0.009851439993644505,0,328.35465208700714,NaN,NaN
5,2,140,9,51.0204081632653,4,-0.8,0.2,0,2,10,0,4.4467526177796195,4.485454419384861,0.0321879213836173,0,459.92387883761194,NaN,NaN
5,2,140,9,51.0204081632653,4,-0.8,0.2,0,2,30,0.2222222222222222,4.743191197739557,4.853607647967692,2.863208984018734,0.4,640.9213279858949,NaN,NaN
5,2,140,9,51.0204081632653,4,-0.8,0.2,0,2,100,0.5555555555555556,4.852809203643599,5.010529009261774,5.486691454308366,1,1158.8006275570258,NaN,NaN
5,2,140,9,51.0204081632653,4,-0.8,0.2,0,2,300,0.5555555555555556,4.925489834211728,5.055800979057256,5.582599285674485,1,1169.3260399161545,NaN,NaN
5,2,140,9,51.0204081632653,4,-0.8,0.2,0,2,1000,0.5555555555555556,4.896381106531768,5.113687435185062,5.501241492744823,1,1183.5567231999598,NaN,NaN
5,2,140,9,51.0204081632653,4,-0.8,0.2,0,2,3000,0.5555555555555556,4.895315363641174,5.090380477189586,5.758902788109346,1,1176.927474668548,NaN,NaN
5,2,140,9,51.0204081632653,4,-0.8,0.2,0,3,1,0,2.316414497908365,2.3599807485847224,0.017081573693557072,0,434.82908057581574,NaN,NaN
5,2,140,9,51.0204081632653,4,-0.8,0.2,0,3,3,0,3.166162157688633,3.2384143627598263,0.02158045503148344,0,580.9845476344776,NaN,NaN
5,2,140,9,51.0204081632653,4,-0.8,0.2,0,3,10,0,4.494825817900904,4.607937873792785,0.1852910029745035,0,825.8304219263184,NaN,NaN
5,2,140,9,51.0204081632653,4,-0.8,0.2,0,3,30,0.2222222222222222,4.935435610340508,4.970893445896325,4.043521839297263,1,1041.9332386036087,NaN,NaN
5,2,140,9,51.0204081632653,4,-0.8,0.2,0,3,100,0.2222222222222222,4.875515023452562,5.039523458976148,5.396338151020647,1,1151.161036048265,NaN,NaN
5,2,140,9,51.0204081632653,4,-0.8,0.2,0,3,300,0.2222222222222222,4.868426054118943,5.079349336239494,5.547901288193157,1,1160.7147218219961,NaN,NaN
5,2,140,9,51.0204081632653,4,-0.8,0.2,0,3,1000,0.2222222222222222,4.884386160581477,5.1867848287843445,5.680735556467385,1,1180.2407522281594,NaN,NaN
5,2,140,9,51.0204081632653,4,-0.8,0.2,0,3,3000,0.2222222222222222,4.8147010950415146,5.098995476770905,5.638504435578592,1,1164.618985523412,NaN,NaN
5,2,140,9,51.0204081632653,5,-0.6,0.05,0,1,1,0,2.8956238447545166,2.921884329053475,0.0191173496759765,0,233.7776611001532,NaN,NaN
5,2,140,9,51.0204081632653,5,-0.6,0.05,0,1,3,0,4.72803325944839,4.791687874028213,0.06358854914911137,0,374.2958596490771,NaN,NaN
5,2,140,9,51.0204081632653,5,-0.6,0.05,0,1,10,0.4444444444444444,7.424971519263997,7.463923638841699,3.568794178072807,0.6666666666666666,822.3202022393864,NaN,NaN
5,2,140,9,51.0204081632653,5,-0.6,0.05,0,1,30,0.6666666666666666,7.83189377687465,8.04019200825598,8.37315156278024,1,1751.34792128357,NaN,NaN
5,2,140,9,51.0204081632653,5,-0.6,0.05,0,1,100,0.6666666666666666,7.7424145340758335,7.917780363396065,9.122569671014958,1,1816.1688637503955,NaN,NaN
5,2,140,9,51.0204081632653,5,-0.6,0.05,0,1,300,0.6666666666666666,7.772354184786422,7.99479187504847,9.337325494088047,1,1841.1298004425144,NaN,NaN
5,2,140,9,51.0204081632653,5,-0.6,0.05,0,1,1000,0.6666666666666666,7.763878448327404,8.026153787175545,9.263508616997763,1,1845.9217280844157,NaN,NaN
5,2,140,9,51.0204081632653,5,-0.6,0.05,0,1,3000,0.6666666666666666,7.724791826944536,8.114138551995408,9.135194773311461,1,1840.7905603956565,NaN,NaN
5,2,140,9,51.0204081632653,5,-0.6,0.05,0,2,1,0,2.9041100336974655,2.9286577218936634,0.01126305965501449,0,310.5359145184649,NaN,NaN
5,2,140,9,51.0204081632653,5,-0.6,0.05,0,2,3,0,4.770328384616222,4.79814761262069,0.030690219448802868,0,497.2035149715287,NaN,NaN
5,2,140,9,51.0204081632653,5,-0.6,0.05,0,2,10,0.5555555555555556,7.338776676647537,7.417240513066127,3.022083918939303,1,984.5406475292402,NaN,NaN
5,2,140,9,51.0204081632653,5,-0.6,0.05,0,2,30,0.5555555555555556,7.8404118622464605,7.966867092119855,7.8121103656489845,1,1777.9842609811353,NaN,NaN
5,2,140,9,51.0204081632653,5,-0.6,0.05,0,2,100,0.5555555555555556,7.711366320522841,7.885859095624834,8.398976838978196,1,1822.8730650262137,NaN,NaN
5,2,140,9,51.0204081632653,5,-0.6,0.05,0,2,300,0.5555555555555556,7.678221538718175,7.905173723011294,8.354689816477443,1,1823.9888190015636,NaN,NaN
5,2,140,9,51.0204081632653,5,-0.6,0.05,0,2,1000,0.5555555555555556,7.656910333418686,7.891479669738484,8.518766692830042,1,1823.18585018365,NaN,NaN
5,2,140,9,51.0204081632653,5,-0.6,0.05,0,2,3000,0.5555555555555556,7.5916628111396,8.01172830882439,8.758462032066955,1,1838.7256398100637,NaN,NaN
5,2,140,9,51.0204081632653,5,-0.6,0.05,0,3,1,0,2.8972816707028977,2.9517726522003094,0.02136497177590256,0,543.867397729758,NaN,NaN
5,2,140,9,51.0204081632653,5,-0.6,0.05,0,3,3,0,4.7641677630789445,4.8686406521742525,0.063623779924526,0,877.509193730686,NaN,NaN
5,2,140,9,51.0204081632653,5,-0.6,0.05,0,3,10,0.2222222222222222,7.352742636981965,7.470511398434476,3.1081323940652616,1,1468.8400032906798,NaN,NaN
5,2,140,9,51.0204081632653,5,-0.6,0.05,0,3,30,0.2222222222222222,7.752617592261662,7.941425488270477,8.113314652584235,1,1809.8590084441694,NaN,NaN
5,2,140,9,51.0204081632653,5,-0.6,0.05,0,3,100,0.2222222222222222,7.698603217665205,7.898892803905686,8.511419559825676,1,1817.7168962293015,NaN,NaN
5,2,140,9,51.0204081632653,5,-0.6,0.05,0,3,300,0.2222222222222222,7.672613861822307,7.954244752837279,8.785088326062118,1,1835.3834502038467,NaN,NaN
5,2,140,9,51.0204081632653,5,-0.6,0.05,0,3,1000,0.2222222222222222,7.725374284865634,8.13668444643099,8.735739167815213,1,1864.742991984131,NaN,NaN
5,2,140,9,51.0204081632653,5,-0.6,0.05,0,3,3000,0.2222222222222222,7.6179371234007975,8.018021367037209,9.094032730590861,1,1852.689874552352,NaN,NaN
5,2,140,9,51.0204081632653,5,-0.8,0.2,0,1,1,0,2.7499730465632335,2.7749126201693337,0.01815574092121649,0,222.0185705676562,NaN,NaN
5,2,140,9,51.0204081632653,5,-0.8,0.2,0,1,3,0,4.37874745962074,4.441243378248918,0.03533373054302061,0,345.3281587238785,NaN,NaN
5,2,140,9,51.0204081632653,5,-0.8,0.2,0,1,10,0.1111111111111111,6.705680058217454,6.819530993129245,1.2096360218883637,0.16666666666666666,564.0210678982617,NaN,NaN
5,2,140,9,51.0204081632653,5,-0.8,0.2,0,1,30,0.5555555555555556,7.4244990119250005,7.5861504503021395,7.168241648503316,0.8333333333333334,1280.2565509885671,NaN,NaN
5,2,140,9,51.0204081632653,5,-0.8,0.2,0,1,100,0.6666666666666666,7.461818016882236,7.573829562807862,8.691165669994119,1,1749.1675860120042,NaN,NaN
5,2,140,9,51.0204081632653,5,-0.8,0.2,0,1,300,0.6666666666666666,7.424750734410583,7.71122469853231,8.527972100437095,1,1754.6626753329276,NaN,NaN
5,2,140,9,51.0204081632653,5,-0.8,0.2,0,1,1000,0.6666666666666666,7.3982620600032245,7.783229354764107,8.462645548307362,1,1755.8322733831353,NaN,NaN
5,2,140,9,51.0204081632653,5,-0.8,0.2,0,1,3000,0.6666666666666666,7.400145978498675,7.804627736768622,8.44060222239292,1,1757.21384753771,NaN,NaN
5,2,140,9,51.0204081632653,5,-0.8,0.2,0,2,1,0,2.7580323775096307,2.7813453092004194,0.010696524180525744,0,294.91585948313696,NaN,NaN
5,2,140,9,51.0204081632653,5,-0.8,0.2,0,2,3,0,4.422422704925621,4.448118726048533,0.01664083648890331,0,459.51495528243936,NaN,NaN
5,2,140,9,51.0204081632653,5,-0.8,0.2,0,2,10,0.2222222222222222,6.738861330186296,6.788676953481213,0.39447698218605526,0.4,713.9884861702806,NaN,NaN
5,2,140,9,51.0204081632653,5,-0.8,0.2,0,2,30,0.5555555555555556,7.337675204225171,7.491986551425297,6.864105212407413,1,1497.3849168936538,NaN,NaN
5,2,140,9,51.0204081632653,5,-0.8,0.2,0,2,100,0.5555555555555556,7.256963470538716,7.488761357465488,7.914277209275386,1,1714.4854520407414,NaN,NaN
5,2,140,9,51.0204081632653,5,-0.8,0.2,0,2,300,0.5555555555555556,7.222795969663457,7.459955656615182,8.06850147371585,1,1728.0982246831657,NaN,NaN
5,2,140,9,51.0204081632653,5,-0.8,0.2,0,2,1000,0.5555555555555556,7.187112947050932,7.427684424525408,8.41685994028281,1,1733.7898046773996,NaN,NaN
5,2,140,9,51.0204081632653,5,-0.8,0.2,0,2,3000,0.5555555555555556,7.196274222025457,7.430703056040931,8.436627347511779,1,1734.821212881103,NaN,NaN
5,2,140,9,51.0204081632653,5,-0.8,0.2,0,3,1,0,2.751547483340376,2.8032975511781273,0.020290306916331297,0,516.5106950513144,NaN,NaN
5,2,140,9,51.0204081632653,5,-0.8,0.2,0,3,3,0,4.4177055288022675,4.516116427910005,0.03679897066761282,0,812.2054451464717,NaN,NaN
5,2,140,9,51.0204081632653,5,-0.8,0.2,0,3,10,0.1111111111111111,6.802677392185183,6.947581986199025,1.213931144521111,0.5,1272.3391401489191,NaN,NaN
5,2,140,9,51.0204081632653,5,-0.8,0.2,0,3,30,0.2222222222222222,7.341744939627647,7.518395716820358,7.482060571831841,1,1687.8424057370423,NaN,NaN
5,2,140,9,51.0204081632653,5,-0.8,0.2,0,3,100,0.2222222222222222,7.282988474316754,7.488067612835063,7.938224435451124,1,1717.966010230145,NaN,NaN
5,2,140,9,51.0204081632653,5,-0.8,0.2,0,3,300,0.2222222222222222,7.261617975779042,7.484369944276598,8.236032707843117,1,1725.9716996076565,NaN,NaN
5,2,140,9,51.0204081632653,5,-0.8,0.2,0,3,1000,0.2222222222222222,7.304360982601455,7.68674663631984,8.289372132375696,1,1762.2422587564106,NaN,NaN
5,2,140,9,51.0204081632653,5,-0.8,0.2,0,3,3000,0.2222222222222222,7.214660277159708,7.607505063954789,8.627796851686433,1,1756.072562275523,NaN,NaN
5,2,140,9,51.0204081632653,6,-0.6,0.05,0,1,1,0,3.3455884447294526,3.375929669119751,0.02208808450229541,0,270.10547071899043,NaN,NaN
5,2,140,9,51.0204081632653,6,-0.6,0.05,0,1,3,0,6.040143655249841,6.1182622116640575,0.0969642976168964,0,479.3983511224374,NaN,NaN
5,2,140,9,51.0204081632653,6,-0.6,0.05,0,1,10,0.4444444444444444,9.808204941362437,9.831753950055328,5.740770388955318,0.6666666666666666,1218.0836989608495,NaN,NaN
5,2,140,9,51.0204081632653,6,-0.6,0.05,0,1,30,0.6666666666666666,10.186521361447554,10.483072554366986,10.69902259852733,1,2320.5446004084906,NaN,NaN
5,2,140,9,51.0204081632653,6,-0.6,0.05,0,1,100,0.6666666666666666,10.088144670833897,10.327445589157945,11.713568197716882,1,2365.952573626703,NaN,NaN
5,2,140,9,51.0204081632653,6,-0.6,0.05,0,1,300,0.6666666666666666,10.12790128977014,10.36994986787702,12.17090464361519,1,2398.3161990230137,NaN,NaN
5,2,140,9,51.0204081632653,6,-0.6,0.05,0,1,1000,0.6666666666666666,10.09749757333869,10.426768614090077,12.03756801161669,1,2403.9587576296085,NaN,NaN
5,2,140,9,51.0204081632653,6,-0.6,0.05,0,1,3000,0.6666666666666666,10.042243183923455,10.539863283726236,11.846495785325931,1,2396.9113034502025,NaN,NaN
5,2,140,9,51.0204081632653,6,-0.6,0.05,0,2,1,0,3.3553933424611637,3.383755611311379,0.013013279436269285,0,358.7915499343955,NaN,NaN
5,2,140,9,51.0204081632653,6,-0.6,0.05,0,2,3,0,6.089769586038913,6.125372333737299,0.047219193824880684,0,636.187883253112,NaN,NaN
5,2,140,9,51.0204081632653,6,-0.6,0.05,0,2,10,0.5555555555555556,9.67344445704658,9.777296040145727,5.043334391794801,1,1465.5310523415958,NaN,NaN
5,2,140,9,51.0204081632653,6,-0.6,0.05,0,2,30,0.5555555555555556,10.21059529223783,10.368066830338135,10.15747720382475,1,2320.978742546722,NaN,NaN
5,2,140,9,51.0204081632653,6,-0.6,0.05,0,2,100,0.5555555555555556,10.063546227582657,10.266276340419829,10.944870970848738,1,2376.1151884662177,NaN,NaN
5,2,140,9,51.0204081632653,6,-0.6,0.05,0,2,300,0.5555555555555556,10.01590086410737,10.292320554164675,10.840357982510609,1,2375.3399067574724,NaN,NaN
5,2,140,9,51.0204081632653,6,-0.6,0.05,0,2,1000,0.5555555555555556,9.996040713432098,10.305377824481464,11.02696657410384,1,2378.688216892511,NaN,NaN
5,2,140,9,51.0204081632653,6,-0.6,0.05,0,2,3000,0.5555555555555556,9.981360019329165,10.332689453760636,11.199819927517622,1,2386.5262716504644,NaN,NaN
5,2,140,9,51.0204081632653,6,-0.6,0.05,0,3,1,0,3.3475038880444843,3.4104624792889764,0.024684975165166993,0,628.381509085138,NaN,NaN
5,2,140,9,51.0204081632653,6,-0.6,0.05,0,3,3,0,6.081386336841268,6.212259891981527,0.09603338465440686,0,1121.6835779011467,NaN,NaN
5,2,140,9,51.0204081632653,6,-0.6,0.05,0,3,10,0.2222222222222222,9.672463746256703,9.804822558896944,5.1461219640141,1,2003.8500885190297,NaN,NaN
5,2,140,9,51.0204081632653,6,-0.6,0.05,0,3,30,0.2222222222222222,10.108436593099293,10.344172592305636,10.554034952059723,1,2360.484642391543,NaN,NaN
5,2,140,9,51.0204081632653,6,-0.6,0.05,0,3,100,0.2222222222222222,10.037372754851823,10.285644836736397,11.067025056908179,1,2368.9830880399645,NaN,NaN
5,2,140,9,51.0204081632653,6,-0.6,0.05,0,3,300,0.2222222222222222,9.991428162770834,10.360985423060914,11.40925719990688,1,2391.658559595148,NaN,NaN
5,2,140,9,51.0204081632653,6,-0.6,0.05,0,3,1000,0.2222222222222222,10.056154025852965,10.577906570074664,11.318150674474664,1,2425.4639502590726,NaN,NaN
5,2,140,9,51.0204081632653,6,-0.6,0.05,0,3,3000,0.2222222222222222,9.912926270170944,10.414254155355517,11.816336530097235,1,2409.4430875809885,NaN,NaN
5,2,140,9,51.0204081632653,6,-0.8,0.2,0,1,1,0,3.184857048694264,3.213740596076694,0.021026911343537596,0,257.12885087987,NaN,NaN
5,2,140,9,51.0204081632653,6,-0.8,0.2,0,1,3,0,5.677009449577311,5.7556046429268255,0.05486350930620356,0,448.77035556270926,NaN,NaN
5,2,140,9,51.0204081632653,6,-0.8,0.2,0,1,10,0.3333333333333333,9.082506771334497,9.194055278725395,3.152634578333419,0.5,851.8140836680659,NaN,NaN
5,2,140,9,51.0204081632653,6,-0.8,0.2,0,1,30,0.6666666666666666,9.79008631613887,10.017024279063795,10.559969815918027,1,2106.9236168941775,NaN,NaN
5,2,140,9,51.0204081632653,6,-0.8,0.2,0,1,100,0.6666666666666666,9.8544774687324,9.930609810399792,11.462870480917845,1,2313.239795918645,NaN,NaN
5,2,140,9,51.0204081632653,6,-0.8,0.2,0,1,300,0.6666666666666666,9.837775771760365,10.101930852295299,11.290747547432762,1,2325.0164353744453,NaN,NaN
5,2,140,9,51.0204081632653,6,-0.8,0.2,0,1,1000,0.6666666666666666,9.809316176995257,10.196360335072425,11.205539992405354,1,2329.3541489049576,NaN,NaN
5,2,140,9,51.0204081632653,6,-0.8,0.2,0,1,3000,0.6666666666666666,9.810620419129673,10.21116783688599,11.16845564242905,1,2331.306792811837,NaN,NaN
5,2,140,9,51.0204081632653,6,-0.8,0.2,0,2,1,0,3.1941908918039172,3.221190558187529,0.012388085212490008,0,341.5542036022624,NaN,NaN
5,2,140,9,51.0204081632653,6,-0.8,0.2,0,2,3,0,5.729900711896031,5.764045094984591,0.02541895011929282,0,596.7653790403806,NaN,NaN
5,2,140,9,51.0204081632653,6,-0.8,0.2,0,2,10,0.2222222222222222,9.050466150754831,9.122280145204016,1.9761829641462894,0.4,1035.1913836764757,NaN,NaN
5,2,140,9,51.0204081632653,6,-0.8,0.2,0,2,30,0.5555555555555556,9.759481885496228,9.959161297499216,9.665178822021089,1,2190.24002877163,NaN,NaN
5,2,140,9,51.0204081632653,6,-0.8,0.2,0,2,100,0.5555555555555556,9.542894573899538,9.866327054550661,10.63383885675994,1,2300.116076092396,NaN,NaN
5,2,140,9,51.0204081632653,6,-0.8,0.2,0,2,300,0.5555555555555556,9.426305810439871,9.801075284164817,10.99350457975092,1,2300.4178459499567,NaN,NaN
5,2,140,9,51.0204081632653,6,-0.8,0.2,0,2,1000,0.5555555555555556,9.424955020676368,9.805628151298357,11.109935839204908,1,2294.3867343389347,NaN,NaN
5,2,140,9,51.0204081632653,6,-0.8,0.2,0,2,3000,0.5555555555555556,9.499744169966101,9.873688487325623,11.102086305169465,1,2306.2295772425005,NaN,NaN
5,2,140,9,51.0204081632653,6,-0.8,0.2,0,3,1,0,3.1866804687723866,3.246614353771531,0.023499040139105504,0,598.1923095268169,NaN,NaN
5,2,140,9,51.0204081632653,6,-0.8,0.2,0,3,3,0,5.723882567210746,5.84932425497693,0.05654779139317997,0,1053.9942325096006,NaN,NaN
5,2,140,9,51.0204081632653,6,-0.8,0.2,0,3,10,0.2222222222222222,9.122287054666431,9.295518269455203,2.8626270909139464,1,1742.937624542411,NaN,NaN
5,2,140,9,51.0204081632653,6,-0.8,0.2,0,3,30,0.2222222222222222,9.724162098716446,9.952107955998217,10.071641185702328,1,2263.855090408988,NaN,NaN
5,2,140,9,51.0204081632653,6,-0.8,0.2,0,3,100,0.2222222222222222,9.652798542429,9.902678955980608,10.5001076528075,1,2275.126009639147,NaN,NaN
5,2,140,9,51.0204081632653,6,-0.8,0.2,0,3,300,0.2222222222222222,9.608074901994616,9.912341869634409,10.917694945112647,1,2288.9065777494534,NaN,NaN
5,2,140,9,51.0204081632653,6,-0.8,0.2,0,3,1000,0.2222222222222222,9.669764766076174,10.170413160740083,10.906003441919465,1,2331.9776493134577,NaN,NaN
5,2,140,9,51.0204081632653,6,-0.8,0.2,0,3,3000,0.2222222222222222,9.535622707910978,10.027391591605825,11.377504281623757,1,2318.6524210886646,NaN,NaN
5,3,160,4,39.0625,3,-0.6,0.05,0,1,1,0,2.0159215790109237,2.0159215790109237,0.002549405181213804,0,54.171521543995155,NaN,NaN
5,3,160,4,39.0625,3,-0.6,0.05,0,1,3,0,2.3128880857450467,2.3128880857450467,0.004844691633139784,0,60.04591230507517,NaN,NaN
5,3,160,4,39.0625,3,-0.6,0.05,0,1,10,0,2.8236297870834686,2.8236297870834686,0.005675111754628442,0,72.42961887046445,NaN,NaN
5,3,160,4,39.0625,3,-0.6,0.05,0,1,30,0,2.985545338585041,2.985545338585041,0.02398115877590921,0,77.19963762347116,NaN,NaN
5,3,160,4,39.0625,3,-0.6,0.05,0,1,100,0.75,3.0243395759545337,3.0243395759545337,3.0144685837339504,1,291.1648592065531,NaN,NaN
5,3,160,4,39.0625,3,-0.6,0.05,0,1,300,0.75,3.01451970335072,3.01451970335072,3.0303365216833176,1,307.7417116636464,NaN,NaN
5,3,160,4,39.0625,3,-0.6,0.05,0,1,1000,0.75,3.0841990225715854,3.0841990225715854,3.100101875136009,1,313.16836846419994,NaN,NaN
5,3,160,4,39.0625,3,-0.6,0.05,0,1,3000,0.75,3.0719089045995616,3.0719089045995616,3.0912648969576537,1,311.0657732160943,NaN,NaN
5,3,160,4,39.0625,3,-0.6,0.05,0,2,1,0,2.015785277658135,2.015785277658135,0.005079795465907407,0,108.34479955159743,NaN,NaN
5,3,160,4,39.0625,3,-0.6,0.05,0,2,3,0,2.310930961505228,2.310930961505229,0.010077336831767916,0,120.047501817484,NaN,NaN
5,3,160,4,39.0625,3,-0.6,0.05,0,2,10,0,2.8206736186850088,2.8206736186850097,0.012441620113242458,0,144.79474927290258,NaN,NaN
5,3,160,4,39.0625,3,-0.6,0.05,0,2,30,0.5,3.01236553259339,3.0123655325933907,0.9355679889908515,1,197.03754916758686,NaN,NaN
5,3,160,4,39.0625,3,-0.6,0.05,0,2,100,0.5,2.9983583857897003,2.998358385789701,2.96663671454814,1,304.2649269085958,NaN,NaN
5,3,160,4,39.0625,3,-0.6,0.05,0,2,300,0.5,2.996900793100004,2.9969007931000045,3.0340451489737883,1,308.30831516874974,NaN,NaN
5,3,160,4,39.0625,3,-0.6,0.05,0,2,1000,0.5,3.067236367320445,3.067236367320445,3.0643247994612994,1,314.1464303435294,NaN,NaN
5,3,160,4,39.0625,3,-0.6,0.05,0,2,3000,0.5,3.0666949937973924,3.066694993797393,3.066160746578541,1,314.04828812513625,NaN,NaN
5,3,160,4,39.0625,3,-0.6,0.05,0,3,1,0,2.0382996565404117,2.0500440949363274,0.00508088400593329,0,164.1576856709372,NaN,NaN
5,3,160,4,39.0625,3,-0.6,0.05,0,3,3,0,2.335380351360209,2.345506522402122,0.010460931820762591,0,182.83226185672035,NaN,NaN
5,3,160,4,39.0625,3,-0.6,0.05,0,3,10,0,2.83446974617545,2.839656345777469,0.014255673376826879,0,218.6761432431391,NaN,NaN
5,3,160,4,39.0625,3,-0.6,0.05,0,3,30,0.25,3.002753898654536,3.002892301154793,1.2410051188780722,1,262.26596640317587,NaN,NaN
5,3,160,4,39.0625,3,-0.6,0.05,0,3,100,0.25,2.9987407215552127,3.0139606338298037,2.9910681024329318,1,308.30426202815727,NaN,NaN
5,3,160,4,39.0625,3,-0.6,0.05,0,3,300,0.25,3.009698691235476,3.0302958061368144,3.0322655230723217,1,310.37719656060113,NaN,NaN
5,3,160,4,39.0625,3,-0.6,0.05,0,3,1000,0.25,3.0531411583497574,3.062815960245714,3.036289515444677,1,313.03649486724595,NaN,NaN
5,3,160,4,39.0625,3,-0.6,0.05,0,3,3000,0.25,3.066276453065786,3.0665677937032996,3.0588459532929955,1,314.04840410752524,NaN,NaN
5,3,160,4,39.0625,3,-0.8,0.2,0,1,1,0,1.8992614564595007,1.8992614564595007,0.002401872695838272,0,51.03664942996172,0.000022024873829278794,1.9999999654356113
5,3,160,4,39.0625,3,-0.8,0.2,0,1,3,0,2.012134207451649,2.012134207451649,0.0022646710593871343,0,51.97938690633081,0.000022024873829278794,1.9999999654356113
5,3,160,4,39.0625,3,-0.8,0.2,0,1,10,0,2.213435312583056,2.213435312583056,0.0007481509142305795,0,56.22761608060899,0.000022024873829278794,1.9999999654356113
5,3,160,4,39.0625,3,-0.8,0.2,0,1,30,0,2.2795836175277313,2.2795836175277313,0.0008814438771043147,0,57.93566284809074,0.000022024873829278794,1.9999999654356113
5,3,160,4,39.0625,3,-0.8,0.2,0,1,100,0,2.323896228406049,2.323896228406049,0.0011491929522665454,0,59.21704328183642,0.000022024873829278794,1.9999999654356113
5,3,160,4,39.0625,3,-0.8,0.2,0,1,300,0,2.328556460419401,2.328556460419401,0.001336275512856086,0,59.35635587295655,0.000022024873829278794,1.9999999654356113
5,3,160,4,39.0625,3,-0.8,0.2,0,1,1000,0,2.3282312555472853,2.3282312555472853,0.0013980538926462768,0,59.34624031648458,0.000022024873829278794,1.9999999654356113
5,3,160,4,39.0625,3,-0.8,0.2,0,1,3000,0,2.328224821601886,2.328224821601886,0.0013988867945818823,0,59.346045434206594,0.000022024873829278794,1.9999999654356113
5,3,160,4,39.0625,3,-0.8,0.2,0,2,1,0,1.8991330427808584,1.8991330427808588,0.004785830875340517,0,102.07495367807914,0.00015716726429228968,1.9999999708292364
5,3,160,4,39.0625,3,-0.8,0.2,0,2,3,0,2.0102700877886637,2.0102700877886637,0.004601921584890017,0,103.90057023423965,0.00015716726429228968,1.9999999708292364
5,3,160,4,39.0625,3,-0.8,0.2,0,2,10,0,2.210394987790326,2.210394987790326,0.0014450029564152158,0,112.32030187310157,0.00015716726429228968,1.9999999708292364
5,3,160,4,39.0625,3,-0.8,0.2,0,2,30,0,2.277835764032325,2.277835764032325,0.001666320823986576,0,115.81405283892862,0.00015716726429228968,1.9999999708292364
5,3,160,4,39.0625,3,-0.8,0.2,0,2,100,0,2.330477219383253,2.330477219383253,0.0022536506470395095,0,118.84784983361855,0.00015716726429228968,1.9999999708292364
5,3,160,4,39.0625,3,-0.8,0.2,0,2,300,0,2.337920641100212,2.337920641100212,0.00269280061048062,0,119.29125266314058,0.00015716726429228968,1.9999999708292364
5,3,160,4,39.0625,3,-0.8,0.2,0,2,1000,0,2.33722474326946,2.33722474326946,0.0028645368563095263,0,119.24885659989704,0.00015716726429228968,1.9999999708292364
5,3,160,4,39.0625,3,-0.8,0.2,0,2,3000,0,2.3371981170758644,2.337198117075867,0.0028689469943489598,0,119.24726229448558,0.00015716726429228968,1.9999999708292364
5,3,160,4,39.0625,3,-0.8,0.2,0,3,1,0,1.9203445286206082,1.9314093237026022,0.004786856422235049,0,154.6579829406736,-0.0023270426333410915,1.9999991229554959
5,3,160,4,39.0625,3,-0.8,0.2,0,3,3,0,2.0344613617601195,2.0445575834266267,0.004820721548417116,0,158.82644340987977,-0.0023270426333410915,1.9999991229554959
5,3,160,4,39.0625,3,-0.8,0.2,0,3,10,0,2.2379712924246262,2.248634697317449,0.0017122882820012524,0,171.7956818361389,-0.0023270426333410915,1.9999991229554959
5,3,160,4,39.0625,3,-0.8,0.2,0,3,30,0,2.2958669670776284,2.307083066648715,0.002055972465752205,0,176.22947422721822,-0.0023270426333410915,1.9999991229554959
5,3,160,4,39.0625,3,-0.8,0.2,0,3,100,0,2.354701495820492,2.3722694396828286,0.004088040841277349,0,181.78093702673436,-0.0023270426333410915,1.9999991229554959
5,3,160,4,39.0625,3,-0.8,0.2,0,3,300,0,2.3568269375554083,2.3816248109565947,0.005414185128266884,0,182.5056662443,-0.0023270426333410915,1.9999991229554959
5,3,160,4,39.0625,3,-0.8,0.2,0,3,1000,0,2.3800680033172057,2.4117832537403263,0.005521967748068746,0,184.60256255003765,-0.0023270426333410915,1.9999991229554959
5,3,160,4,39.0625,3,-0.8,0.2,0,3,3000,0,2.3903815101935977,2.4162977445204987,0.005329754408349008,0,185.0736395855499,-0.0023270426333410915,1.9999991229554959
5,3,160,4,39.0625,4,-0.6,0.05,0,1,1,0,2.4704466984934634,2.4704466984934634,0.003124213599688656,0,66.38544769999972,NaN,NaN
5,3,160,4,39.0625,4,-0.6,0.05,0,1,3,0,3.512385540540927,3.512385540540927,0.009830387879036078,0,91.60840746686881,NaN,NaN
5,3,160,4,39.0625,4,-0.6,0.05,0,1,10,0,5.036724634970524,5.036724634970524,0.1096441839718154,0,134.81740724207702,NaN,NaN
5,3,160,4,39.0625,4,-0.6,0.05,0,1,30,0.75,5.297140593924448,5.297140593924448,4.893296275011978,1,441.27191037029485,NaN,NaN
5,3,160,4,39.0625,4,-0.6,0.05,0,1,100,0.75,5.294764477865332,5.294764477865332,5.436139132014282,1,546.4081996240866,NaN,NaN
5,3,160,4,39.0625,4,-0.6,0.05,0,1,300,0.75,5.282248893206215,5.282248893206215,5.426725226966164,1,545.6645517143246,NaN,NaN
5,3,160,4,39.0625,4,-0.6,0.05,0,1,1000,0.75,5.265207961793936,5.265207961793936,5.414344116891591,1,544.4303187285385,NaN,NaN
5,3,160,4,39.0625,4,-0.6,0.05,0,1,3000,0.75,5.249429901868308,5.249429901868308,5.416520858736602,1,543.1593201334003,NaN,NaN
5,3,160,4,39.0625,4,-0.6,0.05,0,2,1,0,2.4702796655937194,2.4702796655937203,0.006225125058649424,0,132.77304788934407,NaN,NaN
5,3,160,4,39.0625,4,-0.6,0.05,0,2,3,0,3.5097010831801936,3.509701083180194,0.020695181314766223,0,183.18361298526844,NaN,NaN
5,3,160,4,39.0625,4,-0.6,0.05,0,2,10,0.5,5.036856836882046,5.0368568368820466,0.3213459665029496,1,275.0528510283071,NaN,NaN
5,3,160,4,39.0625,4,-0.6,0.05,0,2,30,0.5,5.323182113062486,5.323182113062487,4.953614285161472,1,531.621179336275,NaN,NaN
5,3,160,4,39.0625,4,-0.6,0.05,0,2,100,0.5,5.29336273349687,5.293362733496874,5.333886773253612,1,547.3347025623399,NaN,NaN
5,3,160,4,39.0625,4,-0.6,0.05,0,2,300,0.5,5.288732082762083,5.288732082762084,5.331637824590431,1,547.0521564751613,NaN,NaN
5,3,160,4,39.0625,4,-0.6,0.05,0,2,1000,0.5,5.280795352138616,5.280795352138618,5.314254358517982,1,546.4033078059279,NaN,NaN
5,3,160,4,39.0625,4,-0.6,0.05,0,2,3000,0.5,5.289422849746615,5.289422849746618,5.311115803255491,1,546.8494740831516,NaN,NaN
5,3,160,4,39.0625,4,-0.6,0.05,0,3,1,0,2.4978703087801675,2.5122627382094347,0.006226459029246857,0,201.1699347933293,NaN,NaN
5,3,160,4,39.0625,4,-0.6,0.05,0,3,3,0,3.546524539354524,3.561732676541464,0.02144574831019811,0,278.57486934937384,NaN,NaN
5,3,160,4,39.0625,4,-0.6,0.05,0,3,10,0.25,5.02571929417047,5.0315739280784175,0.367459512436475,1,398.8874937139505,NaN,NaN
5,3,160,4,39.0625,4,-0.6,0.05,0,3,30,0.25,5.319851943349618,5.322774393479999,4.904756376787978,1,539.1993104997058,NaN,NaN
5,3,160,4,39.0625,4,-0.6,0.05,0,3,100,0.25,5.293817645408017,5.300603226111537,5.270238505395749,1,546.8983226866602,NaN,NaN
5,3,160,4,39.0625,4,-0.6,0.05,0,3,300,0.25,5.289796869392476,5.294901994439179,5.264200486289991,1,546.6966980168281,NaN,NaN
5,3,160,4,39.0625,4,-0.6,0.05,0,3,1000,0.25,5.298085669166287,5.303994642382114,5.266608950842689,1,547.3920843250869,NaN,NaN
5,3,160,4,39.0625,4,-0.6,0.05,0,3,3000,0.25,5.319838475105987,5.328324041605119,5.292370771703734,1,549.067651418641,NaN,NaN
5,3,160,4,39.0625,4,-0.8,0.2,0,1,1,0,2.3385531319394404,2.3385531319394404,0.0029574163663823125,0,62.84122492046032,-0.000003910576356575317,1.999999955559758
5,3,160,4,39.0625,4,-0.8,0.2,0,1,3,0,3.182406033470022,3.182406033470022,0.004686831811156251,0,82.6165839212405,-0.000003910576356575317,1.999999955559758
5,3,160,4,39.0625,4,-0.8,0.2,0,1,10,0,4.490042751001598,4.490042751001598,0.004199426768262283,0,115.17706122979799,-0.000003910576356575317,1.999999955559758
5,3,160,4,39.0625,4,-0.8,0.2,0,1,30,0,4.810810912039657,4.810810912039657,0.004117700429517931,0,123.56876285398157,-0.000003910576356575317,1.999999955559758
5,3,160,4,39.0625,4,-0.8,0.2,0,1,100,0,4.813270539541575,4.813270539541575,0.0046962272565091116,0,124.04987394303954,-0.000003910576356575317,1.999999955559758
5,3,160,4,39.0625,4,-0.8,0.2,0,1,300,0,4.812566225578025,4.812566225578025,0.004851767971451915,0,124.04182747935137,-0.000003910576356575317,1.999999955559758
5,3,160,4,39.0625,4,-0.8,0.2,0,1,1000,0,4.812572894032428,4.812572894032428,0.004856993600731993,0,124.0418801065867,-0.000003910576356575317,1.999999955559758
5,3,160,4,39.0625,4,-0.8,0.2,0,1,3000,0,4.812572894085303,4.812572894085303,0.004856993642259824,0,124.04188010697587,-0.000003910576356575317,1.999999955559758
5,3,160,4,39.0625,4,-0.8,0.2,0,2,1,0,2.338395016683982,2.3383950166839824,0.005892774659537093,0,125.6844874119809,NaN,NaN
5,3,160,4,39.0625,4,-0.8,0.2,0,2,3,0,3.1796885283586893,3.1796885283586906,0.009635797797688077,0,165.15774169049766,NaN,NaN
5,3,160,4,39.0625,4,-0.8,0.2,0,2,10,0,4.485587471174484,4.485587471174485,0.008515055059836905,0,230.19596574754118,NaN,NaN
5,3,160,4,39.0625,4,-0.8,0.2,0,2,30,0,4.8144113029705355,4.8144113029705355,0.008650648013346503,0,247.4183141693,NaN,NaN
5,3,160,4,39.0625,4,-0.8,0.2,0,2,100,0,4.841650059852206,4.841650059852208,0.2108702507712085,0,254.74163253868485,NaN,NaN
5,3,160,4,39.0625,4,-0.8,0.2,0,2,300,0.5,4.883069332814221,4.883069332814224,4.765626874014233,1,493.15118529082685,NaN,NaN
5,3,160,4,39.0625,4,-0.8,0.2,0,2,1000,0.5,4.847050692332531,4.847050692332531,4.920862505027241,1,501.0044413006775,NaN,NaN
5,3,160,4,39.0625,4,-0.8,0.2,0,2,3000,0.5,4.845308556675236,4.845308556675242,4.870391439577524,1,500.53486011625773,NaN,NaN
5,3,160,4,39.0625,4,-0.8,0.2,0,3,1,0,2.3645126354430666,2.37813667393722,0.005894037411378841,0,190.429763714346,NaN,NaN
5,3,160,4,39.0625,4,-0.8,0.2,0,3,3,0,3.218157207827411,3.2341260309288526,0.010057920329052955,0,252.2357086326938,NaN,NaN
5,3,160,4,39.0625,4,-0.8,0.2,0,3,10,0,4.51723535357745,4.528794529492867,0.009522995029324745,0,349.21306695592585,NaN,NaN
5,3,160,4,39.0625,4,-0.8,0.2,0,3,30,0,4.831445583852725,4.8395536521616265,0.011311202197829802,0,373.31257546912553,NaN,NaN
5,3,160,4,39.0625,4,-0.8,0.2,0,3,100,0.25,4.852181376859343,4.880682617419758,4.640784752330722,1,496.20950471698933,NaN,NaN
5,3,160,4,39.0625,4,-0.8,0.2,0,3,300,0.25,4.849954446944706,4.872445706311416,4.754805197401897,1,498.1333533503557,NaN,NaN
5,3,160,4,39.0625,4,-0.8,0.2,0,3,1000,0.25,4.852123912606956,4.8577031790189675,4.827361478489241,1,500.62389876156544,NaN,NaN
5,3,160,4,39.0625,4,-0.8,0.2,0,3,3000,0.25,4.880924917864573,4.890714248472911,4.865876083133832,1,503.0164049877315,NaN,NaN
5,3,160,4,39.0625,5,-0.6,0.05,0,1,1,0,2.9249718179760027,2.9249718179760027,0.0036990220181635147,0,78.59937385600409,NaN,NaN
5,3,160,4,39.0625,5,-0.6,0.05,0,1,3,0,4.789560429302419,4.789560429302419,0.0170882598259307,0,125.39418500223698,NaN,NaN
5,3,160,4,39.0625,5,-0.6,0.05,0,1,10,0.5,7.317859873100328,7.317859873100328,0.7937113765795872,0.6666666666666666,228.77908902240557,NaN,NaN
5,3,160,4,39.0625,5,-0.6,0.05,0,1,30,0.75,7.613343818038968,7.613343818038968,7.391419886108913,1,754.9724061849338,NaN,NaN
5,3,160,4,39.0625,5,-0.6,0.05,0,1,100,0.75,7.576669249130631,7.576669249130631,7.779196958265208,1,784.8938095416163,NaN,NaN
5,3,160,4,39.0625,5,-0.6,0.05,0,1,300,0.75,7.554280033561003,7.554280033561003,7.7600144342962105,1,783.7898843853376,NaN,NaN
5,3,160,4,39.0625,5,-0.6,0.05,0,1,1000,0.75,7.512503861980411,7.512503861980411,7.7471724620322355,1,781.4038890687183,NaN,NaN
5,3,160,4,39.0625,5,-0.6,0.05,0,1,3000,0.75,7.518509138663247,7.518509138663247,7.756843330545442,1,780.854865151633,NaN,NaN
5,3,160,4,39.0625,5,-0.6,0.05,0,2,1,0,2.9247740535293043,2.9247740535293043,0.007370454651391443,0,157.20129622709112,NaN,NaN
5,3,160,4,39.0625,5,-0.6,0.05,0,2,3,0,4.786220058548131,4.786220058548132,0.03630115313475673,0,250.792663164076,NaN,NaN
5,3,160,4,39.0625,5,-0.6,0.05,0,2,10,0.5,7.321601334897196,7.321601334897198,1.5952492126154099,1,460.99088892500055,NaN,NaN
5,3,160,4,39.0625,5,-0.6,0.05,0,2,30,0.5,7.620683375935915,7.620683375935915,7.36379854041322,1,774.6394913545498,NaN,NaN
5,3,160,4,39.0625,5,-0.6,0.05,0,2,100,0.5,7.577029466942969,7.57702946694297,7.622146768307911,1,784.3881655032836,NaN,NaN
5,3,160,4,39.0625,5,-0.6,0.05,0,2,300,0.5,7.566801052381188,7.56680105238119,7.611661264245829,1,783.6114046899726,NaN,NaN
5,3,160,4,39.0625,5,-0.6,0.05,0,2,1000,0.5,7.552429010695314,7.552429010695315,7.590514010949764,1,782.5475630021687,NaN,NaN
5,3,160,4,39.0625,5,-0.6,0.05,0,2,3000,0.5,7.563517180955565,7.563517180955566,7.601088125083887,1,783.4067542913041,NaN,NaN
5,3,160,4,39.0625,5,-0.6,0.05,0,3,1,0,2.9574409610199246,2.9744813814825424,0.007372034052560412,0,238.18218391572356,NaN,NaN
5,3,160,4,39.0625,5,-0.6,0.05,0,3,3,0,4.834661549396934,4.854634977982391,0.037566143300545876,0,380.6777494899446,NaN,NaN
5,3,160,4,39.0625,5,-0.6,0.05,0,3,10,0.25,7.230730993203653,7.2659411445030715,1.6831306643343638,1,608.8682963156566,NaN,NaN
5,3,160,4,39.0625,5,-0.6,0.05,0,3,30,0.25,7.626422982163462,7.631121658249371,7.29113405512427,1,780.4765684587837,NaN,NaN
5,3,160,4,39.0625,5,-0.6,0.05,0,3,100,0.25,7.574643916117975,7.582642327050226,7.5388185185508165,1,783.8322949445663,NaN,NaN
5,3,160,4,39.0625,5,-0.6,0.05,0,3,300,0.25,7.565204065422796,7.572964333080063,7.526107804031393,1,783.2644183786673,NaN,NaN
5,3,160,4,39.0625,5,-0.6,0.05,0,3,1000,0.25,7.566409469964379,7.577615643085125,7.520903466447387,1,783.5545698179827,NaN,NaN
5,3,160,4,39.0625,5,-0.6,0.05,0,3,3000,0.25,7.590221410990743,7.601965422325422,7.5415891239572606,1,785.2707532308085,NaN,NaN
5,3,160,4,39.0625,5,-0.8,0.2,0,1,1,0,2.777844807419379,2.777844807419379,0.003512960036926349,0,74.64580041095883,NaN,NaN
5,3,160,4,39.0625,5,-0.8,0.2,0,1,3,0,4.441636425133922,4.441636425133922,0.008105713313214576,0,115.72797873788063,NaN,NaN
5,3,160,4,39.0625,5,-0.8,0.2,0,1,10,0,6.772849642184441,6.772849642184441,0.018939930342930372,0,174.98871754537691,NaN,NaN
5,3,160,4,39.0625,5,-0.8,0.2,0,1,30,0.5,7.1616336640847305,7.1616336640847305,3.842183495627988,0.6666666666666666,336.22168069017755,NaN,NaN
5,3,160,4,39.0625,5,-0.8,0.2,0,1,100,0.75,7.15423625232859,7.15423625232859,7.246368358620231,1,725.4909023279755,NaN,NaN
5,3,160,4,39.0625,5,-0.8,0.2,0,1,300,0.75,7.181133440670371,7.181133440670371,7.387384585512624,1,741.7111935791302,NaN,NaN
5,3,160,4,39.0625,5,-0.8,0.2,0,1,1000,0.75,7.134144662805589,7.134144662805589,7.345078745596319,1,739.9476718347013,NaN,NaN
5,3,160,4,39.0625,5,-0.8,0.2,0,1,3000,0.75,7.131116127343831,7.131116127343831,7.354709357187783,1,738.7922784491182,NaN,NaN
5,3,160,4,39.0625,5,-0.8,0.2,0,2,1,0,2.777656990587103,2.777656990587103,0.006999718443733638,0,149.2940211458828,NaN,NaN
5,3,160,4,39.0625,5,-0.8,0.2,0,2,3,0,4.438098499103769,4.438098499103769,0.016851855550091235,0,231.37286664848784,NaN,NaN
5,3,160,4,39.0625,5,-0.8,0.2,0,2,10,0,6.7669511903712065,6.766951190371209,0.04121232097969023,0,349.920635505514,NaN,NaN
5,3,160,4,39.0625,5,-0.8,0.2,0,2,30,0.5,7.247669107552639,7.247669107552641,5.253171741307009,1,637.7489402053325,NaN,NaN
5,3,160,4,39.0625,5,-0.8,0.2,0,2,100,0.5,7.2360636375743494,7.23606363757435,7.196192839039656,1,741.4200509332684,NaN,NaN
5,3,160,4,39.0625,5,-0.8,0.2,0,2,300,0.5,7.209091179601845,7.209091179601849,7.325190777791374,1,744.8599121590548,NaN,NaN
5,3,160,4,39.0625,5,-0.8,0.2,0,2,1000,0.5,7.256970824824816,7.256970824824817,7.376799672096484,1,749.9073526904879,NaN,NaN
5,3,160,4,39.0625,5,-0.8,0.2,0,2,3000,0.5,7.282616791267599,7.282616791267601,7.401278885050613,1,749.8348057074934,NaN,NaN
5,3,160,4,39.0625,5,-0.8,0.2,0,3,1,0,2.808680742265524,2.8248640241718364,0.007001218400522663,0,226.20154448801904,NaN,NaN
5,3,160,4,39.0625,5,-0.8,0.2,0,3,3,0,4.4902453524950126,4.511829282203071,0.017545645468810732,0,352.8817267958746,NaN,NaN
5,3,160,4,39.0625,5,-0.8,0.2,0,3,10,0,6.790688853141464,6.797976206259314,0.048567744998487344,0,527.0210572961404,NaN,NaN
5,3,160,4,39.0625,5,-0.8,0.2,0,3,30,0.25,7.23322565032826,7.242337187799362,5.556880135782856,1,705.2630505450235,NaN,NaN
5,3,160,4,39.0625,5,-0.8,0.2,0,3,100,0.25,7.186578705713808,7.196422677166743,7.154656792637296,1,742.7944268909453,NaN,NaN
5,3,160,4,39.0625,5,-0.8,0.2,0,3,300,0.25,7.180942713141285,7.18693890079711,7.1451842119254225,1,742.6260472331627,NaN,NaN
5,3,160,4,39.0625,5,-0.8,0.2,0,3,1000,0.25,7.185594999340134,7.194503805053418,7.1414902408382375,1,743.2446436639381,NaN,NaN
5,3,160,4,39.0625,5,-0.8,0.2,0,3,3000,0.25,7.20989740244361,7.219955787090124,7.165683244378407,1,744.9955072704099,NaN,NaN
5,3,160,4,39.0625,6,-0.6,0.05,0,1,1,0,3.379496937458544,3.379496937458544,0.004273830436638376,0,90.81330001200871,NaN,NaN
5,3,160,4,39.0625,6,-0.6,0.05,0,1,3,0,6.116096290970371,6.116096290970371,0.026942404123898728,0,160.6591164743749,NaN,NaN
5,3,160,4,39.0625,6,-0.6,0.05,0,1,10,0.5,9.610045626392436,9.610045626392436,2.2262442529642636,0.6666666666666666,362.45156385975974,NaN,NaN
5,3,160,4,39.0625,6,-0.6,0.05,0,1,30,0.75,9.892431602922342,9.892431602922342,9.64446211033882,1,1001.0967769649383,NaN,NaN
5,3,160,4,39.0625,6,-0.6,0.05,0,1,100,0.75,9.855456238413842,9.855456238413842,10.119501236326286,1,1023.4021455761044,NaN,NaN
5,3,160,4,39.0625,6,-0.6,0.05,0,1,300,0.75,9.821830179458736,9.821830179458736,10.09382208016532,1,1021.8895994620434,NaN,NaN
5,3,160,4,39.0625,6,-0.6,0.05,0,1,1000,0.75,9.758372384044424,9.758372384044424,10.079435590043426,1,1018.3930541673348,NaN,NaN
5,3,160,4,39.0625,6,-0.6,0.05,0,1,3000,0.75,9.778980724839663,9.778980724839663,10.092909738774724,1,1018.4860983547998,NaN,NaN
5,3,160,4,39.0625,6,-0.6,0.05,0,2,1,0,3.3792684414648897,3.3792684414648906,0.008515784244133455,0,181.62954456483732,NaN,NaN
5,3,160,4,39.0625,6,-0.6,0.05,0,2,3,0,6.112188043494419,6.11218804349442,0.0576060879128197,0,321.3920557388123,NaN,NaN
5,3,160,4,39.0625,6,-0.6,0.05,0,2,10,0.5,9.603707181394327,9.60370718139433,3.2311825210983263,1,666.5898366727916,NaN,NaN
5,3,160,4,39.0625,6,-0.6,0.05,0,2,30,0.5,9.918029086540052,9.918029086540052,9.645367165971718,1,1012.168550185298,NaN,NaN
5,3,160,4,39.0625,6,-0.6,0.05,0,2,100,0.5,9.858517421598288,9.85851742159829,9.908409415788809,1,1021.2152183311476,NaN,NaN
5,3,160,4,39.0625,6,-0.6,0.05,0,2,300,0.5,9.842417151222538,9.842417151222543,9.891265817356379,1,1019.9672380392432,NaN,NaN
5,3,160,4,39.0625,6,-0.6,0.05,0,2,1000,0.5,9.82198852856684,9.821988528566841,9.86840876632227,1,1018.5605339933124,NaN,NaN
5,3,160,4,39.0625,6,-0.6,0.05,0,2,3000,0.5,9.832197279047438,9.832197279047442,9.884713026230358,1,1019.520345444278,NaN,NaN
5,3,160,4,39.0625,6,-0.6,0.05,0,3,1,0,3.417011613259681,3.4367000247556505,0.008517609075873981,0,275.1944330381168,NaN,NaN
5,3,160,4,39.0625,6,-0.6,0.05,0,3,3,0,6.171248096656099,6.195573930160461,0.059544877890672726,0,486.85183736777657,NaN,NaN
5,3,160,4,39.0625,6,-0.6,0.05,0,3,10,0.25,9.442106800154473,9.503186400137343,3.3667641461301976,1,829.0279322031115,NaN,NaN
5,3,160,4,39.0625,6,-0.6,0.05,0,3,30,0.25,9.930667160872558,9.936969495752985,9.57825201597109,1,1019.1701822375732,NaN,NaN
5,3,160,4,39.0625,6,-0.6,0.05,0,3,100,0.25,9.85351346718704,9.862877970079126,9.805171567742821,1,1020.5331813227817,NaN,NaN
5,3,160,4,39.0625,6,-0.6,0.05,0,3,300,0.25,9.83874631629183,9.849129934334883,9.78615460859774,1,1019.6149657907706,NaN,NaN
5,3,160,4,39.0625,6,-0.6,0.05,0,3,1000,0.25,9.83447138092446,9.850445458958513,9.775857335308977,1,1019.6131804868282,NaN,NaN
5,3,160,4,39.0625,6,-0.6,0.05,0,3,3000,0.25,9.852521314940573,9.869607681437223,9.789915961100073,1,1020.9652576525732,NaN,NaN
5,3,160,4,39.0625,6,-0.8,0.2,0,1,1,0,3.217136482899319,3.217136482899319,0.00406850370747036,0,86.45037590145756,NaN,NaN
5,3,160,4,39.0625,6,-0.8,0.2,0,1,3,0,5.755161265622239,5.755161265622239,0.012615149446168775,0,150.37906425201197,NaN,NaN
5,3,160,4,39.0625,6,-0.8,0.2,0,1,10,0,9.075370213334395,9.075370213334395,0.14602994040961226,0,240.6620952037708,NaN,NaN
5,3,160,4,39.0625,6,-0.8,0.2,0,1,30,0.75,9.318264716872346,9.318264716872346,8.31661879609976,1,701.0942622340958,NaN,NaN
5,3,160,4,39.0625,6,-0.8,0.2,0,1,100,0.75,9.472808435843191,9.472808435843191,9.738046759713832,1,978.6938690648585,NaN,NaN
5,3,160,4,39.0625,6,-0.8,0.2,0,1,300,0.75,9.458755786352754,9.458755786352754,9.724867281105226,1,982.9657490786567,NaN,NaN
5,3,160,4,39.0625,6,-0.8,0.2,0,1,1000,0.75,9.396588104610016,9.396588104610016,9.7014615303335,1,979.3033721841217,NaN,NaN
5,3,160,4,39.0625,6,-0.8,0.2,0,1,3000,0.75,9.415155508105409,9.415155508105409,9.715304736825082,1,979.2107935989561,NaN,NaN
5,3,160,4,39.0625,6,-0.8,0.2,0,2,1,0,3.2169189644902256,3.216918964490226,0.008106662227930201,0,172.90355487978505,NaN,NaN
5,3,160,4,39.0625,6,-0.8,0.2,0,2,3,0,5.750882111455399,5.750882111455399,0.02650711122854642,0,300.68252328867857,NaN,NaN
5,3,160,4,39.0625,6,-0.8,0.2,0,2,10,0.5,9.0750259260562,9.075025926056203,0.4309339695083763,1,487.9838801567757,NaN,NaN
5,3,160,4,39.0625,6,-0.8,0.2,0,2,30,0.5,9.555855433768581,9.555855433768581,8.999958695958005,1,961.7858336704187,NaN,NaN
5,3,160,4,39.0625,6,-0.8,0.2,0,2,100,0.5,9.492723845239743,9.492723845239745,9.545414339552396,1,982.956356720123,NaN,NaN
5,3,160,4,39.0625,6,-0.8,0.2,0,2,300,0.5,9.477880443021817,9.477880443021819,9.530771587122207,1,981.8713827801978,NaN,NaN
5,3,160,4,39.0625,6,-0.8,0.2,0,2,1000,0.5,9.457687170906178,9.457687170906183,9.504055576352448,1,980.4281026810669,NaN,NaN
5,3,160,4,39.0625,6,-0.8,0.2,0,2,3000,0.5,9.468401435999285,9.468401435999285,9.517396375520452,1,981.341597899598,NaN,NaN
5,3,160,4,39.0625,6,-0.8,0.2,0,3,1,0,3.2528488490879837,3.271591374406455,0.008108399389666468,0,261.9733252616923,NaN,NaN
5,3,160,4,39.0625,6,-0.8,0.2,0,3,3,0,5.815857946832828,5.84270092582338,0.027548715617468366,0,457.9394903039489,NaN,NaN
5,3,160,4,39.0625,6,-0.8,0.2,0,3,10,0.25,9.056684975771404,9.068952009387948,0.5331256406259619,1,717.5156385793746,NaN,NaN
5,3,160,4,39.0625,6,-0.8,0.2,0,3,30,0.25,9.558353313390784,9.565200293491534,8.891846751259726,1,973.085951703491,NaN,NaN
5,3,160,4,39.0625,6,-0.8,0.2,0,3,100,0.25,9.48685370333944,9.496548019263784,9.439873458010556,1,982.1325554427797,NaN,NaN
5,3,160,4,39.0625,6,-0.8,0.2,0,3,300,0.25,9.473894590535469,9.48364221035301,9.423681673339345,1,981.3736428501735,NaN,NaN
5,3,160,4,39.0625,6,-0.8,0.2,0,3,1000,0.25,9.472008749276055,9.486752410864247,9.414799627471899,1,981.526709301889,NaN,NaN
5,3,160,4,39.0625,6,-0.8,0.2,0,3,3000,0.25,9.494649309956621,9.510073361312484,9.433073898936362,1,983.1608996751172,NaN,NaN
5,4,180,4,30.8641975308642,3,-0.6,0.05,0,1,1,0,2.0163223894934372,2.0163223894934372,0.0009748071512027078,0,54.04627974312334,NaN,NaN
5,4,180,4,30.8641975308642,3,-0.6,0.05,0,1,3,0,2.310692505782756,2.310692505782756,0.0014162404023645879,0,59.81041925458716,NaN,NaN
5,4,180,4,30.8641975308642,3,-0.6,0.05,0,1,10,0,2.8091263371885127,2.8091263371885127,0.0037084658119435425,0,71.94784486959239,NaN,NaN
5,4,180,4,30.8641975308642,3,-0.6,0.05,0,1,30,0.5,3.0073367621173146,3.0073367621173146,0.33680060142763923,0.6666666666666666,94.04114888514346,NaN,NaN
5,4,180,4,30.8641975308642,3,-0.6,0.05,0,1,100,0.75,3.0739477427114665,3.0739477427114665,3.0729017949497313,1,295.31403248368656,NaN,NaN
5,4,180,4,30.8641975308642,3,-0.6,0.05,0,1,300,0.75,3.064636196380093,3.064636196380093,3.066031364671582,1,313.9461411776675,NaN,NaN
5,4,180,4,30.8641975308642,3,-0.6,0.05,0,1,1000,0.75,3.065281108283926,3.065281108283926,3.065719892774124,1,313.9469186299493,NaN,NaN
5,4,180,4,30.8641975308642,3,-0.6,0.05,0,1,3000,0.75,3.0654947837491267,3.0654947837491267,3.0655085025106934,1,313.9469668470962,NaN,NaN
5,4,180,4,30.8641975308642,3,-0.6,0.05,0,2,1,0,2.0165520863477555,2.0165520863477555,0.0020151008416171463,0,108.09371062166842,NaN,NaN
5,4,180,4,30.8641975308642,3,-0.6,0.05,0,2,3,0,2.312185802602655,2.312185802602655,0.003072718539492454,0,119.67789875458428,NaN,NaN
5,4,180,4,30.8641975308642,3,-0.6,0.05,0,2,10,0,2.811377448760598,2.811377448760598,0.009952315512821403,0,144.0796266524268,NaN,NaN
5,4,180,4,30.8641975308642,3,-0.6,0.05,0,2,30,0.5,3.04092094736075,3.0409209473607506,1.4995658918164876,1,232.2966627521203,NaN,NaN
5,4,180,4,30.8641975308642,3,-0.6,0.05,0,2,100,0.5,3.0736860372589154,3.0736860372589154,3.0494998116052754,1,313.57869542189115,NaN,NaN
5,4,180,4,30.8641975308642,3,-0.6,0.05,0,2,300,0.5,3.0677465202311534,3.0677465202311542,3.0629114346349593,1,313.92913453651744,NaN,NaN
5,4,180,4,30.8641975308642,3,-0.6,0.05,0,2,1000,0.5,3.065513059996198,3.065513059996199,3.065490219371152,1,313.9469664975853,NaN,NaN
5,4,180,4,30.8641975308642,3,-0.6,0.05,0,2,3000,0.5,3.065501643527061,3.065501643527062,3.0655016435219204,1,313.9469668942773,NaN,NaN
5,4,180,4,30.8641975308642,3,-0.6,0.05,0,3,1,0,1.9836358646862164,1.9946516058939796,0.002009266137433684,0,161.8742961913747,NaN,NaN
5,4,180,4,30.8641975308642,3,-0.6,0.05,0,3,3,0,2.2637593349196323,2.28034928075658,0.003109269954321434,0,177.27062129973257,NaN,NaN
5,4,180,4,30.8641975308642,3,-0.6,0.05,0,3,10,0,2.7351921292183046,2.7611498436006126,0.00937137399612981,0,212.00117704927789,NaN,NaN
5,4,180,4,30.8641975308642,3,-0.6,0.05,0,3,30,0.25,2.8536365518159297,2.9144755734434487,1.1896601544182557,1,254.39509365983193,NaN,NaN
5,4,180,4,30.8641975308642,3,-0.6,0.05,0,3,100,0.25,2.8735600742827345,2.9416887526568942,3.052392732065706,1,304.67672496148026,NaN,NaN
5,4,180,4,30.8641975308642,3,-0.6,0.05,0,3,300,0.25,2.9858923632749117,3.002560513629481,3.0899950991084664,1,309.82043844671864,NaN,NaN
5,4,180,4,30.8641975308642,3,-0.6,0.05,0,3,1000,0.25,3.0311455796840185,3.0369908268851904,3.096081808705407,1,312.42823390974377,NaN,NaN
5,4,180,4,30.8641975308642,3,-0.6,0.05,0,3,3000,0.25,3.0633797755805574,3.0647627991505715,3.0675509270349512,1,313.9426081423322,NaN,NaN
5,4,180,4,30.8641975308642,3,-0.8,0.2,0,1,1,0,1.8996390722897534,1.8996390722897534,0.0009183956702664753,0,50.918655293875155,-0.0005755897829353981,1.9999999929071237
5,4,180,4,30.8641975308642,3,-0.8,0.2,0,1,3,0,2.011409492464908,2.011409492464908,0.0007065506307017034,0,51.8734345254623,-0.0005755897829353981,1.9999999929071237
5,4,180,4,30.8641975308642,3,-0.8,0.2,0,1,10,0,2.2044235416619973,2.2044235416619973,0.0006010351864062919,0,56.01390011971773,-0.0005755897829353981,1.9999999929071237
5,4,180,4,30.8641975308642,3,-0.8,0.2,0,1,30,0,2.2635103072744727,2.2635103072744727,0.0007677405408801869,0,57.5433490866437,-0.0005755897829353981,1.9999999929071237
5,4,180,4,30.8641975308642,3,-0.8,0.2,0,1,100,0,2.292706537586304,2.292706537586304,0.0009562388365396107,0,58.40023319301069,-0.0005755897829353981,1.9999999929071237
5,4,180,4,30.8641975308642,3,-0.8,0.2,0,1,300,0,2.295868428263594,2.295868428263594,0.0009792011711644232,0,58.496453712746934,-0.0005755897829353981,1.9999999929071237
5,4,180,4,30.8641975308642,3,-0.8,0.2,0,1,1000,0,2.2958717880056994,2.2958717880056994,0.0009792261930918877,0,58.49655656847709,-0.0005755897829353981,1.9999999929071237
5,4,180,4,30.8641975308642,3,-0.8,0.2,0,1,3000,0,2.295871788005699,2.295871788005699,0.0009792261930918846,0,58.496556568477075,-0.0005755897829353981,1.9999999929071237
5,4,180,4,30.8641975308642,3,-0.8,0.2,0,2,1,0,1.8998554767305906,1.8998554767305909,0.0018984882146260407,0,101.83839510768392,-0.00013051068457637854,1.999999987780579
5,4,180,4,30.8641975308642,3,-0.8,0.2,0,2,3,0,2.012746208678682,2.0127462086786823,0.0014930588340539798,0,103.79183038444285,-0.00013051068457637854,1.999999987780579
5,4,180,4,30.8641975308642,3,-0.8,0.2,0,2,10,0,2.2054606608567475,2.205460660856748,0.001248083193686589,0,112.03601335707653,-0.00013051068457637854,1.999999987780579
5,4,180,4,30.8641975308642,3,-0.8,0.2,0,2,30,0,2.2614509397695044,2.261450939769505,0.0016234203162697094,0,114.91481952785766,-0.00013051068457637854,1.999999987780579
5,4,180,4,30.8641975308642,3,-0.8,0.2,0,2,100,0,2.2870259225928886,2.287025922592889,0.0020480741600168687,0,116.41854465034947,-0.00013051068457637854,1.999999987780579
5,4,180,4,30.8641975308642,3,-0.8,0.2,0,2,300,0,2.2893194932130174,2.2893194932130183,0.0020943029789091687,0,116.55936442385207,-0.00013051068457637854,1.999999987780579
5,4,180,4,30.8641975308642,3,-0.8,0.2,0,2,1000,0,2.2893211967664255,2.2893211967664264,0.0020943384905756867,0,116.55946972901546,-0.00013051068457637854,1.999999987780579
5,4,180,4,30.8641975308642,3,-0.8,0.2,0,2,3000,0,2.289321196766427,2.2893211967664273,0.0020943384905756815,0,116.55946972901543,-0.00013051068457637854,1.999999987780579
5,4,180,4,30.8641975308642,3,-0.8,0.2,0,3,1,0,1.8688440962558048,1.8792223634007514,0.00189299116112907,0,152.5067317839952,0.000036118300524239976,1.9999988459731417
5,4,180,4,30.8641975308642,3,-0.8,0.2,0,3,3,0,1.9700549717813842,1.9847082416882689,0.001522077167118662,0,153.66464446391774,0.000036118300524239976,1.9999988459731417
5,4,180,4,30.8641975308642,3,-0.8,0.2,0,3,10,0,2.1387159158100078,2.161652868849715,0.0014219005907084,0,164.68020958923893,0.000036118300524239976,1.9999988459731417
5,4,180,4,30.8641975308642,3,-0.8,0.2,0,3,30,0,2.166002785690516,2.198846061283053,0.0018139590307725082,0,167.48231088905558,0.000036118300524239976,1.9999988459731417
5,4,180,4,30.8641975308642,3,-0.8,0.2,0,3,100,0,2.1742014236091154,2.215379001434581,0.0025771072330948784,0,168.9405585484166,0.000036118300524239976,1.9999988459731417
5,4,180,4,30.8641975308642,3,-0.8,0.2,0,3,300,0,2.2296919383781675,2.239804774199373,0.003922033588008631,0,170.9128942062657,0.000036118300524239976,1.9999988459731417
5,4,180,4,30.8641975308642,3,-0.8,0.2,0,3,1000,0,2.343148234648444,2.3824650454624043,0.001866301395746723,0,181.94964857863297,0.000036118300524239976,1.9999988459731417
5,4,180,4,30.8641975308642,3,-0.8,0.2,0,3,3000,0,2.3418677781442656,2.380954755143385,0.0016892520401637476,0,181.8289942941494,0.000036118300524239976,1.9999988459731417
5,4,180,4,30.8641975308642,4,-0.6,0.05,0,1,1,0,2.4709378787772387,2.4709378787772387,0.0011945946377230102,0,66.23196792345594,NaN,NaN
5,4,180,4,30.8641975308642,4,-0.6,0.05,0,1,3,0,3.5071829393579246,3.5071829393579246,0.0027379517788788926,0,91.11222612793664,NaN,NaN
5,4,180,4,30.8641975308642,4,-0.6,0.05,0,1,10,0,5.003014174229213,5.003014174229213,0.07500124734173597,0,132.11842131025693,NaN,NaN
5,4,180,4,30.8641975308642,4,-0.6,0.05,0,1,30,0.75,5.45776576310661,5.45776576310661,4.413452629878646,1,394.9578224757615,NaN,NaN
5,4,180,4,30.8641975308642,4,-0.6,0.05,0,1,100,0.75,5.496669013523109,5.496669013523109,5.435697037035827,1,552.5908890261901,NaN,NaN
5,4,180,4,30.8641975308642,4,-0.6,0.05,0,1,300,0.75,5.489517097615065,5.489517097615065,5.421208504098946,1,555.0540508161931,NaN,NaN
5,4,180,4,30.8641975308642,4,-0.6,0.05,0,1,1000,0.75,5.466354639134163,5.466354639134163,5.407984230372152,1,554.2726310296472,NaN,NaN
5,4,180,4,30.8641975308642,4,-0.6,0.05,0,1,3000,0.75,5.466216576698108,5.466216576698108,5.407910272126345,1,554.2675787478913,NaN,NaN
5,4,180,4,30.8641975308642,4,-0.6,0.05,0,2,1,0,2.471219364843618,2.471219364843618,0.002469440911360728,0,132.46534652614102,NaN,NaN
5,4,180,4,30.8641975308642,4,-0.6,0.05,0,2,3,0,3.509390321290491,3.5093903212904913,0.006066409737877443,0,182.31908478902704,NaN,NaN
5,4,180,4,30.8641975308642,4,-0.6,0.05,0,2,10,0.5,5.012494778080136,5.012494778080137,0.2866109369683036,1,271.627028573864,NaN,NaN
5,4,180,4,30.8641975308642,4,-0.6,0.05,0,2,30,0.5,5.488041444566386,5.488041444566386,4.507240852867104,1,515.0132615434018,NaN,NaN
5,4,180,4,30.8641975308642,4,-0.6,0.05,0,2,100,0.5,5.411641397840433,5.411641397840434,5.366102544087804,1,553.885919404821,NaN,NaN
5,4,180,4,30.8641975308642,4,-0.6,0.05,0,2,300,0.5,5.403931546253785,5.403931546253787,5.395304563202404,1,554.9631660014188,NaN,NaN
5,4,180,4,30.8641975308642,4,-0.6,0.05,0,2,1000,0.5,5.399983357502281,5.399983357502281,5.399964012770685,1,554.9989540213892,NaN,NaN
5,4,180,4,30.8641975308642,4,-0.6,0.05,0,2,3000,0.5,5.399973686916146,5.399973686916146,5.39997368691563,1,554.998954200472,NaN,NaN
5,4,180,4,30.8641975308642,4,-0.6,0.05,0,3,1,0,2.4308815997354505,2.444381034327311,0.002462290670083087,0,198.37171483284604,NaN,NaN
5,4,180,4,30.8641975308642,4,-0.6,0.05,0,3,3,0,3.4364416535019275,3.4613998714082412,0.006133579506106521,0,270.18616829938196,NaN,NaN
5,4,180,4,30.8641975308642,4,-0.6,0.05,0,3,10,0.25,4.86398691342107,4.9146521454999474,0.2724229818678487,1,385.86772117014095,NaN,NaN
5,4,180,4,30.8641975308642,4,-0.6,0.05,0,3,30,0.25,5.120569994761552,5.237477109668532,4.762783864397594,1,527.6927788707645,NaN,NaN
5,4,180,4,30.8641975308642,4,-0.6,0.05,0,3,100,0.25,5.092928910214075,5.209643999680659,5.356967694265262,1,540.6711886638172,NaN,NaN
5,4,180,4,30.8641975308642,4,-0.6,0.05,0,3,300,0.25,5.274412522025082,5.320948215224873,5.4292965014421775,1,549.8955382558556,NaN,NaN
5,4,180,4,30.8641975308642,4,-0.6,0.05,0,3,1000,0.25,5.371293782686105,5.386392507261564,5.420360512301484,1,554.4692995751603,NaN,NaN
5,4,180,4,30.8641975308642,4,-0.6,0.05,0,3,3000,0.25,5.399488933129786,5.399810516826022,5.400454717532649,1,554.998735495409,NaN,NaN
5,4,180,4,30.8641975308642,4,-0.8,0.2,0,1,1,0,2.3390180888201826,2.3390180888201826,0.0011308169624338886,0,62.69593920660716,-0.00006954145382615683,1.9999998191432897
5,4,180,4,30.8641975308642,4,-0.8,0.2,0,1,3,0,3.1802698047929336,3.1802698047929336,0.0013906661824951722,0,82.38300285448692,-0.00006954145382615683,1.9999998191432897
5,4,180,4,30.8641975308642,4,-0.8,0.2,0,1,10,0,4.475425570692125,4.475425570692125,0.002129715425467402,0,114.71431462432778,-0.00006954145382615683,1.9999998191432897
5,4,180,4,30.8641975308642,4,-0.8,0.2,0,1,30,0,4.775806924058927,4.775806924058927,0.0030857401599872253,0,122.69654722186314,-0.00006954145382615683,1.9999998191432897
5,4,180,4,30.8641975308642,4,-0.8,0.2,0,1,100,0,4.770618010014054,4.770618010014054,0.0038236803815132757,0,122.9208430266042,-0.00006954145382615683,1.9999998191432897
5,4,180,4,30.8641975308642,4,-0.8,0.2,0,1,300,0,4.770029993571513,4.770029993571513,0.0038388156454974465,0,122.91307747062612,-0.00006954145382615683,1.9999998191432897
5,4,180,4,30.8641975308642,4,-0.8,0.2,0,1,1000,0,4.770029990086178,4.770029990086178,0.0038388157349861364,0,122.91307742413801,-0.00006954145382615683,1.9999998191432897
5,4,180,4,30.8641975308642,4,-0.8,0.2,0,1,3000,0,4.770029990086177,4.770029990086177,0.003838815734986137,0,122.91307742413801,-0.00006954145382615683,1.9999998191432897
5,4,180,4,30.8641975308642,4,-0.8,0.2,0,2,1,0,2.339284546753693,2.339284546753693,0.0023376010423231115,0,125.39321377832648,NaN,NaN
5,4,180,4,30.8641975308642,4,-0.8,0.2,0,2,3,0,3.182226841747698,3.182226841747698,0.002969412521378702,0,164.83338944369407,NaN,NaN
5,4,180,4,30.8641975308642,4,-0.8,0.2,0,2,10,0,4.476445981753938,4.476445981753938,0.0046421824082641385,0,229.4071048261518,NaN,NaN
5,4,180,4,30.8641975308642,4,-0.8,0.2,0,2,30,0,4.773149688185061,4.773149688185063,0.007279336922797069,0,245.1365718489987,NaN,NaN
5,4,180,4,30.8641975308642,4,-0.8,0.2,0,2,100,0,4.771026103300511,4.771026103300511,0.011377300412613235,0,245.78245592725168,NaN,NaN
5,4,180,4,30.8641975308642,4,-0.8,0.2,0,2,300,0.5,4.979640045912578,4.9796400459125785,4.841311132914855,1,503.45098059799193,NaN,NaN
5,4,180,4,30.8641975308642,4,-0.8,0.2,0,2,1000,0.5,4.933673932083121,4.933673932083121,4.827363772698947,1,500.6394871137262,NaN,NaN
5,4,180,4,30.8641975308642,4,-0.8,0.2,0,2,3000,0.5,4.93329172828573,4.93329172828573,4.82719341557855,1,500.61295929839093,NaN,NaN
5,4,180,4,30.8641975308642,4,-0.8,0.2,0,3,1,0,2.3011003564262245,2.313879075782306,0.0023308325420578974,0,187.780936659531,NaN,NaN
5,4,180,4,30.8641975308642,4,-0.8,0.2,0,3,3,0,3.1157718373628898,3.138547513207733,0.0030007408440250395,0,244.2421263044588,NaN,NaN
5,4,180,4,30.8641975308642,4,-0.8,0.2,0,3,10,0,4.365651591252433,4.4031386964981545,0.004831391533077442,0,338.6639719262433,NaN,NaN
5,4,180,4,30.8641975308642,4,-0.8,0.2,0,3,30,0,4.642184207801237,4.685564171587852,0.008852876339248776,0,361.1592439402065,NaN,NaN
5,4,180,4,30.8641975308642,4,-0.8,0.2,0,3,100,0.25,4.640766768878961,4.750074181167755,4.384917454659546,1,478.64028825834913,NaN,NaN
5,4,180,4,30.8641975308642,4,-0.8,0.2,0,3,300,0.25,4.818362934239228,4.858007687621824,4.865768211783781,1,498.5367962208593,NaN,NaN
5,4,180,4,30.8641975308642,4,-0.8,0.2,0,3,1000,0.25,4.921565651212693,4.926221792339779,4.850379689336819,1,503.414690906519,NaN,NaN
5,4,180,4,30.8641975308642,4,-0.8,0.2,0,3,3000,0.25,4.922799084372695,4.927004324953717,4.849423732461206,1,503.4631885443814,NaN,NaN
5,4,180,4,30.8641975308642,5,-0.6,0.05,0,1,1,0,2.9255533680610397,2.9255533680610397,0.0014143821242433038,0,78.41765610378769,NaN,NaN
5,4,180,4,30.8641975308642,5,-0.6,0.05,0,1,3,0,4.780264213518731,4.780264213518731,0.00458328027367718,0,124.52310355942946,NaN,NaN
5,4,180,4,30.8641975308642,5,-0.6,0.05,0,1,10,0.5,7.286354736193167,7.286354736193167,0.7876141119731039,0.6666666666666666,227.44567393732945,NaN,NaN
5,4,180,4,30.8641975308642,5,-0.6,0.05,0,1,30,0.75,7.861016470326036,7.861016470326036,7.172200168459064,1,744.3545241461819,NaN,NaN
5,4,180,4,30.8641975308642,5,-0.6,0.05,0,1,100,0.75,7.863582575515969,7.863582575515969,7.786161775369175,1,794.9901032755207,NaN,NaN
5,4,180,4,30.8641975308642,5,-0.6,0.05,0,1,300,0.75,7.838410675512596,7.838410675512596,7.751266301539888,1,796.3832517414082,NaN,NaN
5,4,180,4,30.8641975308642,5,-0.6,0.05,0,1,1000,0.75,7.813151282151926,7.813151282151926,7.738061025957863,1,795.5545069175139,NaN,NaN
5,4,180,4,30.8641975308642,5,-0.6,0.05,0,1,3000,0.75,7.813033918585784,7.813033918585784,7.737999988135772,1,795.5503231543536,NaN,NaN
5,4,180,4,30.8641975308642,5,-0.6,0.05,0,2,1,0,2.9258866433394815,2.9258866433394815,0.0029237809811043115,0,156.83698243061374,NaN,NaN
5,4,180,4,30.8641975308642,5,-0.6,0.05,0,2,3,0,4.783295989497738,4.783295989497738,0.010370381299907683,0,249.19553269807957,NaN,NaN
5,4,180,4,30.8641975308642,5,-0.6,0.05,0,2,10,0.5,7.2910915736093855,7.291091573609387,1.7084736412947976,1,461.7395328602548,NaN,NaN
5,4,180,4,30.8641975308642,5,-0.6,0.05,0,2,30,0.5,7.826816568765449,7.82681656876545,7.208333987880172,1,775.2289325207583,NaN,NaN
5,4,180,4,30.8641975308642,5,-0.6,0.05,0,2,100,0.5,7.745379598654699,7.745379598654701,7.683580211036074,1,794.1973539415151,NaN,NaN
5,4,180,4,30.8641975308642,5,-0.6,0.05,0,2,300,0.5,7.734140028677201,7.734140028677203,7.72332848919459,1,795.6104914919399,NaN,NaN
5,4,180,4,30.8641975308642,5,-0.6,0.05,0,2,1000,0.5,7.7291398992016696,7.729139899201671,7.729122351520509,1,795.6498046066919,NaN,NaN
5,4,180,4,30.8641975308642,5,-0.6,0.05,0,2,3000,0.5,7.729131126402195,7.729131126402196,7.729131126402023,1,795.6498047098195,NaN,NaN
5,4,180,4,30.8641975308642,5,-0.6,0.05,0,3,1,0,2.8781273347846854,2.894110462760642,0.0029153152027324714,0,234.86913347431636,NaN,NaN
5,4,180,4,30.8641975308642,5,-0.6,0.05,0,3,3,0,4.684488490223201,4.7182687501231255,0.010498045182442515,0,369.4000885423896,NaN,NaN
5,4,180,4,30.8641975308642,5,-0.6,0.05,0,3,10,0.25,7.0348009925361445,7.122571326202238,1.7170565434535299,1,594.5011152638551,NaN,NaN
5,4,180,4,30.8641975308642,5,-0.6,0.05,0,3,30,0.25,7.368141228351816,7.514745848628646,7.311017694486615,1,770.5031883714668,NaN,NaN
5,4,180,4,30.8641975308642,5,-0.6,0.05,0,3,100,0.25,7.308016086594493,7.472695026237893,7.669195861964811,1,776.641621465162,NaN,NaN
5,4,180,4,30.8641975308642,5,-0.6,0.05,0,3,300,0.25,7.557820955038138,7.629756738182169,7.764744030407793,1,789.3013032024405,NaN,NaN
5,4,180,4,30.8641975308642,5,-0.6,0.05,0,3,1000,0.25,7.699707437067015,7.715979421479325,7.750196327444537,1,795.1775628828777,NaN,NaN
5,4,180,4,30.8641975308642,5,-0.6,0.05,0,3,3000,0.25,7.728737383551532,7.72899903481964,7.729522727392148,1,795.6496851964645,NaN,NaN
5,4,180,4,30.8641975308642,5,-0.8,0.2,0,1,1,0,2.7783971053506105,2.7783971053506105,0.001343238254601295,0,74.47322311933877,NaN,NaN
5,4,180,4,30.8641975308642,5,-0.8,0.2,0,1,3,0,4.437680638881101,4.437680638881101,0.002318262773783703,0,115.323775836623,NaN,NaN
5,4,180,4,30.8641975308642,5,-0.8,0.2,0,1,10,0,6.747517615306723,6.747517615306723,0.0063675474074688255,0,173.7200353280562,NaN,NaN
5,4,180,4,30.8641975308642,5,-0.8,0.2,0,1,30,0.5,7.253087772230876,7.253087772230876,0.8142145407614181,0.6666666666666666,227.93940750831266,NaN,NaN
5,4,180,4,30.8641975308642,5,-0.8,0.2,0,1,100,0.75,7.405081052102672,7.405081052102672,7.085127612032649,1,732.1127224029583,NaN,NaN
5,4,180,4,30.8641975308642,5,-0.8,0.2,0,1,300,0.75,7.452045196276325,7.452045196276325,7.361775836241799,1,754.4041501604448,NaN,NaN
5,4,180,4,30.8641975308642,5,-0.8,0.2,0,1,1000,0.75,7.410986414176074,7.410986414176074,7.335821022041907,1,753.0558756550449,NaN,NaN
5,4,180,4,30.8641975308642,5,-0.8,0.2,0,1,3000,0.75,7.410716517715513,7.410716517715513,7.3356785503095345,1,753.0461873012129,NaN,NaN
5,4,180,4,30.8641975308642,5,-0.8,0.2,0,2,1,0,2.7787136167767943,2.7787136167767947,0.002776713870020193,0,148.9480324489674,NaN,NaN
5,4,180,4,30.8641975308642,5,-0.8,0.2,0,2,3,0,4.440316481581859,4.440316481581859,0.0050111147193030526,0,230.7433694527704,NaN,NaN
5,4,180,4,30.8641975308642,5,-0.8,0.2,0,2,10,0,6.751505343201498,6.7515053432015,0.018214928403065083,0,347.7900427773319,NaN,NaN
5,4,180,4,30.8641975308642,5,-0.8,0.2,0,2,30,0.5,7.37825781961998,7.37825781961998,5.025939279772925,1,637.8914241401081,NaN,NaN
5,4,180,4,30.8641975308642,5,-0.8,0.2,0,2,100,0.5,7.33864032586911,7.33864032586911,7.30220811301423,1,753.056559114703,NaN,NaN
5,4,180,4,30.8641975308642,5,-0.8,0.2,0,2,300,0.5,7.327987011714292,7.327987011714293,7.322050271519232,1,753.505902185251,NaN,NaN
5,4,180,4,30.8641975308642,5,-0.8,0.2,0,2,1000,0.5,7.325150078613664,7.325150078613665,7.325138996444635,1,753.5184896288414,NaN,NaN
5,4,180,4,30.8641975308642,5,-0.8,0.2,0,2,3000,0.5,7.325144537967353,7.325144537967356,7.325144537967184,1,753.5184896726468,NaN,NaN
5,4,180,4,30.8641975308642,5,-0.8,0.2,0,3,1,0,2.733356616596643,2.7485357881638595,0.0027686739229867137,0,223.055141535067,NaN,NaN
5,4,180,4,30.8641975308642,5,-0.8,0.2,0,3,3,0,4.349055539910784,4.380305562097614,0.005050912504982872,0,342.1308331214906,NaN,NaN
5,4,180,4,30.8641975308642,5,-0.8,0.2,0,3,10,0,6.599564737290394,6.650730788731924,0.01715813844747217,0,513.9595502785941,NaN,NaN
5,4,180,4,30.8641975308642,5,-0.8,0.2,0,3,30,0.25,6.936154946761075,7.082215577211458,4.5723065048985925,1,665.3025687433664,NaN,NaN
5,4,180,4,30.8641975308642,5,-0.8,0.2,0,3,100,0.25,6.91982313805331,7.073330586720474,7.304347794323352,1,735.68333141938,NaN,NaN
5,4,180,4,30.8641975308642,5,-0.8,0.2,0,3,300,0.25,7.141155941539358,7.2064518317720605,7.3714987019114595,1,745.9996984555054,NaN,NaN
5,4,180,4,30.8641975308642,5,-0.8,0.2,0,3,1000,0.25,7.288505348552573,7.3076731915039375,7.3508353620020275,1,752.8291743743057,NaN,NaN
5,4,180,4,30.8641975308642,5,-0.8,0.2,0,3,3000,0.25,7.324622515132015,7.324969012574502,7.325663090596642,1,753.5182843322423,NaN,NaN
5,4,180,4,30.8641975308642,6,-0.6,0.05,0,1,1,0,3.3801688573448403,3.3801688573448403,0.0016341696107636024,0,90.60334428411974,NaN,NaN
5,4,180,4,30.8641975308642,6,-0.6,0.05,0,1,3,0,6.101577981519565,6.101577981519565,0.0070134346578303135,0,159.28074440523113,NaN,NaN
5,4,180,4,30.8641975308642,6,-0.6,0.05,0,1,10,0.5,9.58888390819331,9.58888390819331,2.5267237865048027,0.6666666666666666,376.72921227425854,NaN,NaN
5,4,180,4,30.8641975308642,6,-0.6,0.05,0,1,30,0.75,10.236525627256283,10.236525627256283,9.649471280581098,1,1003.1585417646182,NaN,NaN
5,4,180,4,30.8641975308642,6,-0.6,0.05,0,1,100,0.75,10.229590016749441,10.229590016749441,10.126011585365402,1,1037.141820148827,NaN,NaN
5,4,180,4,30.8641975308642,6,-0.6,0.05,0,1,300,0.75,10.187194756786337,10.187194756786337,10.08171853677363,1,1037.8794699207047,NaN,NaN
5,4,180,4,30.8641975308642,6,-0.6,0.05,0,1,1000,0.75,10.159435442314273,10.159435442314273,10.067986603151805,1,1036.9918621209624,NaN,NaN
5,4,180,4,30.8641975308642,6,-0.6,0.05,0,1,3000,0.75,10.15932292914012,10.15932292914012,10.067929038358928,1,1036.987914634992,NaN,NaN
5,4,180,4,30.8641975308642,6,-0.6,0.05,0,2,1,0,3.380553921835343,3.380553921835344,0.003378121050847867,0,181.20861833508846,NaN,NaN
5,4,180,4,30.8641975308642,6,-0.6,0.05,0,2,3,0,6.1055482126472285,6.105548212647229,0.016187721866574523,0,318.7870573922081,NaN,NaN
5,4,180,4,30.8641975308642,6,-0.6,0.05,0,2,10,0.5,9.593803709429304,9.593803709429306,3.7800874152375252,1,687.166190636224,NaN,NaN
5,4,180,4,30.8641975308642,6,-0.6,0.05,0,2,30,0.5,10.159216971036306,10.159216971036312,9.638367648752089,1,1020.9749141588543,NaN,NaN
5,4,180,4,30.8641975308642,6,-0.6,0.05,0,2,100,0.5,10.078327695488792,10.078327695488793,9.999919806467563,1,1034.4668544029137,NaN,NaN
5,4,180,4,30.8641975308642,6,-0.6,0.05,0,2,300,0.5,10.063329286774819,10.06332928677482,10.050263070196136,1,1036.202363564414,NaN,NaN
5,4,180,4,30.8641975308642,6,-0.6,0.05,0,2,1000,0.5,10.057249875618954,10.057249875618957,10.057232184945816,1,1036.2459813381945,NaN,NaN
5,4,180,4,30.8641975308642,6,-0.6,0.05,0,2,3000,0.5,10.057241031094733,10.057241031094737,10.057241031094636,1,1036.2459814178371,NaN,NaN
5,4,180,4,30.8641975308642,6,-0.6,0.05,0,3,1,0,3.325373069833919,3.343839891193973,0.003368339735381877,0,271.3665521157876,NaN,NaN
5,4,180,4,30.8641975308642,6,-0.6,0.05,0,3,3,0,5.979940343973066,6.022859851746783,0.016417608843056163,0,472.6211325408972,NaN,NaN
5,4,180,4,30.8641975308642,6,-0.6,0.05,0,3,10,0.25,9.218996671339632,9.346660493024679,3.805484226106906,1,821.3416593150797,NaN,NaN
5,4,180,4,30.8641975308642,6,-0.6,0.05,0,3,30,0.25,9.608704685458992,9.789893523760677,9.679869778344873,1,1008.6322991510486,NaN,NaN
5,4,180,4,30.8641975308642,6,-0.6,0.05,0,3,100,0.25,9.521855106834492,9.734626690049026,9.9809100779553,1,1012.5661109046127,NaN,NaN
5,4,180,4,30.8641975308642,6,-0.6,0.05,0,3,300,0.25,9.840521112462397,9.936917957739825,10.098920142214412,1,1028.6047328261566,NaN,NaN
5,4,180,4,30.8641975308642,6,-0.6,0.05,0,3,1000,0.25,10.024818217142387,10.043104870659747,10.080626538355288,1,1035.7610679989077,NaN,NaN
5,4,180,4,30.8641975308642,6,-0.6,0.05,0,3,3000,0.25,10.056857727360244,10.057112608649682,10.05762258938372,1,1036.2458871192748,NaN,NaN
5,4,180,4,30.8641975308642,6,-0.8,0.2,0,1,1,0,3.217776121881038,3.217776121881038,0.0015556595467687076,0,86.25050703207063,NaN,NaN
5,4,180,4,30.8641975308642,6,-0.8,0.2,0,1,3,0,5.7488904111070465,5.7488904111070465,0.003490177935651998,0,149.75518852122494,NaN,NaN
5,4,180,4,30.8641975308642,6,-0.8,0.2,0,1,10,0,9.014030182771496,9.014030182771496,0.026699050060877166,0,233.34955490315193,NaN,NaN
5,4,180,4,30.8641975308642,6,-0.8,0.2,0,1,30,0.5,9.715803904567956,9.715803904567956,7.925481403582825,0.6666666666666666,666.294616800807,NaN,NaN
5,4,180,4,30.8641975308642,6,-0.8,0.2,0,1,100,0.75,9.810948419511966,9.810948419511966,9.685914735298972,1,990.6331649706757,NaN,NaN
5,4,180,4,30.8641975308642,6,-0.8,0.2,0,1,300,0.75,9.825287734914694,9.825287734914694,9.715304629119096,1,998.5959171722925,NaN,NaN
5,4,180,4,30.8641975308642,6,-0.8,0.2,0,1,1000,0.75,9.780812170551036,9.780812170551036,9.689725985741855,1,997.1220433781255,NaN,NaN
5,4,180,4,30.8641975308642,6,-0.8,0.2,0,1,3000,0.75,9.780589841504678,9.780589841504678,9.689611163054352,1,997.1141955830088,NaN,NaN
5,4,180,4,30.8641975308642,6,-0.8,0.2,0,2,1,0,3.2181426867998963,3.2181426867998972,0.0032158266977172626,0,172.50285111960963,NaN,NaN
5,4,180,4,30.8641975308642,6,-0.8,0.2,0,2,3,0,5.7522601226622605,5.752260122662262,0.007650308813692033,0,299.6418124589865,NaN,NaN
5,4,180,4,30.8641975308642,6,-0.8,0.2,0,2,10,0,9.030406616141045,9.030406616141047,0.16754548028171903,0,473.16161796912223,NaN,NaN
5,4,180,4,30.8641975308642,6,-0.8,0.2,0,2,30,0.5,9.85957657509623,9.85957657509623,8.205662887793288,1,933.0230099873521,NaN,NaN
5,4,180,4,30.8641975308642,6,-0.8,0.2,0,2,100,0.5,9.69855356441588,9.698553564415882,9.63192623274569,1,995.4980236729135,NaN,NaN
5,4,180,4,30.8641975308642,6,-0.8,0.2,0,2,300,0.5,9.683335809764838,9.683335809764838,9.672407306924294,1,996.7431894987976,NaN,NaN
5,4,180,4,30.8641975308642,6,-0.8,0.2,0,2,1000,0.5,9.678204616454778,9.678204616454781,9.67818857544994,1,996.7752488672036,NaN,NaN
5,4,180,4,30.8641975308642,6,-0.8,0.2,0,2,3000,0.5,9.678196596650723,9.678196596650725,9.678196596650604,1,996.7752489360812,NaN,NaN
5,4,180,4,30.8641975308642,6,-0.8,0.2,0,3,1,0,3.1656128767670606,3.1831925005454127,0.003206515303915525,0,258.3293464106017,NaN,NaN
5,4,180,4,30.8641975308642,6,-0.8,0.2,0,3,3,0,5.635627049725541,5.675537242407336,0.007710154561036465,0,444.50797831798144,NaN,NaN
5,4,180,4,30.8641975308642,6,-0.8,0.2,0,3,10,0,8.81794408185017,8.889555820772431,0.14533375399400628,0,691.5632485377171,NaN,NaN
5,4,180,4,30.8641975308642,6,-0.8,0.2,0,3,30,0.25,9.231505023889033,9.434183402375531,8.48048806225221,1,950.6768849379417,NaN,NaN
5,4,180,4,30.8641975308642,6,-0.8,0.2,0,3,100,0.25,9.157500002814144,9.362075509278569,9.614791418671048,1,973.76104375659,NaN,NaN
5,4,180,4,30.8641975308642,6,-0.8,0.2,0,3,300,0.25,9.45981912107387,9.55145249202709,9.723621352014929,1,988.7401935217866,NaN,NaN
5,4,180,4,30.8641975308642,6,-0.8,0.2,0,3,1000,0.25,9.643643245594538,9.662792437296899,9.702991080709976,1,996.2282300206048,NaN,NaN
5,4,180,4,30.8641975308642,6,-0.8,0.2,0,3,3000,0.25,9.677772674542432,9.67805446331773,9.678618443700035,1,996.7751330723428,NaN,NaN
