cellPx,gapPx,pitch_um,cells,states_per_mm2,G0,s,Ia,dark,seed,t,ber,on_min,on_mean,off_max,false_activation,energy,lyapunov_at_end,fixed_point_residual
3,3,120,9,69.44444444444444,4,-0.6,0.05,0.001,1,1,0,2.26860376213399,2.3187082968966517,0.005526409747095348,0,68.68377840531679,NaN,NaN
3,3,120,9,69.44444444444444,4,-0.6,0.05,0.001,1,3,0,2.961983104817705,3.085663744831147,0.023410778256396914,0,89.78229875402455,NaN,NaN
3,3,120,9,69.44444444444444,4,-0.6,0.05,0.001,1,10,0.2222222222222222,3.914296519729077,4.1257137644490856,0.40172150962853725,0.3333333333333333,126.45108407041711,NaN,NaN
3,3,120,9,69.44444444444444,4,-0.6,0.05,0.001,1,30,0.6666666666666666,4.0433636116674805,4.249823455849953,4.765511893594309,1,318.3224850046484,NaN,NaN
3,3,120,9,69.44444444444444,4,-0.6,0.05,0.001,1,100,0.6666666666666666,4.096933827571629,4.314429186972288,4.760519541459719,1,364.70269769551106,NaN,NaN
3,3,120,9,69.44444444444444,4,-0.6,0.05,0.001,1,300,0.6666666666666666,4.142545486915567,4.363772366321278,4.849231985769643,1,369.25460181702687,NaN,NaN
3,3,120,9,69.44444444444444,4,-0.6,0.05,0.001,1,1000,0.6666666666666666,4.15681639840961,4.353076732393901,4.862192663672167,1,370.3675685934469,NaN,NaN
3,3,120,9,69.44444444444444,4,-0.6,0.05,0.001,1,3000,0.6666666666666666,4.15739297271803,4.352214453565904,4.8622072762025494,1,370.4042318640507,NaN,NaN
3,3,120,9,69.44444444444444,4,-0.6,0.05,0.001,2,1,0,2.2366116288546016,2.2960644021294407,0.003611362417137859,0,91.06118618560997,NaN,NaN
3,3,120,9,69.44444444444444,4,-0.6,0.05,0.001,2,3,0,2.897324337131767,3.0338892653758984,0.014183689489461538,0,117.73112264505491,NaN,NaN
3,3,120,9,69.44444444444444,4,-0.6,0.05,0.001,2,10,0,3.7719139046197148,4.010264945925674,0.13721752807626272,0,158.75993759139223,NaN,NaN
3,3,120,9,69.44444444444444,4,-0.6,0.05,0.001,2,30,0.5555555555555556,3.9574380836841985,4.159173824837149,4.899610063335342,1,364.02290769610755,NaN,NaN
3,3,120,9,69.44444444444444,4,-0.6,0.05,0.001,2,100,0.5555555555555556,3.97138726308747,4.178933549479452,4.907095793767658,1,368.5892571424906,NaN,NaN
3,3,120,9,69.44444444444444,4,-0.6,0.05,0.001,2,300,0.5555555555555556,3.9970534566143345,4.213937360240305,4.874568473473551,1,369.911191190261,NaN,NaN
3,3,120,9,69.44444444444444,4,-0.6,0.05,0.001,2,1000,0.5555555555555556,4.009870507275061,4.229597134410341,4.862453944364198,1,370.3968523325747,NaN,NaN
3,3,120,9,69.44444444444444,4,-0.6,0.05,0.001,2,3000,0.5555555555555556,4.010099323736796,4.229862227802584,4.862207259870797,1,370.4042354928446,NaN,NaN
3,3,120,9,69.44444444444444,4,-0.6,0.05,0.001,3,1,0,2.2570755497600143,2.3300233249784648,0.004541638803267615,0,160.7830375754208,NaN,NaN
3,3,120,9,69.44444444444444,4,-0.6,0.05,0.001,3,3,0,2.922231174795995,3.100308853979114,0.014627698695395965,0,209.51181000704668,NaN,NaN
3,3,120,9,69.44444444444444,4,-0.6,0.05,0.001,3,10,0.1111111111111111,3.7914017459432054,4.086004498616429,0.646077343666781,0.5,281.70002333995797,NaN,NaN
3,3,120,9,69.44444444444444,4,-0.6,0.05,0.001,3,30,0.2222222222222222,3.940146879713475,4.203848678472896,4.886920497907785,1,366.04626726722773,NaN,NaN
3,3,120,9,69.44444444444444,4,-0.6,0.05,0.001,3,100,0.2222222222222222,3.964301811852676,4.228473930375696,4.894747570513175,1,368.15511499802557,NaN,NaN
3,3,120,9,69.44444444444444,4,-0.6,0.05,0.001,3,300,0.2222222222222222,3.9957972927876,4.265436726827626,4.872159498540445,1,369.7968078695387,NaN,NaN
3,3,120,9,69.44444444444444,4,-0.6,0.05,0.001,3,1000,0.2222222222222222,4.009797243824019,4.281948901405667,4.862413844023725,1,370.392989495949,NaN,NaN
3,3,120,9,69.44444444444444,4,-0.6,0.05,0.001,3,3000,0.2222222222222222,4.010099311494459,4.28229887475825,4.862207262226284,1,370.4042349819697,NaN,NaN
3,3,120,9,69.44444444444444,4,-0.8,0.2,0.001,1,1,0,2.1474867593531823,2.1949162958735453,0.005231363870914098,0,65.01686507344063,NaN,NaN
3,3,120,9,69.44444444444444,4,-0.8,0.2,0.001,1,3,0,2.643793091006924,2.7580663512546995,0.013088153891134695,0,80.03686639430111,NaN,NaN
3,3,120,9,69.44444444444444,4,-0.8,0.2,0.001,1,10,0,3.422100396221322,3.6156526866781764,0.02156702346733091,0,104.74776302697947,NaN,NaN
3,3,120,9,69.44444444444444,4,-0.8,0.2,0.001,1,30,0,3.55071990550162,3.7546562406070936,0.031608308177441105,0,108.8972789165388,NaN,NaN
3,3,120,9,69.44444444444444,4,-0.8,0.2,0.001,1,100,0.1111111111111111,3.586391694805489,3.7453289268345658,4.144877895418321,0.16666666666666666,148.37423685894237,NaN,NaN
3,3,120,9,69.44444444444444,4,-0.8,0.2,0.001,1,300,0.3333333333333333,3.6417012265275384,3.804139299943239,4.222543513000124,0.5,225.2248830593638,NaN,NaN
3,3,120,9,69.44444444444444,4,-0.8,0.2,0.001,1,1000,0.3333333333333333,3.6395676214269406,3.814721107848399,4.1946878116378175,0.5,224.9021681342205,NaN,NaN
3,3,120,9,69.44444444444444,4,-0.8,0.2,0.001,1,3000,0.3333333333333333,3.6351466024087973,3.8143116819567795,4.189225547353573,0.5,224.7084383243193,NaN,NaN
3,3,120,9,69.44444444444444,4,-0.8,0.2,0.001,2,1,0,2.117202633157287,2.1734813211968604,0.003418557750576093,0,86.19958006269164,-0.0005179071464847455,1.9999995845853595
3,3,120,9,69.44444444444444,4,-0.8,0.2,0.001,2,3,0,2.5824021329745217,2.710757674066195,0.008301459798200654,0,105.03246063863331,-0.0005179071464847455,1.9999995845853595
3,3,120,9,69.44444444444444,4,-0.8,0.2,0.001,2,10,0,3.2985150458472776,3.5199104587537313,0.011687342393602158,0,136.02560511081197,-0.0005179071464847455,1.9999995845853595
3,3,120,9,69.44444444444444,4,-0.8,0.2,0.001,2,30,0,3.4107695551931925,3.646847821383026,0.0127174030349817,0,140.90553175490916,-0.0005179071464847455,1.9999995845853595
3,3,120,9,69.44444444444444,4,-0.8,0.2,0.001,2,100,0,3.422352959174442,3.6585953073621624,0.013100208838819004,0,141.24630610951283,-0.0005179071464847455,1.9999995845853595
3,3,120,9,69.44444444444444,4,-0.8,0.2,0.001,2,300,0,3.4339258826889356,3.6694228784532514,0.013588705018063729,0,141.49767866108576,-0.0005179071464847455,1.9999995845853595
3,3,120,9,69.44444444444444,4,-0.8,0.2,0.001,2,1000,0,3.4351593621133687,3.669805992414652,0.013921261791406677,0,141.4422129626942,-0.0005179071464847455,1.9999995845853595
3,3,120,9,69.44444444444444,4,-0.8,0.2,0.001,2,3000,0,3.434728563793234,3.669742358785873,0.013983193451639746,0,141.44001750666195,-0.0005179071464847455,1.9999995845853595
3,3,120,9,69.44444444444444,4,-0.8,0.2,0.001,3,1,0,2.1365740191711606,2.2056272333201736,0.004299168219049156,0,152.1990971208706,-0.0008307776107037858,1.9999998736682896
3,3,120,9,69.44444444444444,4,-0.8,0.2,0.001,3,3,0,2.610718472876305,2.7774753645762904,0.008265578265056438,0,187.55756172574962,-0.0008307776107037858,1.9999998736682896
3,3,120,9,69.44444444444444,4,-0.8,0.2,0.001,3,10,0,3.3420744686817407,3.6286280268727786,0.011003939504461498,0,244.41131815408428,-0.0008307776107037858,1.9999998736682896
3,3,120,9,69.44444444444444,4,-0.8,0.2,0.001,3,30,0,3.461591572066518,3.762491211147349,0.012469371628006938,0,253.32304827980707,-0.0008307776107037858,1.9999998736682896
3,3,120,9,69.44444444444444,4,-0.8,0.2,0.001,3,100,0,3.489968348608377,3.7820255582147158,0.011871702758747861,0,254.25726290037392,-0.0008307776107037858,1.9999998736682896
3,3,120,9,69.44444444444444,4,-0.8,0.2,0.001,3,300,0,3.5200921367065297,3.806222201794184,0.01392854688189293,0,255.3085404390524,-0.0008307776107037858,1.9999998736682896
3,3,120,9,69.44444444444444,4,-0.8,0.2,0.001,3,1000,0,3.5237109698674973,3.8094319710579176,0.016974559022966452,0,255.3530195472056,-0.0008307776107037858,1.9999998736682896
3,3,120,9,69.44444444444444,4,-0.8,0.2,0.001,3,3000,0,3.5237039391497387,3.809426229955277,0.01703276755915001,0,255.35148177543812,-0.0008307776107037858,1.9999998736682896
3,3,120,9,69.44444444444444,5,-0.6,0.05,0.001,1,1,0,2.685992367904602,2.745315375393281,0.006543185130156248,0,81.32054952690139,NaN,NaN
3,3,120,9,69.44444444444444,5,-0.6,0.05,0.001,1,3,0,4.09340637635297,4.254573806506008,0.03776890596438701,0,123.97916539625136,NaN,NaN
3,3,120,9,69.44444444444444,5,-0.6,0.05,0.001,1,10,0.3333333333333333,5.811334788685922,6.107405367676918,1.7894653247898153,0.5,211.2184810328221,NaN,NaN
3,3,120,9,69.44444444444444,5,-0.6,0.05,0.001,1,30,0.6666666666666666,5.9631862378632485,6.207164890185662,6.886844155825611,1,527.8814235793237,NaN,NaN
3,3,120,9,69.44444444444444,5,-0.6,0.05,0.001,1,100,0.6666666666666666,6.020078673741683,6.298379559092603,6.869411577096099,1,533.5363938458001,NaN,NaN
3,3,120,9,69.44444444444444,5,-0.6,0.05,0.001,1,300,0.6666666666666666,6.078782946082611,6.3771681430342975,6.996597598763994,1,539.7406346122258,NaN,NaN
3,3,120,9,69.44444444444444,5,-0.6,0.05,0.001,1,1000,0.6666666666666666,6.0860911805414215,6.354847203428682,7.050218760009418,1,541.5813723966636,NaN,NaN
3,3,120,9,69.44444444444444,5,-0.6,0.05,0.001,1,3000,0.6666666666666666,6.086865387827472,6.351908603987918,7.050772325304844,1,541.6661573798119,NaN,NaN
3,3,120,9,69.44444444444444,5,-0.6,0.05,0.001,2,1,0,2.6481141684341982,2.7185053482128847,0.004275798203316591,0,107.81506016582311,NaN,NaN
3,3,120,9,69.44444444444444,5,-0.6,0.05,0.001,2,3,0,4.009124189038045,4.186848366106565,0.022396715965880856,0,162.62637625583787,NaN,NaN
3,3,120,9,69.44444444444444,5,-0.6,0.05,0.001,2,10,0.4444444444444444,5.625618850101682,5.952354645529311,1.4738164369538003,0.8,266.6722799234184,NaN,NaN
3,3,120,9,69.44444444444444,5,-0.6,0.05,0.001,2,30,0.5555555555555556,5.822621783062424,6.0819209918239325,7.1071791934669335,1,537.1317657174302,NaN,NaN
3,3,120,9,69.44444444444444,5,-0.6,0.05,0.001,2,100,0.5555555555555556,5.841277949026926,6.113695198881924,7.095064484521976,1,539.0761902054473,NaN,NaN
3,3,120,9,69.44444444444444,5,-0.6,0.05,0.001,2,300,0.5555555555555556,5.871416437933781,6.163595818337668,7.063914169126685,1,540.9557386470686,NaN,NaN
3,3,120,9,69.44444444444444,5,-0.6,0.05,0.001,2,1000,0.5555555555555556,5.886091137280989,6.185147851567714,7.051133704660198,1,541.6653089429777,NaN,NaN
3,3,120,9,69.44444444444444,5,-0.6,0.05,0.001,2,3000,0.5555555555555556,5.88616118962659,6.185294941472088,7.0507726545602685,1,541.6661896107125,NaN,NaN
3,3,120,9,69.44444444444444,5,-0.6,0.05,0.001,3,1,0,2.67234313970137,2.7587121966353436,0.0053772313027821515,0,190.36467232597084,NaN,NaN
3,3,120,9,69.44444444444444,5,-0.6,0.05,0.001,3,3,0,4.039589367253165,4.270797214879817,0.0237151057470591,0,288.78107958187,NaN,NaN
3,3,120,9,69.44444444444444,5,-0.6,0.05,0.001,3,10,0.2222222222222222,5.608228673231858,6.001817987282195,3.1997873191140336,1,438.3595908950719,NaN,NaN
3,3,120,9,69.44444444444444,5,-0.6,0.05,0.001,3,30,0.2222222222222222,5.7922506518479855,6.147716425254798,7.075233393794326,1,536.0669434311795,NaN,NaN
3,3,120,9,69.44444444444444,5,-0.6,0.05,0.001,3,100,0.2222222222222222,5.825779125859827,6.182029941930559,7.084793462184301,1,538.2654736209696,NaN,NaN
3,3,120,9,69.44444444444444,5,-0.6,0.05,0.001,3,300,0.2222222222222222,5.867616674053211,6.233546373535313,7.061095769903207,1,540.718371084258,NaN,NaN
3,3,120,9,69.44444444444444,5,-0.6,0.05,0.001,3,1000,0.2222222222222222,5.885894994753523,6.256348562364224,7.050982528415726,1,541.6536592969711,NaN,NaN
3,3,120,9,69.44444444444444,5,-0.6,0.05,0.001,3,3000,0.2222222222222222,5.8861611102874845,6.256700312600596,7.0507726091710605,1,541.6661851633378,NaN,NaN
3,3,120,9,69.44444444444444,5,-0.8,0.2,0.001,1,1,0,2.5508866367991736,2.6072256900540656,0.006214062150757194,0,77.23011634882872,NaN,NaN
3,3,120,9,69.44444444444444,5,-0.8,0.2,0.001,1,3,0,3.7555190276350836,3.905875488370325,0.02065841387998997,0,113.44626478077302,NaN,NaN
3,3,120,9,69.44444444444444,5,-0.8,0.2,0.001,1,10,0,5.327476612276884,5.598864981624044,0.0945815179043826,0,163.34965030229225,NaN,NaN
3,3,120,9,69.44444444444444,5,-0.8,0.2,0.001,1,30,0.3333333333333333,5.504376430980827,5.795229811442495,6.406208247654513,0.5,310.43563995099595,NaN,NaN
3,3,120,9,69.44444444444444,5,-0.8,0.2,0.001,1,100,0.6666666666666666,5.591173421667637,5.802599407702885,6.78241367498212,1,501.21658936623516,NaN,NaN
3,3,120,9,69.44444444444444,5,-0.8,0.2,0.001,1,300,0.6666666666666666,5.665690038630476,5.887948059202123,6.677066097496081,1,504.6708799330379,NaN,NaN
3,3,120,9,69.44444444444444,5,-0.8,0.2,0.001,1,1000,0.6666666666666666,5.698856654293009,5.95215388931038,6.632523905312905,1,507.2714745295479,NaN,NaN
3,3,120,9,69.44444444444444,5,-0.8,0.2,0.001,1,3000,0.6666666666666666,5.700617951511611,5.956973253168293,6.633746505371036,1,507.4519504578702,NaN,NaN
3,3,120,9,69.44444444444444,5,-0.8,0.2,0.001,2,1,0,2.5149137152042975,2.5817642103849883,0.004060725052245438,0,102.3919499954681,NaN,NaN
3,3,120,9,69.44444444444444,5,-0.8,0.2,0.001,2,3,0,3.6755532963466004,3.843576885462958,0.012720016649462172,0,149.02658371522628,NaN,NaN
3,3,120,9,69.44444444444444,5,-0.8,0.2,0.001,2,10,0,5.1501562167985195,5.455786936889739,0.029673104183333583,0,211.19409223605865,NaN,NaN
3,3,120,9,69.44444444444444,5,-0.8,0.2,0.001,2,30,0.3333333333333333,5.3378947882618615,5.665586743766639,3.3369226477510825,0.6,262.8124939510352,NaN,NaN
3,3,120,9,69.44444444444444,5,-0.8,0.2,0.001,2,100,0.5555555555555556,5.419590128064491,5.717206559257142,6.728342132666455,1,503.02065900562866,NaN,NaN
3,3,120,9,69.44444444444444,5,-0.8,0.2,0.001,2,300,0.5555555555555556,5.474228678916877,5.769325612011155,6.65705691262611,1,506.2214762186257,NaN,NaN
3,3,120,9,69.44444444444444,5,-0.8,0.2,0.001,2,1000,0.5555555555555556,5.504719724606029,5.794836100999273,6.634064203862748,1,507.43010544709836,NaN,NaN
3,3,120,9,69.44444444444444,5,-0.8,0.2,0.001,2,3000,0.5555555555555556,5.505434118074102,5.7952930353745025,6.63374663006749,1,507.45197853887015,NaN,NaN
3,3,120,9,69.44444444444444,5,-0.8,0.2,0.001,3,1,0,2.537923966375278,2.619948649616539,0.005106755937637244,0,180.7893069829518,NaN,NaN
3,3,120,9,69.44444444444444,5,-0.8,0.2,0.001,3,3,0,3.710512452710944,3.92958326270028,0.012738288507717252,0,265.50571293418824,NaN,NaN
3,3,120,9,69.44444444444444,5,-0.8,0.2,0.001,3,10,0,5.196275911522999,5.590192801371208,0.03342726639100846,0,376.8420498052565,NaN,NaN
3,3,120,9,69.44444444444444,5,-0.8,0.2,0.001,3,30,0.1111111111111111,5.395577529419428,5.7588302086866126,6.240689760270405,0.5,447.74810788072085,NaN,NaN
3,3,120,9,69.44444444444444,5,-0.8,0.2,0.001,3,100,0.2222222222222222,5.449689318255083,5.796439674369545,6.700304405265853,1,504.6171605256603,NaN,NaN
3,3,120,9,69.44444444444444,5,-0.8,0.2,0.001,3,300,0.2222222222222222,5.486913328406494,5.843697171351709,6.642594207665464,1,506.609755654313,NaN,NaN
3,3,120,9,69.44444444444444,5,-0.8,0.2,0.001,3,1000,0.2222222222222222,5.504906853292416,5.864009012552971,6.633766660814259,1,507.4278237404626,NaN,NaN
3,3,120,9,69.44444444444444,5,-0.8,0.2,0.001,3,3000,0.2222222222222222,5.505434097306007,5.864584833821604,6.633746617358362,1,507.45197632589037,NaN,NaN
3,3,120,9,69.44444444444444,6,-0.6,0.05,0.001,1,1,0,3.1033809736752156,3.1719224538899122,0.0075599605132171755,0,93.95732064848595,NaN,NaN
3,3,120,9,69.44444444444444,6,-0.6,0.05,0.001,1,3,0,5.276723818981515,5.476249517649148,0.05630051443948365,0,159.82438275092392,NaN,NaN
3,3,120,9,69.44444444444444,6,-0.6,0.05,0.001,1,10,0.4444444444444444,7.731465971874808,8.117625859300526,3.8702939248173567,0.6666666666666666,320.88413978144905,NaN,NaN
3,3,120,9,69.44444444444444,6,-0.6,0.05,0.001,1,30,0.6666666666666666,7.88401054358552,8.172852394414944,8.996387766265684,1,698.8247731151564,NaN,NaN
3,3,120,9,69.44444444444444,6,-0.6,0.05,0.001,1,100,0.6666666666666666,7.9477552995233145,8.290846299480869,8.983839578636292,1,703.3127817525452,NaN,NaN
3,3,120,9,69.44444444444444,6,-0.6,0.05,0.001,1,300,0.6666666666666666,8.019279271560215,8.39833846782797,9.136356730854315,1,710.7358820766099,NaN,NaN
3,3,120,9,69.44444444444444,6,-0.6,0.05,0.001,1,1000,0.6666666666666666,8.019506942459333,8.360934959577262,9.24116548682548,1,713.1831647680266,NaN,NaN
3,3,120,9,69.44444444444444,6,-0.6,0.05,0.001,1,3000,0.6666666666666666,8.020348734870858,8.355285049051748,9.241877840347271,1,713.305041336334,NaN,NaN
3,3,120,9,69.44444444444444,6,-0.6,0.05,0.001,2,1,0,3.0596167080137917,3.1409462942963273,0.004940233989495327,0,124.56893414603621,NaN,NaN
3,3,120,9,69.44444444444444,6,-0.6,0.05,0.001,2,3,0,5.172599981268244,5.392058741339298,0.032876365282016366,0,209.63452112966675,NaN,NaN
3,3,120,9,69.44444444444444,6,-0.6,0.05,0.001,2,10,0.5555555555555556,7.520684955332296,7.927943925650549,4.282671417947679,1,423.8421510189719,NaN,NaN
3,3,120,9,69.44444444444444,6,-0.6,0.05,0.001,2,30,0.5555555555555556,7.694855543953488,8.012418974746742,9.29816699925397,1,708.0339978781723,NaN,NaN
3,3,120,9,69.44444444444444,6,-0.6,0.05,0.001,2,100,0.5555555555555556,7.71756490040696,8.05455238922119,9.2875838084003,1,710.1195113028735,NaN,NaN
3,3,120,9,69.44444444444444,6,-0.6,0.05,0.001,2,300,0.5555555555555556,7.751110496665023,8.118088297494934,9.256775290099982,1,712.4577586700279,NaN,NaN
3,3,120,9,69.44444444444444,6,-0.6,0.05,0.001,2,1000,0.5555555555555556,7.767000973643314,8.144840656820685,9.2424489943865,1,713.3166740743009,NaN,NaN
3,3,120,9,69.44444444444444,6,-0.6,0.05,0.001,2,3000,0.5555555555555556,7.7668548229315935,8.144800669030388,9.241879232471298,1,713.305156193156,NaN,NaN
3,3,120,9,69.44444444444444,6,-0.6,0.05,0.001,3,1,0,3.0876107296427233,3.187401068292221,0.006212823802296676,0,219.94630707651888,NaN,NaN
3,3,120,9,69.44444444444444,6,-0.6,0.05,0.001,3,3,0,5.207605425832665,5.492612696164754,0.03577051524237142,0,371.59199288698363,NaN,NaN
3,3,120,9,69.44444444444444,6,-0.6,0.05,0.001,3,10,0.2222222222222222,7.443389868343617,7.933955007873107,5.940210267786856,1,608.840843575723,NaN,NaN
3,3,120,9,69.44444444444444,6,-0.6,0.05,0.001,3,30,0.2222222222222222,7.650391150229733,8.09739375685292,9.263875019949557,1,706.0707584140196,NaN,NaN
3,3,120,9,69.44444444444444,6,-0.6,0.05,0.001,3,100,0.2222222222222222,7.6932750190623,8.141152840168191,9.27968678866968,1,708.8754924873436,NaN,NaN
3,3,120,9,69.44444444444444,6,-0.6,0.05,0.001,3,300,0.2222222222222222,7.744763416870141,8.20638311761743,9.253640481641497,1,712.0777406780511,NaN,NaN
3,3,120,9,69.44444444444444,6,-0.6,0.05,0.001,3,1000,0.2222222222222222,7.766661949631135,8.234697739791994,9.242174845317855,1,713.2955769622387,NaN,NaN
3,3,120,9,69.44444444444444,6,-0.6,0.05,0.001,3,3000,0.2222222222222222,7.766854519262931,8.235006081628596,9.241879010978618,1,713.3051379675592,NaN,NaN
3,3,120,9,69.44444444444444,6,-0.8,0.2,0.001,1,1,0,2.954286514245167,3.0195350842345867,0.007196760430600246,0,89.44336762421638,NaN,NaN
3,3,120,9,69.44444444444444,6,-0.8,0.2,0.001,1,3,0,4.924690748033264,5.111829139151417,0.030184981601896015,0,148.59831968347876,NaN,NaN
3,3,120,9,69.44444444444444,6,-0.8,0.2,0.001,1,10,0.2222222222222222,7.250871601979791,7.600462761087305,0.5986499058170786,0.3333333333333333,229.66749902510253,NaN,NaN
3,3,120,9,69.44444444444444,6,-0.8,0.2,0.001,1,30,0.6666666666666666,7.428192774092107,7.793873975223838,8.806712746748419,1,501.9712228150199,NaN,NaN
3,3,120,9,69.44444444444444,6,-0.8,0.2,0.001,1,100,0.6666666666666666,7.545982658219182,7.908366363083002,8.737006438859266,1,671.6422750644349,NaN,NaN
3,3,120,9,69.44444444444444,6,-0.8,0.2,0.001,1,300,0.6666666666666666,7.6196575542606455,7.9982059826219105,8.848402328665863,1,677.9901048719589,NaN,NaN
3,3,120,9,69.44444444444444,6,-0.8,0.2,0.001,1,1000,0.6666666666666666,7.651895705760014,7.984365401152506,8.84046406279509,1,680.4769531181182,NaN,NaN
3,3,120,9,69.44444444444444,6,-0.8,0.2,0.001,1,3000,0.6666666666666666,7.654353583409163,7.979769173759725,8.841745171934381,1,680.7266924592055,NaN,NaN
3,3,120,9,69.44444444444444,6,-0.8,0.2,0.001,2,1,0,2.9126247972513104,2.9900470995731174,0.004702892353914758,0,118.58431992824502,NaN,NaN
3,3,120,9,69.44444444444444,6,-0.8,0.2,0.001,2,3,0,4.825474602335359,5.034138737329691,0.01806641671464075,0,195.30366445435277,NaN,NaN
3,3,120,9,69.44444444444444,6,-0.8,0.2,0.001,2,10,0,7.001768491766278,7.3974754757842405,0.10246639876327322,0,288.0161143945232,NaN,NaN
3,3,120,9,69.44444444444444,6,-0.8,0.2,0.001,2,30,0.5555555555555556,7.279243878991824,7.649712624902859,8.872733205828728,1,661.6888409575247,NaN,NaN
3,3,120,9,69.44444444444444,6,-0.8,0.2,0.001,2,100,0.5555555555555556,7.314132566427729,7.67864316618965,8.927738912013439,1,675.5531311948514,NaN,NaN
3,3,120,9,69.44444444444444,6,-0.8,0.2,0.001,2,300,0.5555555555555556,7.372272572668602,7.741060755860783,8.870102920433217,1,679.186331918621,NaN,NaN
3,3,120,9,69.44444444444444,6,-0.8,0.2,0.001,2,1000,0.5555555555555556,7.40532318865513,7.774021802286319,8.842595403981228,1,680.7277335822678,NaN,NaN
3,3,120,9,69.44444444444444,6,-0.8,0.2,0.001,2,3000,0.5555555555555556,7.405608364148518,7.774040931416163,8.841746444709678,1,680.726802344126,NaN,NaN
3,3,120,9,69.44444444444444,6,-0.8,0.2,0.001,3,1,0,2.9392739135793935,3.0342700659129056,0.005914343656225311,0,209.37951684503446,NaN,NaN
3,3,120,9,69.44444444444444,6,-0.8,0.2,0.001,3,3,0,4.866768123370747,5.138738224628271,0.018265450722435062,0,347.36212744773735,NaN,NaN
3,3,120,9,69.44444444444444,6,-0.8,0.2,0.001,3,10,0,7.044102053826062,7.544238581273069,0.2208670953654186,0,510.5267569689004,NaN,NaN
3,3,120,9,69.44444444444444,6,-0.8,0.2,0.001,3,30,0.2222222222222222,7.3006936497086095,7.731157640226297,8.922867857883153,1,672.8503219518228,NaN,NaN
3,3,120,9,69.44444444444444,6,-0.8,0.2,0.001,3,100,0.2222222222222222,7.337173203292626,7.774692693664902,8.902599563050098,1,676.8617862293245,NaN,NaN
3,3,120,9,69.44444444444444,6,-0.8,0.2,0.001,3,300,0.2222222222222222,7.383964455142881,7.835608436817513,8.851757818341499,1,679.5893111877782,NaN,NaN
3,3,120,9,69.44444444444444,6,-0.8,0.2,0.001,3,1000,0.2222222222222222,7.405185793354843,7.861701072679976,8.841818700659951,1,680.7047288040195,NaN,NaN
3,3,120,9,69.44444444444444,6,-0.8,0.2,0.001,3,3000,0.2222222222222222,7.4056080720753,7.862208804305815,8.841746188723484,1,680.7267807229971,NaN,NaN
3,4,140,9,51.0204081632653,4,-0.6,0.05,0.001,1,1,0,2.1767374220703233,2.239782810250675,0.003149638736192325,0,67.40042572272081,NaN,NaN
3,4,140,9,51.0204081632653,4,-0.6,0.05,0.001,1,3,0,2.7743529236987814,2.90310096181889,0.014526459751095582,0,85.17636266689739,NaN,NaN
3,4,140,9,51.0204081632653,4,-0.6,0.05,0.001,1,10,0.2222222222222222,3.5576484216911166,3.8347889025282336,0.9290200970095377,0.3333333333333333,127.46880993344308,NaN,NaN
3,4,140,9,51.0204081632653,4,-0.6,0.05,0.001,1,30,0.6666666666666666,3.7380479994386206,4.159404485405733,4.610675492546311,1,305.8987023463137,NaN,NaN
3,4,140,9,51.0204081632653,4,-0.6,0.05,0.001,1,100,0.6666666666666666,3.769407493045926,4.177189501105109,4.76630336169108,1,350.68273733093696,NaN,NaN
3,4,140,9,51.0204081632653,4,-0.6,0.05,0.001,1,300,0.6666666666666666,3.796582302035912,4.216213105084908,4.749005139479639,1,351.72597773813754,NaN,NaN
3,4,140,9,51.0204081632653,4,-0.6,0.05,0.001,1,1000,0.6666666666666666,3.772200086410918,4.172838914452296,4.771742749762757,1,351.23797519429684,NaN,NaN
3,4,140,9,51.0204081632653,4,-0.6,0.05,0.001,1,3000,0.6666666666666666,3.8025927270882587,4.168522052587924,4.792148411212182,1,351.0266747520171,NaN,NaN
3,4,140,9,51.0204081632653,4,-0.6,0.05,0.001,2,1,0,2.131990374766874,2.1996967264978413,0.003998299601054871,0,88.95995746999318,NaN,NaN
3,4,140,9,51.0204081632653,4,-0.6,0.05,0.001,2,3,0,2.6584742164145116,2.8123167554922937,0.012314656902574557,0,110.56093749117863,NaN,NaN
3,4,140,9,51.0204081632653,4,-0.6,0.05,0.001,2,10,0.1111111111111111,3.330308431235258,3.632880481858073,0.9015771510297323,0.2,155.04489190637372,NaN,NaN
3,4,140,9,51.0204081632653,4,-0.6,0.05,0.001,2,30,0.5555555555555556,3.517962975218317,3.9485672258595974,4.397012572509051,1,339.63906089631274,NaN,NaN
3,4,140,9,51.0204081632653,4,-0.6,0.05,0.001,2,100,0.5555555555555556,3.539824312229261,3.922603494174848,4.671260069982993,1,348.2561741547988,NaN,NaN
3,4,140,9,51.0204081632653,4,-0.6,0.05,0.001,2,300,0.5555555555555556,3.5735470888042067,3.9734908062197185,4.766017821299422,1,351.96602631937697,NaN,NaN
3,4,140,9,51.0204081632653,4,-0.6,0.05,0.001,2,1000,0.5555555555555556,3.5691718069839187,3.960109705195871,4.817862212262683,1,350.7377366814254,NaN,NaN
3,4,140,9,51.0204081632653,4,-0.6,0.05,0.001,2,3000,0.5555555555555556,3.553638167445706,3.960103698492026,4.782907176112696,1,351.0605534750024,NaN,NaN
3,4,140,9,51.0204081632653,4,-0.6,0.05,0.001,3,1,0,2.126818364815981,2.1959182942790414,0.006415897147459281,0,155.73331300373934,NaN,NaN
3,4,140,9,51.0204081632653,4,-0.6,0.05,0.001,3,3,0,2.651886806395049,2.793280541573678,0.038916596058154146,0,192.49427024264008,NaN,NaN
3,4,140,9,51.0204081632653,4,-0.6,0.05,0.001,3,10,0.2222222222222222,3.316696951912215,3.6259816348509566,2.7538659986317153,1,281.4576850193417,NaN,NaN
3,4,140,9,51.0204081632653,4,-0.6,0.05,0.001,3,30,0.2222222222222222,3.481294754191344,3.8936839111159336,5.070664713418103,1,345.4199660418274,NaN,NaN
3,4,140,9,51.0204081632653,4,-0.6,0.05,0.001,3,100,0.2222222222222222,3.598545733363183,4.071247075401587,4.811803509035981,1,352.8294282446795,NaN,NaN
3,4,140,9,51.0204081632653,4,-0.6,0.05,0.001,3,300,0.2222222222222222,3.5727271297213026,4.081241634385459,4.745138563453619,1,352.3899388315416,NaN,NaN
3,4,140,9,51.0204081632653,4,-0.6,0.05,0.001,3,1000,0.2222222222222222,3.563720941936563,4.04631465115892,4.801341555920775,1,350.66969570704515,NaN,NaN
3,4,140,9,51.0204081632653,4,-0.6,0.05,0.001,3,3000,0.2222222222222222,3.567411045773428,4.0502907629566485,4.8070557094561,1,350.915093217156,NaN,NaN
3,4,140,9,51.0204081632653,4,-0.8,0.2,0.001,1,1,0,2.0605250112463254,2.1202045104234895,0.002981484733304168,0,63.80202846801158,NaN,NaN
3,4,140,9,51.0204081632653,4,-0.8,0.2,0.001,1,3,0,2.4636829513652687,2.5867356711030194,0.0076747399106635765,0,75.7649495865631,NaN,NaN
3,4,140,9,51.0204081632653,4,-0.8,0.2,0.001,1,10,0,3.0846130014561157,3.3049310477354603,0.019923257073272443,0,96.59227839136418,NaN,NaN
3,4,140,9,51.0204081632653,4,-0.8,0.2,0.001,1,30,0.1111111111111111,3.2138024337201183,3.4739068028030204,0.5528986995542724,0.16666666666666666,106.52269830603994,NaN,NaN
3,4,140,9,51.0204081632653,4,-0.8,0.2,0.001,1,100,0.2222222222222222,3.276245862082814,3.695885508781691,4.231623280083101,0.3333333333333333,177.8816906502734,NaN,NaN
3,4,140,9,51.0204081632653,4,-0.8,0.2,0.001,1,300,0.2222222222222222,3.2769215891119123,3.73493580328682,4.165584454327835,0.3333333333333333,177.98801664792168,NaN,NaN
3,4,140,9,51.0204081632653,4,-0.8,0.2,0.001,1,1000,0.2222222222222222,3.251767872024816,3.691589065715938,4.203460458499232,0.3333333333333333,177.04833305314787,NaN,NaN
3,4,140,9,51.0204081632653,4,-0.8,0.2,0.001,1,3000,0.2222222222222222,3.274570511061801,3.651561964390327,4.259638237984586,0.3333333333333333,176.6777865788394,NaN,NaN
3,4,140,9,51.0204081632653,4,-0.8,0.2,0.001,2,1,0,2.018166934790562,2.082258556383215,0.0037848369982053077,0,84.21053247294662,NaN,NaN
3,4,140,9,51.0204081632653,4,-0.8,0.2,0.001,2,3,0,2.354427074905084,2.5019189928536156,0.0068418846142604215,0,98.18938748276489,NaN,NaN
3,4,140,9,51.0204081632653,4,-0.8,0.2,0.001,2,10,0,2.8607560595665493,3.142190772150654,0.016329055270731467,0,122.91544550633445,NaN,NaN
3,4,140,9,51.0204081632653,4,-0.8,0.2,0.001,2,30,0,2.95884331146189,3.26897703058438,0.052612549033070825,0,128.01692488313037,NaN,NaN
3,4,140,9,51.0204081632653,4,-0.8,0.2,0.001,2,100,0.1111111111111111,3.0335586870085436,3.436327424701722,4.292628831364376,0.2,173.77288873508252,NaN,NaN
3,4,140,9,51.0204081632653,4,-0.8,0.2,0.001,2,300,0.1111111111111111,3.0507665026513937,3.480668384733035,4.1774652287285825,0.2,174.21590711026522,NaN,NaN
3,4,140,9,51.0204081632653,4,-0.8,0.2,0.001,2,1000,0.1111111111111111,3.038599606736891,3.439177071391115,4.20937254112525,0.2,173.07243744587583,NaN,NaN
3,4,140,9,51.0204081632653,4,-0.8,0.2,0.001,2,3000,0.1111111111111111,3.0621746295655194,3.46825075294915,4.183611155343177,0.2,174.06719747631053,NaN,NaN
3,4,140,9,51.0204081632653,4,-0.8,0.2,0.001,3,1,0,2.0132710498968773,2.078681848411368,0.0060733630101098696,0,147.41896899225188,NaN,NaN
3,4,140,9,51.0204081632653,4,-0.8,0.2,0.001,3,3,0,2.349346402070106,2.485486243357264,0.018490998079255607,0,170.94482195628132,NaN,NaN
3,4,140,9,51.0204081632653,4,-0.8,0.2,0.001,3,10,0,2.875056764657133,3.131186782033459,0.19613740805751834,0,215.82001087720946,NaN,NaN
3,4,140,9,51.0204081632653,4,-0.8,0.2,0.001,3,30,0.2222222222222222,3.065030558085992,3.4371981526113413,4.6252334538292486,1,281.15870451307313,NaN,NaN
3,4,140,9,51.0204081632653,4,-0.8,0.2,0.001,3,100,0.2222222222222222,3.164787866956203,3.629108257078493,4.347965300559156,1,314.42092078267603,NaN,NaN
3,4,140,9,51.0204081632653,4,-0.8,0.2,0.001,3,300,0.2222222222222222,3.139303036896492,3.6350168108079735,4.291314813429653,1,313.83909687487915,NaN,NaN
3,4,140,9,51.0204081632653,4,-0.8,0.2,0.001,3,1000,0.2222222222222222,3.132138690713736,3.6000815946221443,4.344245176733025,1,312.086314323024,NaN,NaN
3,4,140,9,51.0204081632653,4,-0.8,0.2,0.001,3,3000,0.2222222222222222,3.1355818932719965,3.6051388443346077,4.345347502144928,1,312.38381763548,NaN,NaN
3,4,140,9,51.0204081632653,5,-0.6,0.05,0.001,1,1,0,2.5772240177868064,2.6518687990000385,0.003729124384027011,0,79.80107945975318,NaN,NaN
3,4,140,9,51.0204081632653,5,-0.6,0.05,0.001,1,3,0,3.851442479209984,4.017318743798866,0.023676651883637028,0,117.98906622251322,NaN,NaN
3,4,140,9,51.0204081632653,5,-0.6,0.05,0.001,1,10,0.4444444444444444,5.33101263713174,5.750814074561288,3.0127633091631765,0.6666666666666666,234.65544698305416,NaN,NaN
3,4,140,9,51.0204081632653,5,-0.6,0.05,0.001,1,30,0.6666666666666666,5.557677463125323,6.16990165524727,6.228728728142779,1,490.2430500015391,NaN,NaN
3,4,140,9,51.0204081632653,5,-0.6,0.05,0.001,1,100,0.6666666666666666,5.63683218161369,6.146129612963322,6.75683558500098,1,504.8460946871112,NaN,NaN
3,4,140,9,51.0204081632653,5,-0.6,0.05,0.001,1,300,0.6666666666666666,5.5729920521330065,6.136190046282383,6.927359743763903,1,517.2761705143814,NaN,NaN
3,4,140,9,51.0204081632653,5,-0.6,0.05,0.001,1,1000,0.6666666666666666,5.573945156434718,6.126539289238107,6.934035490874112,1,516.8985266312724,NaN,NaN
3,4,140,9,51.0204081632653,5,-0.6,0.05,0.001,1,3000,0.6666666666666666,5.6363026385464625,6.1299715451273356,6.94807224522712,1,516.8536976233528,NaN,NaN
3,4,140,9,51.0204081632653,5,-0.6,0.05,0.001,2,1,0,2.5242441940073252,2.6044074852102694,0.004733925947000662,0,105.3272373086226,NaN,NaN
3,4,140,9,51.0204081632653,5,-0.6,0.05,0.001,2,3,0,3.7001919290176963,3.898744790942593,0.01988301723714456,0,153.4287445004562,NaN,NaN
3,4,140,9,51.0204081632653,5,-0.6,0.05,0.001,2,10,0.5555555555555556,5.036697562911887,5.471345649408879,3.137941639098356,1,282.9046151346673,NaN,NaN
3,4,140,9,51.0204081632653,5,-0.6,0.05,0.001,2,30,0.5555555555555556,5.232975607915168,5.819312541449096,6.412085231540196,1,501.6929768277633,NaN,NaN
3,4,140,9,51.0204081632653,5,-0.6,0.05,0.001,2,100,0.5555555555555556,5.267758038391536,5.785548475012978,6.78170845802265,1,512.430214370935,NaN,NaN
3,4,140,9,51.0204081632653,5,-0.6,0.05,0.001,2,300,0.5555555555555556,5.315328748265783,5.858420806915113,6.917043197463813,1,517.9191417128401,NaN,NaN
3,4,140,9,51.0204081632653,5,-0.6,0.05,0.001,2,1000,0.5555555555555556,5.308193537025704,5.842397041350199,6.987692605692914,1,516.3465417682761,NaN,NaN
3,4,140,9,51.0204081632653,5,-0.6,0.05,0.001,2,3000,0.5555555555555556,5.291843905313018,5.842467234272969,6.95047857558982,1,516.7577417136454,NaN,NaN
3,4,140,9,51.0204081632653,5,-0.6,0.05,0.001,3,1,0,2.5181206128484193,2.599933878901517,0.007596324690533925,0,184.38587519711467,NaN,NaN
3,4,140,9,51.0204081632653,5,-0.6,0.05,0.001,3,3,0,3.6908998557252906,3.8733026466728053,0.06569512212607574,0,267.24406339000194,NaN,NaN
3,4,140,9,51.0204081632653,5,-0.6,0.05,0.001,3,10,0.2222222222222222,4.96867077540357,5.414991684888349,5.237967107982784,1,444.98499799296883,NaN,NaN
3,4,140,9,51.0204081632653,5,-0.6,0.05,0.001,3,30,0.2222222222222222,5.192220167031941,5.74662961857006,7.345210187628181,1,509.18242135980785,NaN,NaN
3,4,140,9,51.0204081632653,5,-0.6,0.05,0.001,3,100,0.2222222222222222,5.350143119082254,5.987962884263851,6.987249072036077,1,518.9637144477294,NaN,NaN
3,4,140,9,51.0204081632653,5,-0.6,0.05,0.001,3,300,0.2222222222222222,5.3161863093041966,6.005943891368635,6.887991421024585,1,518.5319994055955,NaN,NaN
3,4,140,9,51.0204081632653,5,-0.6,0.05,0.001,3,1000,0.2222222222222222,5.301647185305928,5.9608030857381555,6.962894398249885,1,516.3180187506983,NaN,NaN
3,4,140,9,51.0204081632653,5,-0.6,0.05,0.001,3,3000,0.2222222222222222,5.3086300961045865,5.963094391676746,6.982388887198956,1,516.4986749660981,NaN,NaN
3,4,140,9,51.0204081632653,5,-0.8,0.2,0.001,1,1,0,2.4475893474481154,2.5184794874123533,0.003541548990177278,0,75.78707580425372,NaN,NaN
3,4,140,9,51.0204081632653,5,-0.8,0.2,0.001,1,3,0,3.521340638937838,3.6812201172525927,0.012048201221824727,0,107.90469001729092,NaN,NaN
3,4,140,9,51.0204081632653,5,-0.8,0.2,0.001,1,10,0,4.873280600233385,5.184207143274036,0.14795799995009026,0,153.2189553123257,NaN,NaN
3,4,140,9,51.0204081632653,5,-0.8,0.2,0.001,1,30,0.3333333333333333,5.165374039346758,5.657980076480393,6.328635357807369,0.5,313.4353610621213,NaN,NaN
3,4,140,9,51.0204081632653,5,-0.8,0.2,0.001,1,100,0.5555555555555556,5.236933943086786,5.744280462900169,6.439950030925728,0.8333333333333334,434.1519830973298,NaN,NaN
3,4,140,9,51.0204081632653,5,-0.8,0.2,0.001,1,300,0.5555555555555556,5.270402065586975,5.764166289499992,6.527960041892883,0.8333333333333334,434.4515795835504,NaN,NaN
3,4,140,9,51.0204081632653,5,-0.8,0.2,0.001,1,1000,0.5555555555555556,5.2671744647319265,5.779458249432449,6.536180730031036,0.8333333333333334,434.17813497949294,NaN,NaN
3,4,140,9,51.0204081632653,5,-0.8,0.2,0.001,1,3000,0.5555555555555556,5.259075687249971,5.778315944654628,6.556713106229581,0.8333333333333334,434.19662294817886,NaN,NaN
3,4,140,9,51.0204081632653,5,-0.8,0.2,0.001,2,1,0,2.397274415017951,2.473405483272235,0.00449580891669526,0,100.02926491974432,NaN,NaN
3,4,140,9,51.0204081632653,5,-0.8,0.2,0.001,2,3,0,3.376795453871128,3.5695213991951844,0.010676217913578123,0,140.20880580958658,NaN,NaN
3,4,140,9,51.0204081632653,5,-0.8,0.2,0.001,2,10,0,4.566329748254552,4.946089291482261,0.0981364095801062,0,194.5204646701653,NaN,NaN
3,4,140,9,51.0204081632653,5,-0.8,0.2,0.001,2,30,0.4444444444444444,4.791333024170714,5.350981983189312,6.348776533971691,0.8,369.3457339440293,NaN,NaN
3,4,140,9,51.0204081632653,5,-0.8,0.2,0.001,2,100,0.5555555555555556,4.899279822973288,5.411092928075427,6.463286114841019,1,481.3419724162904,NaN,NaN
3,4,140,9,51.0204081632653,5,-0.8,0.2,0.001,2,300,0.5555555555555556,4.93446472686642,5.47148644184894,6.497597484375217,1,483.7757697116741,NaN,NaN
3,4,140,9,51.0204081632653,5,-0.8,0.2,0.001,2,1000,0.5555555555555556,4.928906897804505,5.448602058300119,6.570524034937285,1,482.01183421464947,NaN,NaN
3,4,140,9,51.0204081632653,5,-0.8,0.2,0.001,2,3000,0.5555555555555556,4.913780260334835,5.453970447449045,6.534005219326684,1,482.47344657723005,NaN,NaN
3,4,140,9,51.0204081632653,5,-0.8,0.2,0.001,3,1,0,2.3914588507094816,2.469156899885455,0.007214228667740869,0,175.11124405084138,NaN,NaN
3,4,140,9,51.0204081632653,5,-0.8,0.2,0.001,3,3,0,3.370154169109183,3.5474435646834204,0.030713088772671086,0,244.22997635279214,NaN,NaN
3,4,140,9,51.0204081632653,5,-0.8,0.2,0.001,3,10,0.1111111111111111,4.58365329041291,4.955122537712157,2.0666282090802337,0.5,359.06200150760014,NaN,NaN
3,4,140,9,51.0204081632653,5,-0.8,0.2,0.001,3,30,0.2222222222222222,4.81912191803793,5.3631795642284095,6.911393545495105,1,475.1868337758493,NaN,NaN
3,4,140,9,51.0204081632653,5,-0.8,0.2,0.001,3,100,0.2222222222222222,4.9699677388455825,5.594780722619403,6.567270909188576,1,484.77423611247315,NaN,NaN
3,4,140,9,51.0204081632653,5,-0.8,0.2,0.001,3,300,0.2222222222222222,4.936198200394244,5.6093254777266806,6.47633474735054,1,484.2296160891454,NaN,NaN
3,4,140,9,51.0204081632653,5,-0.8,0.2,0.001,3,1000,0.2222222222222222,4.923752761042307,5.563878703211304,6.550822656101961,1,481.99445931811306,NaN,NaN
3,4,140,9,51.0204081632653,5,-0.8,0.2,0.001,3,3000,0.2222222222222222,4.929110098553685,5.567911663695673,6.562010530592112,1,482.2636488460919,NaN,NaN
3,4,140,9,51.0204081632653,6,-0.6,0.05,0.001,1,1,0,2.97771061350329,3.0639547877494038,0.004308610031861719,0,92.20173319678554,NaN,NaN
3,4,140,9,51.0204081632653,6,-0.6,0.05,0.001,1,3,0,4.980744541534255,5.183662915163394,0.035745663097133694,0,152.39720879086005,NaN,NaN
3,4,140,9,51.0204081632653,6,-0.6,0.05,0.001,1,10,0.4444444444444444,7.13200515058033,7.696069654229181,5.361568755829307,0.6666666666666666,372.16361162448635,NaN,NaN
3,4,140,9,51.0204081632653,6,-0.6,0.05,0.001,1,30,0.6666666666666666,7.3581177429543505,8.134753890700175,8.181993834512982,1,651.206655691672,NaN,NaN
3,4,140,9,51.0204081632653,6,-0.6,0.05,0.001,1,100,0.6666666666666666,7.501284105413267,8.160507707221468,8.651423934831966,1,663.8025297332122,NaN,NaN
3,4,140,9,51.0204081632653,6,-0.6,0.05,0.001,1,300,0.6666666666666666,7.3925530485131015,8.073906285227599,9.085661464151007,1,682.9058733324116,NaN,NaN
3,4,140,9,51.0204081632653,6,-0.6,0.05,0.001,1,1000,0.6666666666666666,7.386547219080368,8.090179929747931,9.09426547233427,1,683.2389052383921,NaN,NaN
3,4,140,9,51.0204081632653,6,-0.6,0.05,0.001,1,3000,0.6666666666666666,7.464528872190055,8.095287013528276,9.119073585714444,1,683.1565900323343,NaN,NaN
3,4,140,9,51.0204081632653,6,-0.6,0.05,0.001,2,1,0,2.916498013247775,3.0091182439226967,0.005469552292946462,0,121.69451714725128,NaN,NaN
3,4,140,9,51.0204081632653,6,-0.6,0.05,0.001,2,3,0,4.793835352616208,5.036818132067877,0.029767961262651244,0,198.40249180356787,NaN,NaN
3,4,140,9,51.0204081632653,6,-0.6,0.05,0.001,2,10,0.5555555555555556,6.770193220255969,7.3482928933401865,5.547860601380555,1,455.83389266321245,NaN,NaN
3,4,140,9,51.0204081632653,6,-0.6,0.05,0.001,2,30,0.5555555555555556,6.953219117906225,7.695840752028391,8.432767799827236,1,663.8162636144191,NaN,NaN
3,4,140,9,51.0204081632653,6,-0.6,0.05,0.001,2,100,0.5555555555555556,7.002115029992095,7.655669417749365,8.89605498925114,1,677.1435553610993,NaN,NaN
3,4,140,9,51.0204081632653,6,-0.6,0.05,0.001,2,300,0.5555555555555556,7.063816672855274,7.749747390913582,9.075153702895632,1,684.4645194643904,NaN,NaN
3,4,140,9,51.0204081632653,6,-0.6,0.05,0.001,2,1000,0.5555555555555556,7.054034300816905,7.731845014600593,9.163055648377284,1,682.5667333675004,NaN,NaN
3,4,140,9,51.0204081632653,6,-0.6,0.05,0.001,2,3000,0.5555555555555556,7.036817733113778,7.7318306922747,9.124673293569892,1,683.0479254496939,NaN,NaN
3,4,140,9,51.0204081632653,6,-0.6,0.05,0.001,3,1,0,2.909422860880858,3.0039494635239925,0.008776752233608553,0,213.03843739049017,NaN,NaN
3,4,140,9,51.0204081632653,6,-0.6,0.05,0.001,3,3,0,4.7814956569661895,5.004566003387564,0.10158968171928062,0,345.68153209221873,NaN,NaN
3,4,140,9,51.0204081632653,6,-0.6,0.05,0.001,3,10,0.2222222222222222,6.635261552523025,7.218187471548651,7.658209342505939,1,610.5632887280047,NaN,NaN
3,4,140,9,51.0204081632653,6,-0.6,0.05,0.001,3,30,0.2222222222222222,6.909146569622647,7.605356564407248,9.625506964613617,1,673.4681413299263,NaN,NaN
3,4,140,9,51.0204081632653,6,-0.6,0.05,0.001,3,100,0.2222222222222222,7.108597139154698,7.9110942218766835,9.170159752625276,1,685.6902762308126,NaN,NaN
3,4,140,9,51.0204081632653,6,-0.6,0.05,0.001,3,300,0.2222222222222222,7.066705412466566,7.93731156767268,9.03802425097331,1,685.2746326956226,NaN,NaN
3,4,140,9,51.0204081632653,6,-0.6,0.05,0.001,3,1000,0.2222222222222222,7.046473287308656,7.882441970818519,9.130142716158169,1,682.5800591940355,NaN,NaN
3,4,140,9,51.0204081632653,6,-0.6,0.05,0.001,3,3000,0.2222222222222222,7.056241536539434,7.882814901129048,9.163195883192913,1,682.6807394210773,NaN,NaN
3,4,140,9,51.0204081632653,6,-0.8,0.2,0.001,1,1,0,2.834653683649905,2.9167544644012167,0.0041016132470504075,0,87.77212314049588,NaN,NaN
3,4,140,9,51.0204081632653,6,-0.8,0.2,0.001,1,3,0,4.6373361401974424,4.833574128151342,0.017533031983727985,0,141.7752416449537,NaN,NaN
3,4,140,9,51.0204081632653,6,-0.8,0.2,0.001,1,10,0.2222222222222222,6.660548025762614,7.106379290952501,1.1656586213338216,0.3333333333333333,224.22022911650785,NaN,NaN
3,4,140,9,51.0204081632653,6,-0.8,0.2,0.001,1,30,0.6666666666666666,6.988409398901809,7.691678439282114,8.418542829275218,1,547.0832024234414,NaN,NaN
3,4,140,9,51.0204081632653,6,-0.8,0.2,0.001,1,100,0.6666666666666666,7.040234963017451,7.721535451451021,8.694089164664076,1,650.0080625394662,NaN,NaN
3,4,140,9,51.0204081632653,6,-0.8,0.2,0.001,1,300,0.6666666666666666,7.0777537163635715,7.78141370735722,8.653442028305081,1,651.8170874435898,NaN,NaN
3,4,140,9,51.0204081632653,6,-0.8,0.2,0.001,1,1000,0.6666666666666666,7.037600266405836,7.716480321824139,8.691523955814995,1,650.7404028690379,NaN,NaN
3,4,140,9,51.0204081632653,6,-0.8,0.2,0.001,1,3000,0.6666666666666666,7.083280635184113,7.708274848643252,8.74089908154371,1,650.2626505589162,NaN,NaN
3,4,140,9,51.0204081632653,6,-0.8,0.2,0.001,2,1,0,2.7763818952453416,2.8645524101612563,0.005206780835185177,0,115.84799736654165,NaN,NaN
3,4,140,9,51.0204081632653,6,-0.8,0.2,0.001,2,3,0,4.4572848948517905,4.694820392577933,0.015405385227571702,0,184.54056390324922,NaN,NaN
3,4,140,9,51.0204081632653,6,-0.8,0.2,0.001,2,10,0.1111111111111111,6.269642088450826,6.759572362788714,0.8782447955344334,0.2,274.3745223593015,NaN,NaN
3,4,140,9,51.0204081632653,6,-0.8,0.2,0.001,2,30,0.5555555555555556,6.622348527542059,7.333763292947893,8.11550136905301,1,633.0351252566458,NaN,NaN
3,4,140,9,51.0204081632653,6,-0.8,0.2,0.001,2,100,0.5555555555555556,6.647739644651437,7.289362621458327,8.563482536820201,1,646.7817460376455,NaN,NaN
3,4,140,9,51.0204081632653,6,-0.8,0.2,0.001,2,300,0.5555555555555556,6.70605942629057,7.382294795980008,8.677225236228654,1,651.988823079638,NaN,NaN
3,4,140,9,51.0204081632653,6,-0.8,0.2,0.001,2,1000,0.5555555555555556,6.696391467737241,7.358210187664957,8.767034090830634,1,649.9465073632767,NaN,NaN
3,4,140,9,51.0204081632653,6,-0.8,0.2,0.001,2,3000,0.5555555555555556,6.678277943358186,7.358263173778277,8.725783414326258,1,650.4150994462434,NaN,NaN
3,4,140,9,51.0204081632653,6,-0.8,0.2,0.001,3,1,0,2.769646651522087,2.8596319513595447,0.008355094325371884,0,202.80351910943133,NaN,NaN
3,4,140,9,51.0204081632653,6,-0.8,0.2,0.001,3,3,0,4.449141658867537,4.666792008511747,0.04692631098851559,0,321.56653073643633,NaN,NaN
3,4,140,9,51.0204081632653,6,-0.8,0.2,0.001,3,10,0.2222222222222222,6.277611786679335,6.791423545502136,5.23837081401313,1,524.8087126321834,NaN,NaN
3,4,140,9,51.0204081632653,6,-0.8,0.2,0.001,3,30,0.2222222222222222,6.557619491561623,7.242374780525311,9.212277363368262,1,641.3179119241009,NaN,NaN
3,4,140,9,51.0204081632653,6,-0.8,0.2,0.001,3,100,0.2222222222222222,6.748933745841835,7.537847156949023,8.767295773386827,1,653.1784962986513,NaN,NaN
3,4,140,9,51.0204081632653,6,-0.8,0.2,0.001,3,300,0.2222222222222222,6.707058560434586,7.560393379531954,8.643844794820163,1,652.6413867843286,NaN,NaN
3,4,140,9,51.0204081632653,6,-0.8,0.2,0.001,3,1000,0.2222222222222222,6.689159007450589,7.505004963691648,8.73728028366816,1,649.9259881430861,NaN,NaN
3,4,140,9,51.0204081632653,6,-0.8,0.2,0.001,3,3000,0.2222222222222222,6.697080298649013,7.5075283131484145,8.760869282732981,1,650.1393086805214,NaN,NaN
4,3,140,9,51.0204081632653,4,-0.6,0.05,0.001,1,1,0,2.3788840934245523,2.384732026337087,0.008998087708148044,0,123.61012228385098,NaN,NaN
4,3,140,9,51.0204081632653,4,-0.6,0.05,0.001,1,3,0,3.2790138549798717,3.3437432115284182,0.019117648826662285,0,167.42555511728978,NaN,NaN
4,3,140,9,51.0204081632653,4,-0.6,0.05,0.001,1,10,0.1111111111111111,4.685288213110023,4.80858940256894,0.3240778139798492,0.16666666666666666,248.59599486014116,NaN,NaN
4,3,140,9,51.0204081632653,4,-0.6,0.05,0.001,1,30,0.6666666666666666,5.078357262497743,5.182611515892873,4.976965792532906,1,639.9192209783944,NaN,NaN
4,3,140,9,51.0204081632653,4,-0.6,0.05,0.001,1,100,0.6666666666666666,5.041767189689451,5.178320725902896,5.295774958452075,1,756.8655397376847,NaN,NaN
4,3,140,9,51.0204081632653,4,-0.6,0.05,0.001,1,300,0.6666666666666666,5.026939137777789,5.158363967191878,5.268516735398932,1,757.1724972369268,NaN,NaN
4,3,140,9,51.0204081632653,4,-0.6,0.05,0.001,1,1000,0.6666666666666666,5.000256510038573,5.1359362028390665,5.218962679043738,1,755.4367169279766,NaN,NaN
4,3,140,9,51.0204081632653,4,-0.6,0.05,0.001,1,3000,0.6666666666666666,4.990691920139699,5.131064992645449,5.244701170088221,1,755.9397732202762,NaN,NaN
4,3,140,9,51.0204081632653,4,-0.6,0.05,0.001,2,1,0,2.3819653464446895,2.3880906770849437,0.004825195482840213,0,164.7113869942618,NaN,NaN
4,3,140,9,51.0204081632653,4,-0.6,0.05,0.001,2,3,0,3.27781671758785,3.336111230622038,0.020972982093598373,0,222.88789317899847,NaN,NaN
4,3,140,9,51.0204081632653,4,-0.6,0.05,0.001,2,10,0,4.680643263969013,4.786603168764512,0.11966249625318703,0,321.99135246146255,NaN,NaN
4,3,140,9,51.0204081632653,4,-0.6,0.05,0.001,2,30,0.5555555555555556,5.014263015627374,5.135086698734517,5.261553983110342,1,693.7680362622783,NaN,NaN
4,3,140,9,51.0204081632653,4,-0.6,0.05,0.001,2,100,0.5555555555555556,5.0087669107813095,5.129343395231732,5.361360707871833,1,754.6695158131995,NaN,NaN
4,3,140,9,51.0204081632653,4,-0.6,0.05,0.001,2,300,0.5555555555555556,5.011613170421105,5.133627503649108,5.38643640256714,1,757.639398727108,NaN,NaN
4,3,140,9,51.0204081632653,4,-0.6,0.05,0.001,2,1000,0.5555555555555556,5.007137109309775,5.117866480084945,5.381257147918494,1,759.6745015030275,NaN,NaN
4,3,140,9,51.0204081632653,4,-0.6,0.05,0.001,2,3000,0.5555555555555556,4.984273721472441,5.0914849579061485,5.284275558721958,1,757.0078738923395,NaN,NaN
4,3,140,9,51.0204081632653,4,-0.6,0.05,0.001,3,1,0,2.3948466339172247,2.4139770860000005,0.0105001400947386,0,289.764788833868,NaN,NaN
4,3,140,9,51.0204081632653,4,-0.6,0.05,0.001,3,3,0,3.3340251329803916,3.372728562155634,0.033023365027820044,0,393.9783160451423,NaN,NaN
4,3,140,9,51.0204081632653,4,-0.6,0.05,0.001,3,10,0.2222222222222222,4.672209754197507,4.7895934358637176,0.5421162700451198,1,567.0652734968521,NaN,NaN
4,3,140,9,51.0204081632653,4,-0.6,0.05,0.001,3,30,0.2222222222222222,5.008804245300905,5.138518685810943,5.391468109878965,1,747.2939626114044,NaN,NaN
4,3,140,9,51.0204081632653,4,-0.6,0.05,0.001,3,100,0.2222222222222222,5.0278130257598175,5.144499159692814,5.425593879211251,1,760.442919802074,NaN,NaN
4,3,140,9,51.0204081632653,4,-0.6,0.05,0.001,3,300,0.2222222222222222,5.013471249034609,5.135384845515474,5.414466921975425,1,760.7934207497374,NaN,NaN
4,3,140,9,51.0204081632653,4,-0.6,0.05,0.001,3,1000,0.2222222222222222,4.985616629304775,5.109866908615473,5.29496055779715,1,757.393014437437,NaN,NaN
4,3,140,9,51.0204081632653,4,-0.6,0.05,0.001,3,3000,0.2222222222222222,4.983060554546968,5.107044039536063,5.284862604706428,1,757.0266349268619,NaN,NaN
4,3,140,9,51.0204081632653,4,-0.8,0.2,0.001,1,1,0,2.251879406150519,2.257415127596843,0.00851769468748913,0,117.0107822958456,0.0003109462350973696,1.9999964729201205
4,3,140,9,51.0204081632653,4,-0.8,0.2,0.001,1,3,0,2.94644305576997,3.0067988669642927,0.008669474390876654,0,149.94403443501832,0.0003109462350973696,1.9999964729201205
4,3,140,9,51.0204081632653,4,-0.8,0.2,0.001,1,10,0,4.142239717287421,4.24875235809061,0.01052092335282709,0,209.4495913370888,0.0003109462350973696,1.9999964729201205
4,3,140,9,51.0204081632653,4,-0.8,0.2,0.001,1,30,0,4.474751509141626,4.5955877727642,0.010410306958437436,0,225.82008422499175,0.0003109462350973696,1.9999964729201205
4,3,140,9,51.0204081632653,4,-0.8,0.2,0.001,1,100,0,4.4776757977306465,4.598825224641334,0.010500319842493696,0,225.97787296306655,0.0003109462350973696,1.9999964729201205
4,3,140,9,51.0204081632653,4,-0.8,0.2,0.001,1,300,0,4.474565166299681,4.597520103743825,0.010614160019787789,0,225.9634036434607,0.0003109462350973696,1.9999964729201205
4,3,140,9,51.0204081632653,4,-0.8,0.2,0.001,1,1000,0,4.467276692550926,4.593168776703991,0.010507258688868776,0,225.84093078714372,0.0003109462350973696,1.9999964729201205
4,3,140,9,51.0204081632653,4,-0.8,0.2,0.001,1,3000,0,4.461395550740656,4.58950082314122,0.010063112029597789,0,225.68689334306197,0.0003109462350973696,1.9999964729201205
4,3,140,9,51.0204081632653,4,-0.8,0.2,0.001,2,1,0,2.254796156168044,2.260594465536197,0.004567586276478265,0,155.91771846139696,NaN,NaN
4,3,140,9,51.0204081632653,4,-0.8,0.2,0.001,2,3,0,2.945293332398286,2.9991447970400436,0.013867275022781587,0,199.71881913988653,NaN,NaN
4,3,140,9,51.0204081632653,4,-0.8,0.2,0.001,2,10,0,4.1344731981915945,4.232956226634474,0.01699626011747557,0,278.53923517573975,NaN,NaN
4,3,140,9,51.0204081632653,4,-0.8,0.2,0.001,2,30,0,4.466391726730855,4.5746190249164265,0.014435313061374242,0,300.06831731911336,NaN,NaN
4,3,140,9,51.0204081632653,4,-0.8,0.2,0.001,2,100,0,4.470288667441587,4.578549388259205,0.014935192848691558,0,300.3548820583393,NaN,NaN
4,3,140,9,51.0204081632653,4,-0.8,0.2,0.001,2,300,0,4.467392296486935,4.577293171937032,0.01767529347420583,0,300.41202075199453,NaN,NaN
4,3,140,9,51.0204081632653,4,-0.8,0.2,0.001,2,1000,0.1111111111111111,4.48463898008204,4.603013539233422,4.80796834917371,0.2,380.23899286786326,NaN,NaN
4,3,140,9,51.0204081632653,4,-0.8,0.2,0.001,2,3000,0.1111111111111111,4.454849500778083,4.579044534518148,4.754400310537816,0.2,378.5374286861466,NaN,NaN
4,3,140,9,51.0204081632653,4,-0.8,0.2,0.001,3,1,0,2.266989733006986,2.2850988418932188,0.009939554981427744,0,274.2947260045807,NaN,NaN
4,3,140,9,51.0204081632653,4,-0.8,0.2,0.001,3,3,0,3.002007867814908,3.03620375100061,0.022536293540532364,0,353.7655892291608,NaN,NaN
4,3,140,9,51.0204081632653,4,-0.8,0.2,0.001,3,10,0,4.1658241964254765,4.259529995577109,0.049726039250482953,0,491.3409786831178,NaN,NaN
4,3,140,9,51.0204081632653,4,-0.8,0.2,0.001,3,30,0.1111111111111111,4.511172230138596,4.615678796006627,4.193949564552415,0.5,596.3498752020358,NaN,NaN
4,3,140,9,51.0204081632653,4,-0.8,0.2,0.001,3,100,0.1111111111111111,4.529314099776222,4.619739385714896,4.790646942656109,0.5,606.4326067428171,NaN,NaN
4,3,140,9,51.0204081632653,4,-0.8,0.2,0.001,3,300,0.1111111111111111,4.523135201755394,4.624579147345203,4.789340839922477,0.5,607.6949157918524,NaN,NaN
4,3,140,9,51.0204081632653,4,-0.8,0.2,0.001,3,1000,0.1111111111111111,4.5121122227951584,4.623800463423215,4.814223183370806,0.5,608.4886357424139,NaN,NaN
4,3,140,9,51.0204081632653,4,-0.8,0.2,0.001,3,3000,0.1111111111111111,4.504164846883098,4.6211177028352735,4.830876534449385,0.5,608.5516975571262,NaN,NaN
4,3,140,9,51.0204081632653,5,-0.6,0.05,0.001,1,1,0,2.816562603712467,2.8234864673828284,0.010653599060898657,0,146.35250570944302,NaN,NaN
4,3,140,9,51.0204081632653,5,-0.6,0.05,0.001,1,3,0,4.487427910168255,4.569043929257017,0.034516513533764955,0,229.51232256118914,NaN,NaN
4,3,140,9,51.0204081632653,5,-0.6,0.05,0.001,1,10,0.4444444444444444,6.8655657447141065,7.041566582084226,1.6060639105346886,0.6666666666666666,418.50453553545657,NaN,NaN
4,3,140,9,51.0204081632653,5,-0.6,0.05,0.001,1,30,0.6666666666666666,7.326266458323928,7.467669527198989,7.241452426362529,1,1006.3288025760338,NaN,NaN
4,3,140,9,51.0204081632653,5,-0.6,0.05,0.001,1,100,0.6666666666666666,7.32490482765949,7.483080532696476,7.565661496042698,1,1096.975930449105,NaN,NaN
4,3,140,9,51.0204081632653,5,-0.6,0.05,0.001,1,300,0.6666666666666666,7.300761805220598,7.46860138420215,7.584737690743481,1,1097.6902747493434,NaN,NaN
4,3,140,9,51.0204081632653,5,-0.6,0.05,0.001,1,1000,0.6666666666666666,7.275957955715265,7.4611745258040125,7.619462585775439,1,1098.5969763147218,NaN,NaN
4,3,140,9,51.0204081632653,5,-0.6,0.05,0.001,1,3000,0.6666666666666666,7.2718818328029915,7.46123994683816,7.658852269007258,1,1099.5473829029152,NaN,NaN
4,3,140,9,51.0204081632653,5,-0.6,0.05,0.001,2,1,0,2.820210760448257,2.8274630588113445,0.0057129581008739895,0,195.01577832058499,NaN,NaN
4,3,140,9,51.0204081632653,5,-0.6,0.05,0.001,2,3,0,4.48586780605105,4.560780044733534,0.03166936031379205,0,305.5104635462669,NaN,NaN
4,3,140,9,51.0204081632653,5,-0.6,0.05,0.001,2,10,0.5555555555555556,6.868316167184557,7.0095611041110315,0.7750216302059163,1,516.7533533605193,NaN,NaN
4,3,140,9,51.0204081632653,5,-0.6,0.05,0.001,2,30,0.5555555555555556,7.207405412423101,7.402279152411165,7.779852156858221,1,1031.7166447392017,NaN,NaN
4,3,140,9,51.0204081632653,5,-0.6,0.05,0.001,2,100,0.5555555555555556,7.250069704422467,7.430355059258873,7.856589142666153,1,1100.9647593773047,NaN,NaN
4,3,140,9,51.0204081632653,5,-0.6,0.05,0.001,2,300,0.5555555555555556,7.2446682514414125,7.41341494501261,7.823229221308757,1,1102.5673910886358,NaN,NaN
4,3,140,9,51.0204081632653,5,-0.6,0.05,0.001,2,1000,0.5555555555555556,7.219751915065669,7.360155863434219,7.5894933480963145,1,1095.932398303927,NaN,NaN
4,3,140,9,51.0204081632653,5,-0.6,0.05,0.001,2,3000,0.5555555555555556,7.219087391206409,7.361539377482311,7.579657465649033,1,1095.4862551034842,NaN,NaN
4,3,140,9,51.0204081632653,5,-0.6,0.05,0.001,3,1,0,2.8354620089992477,2.858112173451309,0.012432006252985841,0,343.07710508385037,NaN,NaN
4,3,140,9,51.0204081632653,5,-0.6,0.05,0.001,3,3,0,4.560330474602737,4.609078717905949,0.049456291857780964,0,539.5687006176887,NaN,NaN
4,3,140,9,51.0204081632653,5,-0.6,0.05,0.001,3,10,0.2222222222222222,6.7914716368579295,6.970633627501464,1.6732368991312068,1,855.0566049840088,NaN,NaN
4,3,140,9,51.0204081632653,5,-0.6,0.05,0.001,3,30,0.2222222222222222,7.257778393865729,7.441162559504649,7.844140416604252,1,1096.0462103209259,NaN,NaN
4,3,140,9,51.0204081632653,5,-0.6,0.05,0.001,3,100,0.2222222222222222,7.2815078855274,7.452695972080649,7.815449476359127,1,1103.3811909724802,NaN,NaN
4,3,140,9,51.0204081632653,5,-0.6,0.05,0.001,3,300,0.2222222222222222,7.253839621831902,7.419047685867709,7.755378965002638,1,1100.9254364686922,NaN,NaN
4,3,140,9,51.0204081632653,5,-0.6,0.05,0.001,3,1000,0.2222222222222222,7.22188128144623,7.38526887240752,7.592776145636213,1,1095.9509890635472,NaN,NaN
4,3,140,9,51.0204081632653,5,-0.6,0.05,0.001,3,3000,0.2222222222222222,7.219126310087089,7.382064275896873,7.579699480897331,1,1095.4877131055337,NaN,NaN
4,3,140,9,51.0204081632653,5,-0.8,0.2,0.001,1,1,0,2.6748891744332743,2.6814647669490213,0.01011772177873433,0,138.9909575087641,NaN,NaN
4,3,140,9,51.0204081632653,5,-0.8,0.2,0.001,1,3,0,4.133704198932242,4.210106726974659,0.01568724823247294,0,210.58302400251154,NaN,NaN
4,3,140,9,51.0204081632653,5,-0.8,0.2,0.001,1,10,0,6.331071258540983,6.477986905035476,0.040270054033775905,0,321.1419404547212,NaN,NaN
4,3,140,9,51.0204081632653,5,-0.8,0.2,0.001,1,30,0.3333333333333333,6.823029273129903,7.029008114887244,6.261269247729996,0.5,526.3946936663659,NaN,NaN
4,3,140,9,51.0204081632653,5,-0.8,0.2,0.001,1,100,0.6666666666666666,6.784507569570895,7.0040823971499995,7.24419470049867,1,1029.002536551136,NaN,NaN
4,3,140,9,51.0204081632653,5,-0.8,0.2,0.001,1,300,0.6666666666666666,6.771309519219717,6.987427472899719,7.225293791569229,1,1030.0952920436428,NaN,NaN
4,3,140,9,51.0204081632653,5,-0.8,0.2,0.001,1,1000,0.6666666666666666,6.7885274748323825,6.996782519273299,7.2329789331403385,1,1031.5070471094084,NaN,NaN
4,3,140,9,51.0204081632653,5,-0.8,0.2,0.001,1,3000,0.6666666666666666,6.7980209383325265,7.004356178162342,7.258355655328675,1,1032.105660360683,NaN,NaN
4,3,140,9,51.0204081632653,5,-0.8,0.2,0.001,2,1,0,2.6783538284574187,2.685241335362328,0.005425595638412748,0,185.2064618005781,NaN,NaN
4,3,140,9,51.0204081632653,5,-0.8,0.2,0.001,2,3,0,4.132121349830129,4.20155054950159,0.02056264300543713,0,280.53470748782695,NaN,NaN
4,3,140,9,51.0204081632653,5,-0.8,0.2,0.001,2,10,0,6.320992101325593,6.45446907138205,0.03966784867615964,0,426.55087369891936,NaN,NaN
4,3,140,9,51.0204081632653,5,-0.8,0.2,0.001,2,30,0.3333333333333333,6.8309393590947725,6.990571660093254,3.48327496557384,0.6,527.679947417085,NaN,NaN
4,3,140,9,51.0204081632653,5,-0.8,0.2,0.001,2,100,0.5555555555555556,6.829411340426387,6.965851771217592,7.3058489658162555,1,1032.3247997096762,NaN,NaN
4,3,140,9,51.0204081632653,5,-0.8,0.2,0.001,2,300,0.5555555555555556,6.821037694787679,6.943956266894204,7.242510549902275,1,1031.7930916714301,NaN,NaN
4,3,140,9,51.0204081632653,5,-0.8,0.2,0.001,2,1000,0.5555555555555556,6.793814093247118,6.926968740700615,7.1568796938181904,1,1029.6697295050526,NaN,NaN
4,3,140,9,51.0204081632653,5,-0.8,0.2,0.001,2,3000,0.5555555555555556,6.78266295536306,6.924747619506745,7.163559504661134,1,1029.8923910885799,NaN,NaN
4,3,140,9,51.0204081632653,5,-0.8,0.2,0.001,3,1,0,2.692837937417702,2.7143487959415276,0.011806674880496793,0,325.8202864637569,NaN,NaN
4,3,140,9,51.0204081632653,5,-0.8,0.2,0.001,3,3,0,4.209282675502051,4.251707655723246,0.03332669518085206,0,496.5362179265789,NaN,NaN
4,3,140,9,51.0204081632653,5,-0.8,0.2,0.001,3,10,0.1111111111111111,6.347674710260357,6.48257032031955,0.2794512337488592,0.5,753.7640547090934,NaN,NaN
4,3,140,9,51.0204081632653,5,-0.8,0.2,0.001,3,30,0.2222222222222222,6.827146304660728,6.989502942010937,7.251145482337372,1,995.5419420351611,NaN,NaN
4,3,140,9,51.0204081632653,5,-0.8,0.2,0.001,3,100,0.2222222222222222,6.853784215457027,6.985136175261182,7.351578740964796,1,1032.672313001127,NaN,NaN
4,3,140,9,51.0204081632653,5,-0.8,0.2,0.001,3,300,0.2222222222222222,6.833427314934234,6.986325119243845,7.319270737535142,1,1033.5829829124173,NaN,NaN
4,3,140,9,51.0204081632653,5,-0.8,0.2,0.001,3,1000,0.2222222222222222,6.793256440411003,6.955121886681931,7.200306173686858,1,1031.1802861250947,NaN,NaN
4,3,140,9,51.0204081632653,5,-0.8,0.2,0.001,3,3000,0.2222222222222222,6.782041829885611,6.945028986467042,7.16309176429316,1,1029.8848122937584,NaN,NaN
4,3,140,9,51.0204081632653,6,-0.6,0.05,0.001,1,1,0,3.25424111400038,3.2622409084285695,0.012309110413649276,0,169.09488913503426,NaN,NaN
4,3,140,9,51.0204081632653,6,-0.6,0.05,0.001,1,3,0,5.7471921973684275,5.845976680017118,0.0560314470478596,0,294.50186207038104,NaN,NaN
4,3,140,9,51.0204081632653,6,-0.6,0.05,0.001,1,10,0.4444444444444444,9.07516564158995,9.297455343379513,3.3799681140643454,0.6666666666666666,639.8083966816571,NaN,NaN
4,3,140,9,51.0204081632653,6,-0.6,0.05,0.001,1,30,0.6666666666666666,9.573020403781232,9.745726556628311,9.421576388428637,1,1358.1591919476011,NaN,NaN
4,3,140,9,51.0204081632653,6,-0.6,0.05,0.001,1,100,0.6666666666666666,9.60359418696462,9.800528574861854,9.86951353390785,1,1438.1035098893954,NaN,NaN
4,3,140,9,51.0204081632653,6,-0.6,0.05,0.001,1,300,0.6666666666666666,9.572478728352719,9.778073780078023,9.884301846534301,1,1438.5702110496293,NaN,NaN
4,3,140,9,51.0204081632653,6,-0.6,0.05,0.001,1,1000,0.6666666666666666,9.541622206033315,9.769404119921957,9.933959434041132,1,1439.9157626011338,NaN,NaN
4,3,140,9,51.0204081632653,6,-0.6,0.05,0.001,1,3000,0.6666666666666666,9.534859892995788,9.770021507339756,9.981797511799478,1,1441.2124918291297,NaN,NaN
4,3,140,9,51.0204081632653,6,-0.6,0.05,0.001,2,1,0,3.2584561744518252,3.2668354405377453,0.006600720718907746,0,225.32016964690865,NaN,NaN
4,3,140,9,51.0204081632653,6,-0.6,0.05,0.001,2,3,0,5.745277137439623,5.837261599731979,0.044671536461685174,0,391.9067817606154,NaN,NaN
4,3,140,9,51.0204081632653,6,-0.6,0.05,0.001,2,10,0.5555555555555556,9.090439327138347,9.261678617897388,2.3220921340821463,1,786.4730942878926,NaN,NaN
4,3,140,9,51.0204081632653,6,-0.6,0.05,0.001,2,30,0.5555555555555556,9.4286376821961,9.669304305790401,10.203813799943754,1,1374.7202948647089,NaN,NaN
4,3,140,9,51.0204081632653,6,-0.6,0.05,0.001,2,100,0.5555555555555556,9.50810871987423,9.734685909609624,10.291564425838565,1,1444.307585457194,NaN,NaN
4,3,140,9,51.0204081632653,6,-0.6,0.05,0.001,2,300,0.5555555555555556,9.497076560705354,9.696012316419342,10.199756035495177,1,1445.4882219670894,NaN,NaN
4,3,140,9,51.0204081632653,6,-0.6,0.05,0.001,2,1000,0.5555555555555556,9.463371173635958,9.637680728590592,9.89428709435851,1,1435.770217684771,NaN,NaN
4,3,140,9,51.0204081632653,6,-0.6,0.05,0.001,2,3000,0.5555555555555556,9.464911774356198,9.640187303359996,9.885009785316502,1,1435.3731612026224,NaN,NaN
4,3,140,9,51.0204081632653,6,-0.6,0.05,0.001,3,1,0,3.2760773840812694,3.3022472609026177,0.014363872411233115,0,396.3894213338298,NaN,NaN
4,3,140,9,51.0204081632653,6,-0.6,0.05,0.001,3,3,0,5.837321253848309,5.896717947081491,0.07301604381094785,0,691.5653751486315,NaN,NaN
4,3,140,9,51.0204081632653,6,-0.6,0.05,0.001,3,10,0.2222222222222222,8.929464817417383,9.171056629382159,3.4000213292233163,1,1157.5890212258405,NaN,NaN
4,3,140,9,51.0204081632653,6,-0.6,0.05,0.001,3,30,0.2222222222222222,9.51100954328708,9.746792578123092,10.2479989461488,1,1440.4482631729875,NaN,NaN
4,3,140,9,51.0204081632653,6,-0.6,0.05,0.001,3,100,0.2222222222222222,9.542560566116045,9.76492361455911,10.256544382847482,1,1447.9559229428273,NaN,NaN
4,3,140,9,51.0204081632653,6,-0.6,0.05,0.001,3,300,0.2222222222222222,9.500053532136265,9.705554911823358,10.075095630073085,1,1441.4141425614514,NaN,NaN
4,3,140,9,51.0204081632653,6,-0.6,0.05,0.001,3,1000,0.2222222222222222,9.46810578637281,9.668661466128437,9.898724129088098,1,1435.8455465867457,NaN,NaN
4,3,140,9,51.0204081632653,6,-0.6,0.05,0.001,3,3000,0.2222222222222222,9.465291937104652,9.665469147512393,9.885043670244622,1,1435.374484435267,NaN,NaN
4,3,140,9,51.0204081632653,6,-0.8,0.2,0.001,1,1,0,3.0978989427160313,3.1055144063012015,0.011717748869979576,0,160.97113272168212,NaN,NaN
4,3,140,9,51.0204081632653,6,-0.8,0.2,0.001,1,3,0,5.378264336413131,5.470892740552241,0.02530081576109873,0,274.3246430181741,NaN,NaN
4,3,140,9,51.0204081632653,6,-0.8,0.2,0.001,1,10,0.1111111111111111,8.53335882005975,8.732646706243802,0.3009939569131773,0.16666666666666666,442.78860064399277,NaN,NaN
4,3,140,9,51.0204081632653,6,-0.8,0.2,0.001,1,30,0.6666666666666666,9.099525987922823,9.331610983097422,9.061044111401108,1,1079.2925274904276,NaN,NaN
4,3,140,9,51.0204081632653,6,-0.8,0.2,0.001,1,100,0.6666666666666666,9.191507822807068,9.386753693273622,9.544796021879966,1,1370.3943591195507,NaN,NaN
4,3,140,9,51.0204081632653,6,-0.8,0.2,0.001,1,300,0.6666666666666666,9.154397969472203,9.337051631061525,9.4575863134508,1,1374.88748463004,NaN,NaN
4,3,140,9,51.0204081632653,6,-0.8,0.2,0.001,1,1000,0.6666666666666666,9.105438244732706,9.292751281347899,9.394729112602446,1,1371.3456544939836,NaN,NaN
4,3,140,9,51.0204081632653,6,-0.8,0.2,0.001,1,3000,0.6666666666666666,9.09396631297106,9.270914907619021,9.391411520405583,1,1370.3643976368764,NaN,NaN
4,3,140,9,51.0204081632653,6,-0.8,0.2,0.001,2,1,0,3.1019115007467923,3.10988820518846,0.006283605000347207,0,214.49520513975992,NaN,NaN
4,3,140,9,51.0204081632653,6,-0.8,0.2,0.001,2,3,0,5.376237216111491,5.461467731040129,0.028418871101277613,0,365.44087739235187,NaN,NaN
4,3,140,9,51.0204081632653,6,-0.8,0.2,0.001,2,10,0,8.521136401651548,8.69514248967769,0.12159696232736023,0,579.9268568042315,NaN,NaN
4,3,140,9,51.0204081632653,6,-0.8,0.2,0.001,2,30,0.5555555555555556,9.110916870568252,9.277540823912656,9.490131098568375,1,1326.5878031358573,NaN,NaN
4,3,140,9,51.0204081632653,6,-0.8,0.2,0.001,2,100,0.5555555555555556,9.113975662815779,9.253078520419388,9.562385990391567,1,1374.6970415911235,NaN,NaN
4,3,140,9,51.0204081632653,6,-0.8,0.2,0.001,2,300,0.5555555555555556,9.095636854136565,9.235760796568188,9.47498958201612,1,1372.439210516745,NaN,NaN
4,3,140,9,51.0204081632653,6,-0.8,0.2,0.001,2,1000,0.5555555555555556,9.06674920587315,9.228702057805696,9.457586312866347,1,1372.299435394752,NaN,NaN
4,3,140,9,51.0204081632653,6,-0.8,0.2,0.001,2,3000,0.5555555555555556,9.053442319196781,9.228577414439975,9.49008640034211,1,1373.4312881927078,NaN,NaN
4,3,140,9,51.0204081632653,6,-0.8,0.2,0.001,3,1,0,3.1186861418284213,3.1435987499898372,0.013673794779565887,0,377.3458469229297,NaN,NaN
4,3,140,9,51.0204081632653,6,-0.8,0.2,0.001,3,3,0,5.47343084570809,5.524361918508437,0.04593757006225125,0,646.348931246574,NaN,NaN
4,3,140,9,51.0204081632653,6,-0.8,0.2,0.001,3,10,0.2222222222222222,8.518026914632163,8.712586828871647,0.9864635946914332,1,1033.2369292458138,NaN,NaN
4,3,140,9,51.0204081632653,6,-0.8,0.2,0.001,3,30,0.2222222222222222,9.104962678452932,9.33558740857778,9.869618898506085,1,1367.5137634815828,NaN,NaN
4,3,140,9,51.0204081632653,6,-0.8,0.2,0.001,3,100,0.2222222222222222,9.138888846390552,9.337294013203481,9.81079350298905,1,1382.651751130236,NaN,NaN
4,3,140,9,51.0204081632653,6,-0.8,0.2,0.001,3,300,0.2222222222222222,9.104008666176608,9.297736056070613,9.602640910290871,1,1377.451159224749,NaN,NaN
4,3,140,9,51.0204081632653,6,-0.8,0.2,0.001,3,1000,0.2222222222222222,9.09077925261786,9.292039064470462,9.648247992794053,1,1377.7178941249344,NaN,NaN
4,3,140,9,51.0204081632653,6,-0.8,0.2,0.001,3,3000,0.2222222222222222,9.077837985566642,9.290358910762338,9.652296543079718,1,1377.8424637859937,NaN,NaN
4,4,160,9,39.0625,4,-0.6,0.05,0.001,1,1,0,2.2812912723338474,2.3347397415956306,0.005606130683060909,0,122.25013868761158,NaN,NaN
4,4,160,9,39.0625,4,-0.6,0.05,0.001,1,3,0,3.1037140114633477,3.2412778627513057,0.010917375668772383,0,162.46343074744314,NaN,NaN
4,4,160,9,39.0625,4,-0.6,0.05,0.001,1,10,0.1111111111111111,4.490319121625609,4.707662157543422,0.5816260596185567,0.16666666666666666,243.95377461192635,NaN,NaN
4,4,160,9,39.0625,4,-0.6,0.05,0.001,1,30,0.6666666666666666,4.937030947251939,5.134042221214971,5.109483466961355,1,642.2585514971229,NaN,NaN
4,4,160,9,39.0625,4,-0.6,0.05,0.001,1,100,0.6666666666666666,4.79943876783702,5.087650878867659,5.27155468337727,1,736.6267876527734,NaN,NaN
4,4,160,9,39.0625,4,-0.6,0.05,0.001,1,300,0.6666666666666666,4.825030227233455,5.103899957267796,5.293045833144421,1,738.6906302429755,NaN,NaN
4,4,160,9,39.0625,4,-0.6,0.05,0.001,1,1000,0.6666666666666666,4.877702124432562,5.105452762127713,5.2969963023827615,1,742.5654827912507,NaN,NaN
4,4,160,9,39.0625,4,-0.6,0.05,0.001,1,3000,0.6666666666666666,4.883403256191304,5.097011663841016,5.338214783047476,1,747.9638244450244,NaN,NaN
4,4,160,9,39.0625,4,-0.6,0.05,0.001,2,1,0,2.282044570867479,2.3221822025037544,0.002725047365434402,0,162.33156022797425,NaN,NaN
4,4,160,9,39.0625,4,-0.6,0.05,0.001,2,3,0,3.105678656365165,3.2048157825447845,0.008844602020076534,0,214.51849837139682,NaN,NaN
4,4,160,9,39.0625,4,-0.6,0.05,0.001,2,10,0,4.48986484425604,4.628279261029237,0.15321202317936,0,308.7569090512295,NaN,NaN
4,4,160,9,39.0625,4,-0.6,0.05,0.001,2,30,0.5555555555555556,4.840966233354165,4.978018400609802,5.432747298807533,1,691.990142069142,NaN,NaN
4,4,160,9,39.0625,4,-0.6,0.05,0.001,2,100,0.5555555555555556,4.787051658141845,4.96996240801355,5.517938357613336,1,746.8547867309429,NaN,NaN
4,4,160,9,39.0625,4,-0.6,0.05,0.001,2,300,0.5555555555555556,4.852139913853933,5.043278632740085,5.538607147855375,1,753.7175070430357,NaN,NaN
4,4,160,9,39.0625,4,-0.6,0.05,0.001,2,1000,0.5555555555555556,4.885982987914138,5.064897005911268,5.528178435515781,1,755.5126096521717,NaN,NaN
4,4,160,9,39.0625,4,-0.6,0.05,0.001,2,3000,0.5555555555555556,4.887976981638581,5.06355768400058,5.52429444746057,1,755.3128264573057,NaN,NaN
4,4,160,9,39.0625,4,-0.6,0.05,0.001,3,1,0,2.2684230699245713,2.319966575731449,0.004861814963848032,0,284.31098272455944,NaN,NaN
4,4,160,9,39.0625,4,-0.6,0.05,0.001,3,3,0,3.093108088450035,3.2118450536408143,0.01678139168148993,0,375.64450406049247,NaN,NaN
4,4,160,9,39.0625,4,-0.6,0.05,0.001,3,10,0.1111111111111111,4.4871314017228725,4.6571180289450576,1.0080232816995855,0.5,553.3387845414876,NaN,NaN
4,4,160,9,39.0625,4,-0.6,0.05,0.001,3,30,0.2222222222222222,4.71247661735473,4.959984247750042,5.4457265857218,1,736.065024588159,NaN,NaN
4,4,160,9,39.0625,4,-0.6,0.05,0.001,3,100,0.2222222222222222,4.746771702730511,5.008352636898439,5.5323842292625836,1,744.4904198113557,NaN,NaN
4,4,160,9,39.0625,4,-0.6,0.05,0.001,3,300,0.2222222222222222,4.828434463127989,5.081988881397669,5.543290994037375,1,753.5863206971189,NaN,NaN
4,4,160,9,39.0625,4,-0.6,0.05,0.001,3,1000,0.2222222222222222,4.85800517068089,5.101937500348017,5.554753682987989,1,756.1967006277519,NaN,NaN
4,4,160,9,39.0625,4,-0.6,0.05,0.001,3,3000,0.2222222222222222,4.8877078463810815,5.093314206733169,5.524797961882767,1,755.3400347054074,NaN,NaN
4,4,160,9,39.0625,4,-0.8,0.2,0.001,1,1,0,2.159496904367542,2.2100918482547054,0.0053068286379602024,0,115.72340597451138,-0.0005452165710927017,1.9999960961132273
4,4,160,9,39.0625,4,-0.8,0.2,0.001,1,3,0,2.7775975757410905,2.9105938689505,0.0064387450252346426,0,145.39331187105867,-0.0005452165710927017,1.9999960961132273
4,4,160,9,39.0625,4,-0.8,0.2,0.001,1,10,0,3.9375778149033103,4.144695546937392,0.012087571040574039,0,204.33937200516425,-0.0005452165710927017,1.9999960961132273
4,4,160,9,39.0625,4,-0.8,0.2,0.001,1,30,0,4.204491411804398,4.468399921668095,0.008538083898721913,0,219.9088704495088,-0.0005452165710927017,1.9999960961132273
4,4,160,9,39.0625,4,-0.8,0.2,0.001,1,100,0,4.227650871872579,4.475397798482803,0.0074963147047061975,0,220.26723354397623,-0.0005452165710927017,1.9999960961132273
4,4,160,9,39.0625,4,-0.8,0.2,0.001,1,300,0,4.245212798522325,4.485411177967439,0.007513352802156362,0,220.75535195096617,-0.0005452165710927017,1.9999960961132273
4,4,160,9,39.0625,4,-0.8,0.2,0.001,1,1000,0,4.256278783129189,4.494040905071311,0.00774519085573593,0,221.17448493950494,-0.0005452165710927017,1.9999960961132273
4,4,160,9,39.0625,4,-0.8,0.2,0.001,1,3000,0,4.25699856071293,4.494941498967837,0.007755385139066119,0,221.21607155031316,-0.0005452165710927017,1.9999960961132273
4,4,160,9,39.0625,4,-0.8,0.2,0.001,2,1,0,2.160209985538356,2.1982047354058327,0.002579561593592661,0,153.6649467101297,-0.0007156751161179478,1.9999958710206964
4,4,160,9,39.0625,4,-0.8,0.2,0.001,2,3,0,2.7794104626890435,2.876696021871716,0.005647335371411624,0,191.95523407317944,-0.0007156751161179478,1.9999958710206964
4,4,160,9,39.0625,4,-0.8,0.2,0.001,2,10,0,3.9384637469313746,4.084904609707924,0.004459892709775408,0,268.8298553627903,-0.0007156751161179478,1.9999958710206964
4,4,160,9,39.0625,4,-0.8,0.2,0.001,2,30,0,4.204139362837677,4.39297656219815,0.003932526874637785,0,288.70747742292986,-0.0007156751161179478,1.9999958710206964
4,4,160,9,39.0625,4,-0.8,0.2,0.001,2,100,0,4.226438262527331,4.403445743126587,0.0044635485550872656,0,289.44777652452865,-0.0007156751161179478,1.9999958710206964
4,4,160,9,39.0625,4,-0.8,0.2,0.001,2,300,0,4.244522356535031,4.420167668430574,0.004707253345268737,0,290.53230622649545,-0.0007156751161179478,1.9999958710206964
4,4,160,9,39.0625,4,-0.8,0.2,0.001,2,1000,0,4.257672383562822,4.438952539183308,0.004853156813305456,0,291.73856506627766,-0.0007156751161179478,1.9999958710206964
4,4,160,9,39.0625,4,-0.8,0.2,0.001,2,3000,0,4.258511890105375,4.443081699643117,0.004834576162315636,0,291.996237858145,-0.0007156751161179478,1.9999958710206964
4,4,160,9,39.0625,4,-0.8,0.2,0.001,3,1,0,2.1473157140019747,2.1961073972824403,0.0046022507039606055,0,269.13208958331296,-0.0010614791231331384,1.999996028624737
4,4,160,9,39.0625,4,-0.8,0.2,0.001,3,3,0,2.766361896072761,2.8836909736288443,0.010369723548916007,0,336.2016257777931,-0.0010614791231331384,1.999996028624737
4,4,160,9,39.0625,4,-0.8,0.2,0.001,3,10,0,3.9373093732279156,4.114142973992266,0.012724500682837508,0,472.8185307996173,-0.0010614791231331384,1.999996028624737
4,4,160,9,39.0625,4,-0.8,0.2,0.001,3,30,0,4.17022866176814,4.426920235430577,0.0068994153520349245,0,507.9806458721134,-0.0010614791231331384,1.999996028624737
4,4,160,9,39.0625,4,-0.8,0.2,0.001,3,100,0,4.202993106657135,4.454275921261913,0.008368536245870027,0,511.10508012018965,-0.0010614791231331384,1.999996028624737
4,4,160,9,39.0625,4,-0.8,0.2,0.001,3,300,0,4.272776902125154,4.508737092672575,0.009512807599050033,0,517.1971311246518,-0.0010614791231331384,1.999996028624737
4,4,160,9,39.0625,4,-0.8,0.2,0.001,3,1000,0,4.312346109042362,4.541707733050466,0.009968658895105042,0,520.8486140821793,-0.0010614791231331384,1.999996028624737
4,4,160,9,39.0625,4,-0.8,0.2,0.001,3,3000,0,4.321135397857945,4.542622356197208,0.010616989025181387,0,521.1681680458596,-0.0010614791231331384,1.999996028624737
4,4,160,9,39.0625,5,-0.6,0.05,0.001,1,1,0,2.701014187110471,2.7642963622128747,0.006637573506451784,0,144.74230580545537,NaN,NaN
4,4,160,9,39.0625,5,-0.6,0.05,0.001,1,3,0,4.257249297367539,4.433519265378405,0.017020852095060494,0,222.84325156907923,NaN,NaN
4,4,160,9,39.0625,5,-0.6,0.05,0.001,1,10,0.3333333333333333,6.6194950128579615,6.911449279256961,1.9643247469409124,0.5,393.1649900087074,NaN,NaN
4,4,160,9,39.0625,5,-0.6,0.05,0.001,1,30,0.6666666666666666,7.180767601625253,7.433137917164772,7.2892257156271905,1,1005.6467810371917,NaN,NaN
4,4,160,9,39.0625,5,-0.6,0.05,0.001,1,100,0.6666666666666666,6.970501842093511,7.36656697921049,7.546393005968806,1,1069.100306680383,NaN,NaN
4,4,160,9,39.0625,5,-0.6,0.05,0.001,1,300,0.6666666666666666,6.96072208295926,7.370137566488546,7.627099572980698,1,1077.5000183542932,NaN,NaN
4,4,160,9,39.0625,5,-0.6,0.05,0.001,1,1000,0.6666666666666666,7.088185108327414,7.371189748194506,7.735596646183295,1,1088.8711549080201,NaN,NaN
4,4,160,9,39.0625,5,-0.6,0.05,0.001,1,3000,0.6666666666666666,7.11164895737677,7.351685853473561,7.73686682485352,1,1088.1193377643428,NaN,NaN
4,4,160,9,39.0625,5,-0.6,0.05,0.001,2,1,0,2.7019060811229294,2.7494284268230844,0.003226414655528131,0,192.19809960653367,NaN,NaN
4,4,160,9,39.0625,5,-0.6,0.05,0.001,2,3,0,4.25963520044211,4.386234468203261,0.01340811377326341,0,294.3502468885204,NaN,NaN
4,4,160,9,39.0625,5,-0.6,0.05,0.001,2,10,0.1111111111111111,6.626474493280169,6.793811572284274,1.3258598227628955,0.2,484.5898315934286,NaN,NaN
4,4,160,9,39.0625,5,-0.6,0.05,0.001,2,30,0.5555555555555556,7.146910679569858,7.270728815213082,7.834145178126572,1,1043.7194593705465,NaN,NaN
4,4,160,9,39.0625,5,-0.6,0.05,0.001,2,100,0.5555555555555556,7.014378928522374,7.227744263301617,7.852503614540498,1,1071.0407975600383,NaN,NaN
4,4,160,9,39.0625,5,-0.6,0.05,0.001,2,300,0.5555555555555556,7.026055565429541,7.271124733403096,7.964329552723069,1,1087.6544179345008,NaN,NaN
4,4,160,9,39.0625,5,-0.6,0.05,0.001,2,1000,0.5555555555555556,7.153546401251954,7.352488620574778,7.956186369685645,1,1096.4788157153005,NaN,NaN
4,4,160,9,39.0625,5,-0.6,0.05,0.001,2,3000,0.5555555555555556,7.157709073593036,7.349218389098115,7.947617506760904,1,1095.9846938655003,NaN,NaN
4,4,160,9,39.0625,5,-0.6,0.05,0.001,3,1,0,2.6857784310754673,2.746805158405801,0.005756315009711652,0,336.6198815571389,NaN,NaN
4,4,160,9,39.0625,5,-0.6,0.05,0.001,3,3,0,4.242151618169626,4.394522593262299,0.026103280295196388,0,515.3366149264292,NaN,NaN
4,4,160,9,39.0625,5,-0.6,0.05,0.001,3,10,0.2222222222222222,6.591069736322558,6.812395790888361,3.1766523820337094,1,847.2142484216926,NaN,NaN
4,4,160,9,39.0625,5,-0.6,0.05,0.001,3,30,0.2222222222222222,6.89197563729004,7.215857678753531,7.897688531520661,1,1073.7483215038537,NaN,NaN
4,4,160,9,39.0625,5,-0.6,0.05,0.001,3,100,0.2222222222222222,6.93579827841522,7.282711337755468,7.970523317003432,1,1083.0326444907168,NaN,NaN
4,4,160,9,39.0625,5,-0.6,0.05,0.001,3,300,0.2222222222222222,7.048053903358265,7.378683257684239,7.965599897359838,1,1094.8597785221384,NaN,NaN
4,4,160,9,39.0625,5,-0.6,0.05,0.001,3,1000,0.2222222222222222,7.080679191503083,7.398479789713074,7.994189778942205,1,1097.9119349738562,NaN,NaN
4,4,160,9,39.0625,5,-0.6,0.05,0.001,3,3000,0.2222222222222222,7.157480101752948,7.379844433612317,7.947471163171109,1,1095.9894478547474,NaN,NaN
4,4,160,9,39.0625,5,-0.8,0.2,0.001,1,1,0,2.5651528567373036,2.6252519310106375,0.006303702780655643,0,137.46175084878286,NaN,NaN
4,4,160,9,39.0625,5,-0.8,0.2,0.001,1,3,0,3.9095556853610143,4.08200046221802,0.009651656085539419,0,204.52406564866484,NaN,NaN
4,4,160,9,39.0625,5,-0.8,0.2,0.001,1,10,0,6.080363592883155,6.354231445447561,0.08579631500996365,0,315.24371279059534,NaN,NaN
4,4,160,9,39.0625,5,-0.8,0.2,0.001,1,30,0.2222222222222222,6.460506425272196,6.86657140177416,6.855190423849369,0.3333333333333333,487.6461082826295,NaN,NaN
4,4,160,9,39.0625,5,-0.8,0.2,0.001,1,100,0.6666666666666666,6.553522174004558,6.931978983682466,7.391551797263526,1,1022.4583734073232,NaN,NaN
4,4,160,9,39.0625,5,-0.8,0.2,0.001,1,300,0.6666666666666666,6.6138753062578335,6.964346187581126,7.464681673562555,1,1026.0650073231366,NaN,NaN
4,4,160,9,39.0625,5,-0.8,0.2,0.001,1,1000,0.6666666666666666,6.641606602935821,6.981818194742736,7.519254786511003,1,1027.5821399651813,NaN,NaN
4,4,160,9,39.0625,5,-0.8,0.2,0.001,1,3000,0.6666666666666666,6.662078516176245,6.984520010041493,7.491503396084833,1,1026.8259730308928,NaN,NaN
4,4,160,9,39.0625,5,-0.8,0.2,0.001,2,1,0,2.5659998883763375,2.61113185451459,0.0030641256199771877,0,182.53051265628795,NaN,NaN
4,4,160,9,39.0625,5,-0.8,0.2,0.001,2,3,0,3.9116871510821714,4.037627512829954,0.008253460128816389,0,270.1865917910128,NaN,NaN
4,4,160,9,39.0625,5,-0.8,0.2,0.001,2,10,0,6.078593051880858,6.266667198414612,0.011568610832645473,0,413.4902057755842,NaN,NaN
4,4,160,9,39.0625,5,-0.8,0.2,0.001,2,30,0,6.440632203309976,6.6947942411120245,0.011468289287607783,0,441.0175571284752,NaN,NaN
4,4,160,9,39.0625,5,-0.8,0.2,0.001,2,100,0.4444444444444444,6.559024783231107,6.7792450398926976,6.627763517421335,0.8,714.9323667199609,NaN,NaN
4,4,160,9,39.0625,5,-0.8,0.2,0.001,2,300,0.5555555555555556,6.660301528747906,6.882820086415403,7.490135319939662,1,1027.0735861244007,NaN,NaN
4,4,160,9,39.0625,5,-0.8,0.2,0.001,2,1000,0.5555555555555556,6.668767062572553,6.889593903728542,7.497508578160741,1,1027.9979605921494,NaN,NaN
4,4,160,9,39.0625,5,-0.8,0.2,0.001,2,3000,0.5555555555555556,6.668418134128903,6.889927672701923,7.498414546609107,1,1028.046739169472,NaN,NaN
4,4,160,9,39.0625,5,-0.8,0.2,0.001,3,1,0,2.550683461017633,2.6086405368063406,0.005466771689651146,0,319.68786203770975,NaN,NaN
4,4,160,9,39.0625,5,-0.8,0.2,0.001,3,3,0,3.893356675476057,4.046050020402552,0.0153431027327565,0,473.13629512328856,NaN,NaN
4,4,160,9,39.0625,5,-0.8,0.2,0.001,3,10,0,6.085756633223879,6.311975354505317,0.14069273207300625,0,729.0042091968884,NaN,NaN
4,4,160,9,39.0625,5,-0.8,0.2,0.001,3,30,0.2222222222222222,6.414446470448764,6.751816198818338,7.292502113628634,1,951.2284710798078,NaN,NaN
4,4,160,9,39.0625,5,-0.8,0.2,0.001,3,100,0.2222222222222222,6.471948213684861,6.817175823302458,7.496264437038207,1,1014.0603653465653,NaN,NaN
4,4,160,9,39.0625,5,-0.8,0.2,0.001,3,300,0.2222222222222222,6.584141260861232,6.90673870198073,7.506308198451773,1,1025.3327489268447,NaN,NaN
4,4,160,9,39.0625,5,-0.8,0.2,0.001,3,1000,0.2222222222222222,6.619463392457066,6.938701038092041,7.541115289730613,1,1029.1674212235666,NaN,NaN
4,4,160,9,39.0625,5,-0.8,0.2,0.001,3,3000,0.2222222222222222,6.668198770074028,6.927931472034616,7.498682662240577,1,1028.0639822943995,NaN,NaN
4,4,160,9,39.0625,6,-0.6,0.05,0.001,1,1,0,3.120737101887094,3.193852982830118,0.00766901632984267,0,167.2344729232982,NaN,NaN
4,4,160,9,39.0625,6,-0.6,0.05,0.001,1,3,0,5.462025510892161,5.676667229139625,0.024794441101514228,0,285.9953649697866,NaN,NaN
4,4,160,9,39.0625,6,-0.6,0.05,0.001,1,10,0.4444444444444444,8.810945459778091,9.167124830683013,3.7907920916791844,0.6666666666666666,588.821820989998,NaN,NaN
4,4,160,9,39.0625,6,-0.6,0.05,0.001,1,30,0.6666666666666666,9.408260791883468,9.726858299172715,9.504913761529217,1,1318.0834008570246,NaN,NaN
4,4,160,9,39.0625,6,-0.6,0.05,0.001,1,100,0.6666666666666666,9.155132569802317,9.65365455506049,9.85038598867751,1,1404.1173849121653,NaN,NaN
4,4,160,9,39.0625,6,-0.6,0.05,0.001,1,300,0.6666666666666666,9.132131934054103,9.651914476521318,9.994052544499437,1,1420.1439837846692,NaN,NaN
4,4,160,9,39.0625,6,-0.6,0.05,0.001,1,1000,0.6666666666666666,9.333166301403592,9.65983397751188,10.071100174406995,1,1429.375376038967,NaN,NaN
4,4,160,9,39.0625,6,-0.6,0.05,0.001,1,3000,0.6666666666666666,9.375709958258703,9.632802712782729,10.062261852637445,1,1427.609599191782,NaN,NaN
4,4,160,9,39.0625,6,-0.6,0.05,0.001,2,1,0,3.1217675913783802,3.176674651142413,0.0037277819456218706,0,222.06463898509304,NaN,NaN
4,4,160,9,39.0625,6,-0.6,0.05,0.001,2,3,0,5.464836412211801,5.618285770782562,0.019082564077251427,0,377.827233431233,NaN,NaN
4,4,160,9,39.0625,6,-0.6,0.05,0.001,2,10,0.5555555555555556,8.829500224140128,9.014169796687945,3.4948072257998066,1,727.7242048378516,NaN,NaN
4,4,160,9,39.0625,6,-0.6,0.05,0.001,2,30,0.5555555555555556,9.385434412353744,9.543280016405557,10.22009408944752,1,1381.2213444726106,NaN,NaN
4,4,160,9,39.0625,6,-0.6,0.05,0.001,2,100,0.5555555555555556,9.229764184090408,9.492970228505428,10.216827757827035,1,1404.2819102280548,NaN,NaN
4,4,160,9,39.0625,6,-0.6,0.05,0.001,2,300,0.5555555555555556,9.360167725129568,9.57888181774982,10.279050608601553,1,1414.9329110549486,NaN,NaN
4,4,160,9,39.0625,6,-0.6,0.05,0.001,2,1000,0.5555555555555556,9.432976525037477,9.650542683646332,10.395177115684966,1,1439.0130323615333,NaN,NaN
4,4,160,9,39.0625,6,-0.6,0.05,0.001,2,3000,0.5555555555555556,9.445629581267132,9.64601082933383,10.379067304569851,1,1438.296863374358,NaN,NaN
4,4,160,9,39.0625,6,-0.6,0.05,0.001,3,1,0,3.103133792226363,3.1736437410801517,0.006650815055575278,0,388.92878038971634,NaN,NaN
4,4,160,9,39.0625,6,-0.6,0.05,0.001,3,3,0,5.442555591993514,5.6277346274631395,0.03810088046209652,0,661.3916273226728,NaN,NaN
4,4,160,9,39.0625,6,-0.6,0.05,0.001,3,10,0.2222222222222222,8.723237493187883,8.996738415817552,5.651242994409593,1,1159.9129498680597,NaN,NaN
4,4,160,9,39.0625,6,-0.6,0.05,0.001,3,30,0.2222222222222222,9.090158896680592,9.485764096422088,10.341887712828019,1,1412.5741178868345,NaN,NaN
4,4,160,9,39.0625,6,-0.6,0.05,0.001,3,100,0.2222222222222222,9.142838358674853,9.570992708945534,10.411563791687112,1,1423.7724916856698,NaN,NaN
4,4,160,9,39.0625,6,-0.6,0.05,0.001,3,300,0.2222222222222222,9.272123183116024,9.686852564048253,10.381189263426297,1,1437.9219965843502,NaN,NaN
4,4,160,9,39.0625,6,-0.6,0.05,0.001,3,1000,0.2222222222222222,9.327570070435733,9.6993787852069,10.421493772720325,1,1440.5678801042482,NaN,NaN
4,4,160,9,39.0625,6,-0.6,0.05,0.001,3,3000,0.2222222222222222,9.444370389304794,9.67590228402017,10.376493742051107,1,1438.2719863368618,NaN,NaN
4,4,160,9,39.0625,6,-0.8,0.2,0.001,1,1,0,2.9708088091070657,3.0404120137665704,0.0073005769233510705,0,159.20009572305426,NaN,NaN
4,4,160,9,39.0625,6,-0.8,0.2,0.001,1,3,0,5.099414124169022,5.310773292367867,0.013537688899255513,0,266.7370886863058,NaN,NaN
4,4,160,9,39.0625,6,-0.8,0.2,0.001,1,10,0.1111111111111111,8.244795271738722,8.589303708325579,0.7165963610136232,0.16666666666666666,437.5972352702471,NaN,NaN
4,4,160,9,39.0625,6,-0.8,0.2,0.001,1,30,0.5555555555555556,8.912284769269894,9.300110034191206,9.437078438399963,0.8333333333333334,1030.6104256753006,NaN,NaN
4,4,160,9,39.0625,6,-0.8,0.2,0.001,1,100,0.6666666666666666,8.831838149416813,9.279466881000518,9.60814363267358,1,1352.7807687975444,NaN,NaN
4,4,160,9,39.0625,6,-0.8,0.2,0.001,1,300,0.6666666666666666,8.91536243601452,9.32022458478893,9.653358322814885,1,1360.3683817446351,NaN,NaN
4,4,160,9,39.0625,6,-0.8,0.2,0.001,1,1000,0.6666666666666666,8.972816232883705,9.297912233897277,9.754520265043114,1,1367.0540938376573,NaN,NaN
4,4,160,9,39.0625,6,-0.8,0.2,0.001,1,3000,0.6666666666666666,8.97407882579923,9.296391075421155,9.815799294748166,1,1369.1965957893467,NaN,NaN
4,4,160,9,39.0625,6,-0.8,0.2,0.001,2,1,0,2.9717897912143223,3.0240589736233496,0.0035486896463617582,0,211.39607860244578,NaN,NaN
4,4,160,9,39.0625,6,-0.8,0.2,0.001,2,3,0,5.1018725162997995,5.255737412914681,0.011322163752705722,0,352.5022500125972,NaN,NaN
4,4,160,9,39.0625,6,-0.8,0.2,0.001,2,10,0,8.23624569708759,8.46071360220513,0.05277838148668403,0,559.9566013855499,NaN,NaN
4,4,160,9,39.0625,6,-0.8,0.2,0.001,2,30,0.5555555555555556,8.858008837772564,9.090951412868984,9.78409371019999,1,1192.5245102853519,NaN,NaN
4,4,160,9,39.0625,6,-0.8,0.2,0.001,2,100,0.5555555555555556,8.794159084648422,9.078722588011342,9.975451521831904,1,1363.4352159848627,NaN,NaN
4,4,160,9,39.0625,6,-0.8,0.2,0.001,2,300,0.5555555555555556,8.921238666846161,9.195964303516728,9.984188174042114,1,1372.9864329267778,NaN,NaN
4,4,160,9,39.0625,6,-0.8,0.2,0.001,2,1000,0.5555555555555556,8.984275936346641,9.216280759638831,9.959851273301995,1,1374.6404092153105,NaN,NaN
4,4,160,9,39.0625,6,-0.8,0.2,0.001,2,3000,0.5555555555555556,8.98552109360536,9.215052513416529,9.956875565155968,1,1374.4635176621423,NaN,NaN
4,4,160,9,39.0625,6,-0.8,0.2,0.001,3,1,0,2.9540512080332935,3.0211736763302417,0.006331292675341713,0,370.24363449210716,NaN,NaN
4,4,160,9,39.0625,6,-0.8,0.2,0.001,3,3,0,5.078602173834676,5.2655504797106305,0.021387876270413775,0,617.2236241130873,NaN,NaN
4,4,160,9,39.0625,6,-0.8,0.2,0.001,3,10,0.1111111111111111,8.260068049832686,8.52627934271988,1.361463160660245,0.5,1005.3811782126451,NaN,NaN
4,4,160,9,39.0625,6,-0.8,0.2,0.001,3,30,0.2222222222222222,8.638464883409997,9.048350522867818,9.879815877247008,1,1345.1693921165977,NaN,NaN
4,4,160,9,39.0625,6,-0.8,0.2,0.001,3,100,0.2222222222222222,8.705752829431741,9.133029740817657,9.979190254631806,1,1358.805688427465,NaN,NaN
4,4,160,9,39.0625,6,-0.8,0.2,0.001,3,300,0.2222222222222222,8.840264945005933,9.24316134938398,9.95746912334343,1,1372.5486715210106,NaN,NaN
4,4,160,9,39.0625,6,-0.8,0.2,0.001,3,1000,0.2222222222222222,8.881481945065087,9.273259142281875,10.012531579135457,1,1376.6406233034174,NaN,NaN
4,4,160,9,39.0625,6,-0.8,0.2,0.001,3,3000,0.2222222222222222,8.985087577625103,9.251810910560193,9.956148594265224,1,1374.4570461208168,NaN,NaN
5,3,160,4,39.0625,4,-0.6,0.05,0.001,1,1,0,2.470453388988509,2.470453388988509,0.003124222060723511,0,66.38562748590986,NaN,NaN
5,3,160,4,39.0625,4,-0.6,0.05,0.001,1,3,0,3.52258458432262,3.52258458432262,0.009846709655558124,0,91.94471381481938,NaN,NaN
5,3,160,4,39.0625,4,-0.6,0.05,0.001,1,10,0,5.05829309111839,5.05829309111839,0.11728639692171561,0,135.8619790114298,NaN,NaN
5,3,160,4,39.0625,4,-0.6,0.05,0.001,1,30,0.75,5.326502641184175,5.326502641184175,4.939243363654937,1,444.6626285464382,NaN,NaN
5,3,160,4,39.0625,4,-0.6,0.05,0.001,1,100,0.75,5.324384759444277,5.324384759444277,5.455885602471503,1,549.6155954606047,NaN,NaN
5,3,160,4,39.0625,4,-0.6,0.05,0.001,1,300,0.75,5.31072970829293,5.31072970829293,5.44732231188874,1,548.8482330460857,NaN,NaN
5,3,160,4,39.0625,4,-0.6,0.05,0.001,1,1000,0.75,5.290257398506202,5.290257398506202,5.434211877771394,1,547.4225346111775,NaN,NaN
5,3,160,4,39.0625,4,-0.6,0.05,0.001,1,3000,0.75,5.278644607739767,5.278644607739767,5.4415727823783415,1,546.4907529534586,NaN,NaN
5,3,160,4,39.0625,4,-0.6,0.05,0.001,2,1,0,2.4702863556364036,2.4702863556364045,0.006225141917611972,0,132.7734074669951,NaN,NaN
5,3,160,4,39.0625,4,-0.6,0.05,0.001,2,3,0,3.5200056345023496,3.5200056345023496,0.02073667409919119,0,183.8606111850318,NaN,NaN
5,3,160,4,39.0625,4,-0.6,0.05,0.001,2,10,0.5,5.058789445150597,5.058789445150597,0.34172998879967664,1,277.4479866366655,NaN,NaN
5,3,160,4,39.0625,4,-0.6,0.05,0.001,2,30,0.5,5.350567961518809,5.350567961518809,4.996922197918914,1,535.3868613043451,NaN,NaN
5,3,160,4,39.0625,4,-0.6,0.05,0.001,2,100,0.5,5.323515656539988,5.323515656539988,5.361093015294796,1,550.6382429990313,NaN,NaN
5,3,160,4,39.0625,4,-0.6,0.05,0.001,2,300,0.5,5.319170589427456,5.319170589427456,5.3581170074173645,1,550.3634864172045,NaN,NaN
5,3,160,4,39.0625,4,-0.6,0.05,0.001,2,1000,0.5,5.311178959943211,5.311178959943213,5.3419991525190325,1,549.7599503743071,NaN,NaN
5,3,160,4,39.0625,4,-0.6,0.05,0.001,2,3000,0.5,5.3180967550150084,5.318096755015009,5.342237498820406,1,550.1955810494982,NaN,NaN
5,3,160,4,39.0625,4,-0.6,0.05,0.001,3,1,0,2.4978770735441818,2.5122695419512078,0.006226475891822082,0,201.17047960429602,NaN,NaN
5,3,160,4,39.0625,4,-0.6,0.05,0.001,3,3,0,3.5579306087813563,3.573422603464433,0.021473796769885065,0,279.67266791315427,NaN,NaN
5,3,160,4,39.0625,4,-0.6,0.05,0.001,3,10,0.25,5.048959512044952,5.054786776816312,0.3881487256474512,1,401.5308256163713,NaN,NaN
5,3,160,4,39.0625,4,-0.6,0.05,0.001,3,30,0.25,5.347555644552114,5.349910520885374,4.937251419764403,1,542.4477791714244,NaN,NaN
5,3,160,4,39.0625,4,-0.6,0.05,0.001,3,100,0.25,5.324273024096393,5.330841810499191,5.297126117870452,1,550.2607931839855,NaN,NaN
5,3,160,4,39.0625,4,-0.6,0.05,0.001,3,300,0.25,5.319776481269769,5.325042856022575,5.29166741848161,1,550.0771480168123,NaN,NaN
5,3,160,4,39.0625,4,-0.6,0.05,0.001,3,1000,0.25,5.324309345740756,5.330998944384045,5.292253633852552,1,550.556522751643,NaN,NaN
5,3,160,4,39.0625,4,-0.6,0.05,0.001,3,3000,0.25,5.3432620678456315,5.350723017149002,5.312926432820851,1,551.9092837228029,NaN,NaN
5,3,160,4,39.0625,4,-0.8,0.2,0.001,1,1,0,2.3385599684722167,2.3385599684722167,0.002957425012101603,0,62.84140863067325,-0.000006441757855775851,1.999999970713989
5,3,160,4,39.0625,4,-0.8,0.2,0.001,1,3,0,3.189150346883289,3.189150346883289,0.00469519524884406,0,82.8372402754137,-0.000006441757855775851,1.999999970713989
5,3,160,4,39.0625,4,-0.8,0.2,0.001,1,10,0,4.5043947970236164,4.5043947970236164,0.004348109085723329,0,115.60415802928257,-0.000006441757855775851,1.999999970713989
5,3,160,4,39.0625,4,-0.8,0.2,0.001,1,30,0,4.828089915377838,4.828089915377838,0.004211226026043324,0,124.06145261706257,-0.000006441757855775851,1.999999970713989
5,3,160,4,39.0625,4,-0.8,0.2,0.001,1,100,0,4.831924089609314,4.831924089609314,0.004758815876839127,0,124.58683780250564,-0.000006441757855775851,1.999999970713989
5,3,160,4,39.0625,4,-0.8,0.2,0.001,1,300,0,4.8311717855483804,4.8311717855483804,0.004910915351066424,0,124.57830077828349,-0.000006441757855775851,1.999999970713989
5,3,160,4,39.0625,4,-0.8,0.2,0.001,1,1000,0,4.831177796014569,4.831177796014569,0.004915733889567019,0,124.57834347274218,-0.000006441757855775851,1.999999970713989
5,3,160,4,39.0625,4,-0.8,0.2,0.001,1,3000,0,4.831177796054748,4.831177796054748,0.004915733921826905,0,124.57834347300606,-0.000006441757855775851,1.999999970713989
5,3,160,4,39.0625,4,-0.8,0.2,0.001,2,1,0,2.3384018527545214,2.3384018527545223,0.005892791886491035,0,125.6848548383639,NaN,NaN
5,3,160,4,39.0625,4,-0.8,0.2,0.001,2,3,0,3.1864976783560808,3.1864976783560817,0.00965604205920598,0,165.6017423440933,NaN,NaN
5,3,160,4,39.0625,4,-0.8,0.2,0.001,2,10,0,4.49999993710155,4.499999937101551,0.008825515838684106,0,231.05486281477846,NaN,NaN
5,3,160,4,39.0625,4,-0.8,0.2,0.001,2,30,0,4.831794563554882,4.831794563554883,0.008820378557501542,0,248.40753008328593,NaN,NaN
5,3,160,4,39.0625,4,-0.8,0.2,0.001,2,100,0,4.8497998744445345,4.849799874444535,0.05115115399292578,0,251.30026516719275,NaN,NaN
5,3,160,4,39.0625,4,-0.8,0.2,0.001,2,300,0.5,4.904321378373919,4.904321378373921,4.771368775449595,1,495.27029779895815,NaN,NaN
5,3,160,4,39.0625,4,-0.8,0.2,0.001,2,1000,0.5,4.869055535675486,4.869055535675487,4.93127468824459,1,503.3640663870435,NaN,NaN
5,3,160,4,39.0625,4,-0.8,0.2,0.001,2,3000,0.5,4.866710122048526,4.866710122048527,4.891605641378108,1,502.93639433652686,NaN,NaN
5,3,160,4,39.0625,4,-0.8,0.2,0.001,3,1,0,2.3645195478659287,2.3781436261886344,0.005894054642024336,0,190.43032041725166,NaN,NaN
5,3,160,4,39.0625,4,-0.8,0.2,0.001,3,3,0,3.225696812122341,3.241851593140001,0.01007189494907529,0,252.95685603809613,NaN,NaN
5,3,160,4,39.0625,4,-0.8,0.2,0.001,3,10,0,4.5332742596758955,4.545146641149705,0.009858851873062542,0,350.6481165135531,NaN,NaN
5,3,160,4,39.0625,4,-0.8,0.2,0.001,3,30,0,4.849983605116759,4.858046127144044,0.011409106501334669,0,374.8767485753959,NaN,NaN
5,3,160,4,39.0625,4,-0.8,0.2,0.001,3,100,0.25,4.872048246429569,4.900777709956832,4.648829954715158,1,498.1608639411388,NaN,NaN
5,3,160,4,39.0625,4,-0.8,0.2,0.001,3,300,0.25,4.873418210966526,4.896992148128715,4.7408010427234455,1,499.9950931406126,NaN,NaN
5,3,160,4,39.0625,4,-0.8,0.2,0.001,3,1000,0.25,4.873464017713243,4.878819048553322,4.847144623835067,1,503.02882485039555,NaN,NaN
5,3,160,4,39.0625,4,-0.8,0.2,0.001,3,3000,0.25,4.899544599464598,4.907258288266534,4.8806906685394775,1,505.08531523546566,NaN,NaN
5,3,160,4,39.0625,5,-0.6,0.05,0.001,1,1,0,2.9249792576581637,2.9249792576581637,0.003699031426646683,0,78.59957377395044,NaN,NaN
5,3,160,4,39.0625,5,-0.6,0.05,0.001,1,3,0,4.804588540209371,4.804588540209371,0.017106183075809026,0,125.89271392783463,NaN,NaN
5,3,160,4,39.0625,5,-0.6,0.05,0.001,1,10,0.5,7.351537904572123,7.351537904572123,0.8186231181902598,0.6666666666666666,231.25316121777877,NaN,NaN
5,3,160,4,39.0625,5,-0.6,0.05,0.001,1,30,0.75,7.65394784433699,7.65394784433699,7.431418401591868,1,759.3609266362959,NaN,NaN
5,3,160,4,39.0625,5,-0.6,0.05,0.001,1,100,0.75,7.621159180525061,7.621159180525061,7.809046430107065,1,789.6958854587886,NaN,NaN
5,3,160,4,39.0625,5,-0.6,0.05,0.001,1,300,0.75,7.597628873054277,7.597628873054277,7.790342580078929,1,788.5489420456803,NaN,NaN
5,3,160,4,39.0625,5,-0.6,0.05,0.001,1,1000,0.75,7.553149715091637,7.553149715091637,7.777537947209245,1,786.076220511591,NaN,NaN
5,3,160,4,39.0625,5,-0.6,0.05,0.001,1,3000,0.75,7.5562127750766335,7.5562127750766335,7.790686165945155,1,785.7764920289571,NaN,NaN
5,3,160,4,39.0625,5,-0.6,0.05,0.001,2,1,0,2.924781492708449,2.9247814927084494,0.007370473398184029,0,157.20169606946615,NaN,NaN
5,3,160,4,39.0625,5,-0.6,0.05,0.001,2,3,0,4.801403513050989,4.801403513050989,0.036352238964018325,0,251.7960030780349,NaN,NaN
5,3,160,4,39.0625,5,-0.6,0.05,0.001,2,10,0.5,7.355127960006976,7.3551279600069766,1.6292301265685125,1,465.07515953140114,NaN,NaN
5,3,160,4,39.0625,5,-0.6,0.05,0.001,2,30,0.5,7.661742180342269,7.66174218034227,7.4137743962274305,1,779.7836198790962,NaN,NaN
5,3,160,4,39.0625,5,-0.6,0.05,0.001,2,100,0.5,7.622644791331514,7.622644791331515,7.66342428576856,1,789.3778570003849,NaN,NaN
5,3,160,4,39.0625,5,-0.6,0.05,0.001,2,300,0.5,7.61258256407824,7.61258256407824,7.652716540618634,1,788.6234575717826,NaN,NaN
5,3,160,4,39.0625,5,-0.6,0.05,0.001,2,1000,0.5,7.598102919454195,7.598102919454198,7.6350102723044895,1,787.6674973632963,NaN,NaN
5,3,160,4,39.0625,5,-0.6,0.05,0.001,2,3000,0.5,7.604166684673202,7.604166684673204,7.644702492578689,1,788.2692963410266,NaN,NaN
5,3,160,4,39.0625,5,-0.6,0.05,0.001,3,1,0,2.9574484832875303,2.9744889470925533,0.007372052803370219,0,238.18278973343945,NaN,NaN
5,3,160,4,39.0625,5,-0.6,0.05,0.001,3,3,0,4.851415408539224,4.871793394711193,0.037593171966117715,0,382.29640782292535,NaN,NaN
5,3,160,4,39.0625,5,-0.6,0.05,0.001,3,10,0.25,7.264695355182349,7.300315307940882,1.7147274854757182,1,612.911515211381,NaN,NaN
5,3,160,4,39.0625,5,-0.6,0.05,0.001,3,30,0.25,7.667111551524468,7.670933208655909,7.337906857121811,1,785.2399144448306,NaN,NaN
5,3,160,4,39.0625,5,-0.6,0.05,0.001,3,100,0.25,7.620471682594264,7.628293761351702,7.579542160419408,1,788.9026228746409,NaN,NaN
5,3,160,4,39.0625,5,-0.6,0.05,0.001,3,300,0.25,7.610262849003549,7.618306978522369,7.567791271916742,1,788.3522084489902,NaN,NaN
5,3,160,4,39.0625,5,-0.6,0.05,0.001,3,1000,0.25,7.607513436238334,7.6196832602919145,7.56171817536351,1,788.437378130628,NaN,NaN
5,3,160,4,39.0625,5,-0.6,0.05,0.001,3,3000,0.25,7.621443533044886,7.634214238216366,7.573392613637697,1,789.4456859234069,NaN,NaN
5,3,160,4,39.0625,5,-0.8,0.2,0.001,1,1,0,2.777852457970937,2.777852457970937,0.0035129697120823587,0,74.64600599535368,NaN,NaN
5,3,160,4,39.0625,5,-0.8,0.2,0.001,1,3,0,4.451705495123533,4.451705495123533,0.008113493295147049,0,116.06086236811005,NaN,NaN
5,3,160,4,39.0625,5,-0.8,0.2,0.001,1,10,0,6.793598826710878,6.793598826710878,0.02017543373606667,0,175.6731868680744,NaN,NaN
5,3,160,4,39.0625,5,-0.8,0.2,0.001,1,30,0.5,7.170479272579457,7.170479272579457,4.078227445713522,0.6666666666666666,357.67413601282914,NaN,NaN
5,3,160,4,39.0625,5,-0.8,0.2,0.001,1,100,0.75,7.18869253172477,7.18869253172477,7.237722459848359,1,727.7077746544362,NaN,NaN
5,3,160,4,39.0625,5,-0.8,0.2,0.001,1,300,0.75,7.210168294979602,7.210168294979602,7.393302714123597,1,745.460444887969,NaN,NaN
5,3,160,4,39.0625,5,-0.8,0.2,0.001,1,1000,0.75,7.156166295793908,7.156166295793908,7.365844464629744,1,742.882826051981,NaN,NaN
5,3,160,4,39.0625,5,-0.8,0.2,0.001,1,3000,0.75,7.1574148022230455,7.1574148022230455,7.379198672956614,1,742.2352054898331,NaN,NaN
5,3,160,4,39.0625,5,-0.8,0.2,0.001,2,1,0,2.7776646406213867,2.7776646406213867,0.006999737721882926,0,149.29443232133912,NaN,NaN
5,3,160,4,39.0625,5,-0.8,0.2,0.001,2,3,0,4.448264536285247,4.448264536285247,0.016873584434304083,0,232.04245476842283,NaN,NaN
5,3,160,4,39.0625,5,-0.8,0.2,0.001,2,10,0,6.787900048863639,6.787900048863641,0.04416433962160443,0,351.3223068711353,NaN,NaN
5,3,160,4,39.0625,5,-0.8,0.2,0.001,2,30,0.5,7.275083256554923,7.275083256554925,5.295120950939634,1,646.64191596836,NaN,NaN
5,3,160,4,39.0625,5,-0.8,0.2,0.001,2,100,0.5,7.266931516134153,7.2669315161341554,7.241273562875742,1,744.7469232134274,NaN,NaN
5,3,160,4,39.0625,5,-0.8,0.2,0.001,2,300,0.5,7.250081327755902,7.250081327755905,7.242489250833509,1,746.5629480936905,NaN,NaN
5,3,160,4,39.0625,5,-0.8,0.2,0.001,2,1000,0.5,7.262265029768798,7.262265029768798,7.318887340147418,1,750.3669126502948,NaN,NaN
5,3,160,4,39.0625,5,-0.8,0.2,0.001,2,3000,0.5,7.241055774529738,7.241055774529739,7.2704734551740104,1,748.4835431021592,NaN,NaN
5,3,160,4,39.0625,5,-0.8,0.2,0.001,3,1,0,2.808688477743319,2.824871804220528,0.007001237682803011,0,226.20216747695324,NaN,NaN
5,3,160,4,39.0625,5,-0.8,0.2,0.001,3,3,0,4.501468866580139,4.523322973398845,0.017555620834286266,0,353.9619607662507,NaN,NaN
5,3,160,4,39.0625,5,-0.8,0.2,0.001,3,10,0,6.813846554849226,6.821436841386138,0.052045527861120953,0,529.2154006620149,NaN,NaN
5,3,160,4,39.0625,5,-0.8,0.2,0.001,3,30,0.25,7.26065400460021,7.263653890554714,5.522272355448037,1,707.0453199468874,NaN,NaN
5,3,160,4,39.0625,5,-0.8,0.2,0.001,3,100,0.25,7.2174740174478185,7.226452699879812,7.1790570590426315,1,746.2978346007575,NaN,NaN
5,3,160,4,39.0625,5,-0.8,0.2,0.001,3,300,0.25,7.210599543799291,7.217132709516263,7.171857000929788,1,746.0898849013403,NaN,NaN
5,3,160,4,39.0625,5,-0.8,0.2,0.001,3,1000,0.25,7.212018049662651,7.221917827181339,7.167675334450411,1,746.4942067238397,NaN,NaN
5,3,160,4,39.0625,5,-0.8,0.2,0.001,3,3000,0.25,7.232454698680174,7.242639712029869,7.186753348850779,1,747.9099112591725,NaN,NaN
5,3,160,4,39.0625,6,-0.6,0.05,0.001,1,1,0,3.3795051263278193,3.3795051263278193,0.004273840792569855,0,90.81352006199133,NaN,NaN
5,3,160,4,39.0625,6,-0.6,0.05,0.001,1,3,0,6.13657576770667,6.13657576770667,0.026959775614958496,0,161.3412706790796,NaN,NaN
5,3,160,4,39.0625,6,-0.6,0.05,0.001,1,10,0.5,9.65832750103805,9.65832750103805,2.2475405480898725,0.6666666666666666,365.63032109358875,NaN,NaN
5,3,160,4,39.0625,6,-0.6,0.05,0.001,1,30,0.75,9.947822359274346,9.947822359274346,9.697426162787838,1,1007.1103718973841,NaN,NaN
5,3,160,4,39.0625,6,-0.6,0.05,0.001,1,100,0.75,9.916908351388425,9.916908351388425,10.160288980004449,1,1029.9891487928123,NaN,NaN
5,3,160,4,39.0625,6,-0.6,0.05,0.001,1,300,0.75,9.88192168485494,9.88192168485494,10.135168712313563,1,1028.4293286375591,NaN,NaN
5,3,160,4,39.0625,6,-0.6,0.05,0.001,1,1000,0.75,9.818659889643035,9.818659889643035,10.122261379130146,1,1025.0744758710798,NaN,NaN
5,3,160,4,39.0625,6,-0.6,0.05,0.001,1,3000,0.75,9.832513227477511,9.832513227477511,10.138609800463856,1,1025.222463980535,NaN,NaN
5,3,160,4,39.0625,6,-0.6,0.05,0.001,2,1,0,3.3792766297804944,3.3792766297804953,0.008515804878756063,0,181.62998467193782,NaN,NaN
5,3,160,4,39.0625,6,-0.6,0.05,0.001,2,3,0,6.132880696121577,6.132880696121578,0.0576646273372815,0,322.76488039006955,NaN,NaN
5,3,160,4,39.0625,6,-0.6,0.05,0.001,2,10,0.5,9.650365174117608,9.65036517411761,3.258302196937239,1,671.2442212304321,NaN,NaN
5,3,160,4,39.0625,6,-0.6,0.05,0.001,2,30,0.5,9.9741646145999,9.974164614599903,9.713400150895861,1,1019.1964384658736,NaN,NaN
5,3,160,4,39.0625,6,-0.6,0.05,0.001,2,100,0.5,9.92137241198972,9.921372411989722,9.965580337982665,1,1028.1010285576424,NaN,NaN
5,3,160,4,39.0625,6,-0.6,0.05,0.001,2,300,0.5,9.905412104096746,9.905412104096747,9.948707607796432,1,1026.8964438285159,NaN,NaN
5,3,160,4,39.0625,6,-0.6,0.05,0.001,2,1000,0.5,9.884907903283533,9.884907903283535,9.931005842188393,1,1025.6582384282292,NaN,NaN
5,3,160,4,39.0625,6,-0.6,0.05,0.001,2,3000,0.5,9.889120794387356,9.889120794387358,9.944555381268835,1,1026.2714448619822,NaN,NaN
5,3,160,4,39.0625,6,-0.6,0.05,0.001,3,1,0,3.417019893030881,3.4367083522338984,0.008517629714918352,0,275.1950998625814,NaN,NaN
5,3,160,4,39.0625,6,-0.6,0.05,0.001,3,3,0,6.194036671128683,6.218902305575188,0.05956570916121125,0,489.05990391397086,NaN,NaN
5,3,160,4,39.0625,6,-0.6,0.05,0.001,3,10,0.25,9.48800176093827,9.54998181556016,3.3914953618384023,1,834.1289559247018,NaN,NaN
5,3,160,4,39.0625,6,-0.6,0.05,0.001,3,30,0.25,9.986016394032005,9.991028806953759,9.641932796640397,1,1025.668203867513,NaN,NaN
5,3,160,4,39.0625,6,-0.6,0.05,0.001,3,100,0.25,9.916594963621554,9.925783646855656,9.86138672921348,1,1027.5237909383152,NaN,NaN
5,3,160,4,39.0625,6,-0.6,0.05,0.001,3,300,0.25,9.900810860450111,9.91156471564546,9.843933257060712,1,1026.630401462776,NaN,NaN
5,3,160,4,39.0625,6,-0.6,0.05,0.001,3,1000,0.25,9.892600575936909,9.909577549354085,9.833679442522454,1,1026.439508970961,NaN,NaN
5,3,160,4,39.0625,6,-0.6,0.05,0.001,3,3000,0.25,9.899025751570843,9.917515536765313,9.839039523177973,1,1026.9883879544461,NaN,NaN
5,3,160,4,39.0625,6,-0.8,0.2,0.001,1,1,0,3.2171449474696567,3.2171449474696567,0.0040685144120630925,0,86.45060336003458,NaN,NaN
5,3,160,4,39.0625,6,-0.8,0.2,0.001,1,3,0,5.768964736670801,5.768964736670801,0.012618760005815322,0,150.83881810048487,NaN,NaN
5,3,160,4,39.0625,6,-0.8,0.2,0.001,1,10,0,9.104805923128188,9.104805923128188,0.15650041295402098,0,242.0809813024375,NaN,NaN
5,3,160,4,39.0625,6,-0.8,0.2,0.001,1,30,0.75,9.36005440318362,9.36005440318362,8.332672266279081,1,707.8193088213801,NaN,NaN
5,3,160,4,39.0625,6,-0.8,0.2,0.001,1,100,0.75,9.526317787833698,9.526317787833698,9.755999210138297,1,986.2956599773624,NaN,NaN
5,3,160,4,39.0625,6,-0.8,0.2,0.001,1,300,0.75,9.497819330183251,9.497819330183251,9.753517389597244,1,987.3774987680303,NaN,NaN
5,3,160,4,39.0625,6,-0.8,0.2,0.001,1,1000,0.75,9.435397757178212,9.435397757178212,9.73139927243686,1,983.7948457915732,NaN,NaN
5,3,160,4,39.0625,6,-0.8,0.2,0.001,1,3000,0.75,9.451305378139748,9.451305378139748,9.747172269214625,1,983.8785230916615,NaN,NaN
5,3,160,4,39.0625,6,-0.8,0.2,0.001,2,1,0,3.2169274284882516,3.216927428488252,0.008106683557274808,0,172.9040098043148,NaN,NaN
5,3,160,4,39.0625,6,-0.8,0.2,0.001,2,3,0,5.764820718771016,5.764820718771018,0.02652411620749619,0,301.6072044168713,NaN,NaN
5,3,160,4,39.0625,6,-0.8,0.2,0.001,2,10,0.5,9.105472898332353,9.105472898332355,0.46583323561670503,1,491.55889559602855,NaN,NaN
5,3,160,4,39.0625,6,-0.8,0.2,0.001,2,30,0.5,9.593842002699414,9.593842002699418,9.064634020073797,1,967.2185549588438,NaN,NaN
5,3,160,4,39.0625,6,-0.8,0.2,0.001,2,100,0.5,9.535510388711943,9.535510388711943,9.583931013638866,1,987.6619376426031,NaN,NaN
5,3,160,4,39.0625,6,-0.8,0.2,0.001,2,300,0.5,9.521068806142875,9.521068806142877,9.569440257735423,1,986.6140308111052,NaN,NaN
5,3,160,4,39.0625,6,-0.8,0.2,0.001,2,1000,0.5,9.501031378468868,9.50103137846887,9.546553777778708,1,985.2995626250411,NaN,NaN
5,3,160,4,39.0625,6,-0.8,0.2,0.001,2,3000,0.5,9.507406043388757,9.507406043388759,9.5589196107272,1,985.9881618486511,NaN,NaN
5,3,160,4,39.0625,6,-0.8,0.2,0.001,3,1,0,3.252857407620711,3.271599982252423,0.00810842072358169,0,261.97401453665634,NaN,NaN
5,3,160,4,39.0625,6,-0.8,0.2,0.001,3,3,0,5.831227341389276,5.858437307932632,0.027546201186635054,0,459.42584892137893,NaN,NaN
5,3,160,4,39.0625,6,-0.8,0.2,0.001,3,10,0.25,9.088799667039059,9.101147491051337,0.5704295542082451,1,721.4826715463957,NaN,NaN
5,3,160,4,39.0625,6,-0.8,0.2,0.001,3,30,0.25,9.596767211886466,9.602721772844367,8.942773276818293,1,977.7598826739104,NaN,NaN
5,3,160,4,39.0625,6,-0.8,0.2,0.001,3,100,0.25,9.530221439689132,9.539763949262555,9.478248821818399,1,986.9417316514744,NaN,NaN
5,3,160,4,39.0625,6,-0.8,0.2,0.001,3,300,0.25,9.516577611518395,9.526625113849255,9.463228084843157,1,986.2033345861449,NaN,NaN
5,3,160,4,39.0625,6,-0.8,0.2,0.001,3,1000,0.25,9.511400517638815,9.52699108255345,9.454032245990609,1,986.1912811120435,NaN,NaN
5,3,160,4,39.0625,6,-0.8,0.2,0.001,3,3000,0.25,9.524691196939166,9.541276215398627,9.464650772912863,1,987.1790569825939,NaN,NaN
5,4,180,4,30.8641975308642,4,-0.6,0.05,0.001,1,1,0,2.4709445706025037,2.4709445706025037,0.0011945978729393418,0,66.23214729371014,NaN,NaN
5,4,180,4,30.8641975308642,4,-0.6,0.05,0.001,1,3,0,3.517363196946213,3.517363196946213,0.002692775343207969,0,91.44954384710961,NaN,NaN
5,4,180,4,30.8641975308642,4,-0.6,0.05,0.001,1,10,0,5.022106976299012,5.022106976299012,0.07370723035651608,0,132.62113245521243,NaN,NaN
5,4,180,4,30.8641975308642,4,-0.6,0.05,0.001,1,30,0.75,5.482201100068204,5.482201100068204,4.434465335398074,1,395.3097543905423,NaN,NaN
5,4,180,4,30.8641975308642,4,-0.6,0.05,0.001,1,100,0.75,5.522715414892258,5.522715414892258,5.459918572406032,1,555.756229450303,NaN,NaN
5,4,180,4,30.8641975308642,4,-0.6,0.05,0.001,1,300,0.75,5.515956476622892,5.515956476622892,5.446410323167014,1,558.267808252368,NaN,NaN
5,4,180,4,30.8641975308642,4,-0.6,0.05,0.001,1,1000,0.75,5.492470971847124,5.492470971847124,5.4331698206854275,1,557.4856322284652,NaN,NaN
5,4,180,4,30.8641975308642,4,-0.6,0.05,0.001,1,3000,0.75,5.492321540408544,5.492321540408544,5.433090344468096,1,557.4801890472852,NaN,NaN
5,4,180,4,30.8641975308642,4,-0.6,0.05,0.001,2,1,0,2.471226057431207,2.471226057431207,0.002469447599131891,0,132.46570527047095,NaN,NaN
5,4,180,4,30.8641975308642,4,-0.6,0.05,0.001,2,3,0,3.5194969827260745,3.519496982726076,0.005968375202325337,0,182.99087122105948,NaN,NaN
5,4,180,4,30.8641975308642,4,-0.6,0.05,0.001,2,10,0.5,5.031589343294029,5.03158934329403,0.28508583859783093,1,272.6860767161297,NaN,NaN
5,4,180,4,30.8641975308642,4,-0.6,0.05,0.001,2,30,0.5,5.512351184677767,5.512351184677767,4.533161779304483,1,517.8261515364268,NaN,NaN
5,4,180,4,30.8641975308642,4,-0.6,0.05,0.001,2,100,0.5,5.437656560129372,5.4376565601293745,5.392660291740308,1,556.858372510688,NaN,NaN
5,4,180,4,30.8641975308642,4,-0.6,0.05,0.001,2,300,0.5,5.430281580041277,5.43028158004128,5.421759675807697,1,557.9436388240756,NaN,NaN
5,4,180,4,30.8641975308642,4,-0.6,0.05,0.001,2,1000,0.5,5.426391081346228,5.42639108134623,5.426372023231324,1,557.9797945033953,NaN,NaN
5,4,180,4,30.8641975308642,4,-0.6,0.05,0.001,2,3000,0.5,5.426381554085208,5.426381554085209,5.426381554084709,1,557.9797946833431,NaN,NaN
5,4,180,4,30.8641975308642,4,-0.6,0.05,0.001,3,1,0,2.430888183079793,2.4443876542309932,0.002462297338489866,0,198.37225206563735,NaN,NaN
5,4,180,4,30.8641975308642,4,-0.6,0.05,0.001,3,3,0,3.447169376484916,3.471895393099178,0.006032269938923534,0,271.25654789318565,NaN,NaN
5,4,180,4,30.8641975308642,4,-0.6,0.05,0.001,3,10,0.25,4.884351512235543,4.934517294311696,0.2723901117772429,1,387.67276057369685,NaN,NaN
5,4,180,4,30.8641975308642,4,-0.6,0.05,0.001,3,30,0.25,5.146391436592996,5.262237827864195,4.790505301782999,1,530.6108185928226,NaN,NaN
5,4,180,4,30.8641975308642,4,-0.6,0.05,0.001,3,100,0.25,5.119259188510872,5.235350553391436,5.3844469154563015,1,543.6917962366657,NaN,NaN
5,4,180,4,30.8641975308642,4,-0.6,0.05,0.001,3,300,0.25,5.297154300560874,5.3443908878826205,5.456350116300335,1,552.7089424575058,NaN,NaN
5,4,180,4,30.8641975308642,4,-0.6,0.05,0.001,3,1000,0.25,5.39840022609833,5.413003067778028,5.446200368047418,1,557.4548458438628,NaN,NaN
5,4,180,4,30.8641975308642,4,-0.6,0.05,0.001,3,3000,0.25,5.425932831888181,5.426230521037439,5.426826975390806,1,557.9795979343113,NaN,NaN
5,4,180,4,30.8641975308642,4,-0.8,0.2,0.001,1,1,0,2.3390249267122156,2.3390249267122156,0.0011308202682673689,0,62.696122492091455,-0.00005202536034971794,1.999999853098398
5,4,180,4,30.8641975308642,4,-0.8,0.2,0.001,1,3,0,3.1870360563672024,3.1870360563672024,0.0013737547256844937,0,82.60430120239029,-0.00005202536034971794,1.999999853098398
5,4,180,4,30.8641975308642,4,-0.8,0.2,0.001,1,10,0,4.4900745238092155,4.4900745238092155,0.0021106630896039137,0,115.13997199955841,-0.00005202536034971794,1.999999853098398
5,4,180,4,30.8641975308642,4,-0.8,0.2,0.001,1,30,0,4.793608436222254,4.793608436222254,0.0030464590931999513,0,123.19917467458731,-0.00005202536034971794,1.999999853098398
5,4,180,4,30.8641975308642,4,-0.8,0.2,0.001,1,100,0,4.789198590289239,4.789198590289239,0.0037919304986625585,0,123.45366830265365,-0.00005202536034971794,1.999999853098398
5,4,180,4,30.8641975308642,4,-0.8,0.2,0.001,1,300,0,4.788588700236531,4.788588700236531,0.0038076886646322443,0,123.44575605554162,-0.00005202536034971794,1.999999853098398
5,4,180,4,30.8641975308642,4,-0.8,0.2,0.001,1,1000,0,4.788588696469831,4.788588696469831,0.003807688761864581,0,123.4457560061646,-0.00005202536034971794,1.999999853098398
5,4,180,4,30.8641975308642,4,-0.8,0.2,0.001,1,3000,0,4.788588696469831,4.788588696469831,0.0038076887618645984,0,123.4457560061646,-0.00005202536034971794,1.999999853098398
5,4,180,4,30.8641975308642,4,-0.8,0.2,0.001,2,1,0,2.3392913854246884,2.3392913854246897,0.002337607876072541,0,125.39358035319827,NaN,NaN
5,4,180,4,30.8641975308642,4,-0.8,0.2,0.001,2,3,0,3.1889438717792817,3.1889438717792817,0.002933625077738989,0,165.27423858271197,NaN,NaN
5,4,180,4,30.8641975308642,4,-0.8,0.2,0.001,2,10,0,4.491053533433609,4.49105353343361,0.004611675802367627,0,230.25766338603464,NaN,NaN
5,4,180,4,30.8641975308642,4,-0.8,0.2,0.001,2,30,0,4.790710774020735,4.790710774020736,0.0071977076357986666,0,246.13100465869468,NaN,NaN
5,4,180,4,30.8641975308642,4,-0.8,0.2,0.001,2,100,0,4.789324423890383,4.789324423890385,0.011344285666446918,0,246.83464719986335,NaN,NaN
5,4,180,4,30.8641975308642,4,-0.8,0.2,0.001,2,300,0.5,4.9960729979445215,4.9960729979445215,4.860390238121454,1,505.47980176674065,NaN,NaN
5,4,180,4,30.8641975308642,4,-0.8,0.2,0.001,2,1000,0.5,4.953396331901003,4.953396331901004,4.846054333212961,1,502.8102694331556,NaN,NaN
5,4,180,4,30.8641975308642,4,-0.8,0.2,0.001,2,3000,0.5,4.953045212381946,4.953045212381946,4.845898351907351,1,502.78602642186127,NaN,NaN
5,4,180,4,30.8641975308642,4,-0.8,0.2,0.001,3,1,0,2.3011070834694514,2.3138858401828775,0.0023308393560202813,0,187.7814856188474,NaN,NaN
5,4,180,4,30.8641975308642,4,-0.8,0.2,0.001,3,3,0,3.12289474655241,3.145519004106697,0.002962220343859304,0,244.94272322422967,NaN,NaN
5,4,180,4,30.8641975308642,4,-0.8,0.2,0.001,3,10,0,4.380956020829792,4.418169964797827,0.00479326289931376,0,339.9909513913588,NaN,NaN
5,4,180,4,30.8641975308642,4,-0.8,0.2,0.001,3,30,0,4.66050150461684,4.703503523756772,0.008775582871737067,0,362.70733503581533,NaN,NaN
5,4,180,4,30.8641975308642,4,-0.8,0.2,0.001,3,100,0.25,4.660059490778656,4.769223712446714,4.4213428521003,1,481.3269906806366,NaN,NaN
5,4,180,4,30.8641975308642,4,-0.8,0.2,0.001,3,300,0.25,4.835051609159872,4.87490843516283,4.883693525919246,1,500.4953575130071,NaN,NaN
5,4,180,4,30.8641975308642,4,-0.8,0.2,0.001,3,1000,0.25,4.9408852313672575,4.945726571090542,4.867902391082874,1,505.5634384675292,NaN,NaN
5,4,180,4,30.8641975308642,4,-0.8,0.2,0.001,3,3000,0.25,4.942132225526888,4.946501914742405,4.866968162453577,1,505.61169867130326,NaN,NaN
5,4,180,4,30.8641975308642,5,-0.6,0.05,0.001,1,1,0,2.9255608092223757,2.9255608092223757,0.0014143857217321421,0,78.41785555953413,NaN,NaN
5,4,180,4,30.8641975308642,5,-0.6,0.05,0.001,1,3,0,4.795237203807835,4.795237203807835,0.00450527211654225,0,125.02387080315805,NaN,NaN
5,4,180,4,30.8641975308642,5,-0.6,0.05,0.001,1,10,0.5,7.313465174681736,7.313465174681736,0.7787465704675625,0.6666666666666666,227.80560085635068,NaN,NaN
5,4,180,4,30.8641975308642,5,-0.6,0.05,0.001,1,30,0.75,7.896258033901574,7.896258033901574,7.207262512278589,1,747.5042828577497,NaN,NaN
5,4,180,4,30.8641975308642,5,-0.6,0.05,0.001,1,100,0.75,7.902417712448531,7.902417712448531,7.823100922211946,1,799.74219992994,NaN,NaN
5,4,180,4,30.8641975308642,5,-0.6,0.05,0.001,1,300,0.75,7.878056955163021,7.878056955163021,7.788917417940142,1,801.194814625948,NaN,NaN
5,4,180,4,30.8641975308642,5,-0.6,0.05,0.001,1,1000,0.75,7.8523183332247735,7.8523183332247735,7.775607538323686,1,800.3604180723796,NaN,NaN
5,4,180,4,30.8641975308642,5,-0.6,0.05,0.001,1,3000,0.75,7.852188742527038,7.852188742527038,7.77554057491629,1,800.3558229414887,NaN,NaN
5,4,180,4,30.8641975308642,5,-0.6,0.05,0.001,2,1,0,2.9258940853485043,2.9258940853485047,0.002923788417757559,0,156.8373813463546,NaN,NaN
5,4,180,4,30.8641975308642,5,-0.6,0.05,0.001,2,3,0,4.798165355260192,4.798165355260192,0.010197589297715009,0,250.19289197168163,NaN,NaN
5,4,180,4,30.8641975308642,5,-0.6,0.05,0.001,2,10,0.5,7.318091454286998,7.318091454287,1.7008815972306153,1,462.98037614310095,NaN,NaN
5,4,180,4,30.8641975308642,5,-0.6,0.05,0.001,2,30,0.5,7.863812193955982,7.863812193955984,7.244388434100635,1,779.3923896537198,NaN,NaN
5,4,180,4,30.8641975308642,5,-0.6,0.05,0.001,2,100,0.5,7.783969149937289,7.783969149937295,7.722926027441364,1,798.6392987691719,NaN,NaN
5,4,180,4,30.8641975308642,5,-0.6,0.05,0.001,2,300,0.5,7.773266477181924,7.773266477181925,7.762547226540509,1,800.0661743395982,NaN,NaN
5,4,180,4,30.8641975308642,5,-0.6,0.05,0.001,2,1000,0.5,7.768322935053207,7.768322935053211,7.76830534553393,1,800.1062920075512,NaN,NaN
5,4,180,4,30.8641975308642,5,-0.6,0.05,0.001,2,3000,0.5,7.768314141385595,7.768314141385596,7.768314141385417,1,800.1062921151134,NaN,NaN
5,4,180,4,30.8641975308642,5,-0.6,0.05,0.001,3,1,0,2.8781346553176395,2.894117823946772,0.0029153226178529725,0,234.86973086526976,NaN,NaN
5,4,180,4,30.8641975308642,5,-0.6,0.05,0.001,3,3,0,4.700321031459623,4.7337438448552875,0.010321761693568758,0,370.99337106476327,NaN,NaN
5,4,180,4,30.8641975308642,5,-0.6,0.05,0.001,3,10,0.25,7.064153317904681,7.150950935408662,1.7123510036336596,1,597.0280085047464,NaN,NaN
5,4,180,4,30.8641975308642,5,-0.6,0.05,0.001,3,30,0.25,7.407283562233406,7.5520620898646635,7.351749155552935,1,774.917625897323,NaN,NaN
5,4,180,4,30.8641975308642,5,-0.6,0.05,0.001,3,100,0.25,7.347230428958069,7.510757257485132,7.710017925096853,1,781.1599888744727,NaN,NaN
5,4,180,4,30.8641975308642,5,-0.6,0.05,0.001,3,300,0.25,7.59118909356612,7.6640687575929505,7.804572320968812,1,793.4797296207905,NaN,NaN
5,4,180,4,30.8641975308642,5,-0.6,0.05,0.001,3,1000,0.25,7.739447922718781,7.755237053123654,7.788858504522454,1,799.6304430593067,NaN,NaN
5,4,180,4,30.8641975308642,5,-0.6,0.05,0.001,3,3000,0.25,7.767946150918949,7.768190677856782,7.768680185743127,1,800.1061818766854,NaN,NaN
5,4,180,4,30.8641975308642,5,-0.8,0.2,0.001,1,1,0,2.778404757423269,2.778404757423269,0.0013432419540568966,0,74.4734282284333,NaN,NaN
5,4,180,4,30.8641975308642,5,-0.8,0.2,0.001,1,3,0,4.447770961809821,4.447770961809821,0.00229009822775965,0,115.65813714325749,NaN,NaN
5,4,180,4,30.8641975308642,5,-0.8,0.2,0.001,1,10,0,6.767931187404594,6.767931187404594,0.006301120847288089,0,174.33434186577077,NaN,NaN
5,4,180,4,30.8641975308642,5,-0.8,0.2,0.001,1,30,0.5,7.275788792221577,7.275788792221577,0.7739894637981278,0.6666666666666666,226.55222248835562,NaN,NaN
5,4,180,4,30.8641975308642,5,-0.8,0.2,0.001,1,100,0.75,7.432262252599312,7.432262252599312,7.118176812773207,1,735.371589738223,NaN,NaN
5,4,180,4,30.8641975308642,5,-0.8,0.2,0.001,1,300,0.75,7.479601556624408,7.479601556624408,7.387707294298984,1,757.7183612918491,NaN,NaN
5,4,180,4,30.8641975308642,5,-0.8,0.2,0.001,1,1000,0.75,7.438153121376326,7.438153121376326,7.361955488655074,1,756.3857796238225,NaN,NaN
5,4,180,4,30.8641975308642,5,-0.8,0.2,0.001,1,3000,0.75,7.437864306795588,7.437864306795588,7.361803722856926,1,756.3754497209693,NaN,NaN
5,4,180,4,30.8641975308642,5,-0.8,0.2,0.001,2,1,0,2.778721269721168,2.778721269721168,0.0027767215174569998,0,148.94844267152607,NaN,NaN
5,4,180,4,30.8641975308642,5,-0.8,0.2,0.001,2,3,0,4.450336621874408,4.450336621874409,0.004950539708923573,0,231.40967217927482,NaN,NaN
5,4,180,4,30.8641975308642,5,-0.8,0.2,0.001,2,10,0,6.7718308803845915,6.771830880384594,0.01815313713411425,0,349.0195869192053,NaN,NaN
5,4,180,4,30.8641975308642,5,-0.8,0.2,0.001,2,30,0.5,7.403852318352193,7.403852318352195,5.057198166725334,1,640.9936036188261,NaN,NaN
5,4,180,4,30.8641975308642,5,-0.8,0.2,0.001,2,100,0.5,7.366006033462259,7.366006033462261,7.329423803509908,1,756.1499232249836,NaN,NaN
5,4,180,4,30.8641975308642,5,-0.8,0.2,0.001,2,300,0.5,7.355387320853143,7.3553873208531435,7.34941245023979,1,756.6086244140411,NaN,NaN
5,4,180,4,30.8641975308642,5,-0.8,0.2,0.001,2,1000,0.5,7.352537034077497,7.352537034077498,7.35252585691954,1,756.6217275606958,NaN,NaN
5,4,180,4,30.8641975308642,5,-0.8,0.2,0.001,2,3000,0.5,7.352531445958362,7.352531445958364,7.352531445958191,1,756.6217276064881,NaN,NaN
5,4,180,4,30.8641975308642,5,-0.8,0.2,0.001,3,1,0,2.7333641446218424,2.7485433579945044,0.0027686815482804526,0,223.05575585839247,NaN,NaN
5,4,180,4,30.8641975308642,5,-0.8,0.2,0.001,3,3,0,4.359722363027909,4.390732984785566,0.00498718125051666,0,343.19280155729865,NaN,NaN
5,4,180,4,30.8641975308642,5,-0.8,0.2,0.001,3,10,0,6.620902993302641,6.671664748771185,0.017123127889277348,0,515.8874003291171,NaN,NaN
5,4,180,4,30.8641975308642,5,-0.8,0.2,0.001,3,30,0.25,6.963757554351672,7.108995894479228,4.619208141186175,1,668.8617170757632,NaN,NaN
5,4,180,4,30.8641975308642,5,-0.8,0.2,0.001,3,100,0.25,6.9470289959086164,7.100182817268851,7.332291159154395,1,738.8285837469498,NaN,NaN
5,4,180,4,30.8641975308642,5,-0.8,0.2,0.001,3,300,0.25,7.164179472486155,7.23061880720725,7.39920175608423,1,748.9217031975187,NaN,NaN
5,4,180,4,30.8641975308642,5,-0.8,0.2,0.001,3,1000,0.25,7.31664871065945,7.335292837873129,7.377611965170362,1,755.9385868398657,NaN,NaN
5,4,180,4,30.8641975308642,5,-0.8,0.2,0.001,3,3000,0.25,7.35203879964448,7.352365801544235,7.353020911268841,1,756.6215374915204,NaN,NaN
5,4,180,4,30.8641975308642,6,-0.6,0.05,0.001,1,1,0,3.380177047842248,3.380177047842248,0.0016341735705249524,0,90.60356382535775,NaN,NaN
5,4,180,4,30.8641975308642,6,-0.6,0.05,0.001,1,3,0,6.121943149079686,6.121943149079686,0.006889577731811396,0,159.96674513273237,NaN,NaN
5,4,180,4,30.8641975308642,6,-0.6,0.05,0.001,1,10,0.5,9.625490850187772,9.625490850187772,2.5159908302551455,0.6666666666666666,377.28236552593916,NaN,NaN
5,4,180,4,30.8641975308642,6,-0.6,0.05,0.001,1,30,0.75,10.284535213021123,10.284535213021123,9.7069915338394,1,1008.7713983802911,NaN,NaN
5,4,180,4,30.8641975308642,6,-0.6,0.05,0.001,1,100,0.75,10.282755259912781,10.282755259912781,10.176980413819148,1,1043.6624961958385,NaN,NaN
5,4,180,4,30.8641975308642,6,-0.6,0.05,0.001,1,300,0.75,10.241604983045418,10.241604983045418,10.1332445706473,1,1044.4768582374104,NaN,NaN
5,4,180,4,30.8641975308642,6,-0.6,0.05,0.001,1,1000,0.75,10.21322862247039,10.21322862247039,10.11935853259075,1,1043.580728524875,NaN,NaN
5,4,180,4,30.8641975308642,6,-0.6,0.05,0.001,1,3000,0.75,10.213102507108081,10.213102507108081,10.119294402938547,1,1043.5763300963324,NaN,NaN
5,4,180,4,30.8641975308642,6,-0.6,0.05,0.001,2,1,0,3.3805621132657997,3.3805621132658006,0.0033781292363832325,0,181.2090574222393,NaN,NaN
5,4,180,4,30.8641975308642,6,-0.6,0.05,0.001,2,3,0,6.125776010703489,6.12577601070349,0.015908318654970728,0,320.15311737413055,NaN,NaN
5,4,180,4,30.8641975308642,6,-0.6,0.05,0.001,2,10,0.5,9.62927161074868,9.62927161074868,3.774890700424591,1,689.0640234808477,NaN,NaN
5,4,180,4,30.8641975308642,6,-0.6,0.05,0.001,2,30,0.5,10.209389576233601,10.209389576233603,9.693607588419802,1,1026.9777590146357,NaN,NaN
5,4,180,4,30.8641975308642,6,-0.6,0.05,0.001,2,100,0.5,10.130988495509952,10.130988495509952,10.053504430518872,1,1040.5515065213842,NaN,NaN
5,4,180,4,30.8641975308642,6,-0.6,0.05,0.001,2,300,0.5,10.116769174307745,10.116769174307745,10.103765587681995,1,1042.3114989143985,NaN,NaN
5,4,180,4,30.8641975308642,6,-0.6,0.05,0.001,2,1000,0.5,10.110738184779926,10.11073818477993,10.110720202685508,1,1042.3564852950828,NaN,NaN
5,4,180,4,30.8641975308642,6,-0.6,0.05,0.001,2,3000,0.5,10.110729194612372,10.110729194612372,10.110729194612261,1,1042.3564853807713,NaN,NaN
5,4,180,4,30.8641975308642,6,-0.6,0.05,0.001,3,1,0,3.3253811275554854,3.3438479936625503,0.003368347897216099,0,271.3672096649028,NaN,NaN
5,4,180,4,30.8641975308642,6,-0.6,0.05,0.001,3,3,0,6.001521013475147,6.043940240896238,0.016134849065954273,0,474.80760915883775,NaN,NaN
5,4,180,4,30.8641975308642,6,-0.6,0.05,0.001,3,10,0.25,9.257953016979876,9.38412081888904,3.8023296523337833,1,824.8218420898768,NaN,NaN
5,4,180,4,30.8641975308642,6,-0.6,0.05,0.001,3,30,0.25,9.6629183402668,9.841092797886743,9.737516082142772,1,1014.7636371501789,NaN,NaN
5,4,180,4,30.8641975308642,6,-0.6,0.05,0.001,3,100,0.25,9.575456600766111,9.786461872743347,10.03667008290304,1,1018.7588681816592,NaN,NaN
5,4,180,4,30.8641975308642,6,-0.6,0.05,0.001,3,300,0.25,9.885685947722113,9.98332288899554,10.15310061621235,1,1034.3092062510239,NaN,NaN
5,4,180,4,30.8641975308642,6,-0.6,0.05,0.001,3,1000,0.25,10.078817800009391,10.09659416443104,10.133565034058854,1,1041.8624124395856,NaN,NaN
5,4,180,4,30.8641975308642,6,-0.6,0.05,0.001,3,3000,0.25,10.110369269017026,10.110608586357607,10.111087512096834,1,1042.3563970445623,NaN,NaN
5,4,180,4,30.8641975308642,6,-0.8,0.2,0.001,1,1,0,3.217784588134324,3.217784588134324,0.001555663639846424,0,86.2507339647756,NaN,NaN
5,4,180,4,30.8641975308642,6,-0.8,0.2,0.001,1,3,0,5.762707070325404,5.762707070325404,0.0034465463481498744,0,150.2176332626684,NaN,NaN
5,4,180,4,30.8641975308642,6,-0.8,0.2,0.001,1,10,0,9.040473772251186,9.040473772251186,0.02618164768539618,0,234.14483556659835,NaN,NaN
5,4,180,4,30.8641975308642,6,-0.8,0.2,0.001,1,30,0.5,9.7516119110047,9.7516119110047,7.959553471320797,0.6666666666666666,668.9478785171669,NaN,NaN
5,4,180,4,30.8641975308642,6,-0.8,0.2,0.001,1,100,0.75,9.847551241056905,9.847551241056905,9.71747745034876,1,994.9575762220736,NaN,NaN
5,4,180,4,30.8641975308642,6,-0.8,0.2,0.001,1,300,0.75,9.863394296251402,9.863394296251402,9.751146024334103,1,1003.1647405797498,NaN,NaN
5,4,180,4,30.8641975308642,6,-0.8,0.2,0.001,1,1000,0.75,9.81807581074883,9.81807581074883,9.72538057994873,1,1001.685885909181,NaN,NaN
5,4,180,4,30.8641975308642,6,-0.8,0.2,0.001,1,3000,0.75,9.817833494211323,9.817833494211323,9.72525596487606,1,1001.6773671464518,NaN,NaN
5,4,180,4,30.8641975308642,6,-0.8,0.2,0.001,2,1,0,3.218151154017645,3.218151154017646,0.0032158351588414368,0,172.50330498985312,NaN,NaN
5,4,180,4,30.8641975308642,6,-0.8,0.2,0.001,2,3,0,5.765982666783373,5.765982666783373,0.007555050570869521,0,300.5634561567032,NaN,NaN
5,4,180,4,30.8641975308642,6,-0.8,0.2,0.001,2,10,0,9.0567010199004,9.0567010199004,0.16642251919302709,0,474.7357578161027,NaN,NaN
5,4,180,4,30.8641975308642,6,-0.8,0.2,0.001,2,30,0.5,9.89382765113784,9.89382765113784,8.255867269848963,1,937.7094129856251,NaN,NaN
5,4,180,4,30.8641975308642,6,-0.8,0.2,0.001,2,100,0.5,9.735356361546717,9.735356361546721,9.669097729404193,1,999.7204165799868,NaN,NaN
5,4,180,4,30.8641975308642,6,-0.8,0.2,0.001,2,300,0.5,9.720523610579086,9.72052361057909,9.709613078554742,1,1000.9822297883452,NaN,NaN
5,4,180,4,30.8641975308642,6,-0.8,0.2,0.001,2,1000,0.5,9.715411403298956,9.715411403298958,9.715395214287803,1,1001.0151195127503,NaN,NaN
5,4,180,4,30.8641975308642,6,-0.8,0.2,0.001,2,3000,0.5,9.71540330952878,9.715403309528782,9.71540330952866,1,1001.0151195849594,NaN,NaN
5,4,180,4,30.8641975308642,6,-0.8,0.2,0.001,3,1,0,3.1656212057742383,3.1832008758061328,0.0032065237405405973,0,258.3300260979388,NaN,NaN
5,4,180,4,30.8641975308642,6,-0.8,0.2,0.001,3,3,0,5.650267659974345,5.689839091239672,0.007611630980770549,0,445.97938425033,NaN,NaN
5,4,180,4,30.8641975308642,6,-0.8,0.2,0.001,3,10,0,8.845755008674388,8.916769163903195,0.14547514529465352,0,694.140626870858,NaN,NaN
5,4,180,4,30.8641975308642,6,-0.8,0.2,0.001,3,30,0.25,9.268548651968324,9.469353560088804,8.532882803843663,1,955.1850113660558,NaN,NaN
5,4,180,4,30.8641975308642,6,-0.8,0.2,0.001,3,100,0.25,9.194700007968695,9.398209098703886,9.653307150719378,1,978.0531308368828,NaN,NaN
5,4,180,4,30.8641975308642,6,-0.8,0.2,0.001,3,300,0.25,9.491200714399401,9.583883267232599,9.761262426029537,1,992.706700916301,NaN,NaN
5,4,180,4,30.8641975308642,6,-0.8,0.2,0.001,3,1000,0.25,9.681329069123558,9.700052166505728,9.739731697730944,1,1000.463891978636,NaN,NaN
5,4,180,4,30.8641975308642,6,-0.8,0.2,0.001,3,3000,0.25,9.714999653157479,9.715267959692232,9.715805024703602,1,1001.0150099844498,NaN,NaN
